component_id,size,min_tick,max_tick,duration_days,n_captured,frac_captured,windowed_size,windowed_min_tick,windowed_max_tick,windowed_duration_days,windowed_frac_captured
0,1,,,0,0,0.0,0,,,0,
1,1,,,0,0,0.0,0,,,0,
2,3866722,54.0,365.0,311,0,0.0,578704,169.0,365.0,196,0.0
3,551321,61.0,323.0,262,0,0.0,72981,169.0,323.0,154,0.0
4,46,74.0,134.0,60,0,0.0,0,,,0,
5,1,,,0,0,0.0,0,,,0,
6,3,86.0,86.0,0,0,0.0,0,,,0,
7,2417,89.0,268.0,179,0,0.0,336,170.0,268.0,98,0.0
8,31,94.0,149.0,55,0,0.0,0,,,0,
9,31206,94.0,318.0,224,0,0.0,4718,169.0,318.0,149,0.0
10,16904,95.0,306.0,211,0,0.0,2293,169.0,306.0,137,0.0
11,100,94.0,196.0,102,0,0.0,22,169.0,196.0,27,0.0
12,4,102.0,112.0,10,0,0.0,0,,,0,
13,8,96.0,124.0,28,0,0.0,0,,,0,
14,1,,,0,0,0.0,0,,,0,
15,3,104.0,115.0,11,0,0.0,0,,,0,
16,376,102.0,151.0,49,0,0.0,0,,,0,
17,1,,,0,0,0.0,0,,,0,
18,1,,,0,0,0.0,0,,,0,
19,1,,,0,0,0.0,0,,,0,
20,1,,,0,0,0.0,0,,,0,
21,3,108.0,110.0,2,0,0.0,0,,,0,
22,174,106.0,170.0,64,0,0.0,1,170.0,170.0,0,0.0
23,20,109.0,134.0,25,0,0.0,0,,,0,
24,1,,,0,0,0.0,0,,,0,
25,1,,,0,0,0.0,0,,,0,
26,9,106.0,122.0,16,0,0.0,0,,,0,
27,1,,,0,0,0.0,0,,,0,
28,1,,,0,0,0.0,0,,,0,
29,2,109.0,109.0,0,0,0.0,0,,,0,
30,1,,,0,0,0.0,0,,,0,
31,1365,110.0,210.0,100,0,0.0,53,169.0,210.0,41,0.0
32,11817,111.0,323.0,212,0,0.0,1947,169.0,323.0,154,0.0
33,14,112.0,149.0,37,0,0.0,0,,,0,
34,266,112.0,190.0,78,0,0.0,9,169.0,190.0,21,0.0
35,15,111.0,142.0,31,0,0.0,0,,,0,
36,1,,,0,0,0.0,0,,,0,
37,103,111.0,157.0,46,0,0.0,0,,,0,
38,3,113.0,119.0,6,0,0.0,0,,,0,
39,5,115.0,123.0,8,0,0.0,0,,,0,
40,1,,,0,0,0.0,0,,,0,
41,163,112.0,177.0,65,0,0.0,2,173.0,177.0,4,0.0
42,1,,,0,0,0.0,0,,,0,
43,3,116.0,122.0,6,0,0.0,0,,,0,
44,3,114.0,115.0,1,0,0.0,0,,,0,
45,868,114.0,239.0,125,0,0.0,60,169.0,239.0,70,0.0
46,2,115.0,115.0,0,0,0.0,0,,,0,
47,29,120.0,168.0,48,0,0.0,0,,,0,
48,3,118.0,126.0,8,0,0.0,0,,,0,
49,1,,,0,0,0.0,0,,,0,
50,2,123.0,123.0,0,0,0.0,0,,,0,
51,1,,,0,0,0.0,0,,,0,
52,1,,,0,0,0.0,0,,,0,
53,1,,,0,0,0.0,0,,,0,
54,2,119.0,119.0,0,0,0.0,0,,,0,
55,1,,,0,0,0.0,0,,,0,
56,4,118.0,138.0,20,0,0.0,0,,,0,
57,1,,,0,0,0.0,0,,,0,
58,2,122.0,122.0,0,0,0.0,0,,,0,
59,5,119.0,131.0,12,0,0.0,0,,,0,
60,1,,,0,0,0.0,0,,,0,
61,1,,,0,0,0.0,0,,,0,
62,2,125.0,125.0,0,0,0.0,0,,,0,
63,2,128.0,128.0,0,0,0.0,0,,,0,
64,2,123.0,123.0,0,0,0.0,0,,,0,
65,2,121.0,121.0,0,0,0.0,0,,,0,
66,1,,,0,0,0.0,0,,,0,
67,1,,,0,0,0.0,0,,,0,
68,20,119.0,164.0,45,0,0.0,0,,,0,
69,4,126.0,142.0,16,0,0.0,0,,,0,
70,1585,119.0,292.0,173,0,0.0,194,169.0,292.0,123,0.0
71,9,120.0,151.0,31,0,0.0,0,,,0,
72,4,120.0,125.0,5,0,0.0,0,,,0,
73,1,,,0,0,0.0,0,,,0,
74,1,,,0,0,0.0,0,,,0,
75,1,,,0,0,0.0,0,,,0,
76,3,123.0,124.0,1,0,0.0,0,,,0,
77,2,128.0,128.0,0,0,0.0,0,,,0,
78,2,128.0,128.0,0,0,0.0,0,,,0,
79,59,122.0,180.0,58,0,0.0,5,170.0,180.0,10,0.0
80,1,,,0,0,0.0,0,,,0,
81,1,,,0,0,0.0,0,,,0,
82,27,124.0,165.0,41,0,0.0,0,,,0,
83,1,,,0,0,0.0,0,,,0,
84,2,124.0,124.0,0,0,0.0,0,,,0,
85,21,123.0,169.0,46,0,0.0,1,169.0,169.0,0,0.0
86,1,,,0,0,0.0,0,,,0,
87,6,127.0,144.0,17,0,0.0,0,,,0,
88,2,127.0,127.0,0,0,0.0,0,,,0,
89,22,124.0,150.0,26,0,0.0,0,,,0,
90,4,128.0,132.0,4,0,0.0,0,,,0,
91,1,,,0,0,0.0,0,,,0,
92,799,124.0,281.0,157,0,0.0,411,169.0,281.0,112,0.0
93,6,126.0,145.0,19,0,0.0,0,,,0,
94,2,132.0,132.0,0,0,0.0,0,,,0,
95,14,125.0,153.0,28,0,0.0,0,,,0,
96,3,127.0,128.0,1,0,0.0,0,,,0,
97,2,131.0,131.0,0,0,0.0,0,,,0,
98,6,128.0,136.0,8,0,0.0,0,,,0,
99,3,129.0,135.0,6,0,0.0,0,,,0,
100,488,125.0,194.0,69,0,0.0,38,169.0,194.0,25,0.0
101,2,130.0,130.0,0,0,0.0,0,,,0,
102,3,125.0,127.0,2,0,0.0,0,,,0,
103,963,125.0,252.0,127,0,0.0,125,169.0,252.0,83,0.0
104,2,128.0,128.0,0,0,0.0,0,,,0,
105,56,126.0,173.0,47,0,0.0,5,169.0,173.0,4,0.0
106,2,131.0,131.0,0,0,0.0,0,,,0,
107,3,128.0,137.0,9,0,0.0,0,,,0,
108,8,128.0,135.0,7,0,0.0,0,,,0,
109,2,129.0,129.0,0,0,0.0,0,,,0,
110,1,,,0,0,0.0,0,,,0,
111,3,131.0,137.0,6,0,0.0,0,,,0,
112,1,,,0,0,0.0,0,,,0,
113,83,127.0,196.0,69,0,0.0,10,169.0,196.0,27,0.0
114,1,,,0,0,0.0,0,,,0,
115,32,127.0,165.0,38,0,0.0,0,,,0,
116,6,128.0,139.0,11,0,0.0,0,,,0,
117,3,132.0,140.0,8,0,0.0,0,,,0,
118,1,,,0,0,0.0,0,,,0,
119,2,129.0,129.0,0,0,0.0,0,,,0,
120,2,129.0,129.0,0,0,0.0,0,,,0,
121,7,131.0,160.0,29,0,0.0,0,,,0,
122,3,135.0,135.0,0,0,0.0,0,,,0,
123,22,130.0,150.0,20,0,0.0,0,,,0,
124,1,,,0,0,0.0,0,,,0,
125,204,132.0,186.0,54,0,0.0,36,169.0,186.0,17,0.0
126,4,131.0,144.0,13,0,0.0,0,,,0,
127,120,130.0,188.0,58,0,0.0,15,169.0,188.0,19,0.0
128,2,134.0,134.0,0,0,0.0,0,,,0,
129,3,134.0,138.0,4,0,0.0,0,,,0,
130,12,132.0,159.0,27,0,0.0,0,,,0,
131,3,133.0,135.0,2,0,0.0,0,,,0,
132,2,134.0,134.0,0,0,0.0,0,,,0,
133,2,136.0,136.0,0,0,0.0,0,,,0,
134,1,,,0,0,0.0,0,,,0,
135,3,136.0,140.0,4,0,0.0,0,,,0,
136,253019,133.0,699.0,566,270,0.0010671135369280569,124300,169.0,425.0,256,0.002172164119066774
137,1,,,0,0,0.0,0,,,0,
138,5,132.0,139.0,7,0,0.0,0,,,0,
139,16,138.0,160.0,22,0,0.0,0,,,0,
140,2,136.0,136.0,0,0,0.0,0,,,0,
141,19,133.0,166.0,33,0,0.0,0,,,0,
142,4,137.0,149.0,12,0,0.0,0,,,0,
143,1,,,0,0,0.0,0,,,0,
144,5,135.0,141.0,6,0,0.0,0,,,0,
145,1,,,0,0,0.0,0,,,0,
146,1,,,0,0,0.0,0,,,0,
147,1642,134.0,228.0,94,0,0.0,584,169.0,228.0,59,0.0
148,5,139.0,164.0,25,0,0.0,0,,,0,
149,27,133.0,196.0,63,0,0.0,13,171.0,196.0,25,0.0
150,1,,,0,0,0.0,0,,,0,
151,1,,,0,0,0.0,0,,,0,
152,9,139.0,163.0,24,0,0.0,0,,,0,
153,8,135.0,147.0,12,0,0.0,0,,,0,
154,3,136.0,143.0,7,0,0.0,0,,,0,
155,1,,,0,0,0.0,0,,,0,
156,15,136.0,166.0,30,0,0.0,0,,,0,
157,1,,,0,0,0.0,0,,,0,
158,3,138.0,146.0,8,0,0.0,0,,,0,
159,3,136.0,137.0,1,0,0.0,0,,,0,
160,6,141.0,157.0,16,0,0.0,0,,,0,
161,2,139.0,139.0,0,0,0.0,0,,,0,
162,2,141.0,141.0,0,0,0.0,0,,,0,
163,1,,,0,0,0.0,0,,,0,
164,7257994,137.0,699.0,562,10271,0.00141512930432293,3546617,169.0,425.0,256,0.002895999201492577
165,37,137.0,203.0,66,0,0.0,12,170.0,203.0,33,0.0
166,2,145.0,145.0,0,0,0.0,0,,,0,
167,16,139.0,175.0,36,0,0.0,2,169.0,175.0,6,0.0
168,1,,,0,0,0.0,0,,,0,
169,26,139.0,163.0,24,0,0.0,0,,,0,
170,1,,,0,0,0.0,0,,,0,
171,5,140.0,146.0,6,0,0.0,0,,,0,
172,13,142.0,171.0,29,0,0.0,1,171.0,171.0,0,0.0
173,3,143.0,143.0,0,0,0.0,0,,,0,
174,4,139.0,152.0,13,0,0.0,0,,,0,
175,150,139.0,190.0,51,0,0.0,29,169.0,190.0,21,0.0
176,2,147.0,147.0,0,0,0.0,0,,,0,
177,3,145.0,149.0,4,0,0.0,0,,,0,
178,2,139.0,139.0,0,0,0.0,0,,,0,
179,2,139.0,139.0,0,0,0.0,0,,,0,
180,14,139.0,172.0,33,0,0.0,3,169.0,172.0,3,0.0
181,1,,,0,0,0.0,0,,,0,
182,2,142.0,142.0,0,0,0.0,0,,,0,
183,2,146.0,146.0,0,0,0.0,0,,,0,
184,1,,,0,0,0.0,0,,,0,
185,1,,,0,0,0.0,0,,,0,
186,1,,,0,0,0.0,0,,,0,
187,805083,140.0,699.0,559,1161,0.0014420873375788584,387566,169.0,425.0,256,0.0029956188107315915
188,1,,,0,0,0.0,0,,,0,
189,1,,,0,0,0.0,0,,,0,
190,1,,,0,0,0.0,0,,,0,
191,6,140.0,160.0,20,0,0.0,0,,,0,
192,6,145.0,153.0,8,0,0.0,0,,,0,
193,2,142.0,142.0,0,0,0.0,0,,,0,
194,36,143.0,190.0,47,0,0.0,5,169.0,190.0,21,0.0
195,1,,,0,0,0.0,0,,,0,
196,2,143.0,143.0,0,0,0.0,0,,,0,
197,1,,,0,0,0.0,0,,,0,
198,9,147.0,188.0,41,0,0.0,4,173.0,188.0,15,0.0
199,10,141.0,174.0,33,0,0.0,1,174.0,174.0,0,0.0
200,1,,,0,0,0.0,0,,,0,
201,1,,,0,0,0.0,0,,,0,
202,1,,,0,0,0.0,0,,,0,
203,1,,,0,0,0.0,0,,,0,
204,1,,,0,0,0.0,0,,,0,
205,14,142.0,178.0,36,0,0.0,3,172.0,178.0,6,0.0
206,1,,,0,0,0.0,0,,,0,
207,1,,,0,0,0.0,0,,,0,
208,2,147.0,147.0,0,0,0.0,0,,,0,
209,1,,,0,0,0.0,0,,,0,
210,3,144.0,151.0,7,0,0.0,0,,,0,
211,4,151.0,164.0,13,0,0.0,0,,,0,
212,2,148.0,148.0,0,0,0.0,0,,,0,
213,1,,,0,0,0.0,0,,,0,
214,9,146.0,164.0,18,0,0.0,0,,,0,
215,2,150.0,150.0,0,0,0.0,0,,,0,
216,3,150.0,153.0,3,0,0.0,0,,,0,
217,16,147.0,182.0,35,0,0.0,3,171.0,182.0,11,0.0
218,1,,,0,0,0.0,0,,,0,
219,1,,,0,0,0.0,0,,,0,
220,2,150.0,150.0,0,0,0.0,0,,,0,
221,4,146.0,153.0,7,0,0.0,0,,,0,
222,2,146.0,146.0,0,0,0.0,0,,,0,
223,1,,,0,0,0.0,0,,,0,
224,1,,,0,0,0.0,0,,,0,
225,1,,,0,0,0.0,0,,,0,
226,1,,,0,0,0.0,0,,,0,
227,4,149.0,152.0,3,0,0.0,0,,,0,
228,1,,,0,0,0.0,0,,,0,
229,1,,,0,0,0.0,0,,,0,
230,4717,148.0,698.0,550,2,0.00042399830400678397,2146,169.0,425.0,256,0.0009319664492078285
231,11,148.0,179.0,31,0,0.0,3,171.0,179.0,8,0.0
232,4,149.0,159.0,10,0,0.0,0,,,0,
233,2,148.0,148.0,0,0,0.0,0,,,0,
234,1,,,0,0,0.0,0,,,0,
235,1,,,0,0,0.0,0,,,0,
236,1,,,0,0,0.0,0,,,0,
237,1,,,0,0,0.0,0,,,0,
238,1,,,0,0,0.0,0,,,0,
239,1,,,0,0,0.0,0,,,0,
240,1133572,150.0,699.0,549,1565,0.0013805916165889772,568337,170.0,425.0,255,0.0027536479236790847
241,1,,,0,0,0.0,0,,,0,
242,1,,,0,0,0.0,0,,,0,
243,2,154.0,154.0,0,0,0.0,0,,,0,
244,1,,,0,0,0.0,0,,,0,
245,2,151.0,151.0,0,0,0.0,0,,,0,
246,1,,,0,0,0.0,0,,,0,
247,5,150.0,163.0,13,0,0.0,0,,,0,
248,1,,,0,0,0.0,0,,,0,
249,1,,,0,0,0.0,0,,,0,
250,1,,,0,0,0.0,0,,,0,
251,2,154.0,154.0,0,0,0.0,0,,,0,
252,1,,,0,0,0.0,0,,,0,
253,3,151.0,152.0,1,0,0.0,0,,,0,
254,2,154.0,154.0,0,0,0.0,0,,,0,
255,1,,,0,0,0.0,0,,,0,
256,1,,,0,0,0.0,0,,,0,
257,2,158.0,158.0,0,0,0.0,0,,,0,
258,2,154.0,154.0,0,0,0.0,0,,,0,
259,4,153.0,156.0,3,0,0.0,0,,,0,
260,1,,,0,0,0.0,0,,,0,
261,1,,,0,0,0.0,0,,,0,
262,1,,,0,0,0.0,0,,,0,
263,1,,,0,0,0.0,0,,,0,
264,1,,,0,0,0.0,0,,,0,
265,2,155.0,155.0,0,0,0.0,0,,,0,
266,1,,,0,0,0.0,0,,,0,
267,1,,,0,0,0.0,0,,,0,
268,24,153.0,199.0,46,0,0.0,13,171.0,199.0,28,0.0
269,1,,,0,0,0.0,0,,,0,
270,1,,,0,0,0.0,0,,,0,
271,2,153.0,153.0,0,0,0.0,0,,,0,
272,3,155.0,157.0,2,0,0.0,0,,,0,
273,2,156.0,156.0,0,0,0.0,0,,,0,
274,1,,,0,0,0.0,0,,,0,
275,1,,,0,0,0.0,0,,,0,
276,93172,155.0,699.0,544,94,0.0010088867900227537,49219,169.0,425.0,256,0.0019098315691094903
277,1,,,0,0,0.0,0,,,0,
278,1,,,0,0,0.0,0,,,0,
279,7,155.0,168.0,13,0,0.0,0,,,0,
280,5,154.0,166.0,12,0,0.0,0,,,0,
281,5,159.0,171.0,12,0,0.0,1,171.0,171.0,0,0.0
282,2,162.0,162.0,0,0,0.0,0,,,0,
283,1,,,0,0,0.0,0,,,0,
284,1,,,0,0,0.0,0,,,0,
285,3,157.0,161.0,4,0,0.0,0,,,0,
286,3,157.0,157.0,0,0,0.0,0,,,0,
287,3,156.0,162.0,6,0,0.0,0,,,0,
288,1,,,0,0,0.0,0,,,0,
289,3,157.0,160.0,3,0,0.0,0,,,0,
290,4,158.0,167.0,9,0,0.0,0,,,0,
291,2,158.0,158.0,0,0,0.0,0,,,0,
292,3,161.0,166.0,5,0,0.0,0,,,0,
293,1,,,0,0,0.0,0,,,0,
294,7,163.0,185.0,22,0,0.0,4,170.0,185.0,15,0.0
295,3,158.0,161.0,3,0,0.0,0,,,0,
296,2,161.0,161.0,0,0,0.0,0,,,0,
297,5,160.0,173.0,13,0,0.0,1,173.0,173.0,0,0.0
298,3,160.0,165.0,5,0,0.0,0,,,0,
299,3,161.0,170.0,9,0,0.0,1,170.0,170.0,0,0.0
300,1,,,0,0,0.0,0,,,0,
301,1,,,0,0,0.0,0,,,0,
302,2,160.0,160.0,0,0,0.0,0,,,0,
303,3,165.0,166.0,1,0,0.0,0,,,0,
304,1,,,0,0,0.0,0,,,0,
305,1,,,0,0,0.0,0,,,0,
306,1,,,0,0,0.0,0,,,0,
307,1,,,0,0,0.0,0,,,0,
308,1,,,0,0,0.0,0,,,0,
309,1,,,0,0,0.0,0,,,0,
310,1,,,0,0,0.0,0,,,0,
311,8,161.0,190.0,29,0,0.0,4,174.0,190.0,16,0.0
312,1,,,0,0,0.0,0,,,0,
313,5,162.0,177.0,15,0,0.0,1,177.0,177.0,0,0.0
314,16,161.0,194.0,33,0,0.0,10,172.0,194.0,22,0.0
315,3,165.0,167.0,2,0,0.0,0,,,0,
316,3,167.0,175.0,8,0,0.0,1,175.0,175.0,0,0.0
317,1,,,0,0,0.0,0,,,0,
318,1,,,0,0,0.0,0,,,0,
319,1,,,0,0,0.0,0,,,0,
320,1,,,0,0,0.0,0,,,0,
321,3,166.0,175.0,9,0,0.0,1,175.0,175.0,0,0.0
322,3,166.0,172.0,6,0,0.0,1,172.0,172.0,0,0.0
323,2,163.0,163.0,0,0,0.0,0,,,0,
324,1,,,0,0,0.0,0,,,0,
325,4,163.0,169.0,6,0,0.0,1,169.0,169.0,0,0.0
326,3,164.0,170.0,6,0,0.0,1,170.0,170.0,0,0.0
327,2,165.0,165.0,0,0,0.0,0,,,0,
328,1,,,0,0,0.0,0,,,0,
329,1,,,0,0,0.0,0,,,0,
330,1,,,0,0,0.0,0,,,0,
331,1,,,0,0,0.0,0,,,0,
332,1,,,0,0,0.0,0,,,0,
333,2,171.0,171.0,0,0,0.0,2,171.0,171.0,0,0.0
334,1,,,0,0,0.0,0,,,0,
335,1,,,0,0,0.0,0,,,0,
336,2,171.0,171.0,0,0,0.0,2,171.0,171.0,0,0.0
337,4,167.0,171.0,4,0,0.0,1,171.0,171.0,0,0.0
338,2,169.0,169.0,0,0,0.0,2,169.0,169.0,0,0.0
339,1,,,0,0,0.0,0,,,0,
340,1,,,0,0,0.0,0,,,0,
341,1,,,0,0,0.0,0,,,0,
342,8,167.0,182.0,15,0,0.0,6,172.0,182.0,10,0.0
343,2,170.0,170.0,0,0,0.0,2,170.0,170.0,0,0.0
344,1,,,0,0,0.0,0,,,0,
345,1,,,0,0,0.0,0,,,0,
346,2,171.0,171.0,0,0,0.0,2,171.0,171.0,0,0.0
347,9,169.0,205.0,36,0,0.0,9,169.0,205.0,36,0.0
348,1,,,0,0,0.0,0,,,0,
349,3,170.0,178.0,8,0,0.0,3,170.0,178.0,8,0.0
350,1,,,0,0,0.0,0,,,0,
351,1,,,0,0,0.0,0,,,0,
352,1,,,0,0,0.0,0,,,0,
353,1,,,0,0,0.0,0,,,0,
354,1,,,0,0,0.0,0,,,0,
355,1,,,0,0,0.0,0,,,0,
356,1,,,0,0,0.0,0,,,0,
357,1,,,0,0,0.0,0,,,0,
358,1,,,0,0,0.0,0,,,0,
359,1,,,0,0,0.0,0,,,0,
360,1,,,0,0,0.0,0,,,0,
361,4,171.0,180.0,9,0,0.0,4,171.0,180.0,9,0.0
362,5,170.0,183.0,13,0,0.0,5,170.0,183.0,13,0.0
363,1,,,0,0,0.0,0,,,0,
364,1,,,0,0,0.0,0,,,0,
365,1,,,0,0,0.0,0,,,0,
366,2,177.0,177.0,0,0,0.0,2,177.0,177.0,0,0.0
367,2,174.0,174.0,0,0,0.0,2,174.0,174.0,0,0.0
368,1,,,0,0,0.0,0,,,0,
369,1,,,0,0,0.0,0,,,0,
370,1,,,0,0,0.0,0,,,0,
371,1,,,0,0,0.0,0,,,0,
372,3,178.0,178.0,0,0,0.0,3,178.0,178.0,0,0.0
373,4,177.0,181.0,4,0,0.0,4,177.0,181.0,4,0.0
374,48,178.0,252.0,74,0,0.0,48,178.0,252.0,74,0.0
375,2,175.0,175.0,0,0,0.0,2,175.0,175.0,0,0.0
376,3,176.0,180.0,4,0,0.0,3,176.0,180.0,4,0.0
377,1,,,0,0,0.0,0,,,0,
378,1,,,0,0,0.0,0,,,0,
379,2,176.0,176.0,0,0,0.0,2,176.0,176.0,0,0.0
380,1,,,0,0,0.0,0,,,0,
381,2,176.0,176.0,0,0,0.0,2,176.0,176.0,0,0.0
382,2,178.0,178.0,0,0,0.0,2,178.0,178.0,0,0.0
383,2,187.0,187.0,0,0,0.0,2,187.0,187.0,0,0.0
384,1,,,0,0,0.0,0,,,0,
385,1,,,0,0,0.0,0,,,0,
386,1,,,0,0,0.0,0,,,0,
387,1,,,0,0,0.0,0,,,0,
388,5,177.0,193.0,16,0,0.0,5,177.0,193.0,16,0.0
389,10,179.0,205.0,26,0,0.0,10,179.0,205.0,26,0.0
390,1,,,0,0,0.0,0,,,0,
391,7,179.0,203.0,24,0,0.0,7,179.0,203.0,24,0.0
392,1,,,0,0,0.0,0,,,0,
393,1,,,0,0,0.0,0,,,0,
394,1,,,0,0,0.0,0,,,0,
395,3,183.0,188.0,5,0,0.0,3,183.0,188.0,5,0.0
396,2,190.0,190.0,0,0,0.0,2,190.0,190.0,0,0.0
397,3,183.0,187.0,4,0,0.0,3,183.0,187.0,4,0.0
398,1,,,0,0,0.0,0,,,0,
399,2,184.0,184.0,0,0,0.0,2,184.0,184.0,0,0.0
400,1,,,0,0,0.0,0,,,0,
401,1,,,0,0,0.0,0,,,0,
402,2,185.0,185.0,0,0,0.0,2,185.0,185.0,0,0.0
403,1,,,0,0,0.0,0,,,0,
404,4,186.0,191.0,5,0,0.0,4,186.0,191.0,5,0.0
405,2,188.0,188.0,0,0,0.0,2,188.0,188.0,0,0.0
406,1,,,0,0,0.0,0,,,0,
407,3,185.0,196.0,11,0,0.0,3,185.0,196.0,11,0.0
408,1,,,0,0,0.0,0,,,0,
409,2,186.0,186.0,0,0,0.0,2,186.0,186.0,0,0.0
410,1,,,0,0,0.0,0,,,0,
411,4,187.0,192.0,5,0,0.0,4,187.0,192.0,5,0.0
412,1,,,0,0,0.0,0,,,0,
413,1,,,0,0,0.0,0,,,0,
414,1,,,0,0,0.0,0,,,0,
415,1,,,0,0,0.0,0,,,0,
416,1,,,0,0,0.0,0,,,0,
417,2,191.0,191.0,0,0,0.0,2,191.0,191.0,0,0.0
418,1,,,0,0,0.0,0,,,0,
419,2,191.0,191.0,0,0,0.0,2,191.0,191.0,0,0.0
420,2,193.0,193.0,0,0,0.0,2,193.0,193.0,0,0.0
421,1,,,0,0,0.0,0,,,0,
422,3,192.0,194.0,2,0,0.0,3,192.0,194.0,2,0.0
423,1,,,0,0,0.0,0,,,0,
424,1,,,0,0,0.0,0,,,0,
425,5,191.0,202.0,11,0,0.0,5,191.0,202.0,11,0.0
426,1,,,0,0,0.0,0,,,0,
427,1,,,0,0,0.0,0,,,0,
428,1,,,0,0,0.0,0,,,0,
429,299969,193.0,699.0,506,348,0.001160119879054169,137136,193.0,425.0,232,0.002537626881344067
430,1,,,0,0,0.0,0,,,0,
431,4,196.0,203.0,7,0,0.0,4,196.0,203.0,7,0.0
432,412813,193.0,699.0,506,437,0.0010585906936070328,207598,193.0,425.0,232,0.0021050299135829823
433,7,195.0,210.0,15,0,0.0,7,195.0,210.0,15,0.0
434,2,199.0,199.0,0,0,0.0,2,199.0,199.0,0,0.0
435,3,200.0,206.0,6,0,0.0,3,200.0,206.0,6,0.0
436,1,,,0,0,0.0,0,,,0,
437,1,,,0,0,0.0,0,,,0,
438,1,,,0,0,0.0,0,,,0,
439,1,,,0,0,0.0,0,,,0,
440,1,,,0,0,0.0,0,,,0,
441,1,,,0,0,0.0,0,,,0,
442,3,196.0,201.0,5,0,0.0,3,196.0,201.0,5,0.0
443,4,201.0,207.0,6,0,0.0,4,201.0,207.0,6,0.0
444,1,,,0,0,0.0,0,,,0,
445,1,,,0,0,0.0,0,,,0,
446,2,203.0,203.0,0,0,0.0,2,203.0,203.0,0,0.0
447,1,,,0,0,0.0,0,,,0,
448,4,204.0,214.0,10,0,0.0,4,204.0,214.0,10,0.0
449,1,,,0,0,0.0,0,,,0,
450,5,200.0,215.0,15,0,0.0,5,200.0,215.0,15,0.0
451,27,201.0,248.0,47,0,0.0,27,201.0,248.0,47,0.0
452,1,,,0,0,0.0,0,,,0,
453,1,,,0,0,0.0,0,,,0,
454,4,202.0,211.0,9,0,0.0,4,202.0,211.0,9,0.0
455,10,203.0,228.0,25,0,0.0,10,203.0,228.0,25,0.0
456,3,206.0,208.0,2,0,0.0,3,206.0,208.0,2,0.0
457,5,205.0,214.0,9,0,0.0,5,205.0,214.0,9,0.0
458,2606,203.0,696.0,493,6,0.0023023791250959325,1302,203.0,425.0,222,0.004608294930875576
459,14,203.0,242.0,39,0,0.0,14,203.0,242.0,39,0.0
460,1770,204.0,485.0,281,4,0.0022598870056497176,1642,204.0,425.0,221,0.00243605359317905
461,3,206.0,210.0,4,0,0.0,3,206.0,210.0,4,0.0
462,2,209.0,209.0,0,0,0.0,2,209.0,209.0,0,0.0
463,1,,,0,0,0.0,0,,,0,
464,22006,203.0,699.0,496,39,0.0017722439334726893,14274,203.0,425.0,222,0.00273224043715847
465,54240,203.0,699.0,496,52,0.0009587020648967551,20447,203.0,425.0,222,0.0025431603658238374
466,2,204.0,204.0,0,0,0.0,2,204.0,204.0,0,0.0
467,7,208.0,249.0,41,0,0.0,7,208.0,249.0,41,0.0
468,2,208.0,208.0,0,0,0.0,2,208.0,208.0,0,0.0
469,4,208.0,212.0,4,0,0.0,4,208.0,212.0,4,0.0
470,2,214.0,214.0,0,0,0.0,2,214.0,214.0,0,0.0
471,1,,,0,0,0.0,0,,,0,
472,1,,,0,0,0.0,0,,,0,
473,1,,,0,0,0.0,0,,,0,
474,106740,211.0,699.0,488,83,0.0007775904065954656,42265,211.0,425.0,214,0.0019637998343783273
475,1,,,0,0,0.0,0,,,0,
476,1,,,0,0,0.0,0,,,0,
477,1,,,0,0,0.0,0,,,0,
478,1,,,0,0,0.0,0,,,0,
479,2,217.0,217.0,0,0,0.0,2,217.0,217.0,0,0.0
480,1,,,0,0,0.0,0,,,0,
481,2,212.0,212.0,0,0,0.0,2,212.0,212.0,0,0.0
482,525,212.0,298.0,86,2,0.0038095238095238095,525,212.0,298.0,86,0.0038095238095238095
483,5,214.0,226.0,12,0,0.0,5,214.0,226.0,12,0.0
484,1,,,0,0,0.0,0,,,0,
485,1,,,0,0,0.0,0,,,0,
486,1,,,0,0,0.0,0,,,0,
487,2,219.0,219.0,0,0,0.0,2,219.0,219.0,0,0.0
488,24,215.0,253.0,38,0,0.0,24,215.0,253.0,38,0.0
489,3,218.0,229.0,11,0,0.0,3,218.0,229.0,11,0.0
490,127,215.0,274.0,59,0,0.0,127,215.0,274.0,59,0.0
491,1,,,0,0,0.0,0,,,0,
492,2,217.0,217.0,0,0,0.0,2,217.0,217.0,0,0.0
493,1,,,0,0,0.0,0,,,0,
494,314,216.0,291.0,75,0,0.0,314,216.0,291.0,75,0.0
495,7,216.0,232.0,16,0,0.0,7,216.0,232.0,16,0.0
496,20,221.0,252.0,31,0,0.0,20,221.0,252.0,31,0.0
497,202,216.0,325.0,109,0,0.0,202,216.0,325.0,109,0.0
498,2,218.0,218.0,0,0,0.0,2,218.0,218.0,0,0.0
499,2,217.0,217.0,0,0,0.0,2,217.0,217.0,0,0.0
500,1,,,0,0,0.0,0,,,0,
501,505,221.0,592.0,371,0,0.0,143,221.0,425.0,204,0.0
502,55,220.0,270.0,50,0,0.0,55,220.0,270.0,50,0.0
503,267,221.0,301.0,80,1,0.003745318352059925,267,221.0,301.0,80,0.003745318352059925
504,47693,218.0,699.0,481,67,0.0014048183171534608,29569,218.0,425.0,207,0.0022658865703946702
505,1,,,0,0,0.0,0,,,0,
506,2,223.0,223.0,0,0,0.0,2,223.0,223.0,0,0.0
507,1,,,0,0,0.0,0,,,0,
508,1495,219.0,471.0,252,1,0.0006688963210702341,1431,219.0,425.0,206,0.0006988120195667365
509,8,219.0,234.0,15,0,0.0,8,219.0,234.0,15,0.0
510,5461,220.0,699.0,479,2,0.0003662332906061161,2350,220.0,425.0,205,0.000851063829787234
511,18648,221.0,699.0,478,9,0.00048262548262548264,6398,221.0,425.0,204,0.0014066895904970304
512,867,222.0,378.0,156,2,0.002306805074971165,867,222.0,378.0,156,0.002306805074971165
513,8,222.0,248.0,26,0,0.0,8,222.0,248.0,26,0.0
514,1,,,0,0,0.0,0,,,0,
515,3,223.0,230.0,7,0,0.0,3,223.0,230.0,7,0.0
516,4,223.0,235.0,12,0,0.0,4,223.0,235.0,12,0.0
517,11500,223.0,699.0,476,11,0.0009565217391304348,5662,223.0,425.0,202,0.001942776404097492
518,2,224.0,224.0,0,0,0.0,2,224.0,224.0,0,0.0
519,77,224.0,281.0,57,0,0.0,77,224.0,281.0,57,0.0
520,1,,,0,0,0.0,0,,,0,
521,12,224.0,255.0,31,0,0.0,12,224.0,255.0,31,0.0
522,456,228.0,348.0,120,0,0.0,456,228.0,348.0,120,0.0
523,20,233.0,271.0,38,0,0.0,20,233.0,271.0,38,0.0
524,1,,,0,0,0.0,0,,,0,
525,2,228.0,228.0,0,0,0.0,2,228.0,228.0,0,0.0
526,48,225.0,277.0,52,0,0.0,48,225.0,277.0,52,0.0
527,1,,,0,0,0.0,0,,,0,
528,1,,,0,0,0.0,0,,,0,
529,1,,,0,0,0.0,0,,,0,
530,11,232.0,260.0,28,0,0.0,11,232.0,260.0,28,0.0
531,2,228.0,228.0,0,0,0.0,2,228.0,228.0,0,0.0
532,1,,,0,0,0.0,0,,,0,
533,1,,,0,0,0.0,0,,,0,
534,8470,228.0,674.0,446,10,0.0011806375442739079,6029,228.0,425.0,197,0.001658649859014762
535,5,230.0,233.0,3,0,0.0,5,230.0,233.0,3,0.0
536,776,228.0,567.0,339,2,0.002577319587628866,683,228.0,425.0,197,0.0029282576866764276
537,1,,,0,0,0.0,0,,,0,
538,16,232.0,264.0,32,0,0.0,16,232.0,264.0,32,0.0
539,332,229.0,380.0,151,2,0.006024096385542169,332,229.0,380.0,151,0.006024096385542169
540,8,232.0,265.0,33,0,0.0,8,232.0,265.0,33,0.0
541,1,,,0,0,0.0,0,,,0,
542,1,,,0,0,0.0,0,,,0,
543,5,229.0,237.0,8,0,0.0,5,229.0,237.0,8,0.0
544,2,231.0,231.0,0,0,0.0,2,231.0,231.0,0,0.0
545,4,236.0,243.0,7,0,0.0,4,236.0,243.0,7,0.0
546,3,239.0,243.0,4,0,0.0,3,239.0,243.0,4,0.0
547,1,,,0,0,0.0,0,,,0,
548,2379,238.0,693.0,455,7,0.0029424127784783522,1675,238.0,425.0,187,0.00417910447761194
549,11,233.0,257.0,24,0,0.0,11,233.0,257.0,24,0.0
550,2,233.0,233.0,0,0,0.0,2,233.0,233.0,0,0.0
551,81,231.0,282.0,51,2,0.024691358024691357,81,231.0,282.0,51,0.024691358024691357
552,1,,,0,0,0.0,0,,,0,
553,4,233.0,238.0,5,0,0.0,4,233.0,238.0,5,0.0
554,1,,,0,0,0.0,0,,,0,
555,1,,,0,0,0.0,0,,,0,
556,1,,,0,0,0.0,0,,,0,
557,2,235.0,235.0,0,0,0.0,2,235.0,235.0,0,0.0
558,1,,,0,0,0.0,0,,,0,
559,1,,,0,0,0.0,0,,,0,
560,3,240.0,246.0,6,0,0.0,3,240.0,246.0,6,0.0
561,62,234.0,274.0,40,0,0.0,62,234.0,274.0,40,0.0
562,77682,233.0,699.0,466,56,0.0007208877217373394,30245,233.0,425.0,192,0.0018515457100347166
563,6,234.0,261.0,27,0,0.0,6,234.0,261.0,27,0.0
564,2,234.0,234.0,0,0,0.0,2,234.0,234.0,0,0.0
565,22,234.0,258.0,24,0,0.0,22,234.0,258.0,24,0.0
566,2,237.0,237.0,0,0,0.0,2,237.0,237.0,0,0.0
567,1,,,0,0,0.0,0,,,0,
568,274,236.0,381.0,145,0,0.0,274,236.0,381.0,145,0.0
569,1,,,0,0,0.0,0,,,0,
570,1,,,0,0,0.0,0,,,0,
571,1,,,0,0,0.0,0,,,0,
572,13067,237.0,699.0,462,14,0.0010714012397642918,4735,237.0,425.0,188,0.0029567053854276664
573,1,,,0,0,0.0,0,,,0,
574,1,,,0,0,0.0,0,,,0,
575,1,,,0,0,0.0,0,,,0,
576,5,239.0,252.0,13,0,0.0,5,239.0,252.0,13,0.0
577,1,,,0,0,0.0,0,,,0,
578,10,238.0,273.0,35,0,0.0,10,238.0,273.0,35,0.0
579,23582,235.0,699.0,464,22,0.0009329149351200068,10184,235.0,425.0,190,0.00216025137470542
580,1,,,0,0,0.0,0,,,0,
581,1,,,0,0,0.0,0,,,0,
582,1,,,0,0,0.0,0,,,0,
583,106,236.0,295.0,59,0,0.0,106,236.0,295.0,59,0.0
584,5,237.0,255.0,18,0,0.0,5,237.0,255.0,18,0.0
585,7,238.0,264.0,26,0,0.0,7,238.0,264.0,26,0.0
586,1,,,0,0,0.0,0,,,0,
587,1,,,0,0,0.0,0,,,0,
588,1,,,0,0,0.0,0,,,0,
589,28,238.0,289.0,51,0,0.0,28,238.0,289.0,51,0.0
590,5895,236.0,699.0,463,3,0.0005089058524173028,2440,236.0,425.0,189,0.0012295081967213116
591,1,,,0,0,0.0,0,,,0,
592,14879,238.0,699.0,461,17,0.0011425499025472141,5549,238.0,425.0,187,0.0030636150657776177
593,1,,,0,0,0.0,0,,,0,
594,1,,,0,0,0.0,0,,,0,
595,1,,,0,0,0.0,0,,,0,
596,1,,,0,0,0.0,0,,,0,
597,3,242.0,248.0,6,0,0.0,3,242.0,248.0,6,0.0
598,4,242.0,248.0,6,0,0.0,4,242.0,248.0,6,0.0
599,5620,240.0,699.0,459,1,0.00017793594306049823,1146,240.0,425.0,185,0.0008726003490401396
600,1,,,0,0,0.0,0,,,0,
601,21845,237.0,699.0,462,35,0.0016021972991531242,11873,237.0,425.0,188,0.0029478649035627053
602,178,240.0,339.0,99,0,0.0,178,240.0,339.0,99,0.0
603,21,240.0,275.0,35,0,0.0,21,240.0,275.0,35,0.0
604,720,238.0,381.0,143,0,0.0,720,238.0,381.0,143,0.0
605,1,,,0,0,0.0,0,,,0,
606,9,241.0,265.0,24,0,0.0,9,241.0,265.0,24,0.0
607,3,239.0,244.0,5,0,0.0,3,239.0,244.0,5,0.0
608,6,238.0,253.0,15,0,0.0,6,238.0,253.0,15,0.0
609,14,240.0,275.0,35,0,0.0,14,240.0,275.0,35,0.0
610,4,239.0,245.0,6,0,0.0,4,239.0,245.0,6,0.0
611,1,,,0,0,0.0,0,,,0,
612,1,,,0,0,0.0,0,,,0,
613,1,,,0,0,0.0,0,,,0,
614,99,239.0,340.0,101,0,0.0,99,239.0,340.0,101,0.0
615,26,240.0,317.0,77,0,0.0,26,240.0,317.0,77,0.0
616,17,239.0,283.0,44,1,0.058823529411764705,17,239.0,283.0,44,0.058823529411764705
617,1,,,0,0,0.0,0,,,0,
618,1,,,0,0,0.0,0,,,0,
619,10,239.0,269.0,30,0,0.0,10,239.0,269.0,30,0.0
620,480,239.0,346.0,107,1,0.0020833333333333333,480,239.0,346.0,107,0.0020833333333333333
621,1,,,0,0,0.0,0,,,0,
622,3,239.0,245.0,6,0,0.0,3,239.0,245.0,6,0.0
623,1,,,0,0,0.0,0,,,0,
624,3,240.0,240.0,0,0,0.0,3,240.0,240.0,0,0.0
625,3,239.0,247.0,8,0,0.0,3,239.0,247.0,8,0.0
626,1,,,0,0,0.0,0,,,0,
627,1,,,0,0,0.0,0,,,0,
628,4879,240.0,699.0,459,3,0.0006148800983808157,1098,240.0,425.0,185,0.00273224043715847
629,1522,242.0,357.0,115,2,0.001314060446780552,1522,242.0,357.0,115,0.001314060446780552
630,48,240.0,290.0,50,0,0.0,48,240.0,290.0,50,0.0
631,6,240.0,251.0,11,0,0.0,6,240.0,251.0,11,0.0
632,1,,,0,0,0.0,0,,,0,
633,24,241.0,288.0,47,0,0.0,24,241.0,288.0,47,0.0
634,5394,241.0,699.0,458,3,0.0005561735261401557,1420,241.0,425.0,184,0.002112676056338028
635,1,,,0,0,0.0,0,,,0,
636,1,,,0,0,0.0,0,,,0,
637,68,242.0,352.0,110,0,0.0,68,242.0,352.0,110,0.0
638,11652,240.0,699.0,459,10,0.0008582217645039478,7569,240.0,425.0,185,0.001321178491214163
639,2,244.0,244.0,0,0,0.0,2,244.0,244.0,0,0.0
640,1,,,0,0,0.0,0,,,0,
641,1,,,0,0,0.0,0,,,0,
642,2,242.0,242.0,0,0,0.0,2,242.0,242.0,0,0.0
643,5,241.0,251.0,10,0,0.0,5,241.0,251.0,10,0.0
644,2,243.0,243.0,0,0,0.0,2,243.0,243.0,0,0.0
645,1,,,0,0,0.0,0,,,0,
646,1,,,0,0,0.0,0,,,0,
647,2,243.0,243.0,0,0,0.0,2,243.0,243.0,0,0.0
648,2,242.0,242.0,0,0,0.0,2,242.0,242.0,0,0.0
649,2,243.0,243.0,0,0,0.0,2,243.0,243.0,0,0.0
650,1,,,0,0,0.0,0,,,0,
651,3,245.0,254.0,9,0,0.0,3,245.0,254.0,9,0.0
652,2,241.0,241.0,0,0,0.0,2,241.0,241.0,0,0.0
653,20,243.0,272.0,29,0,0.0,20,243.0,272.0,29,0.0
654,4,246.0,270.0,24,0,0.0,4,246.0,270.0,24,0.0
655,1,,,0,0,0.0,0,,,0,
656,2,248.0,248.0,0,0,0.0,2,248.0,248.0,0,0.0
657,1,,,0,0,0.0,0,,,0,
658,1,,,0,0,0.0,0,,,0,
659,3,245.0,251.0,6,0,0.0,3,245.0,251.0,6,0.0
660,11,245.0,267.0,22,0,0.0,11,245.0,267.0,22,0.0
661,1,,,0,0,0.0,0,,,0,
662,1,,,0,0,0.0,0,,,0,
663,1,,,0,0,0.0,0,,,0,
664,12,243.0,276.0,33,0,0.0,12,243.0,276.0,33,0.0
665,1348,244.0,428.0,184,5,0.00370919881305638,1346,244.0,422.0,178,0.003714710252600297
666,5,244.0,256.0,12,0,0.0,5,244.0,256.0,12,0.0
667,1,,,0,0,0.0,0,,,0,
668,1,,,0,0,0.0,0,,,0,
669,3,242.0,245.0,3,0,0.0,3,242.0,245.0,3,0.0
670,30,242.0,297.0,55,1,0.03333333333333333,30,242.0,297.0,55,0.03333333333333333
671,144,242.0,329.0,87,0,0.0,144,242.0,329.0,87,0.0
672,261,242.0,480.0,238,0,0.0,190,242.0,425.0,183,0.0
673,1629,244.0,577.0,333,5,0.003069367710251688,914,244.0,425.0,181,0.005470459518599562
674,23512,242.0,699.0,457,19,0.0008080979925144607,8431,242.0,425.0,183,0.0022535879492349663
675,137,244.0,309.0,65,1,0.0072992700729927005,137,244.0,309.0,65,0.0072992700729927005
676,22397,243.0,699.0,456,20,0.0008929767379559762,10421,243.0,425.0,182,0.001919201612129354
677,2,248.0,248.0,0,0,0.0,2,248.0,248.0,0,0.0
678,2,243.0,243.0,0,0,0.0,2,243.0,243.0,0,0.0
679,2,246.0,246.0,0,0,0.0,2,246.0,246.0,0,0.0
680,6,244.0,254.0,10,0,0.0,6,244.0,254.0,10,0.0
681,1,,,0,0,0.0,0,,,0,
682,1,,,0,0,0.0,0,,,0,
683,1,,,0,0,0.0,0,,,0,
684,1,,,0,0,0.0,0,,,0,
685,3,245.0,253.0,8,0,0.0,3,245.0,253.0,8,0.0
686,14,243.0,259.0,16,0,0.0,14,243.0,259.0,16,0.0
687,713,243.0,361.0,118,2,0.002805049088359046,713,243.0,361.0,118,0.002805049088359046
688,1,,,0,0,0.0,0,,,0,
689,73,245.0,292.0,47,0,0.0,73,245.0,292.0,47,0.0
690,1,,,0,0,0.0,0,,,0,
691,228,244.0,370.0,126,1,0.0043859649122807015,228,244.0,370.0,126,0.0043859649122807015
692,1,,,0,0,0.0,0,,,0,
693,1,,,0,0,0.0,0,,,0,
694,3362,247.0,699.0,452,1,0.000297441998810232,1899,247.0,425.0,178,0.000526592943654555
695,1,,,0,0,0.0,0,,,0,
696,850,243.0,364.0,121,2,0.002352941176470588,850,243.0,364.0,121,0.002352941176470588
697,7,249.0,267.0,18,0,0.0,7,249.0,267.0,18,0.0
698,4,249.0,263.0,14,0,0.0,4,249.0,263.0,14,0.0
699,2,245.0,245.0,0,0,0.0,2,245.0,245.0,0,0.0
700,3,245.0,253.0,8,0,0.0,3,245.0,253.0,8,0.0
701,1,,,0,0,0.0,0,,,0,
702,5,244.0,257.0,13,0,0.0,5,244.0,257.0,13,0.0
703,22,245.0,269.0,24,0,0.0,22,245.0,269.0,24,0.0
704,120,245.0,313.0,68,0,0.0,120,245.0,313.0,68,0.0
705,2,248.0,248.0,0,0,0.0,2,248.0,248.0,0,0.0
706,1,,,0,0,0.0,0,,,0,
707,1,,,0,0,0.0,0,,,0,
708,1,,,0,0,0.0,0,,,0,
709,1110,245.0,523.0,278,2,0.0018018018018018018,972,245.0,424.0,179,0.00205761316872428
710,1,,,0,0,0.0,0,,,0,
711,1,,,0,0,0.0,0,,,0,
712,12554,245.0,699.0,454,12,0.0009558706388402103,4528,245.0,425.0,180,0.00265017667844523
713,2,245.0,245.0,0,0,0.0,2,245.0,245.0,0,0.0
714,1,,,0,0,0.0,0,,,0,
715,2,249.0,249.0,0,0,0.0,2,249.0,249.0,0,0.0
716,1,,,0,0,0.0,0,,,0,
717,1079,244.0,482.0,238,1,0.0009267840593141798,955,244.0,425.0,181,0.0010471204188481676
718,6,246.0,258.0,12,0,0.0,6,246.0,258.0,12,0.0
719,8,248.0,266.0,18,0,0.0,8,248.0,266.0,18,0.0
720,1,,,0,0,0.0,0,,,0,
721,2,247.0,247.0,0,0,0.0,2,247.0,247.0,0,0.0
722,13,246.0,274.0,28,0,0.0,13,246.0,274.0,28,0.0
723,2,248.0,248.0,0,0,0.0,2,248.0,248.0,0,0.0
724,3,247.0,251.0,4,0,0.0,3,247.0,251.0,4,0.0
725,2,245.0,245.0,0,0,0.0,2,245.0,245.0,0,0.0
726,8,245.0,275.0,30,0,0.0,8,245.0,275.0,30,0.0
727,1,,,0,0,0.0,0,,,0,
728,1,,,0,0,0.0,0,,,0,
729,5,247.0,258.0,11,0,0.0,5,247.0,258.0,11,0.0
730,3,245.0,246.0,1,0,0.0,3,245.0,246.0,1,0.0
731,8,245.0,263.0,18,0,0.0,8,245.0,263.0,18,0.0
732,3,245.0,246.0,1,0,0.0,3,245.0,246.0,1,0.0
733,6,248.0,254.0,6,0,0.0,6,248.0,254.0,6,0.0
734,4,245.0,252.0,7,0,0.0,4,245.0,252.0,7,0.0
735,4,247.0,254.0,7,0,0.0,4,247.0,254.0,7,0.0
736,87,245.0,346.0,101,0,0.0,87,245.0,346.0,101,0.0
737,8,245.0,268.0,23,0,0.0,8,245.0,268.0,23,0.0
738,6,247.0,262.0,15,0,0.0,6,247.0,262.0,15,0.0
739,1,,,0,0,0.0,0,,,0,
740,1,,,0,0,0.0,0,,,0,
741,11,246.0,266.0,20,0,0.0,11,246.0,266.0,20,0.0
742,1,,,0,0,0.0,0,,,0,
743,1,,,0,0,0.0,0,,,0,
744,4,248.0,255.0,7,0,0.0,4,248.0,255.0,7,0.0
745,5,246.0,256.0,10,0,0.0,5,246.0,256.0,10,0.0
746,102,250.0,313.0,63,1,0.00980392156862745,102,250.0,313.0,63,0.00980392156862745
747,10,248.0,273.0,25,0,0.0,10,248.0,273.0,25,0.0
748,24,247.0,281.0,34,1,0.041666666666666664,24,247.0,281.0,34,0.041666666666666664
749,1,,,0,0,0.0,0,,,0,
750,2,252.0,252.0,0,0,0.0,2,252.0,252.0,0,0.0
751,2,247.0,247.0,0,0,0.0,2,247.0,247.0,0,0.0
752,23,249.0,304.0,55,0,0.0,23,249.0,304.0,55,0.0
753,5090,246.0,699.0,453,0,0.0,1122,246.0,425.0,179,0.0
754,140,246.0,377.0,131,1,0.007142857142857143,140,246.0,377.0,131,0.007142857142857143
755,2,247.0,247.0,0,0,0.0,2,247.0,247.0,0,0.0
756,1,,,0,0,0.0,0,,,0,
757,13,253.0,275.0,22,0,0.0,13,253.0,275.0,22,0.0
758,1,,,0,0,0.0,0,,,0,
759,1,,,0,0,0.0,0,,,0,
760,3,251.0,258.0,7,0,0.0,3,251.0,258.0,7,0.0
761,2,256.0,256.0,0,0,0.0,2,256.0,256.0,0,0.0
762,11,249.0,305.0,56,0,0.0,11,249.0,305.0,56,0.0
763,1,,,0,0,0.0,0,,,0,
764,1,,,0,0,0.0,0,,,0,
765,16,252.0,284.0,32,0,0.0,16,252.0,284.0,32,0.0
766,1,,,0,0,0.0,0,,,0,
767,162,247.0,361.0,114,3,0.018518518518518517,162,247.0,361.0,114,0.018518518518518517
768,1,,,0,0,0.0,0,,,0,
769,5916,248.0,699.0,451,2,0.0003380662609871535,891,248.0,425.0,177,0.002244668911335578
770,8,248.0,277.0,29,0,0.0,8,248.0,277.0,29,0.0
771,1,,,0,0,0.0,0,,,0,
772,3,250.0,250.0,0,0,0.0,3,250.0,250.0,0,0.0
773,2,254.0,254.0,0,0,0.0,2,254.0,254.0,0,0.0
774,4,249.0,252.0,3,0,0.0,4,249.0,252.0,3,0.0
775,6,249.0,268.0,19,0,0.0,6,249.0,268.0,19,0.0
776,4,255.0,261.0,6,0,0.0,4,255.0,261.0,6,0.0
777,2,248.0,248.0,0,0,0.0,2,248.0,248.0,0,0.0
778,1,,,0,0,0.0,0,,,0,
779,1,,,0,0,0.0,0,,,0,
780,5,251.0,264.0,13,0,0.0,5,251.0,264.0,13,0.0
781,85,249.0,313.0,64,0,0.0,85,249.0,313.0,64,0.0
782,1,,,0,0,0.0,0,,,0,
783,4,251.0,271.0,20,0,0.0,4,251.0,271.0,20,0.0
784,1,,,0,0,0.0,0,,,0,
785,1,,,0,0,0.0,0,,,0,
786,362,248.0,361.0,113,0,0.0,362,248.0,361.0,113,0.0
787,81,248.0,373.0,125,1,0.012345679012345678,81,248.0,373.0,125,0.012345679012345678
788,1,,,0,0,0.0,0,,,0,
789,1,,,0,0,0.0,0,,,0,
790,1,,,0,0,0.0,0,,,0,
791,6,249.0,267.0,18,0,0.0,6,249.0,267.0,18,0.0
792,20,249.0,289.0,40,0,0.0,20,249.0,289.0,40,0.0
793,1,,,0,0,0.0,0,,,0,
794,3,251.0,256.0,5,0,0.0,3,251.0,256.0,5,0.0
795,10,249.0,267.0,18,0,0.0,10,249.0,267.0,18,0.0
796,5,251.0,266.0,15,0,0.0,5,251.0,266.0,15,0.0
797,1,,,0,0,0.0,0,,,0,
798,1,,,0,0,0.0,0,,,0,
799,1,,,0,0,0.0,0,,,0,
800,2,256.0,256.0,0,0,0.0,2,256.0,256.0,0,0.0
801,2,252.0,252.0,0,0,0.0,2,252.0,252.0,0,0.0
802,2,250.0,250.0,0,0,0.0,2,250.0,250.0,0,0.0
803,1,,,0,0,0.0,0,,,0,
804,8,249.0,274.0,25,0,0.0,8,249.0,274.0,25,0.0
805,4,254.0,260.0,6,0,0.0,4,254.0,260.0,6,0.0
806,6,251.0,268.0,17,0,0.0,6,251.0,268.0,17,0.0
807,1,,,0,0,0.0,0,,,0,
808,1,,,0,0,0.0,0,,,0,
809,4,249.0,253.0,4,0,0.0,4,249.0,253.0,4,0.0
810,548,255.0,356.0,101,2,0.0036496350364963502,548,255.0,356.0,101,0.0036496350364963502
811,2,250.0,250.0,0,0,0.0,2,250.0,250.0,0,0.0
812,1,,,0,0,0.0,0,,,0,
813,1,,,0,0,0.0,0,,,0,
814,1,,,0,0,0.0,0,,,0,
815,1,,,0,0,0.0,0,,,0,
816,1,,,0,0,0.0,0,,,0,
817,4,249.0,262.0,13,0,0.0,4,249.0,262.0,13,0.0
818,1,,,0,0,0.0,0,,,0,
819,2,256.0,256.0,0,0,0.0,2,256.0,256.0,0,0.0
820,17,252.0,299.0,47,0,0.0,17,252.0,299.0,47,0.0
821,8,251.0,280.0,29,0,0.0,8,251.0,280.0,29,0.0
822,1,,,0,0,0.0,0,,,0,
823,2,251.0,251.0,0,0,0.0,2,251.0,251.0,0,0.0
824,7,253.0,270.0,17,0,0.0,7,253.0,270.0,17,0.0
825,3,258.0,262.0,4,0,0.0,3,258.0,262.0,4,0.0
826,3,250.0,251.0,1,0,0.0,3,250.0,251.0,1,0.0
827,7,250.0,261.0,11,0,0.0,7,250.0,261.0,11,0.0
828,1,,,0,0,0.0,0,,,0,
829,5,255.0,273.0,18,0,0.0,5,255.0,273.0,18,0.0
830,1,,,0,0,0.0,0,,,0,
831,1,,,0,0,0.0,0,,,0,
832,85,250.0,327.0,77,0,0.0,85,250.0,327.0,77,0.0
833,3,250.0,257.0,7,0,0.0,3,250.0,257.0,7,0.0
834,1,,,0,0,0.0,0,,,0,
835,3,251.0,252.0,1,0,0.0,3,251.0,252.0,1,0.0
836,2,258.0,258.0,0,0,0.0,2,258.0,258.0,0,0.0
837,2143,252.0,570.0,318,2,0.0009332711152589828,1552,252.0,425.0,173,0.001288659793814433
838,64,253.0,319.0,66,0,0.0,64,253.0,319.0,66,0.0
839,6,251.0,265.0,14,0,0.0,6,251.0,265.0,14,0.0
840,3570,250.0,699.0,449,1,0.00028011204481792715,1416,250.0,425.0,175,0.0007062146892655367
841,1,,,0,0,0.0,0,,,0,
842,1,,,0,0,0.0,0,,,0,
843,7,252.0,273.0,21,0,0.0,7,252.0,273.0,21,0.0
844,1,,,0,0,0.0,0,,,0,
845,3,256.0,259.0,3,0,0.0,3,256.0,259.0,3,0.0
846,4,255.0,273.0,18,0,0.0,4,255.0,273.0,18,0.0
847,911,251.0,432.0,181,8,0.008781558726673985,910,251.0,424.0,173,0.008791208791208791
848,1,,,0,0,0.0,0,,,0,
849,2,252.0,252.0,0,0,0.0,2,252.0,252.0,0,0.0
850,2,251.0,251.0,0,0,0.0,2,251.0,251.0,0,0.0
851,2,251.0,251.0,0,0,0.0,2,251.0,251.0,0,0.0
852,1,,,0,0,0.0,0,,,0,
853,2,256.0,256.0,0,0,0.0,2,256.0,256.0,0,0.0
854,12,253.0,292.0,39,0,0.0,12,253.0,292.0,39,0.0
855,12,256.0,291.0,35,0,0.0,12,256.0,291.0,35,0.0
856,4,252.0,261.0,9,0,0.0,4,252.0,261.0,9,0.0
857,28,254.0,322.0,68,0,0.0,28,254.0,322.0,68,0.0
858,25,253.0,319.0,66,0,0.0,25,253.0,319.0,66,0.0
859,1,,,0,0,0.0,0,,,0,
860,1,,,0,0,0.0,0,,,0,
861,2,252.0,252.0,0,0,0.0,2,252.0,252.0,0,0.0
862,5,253.0,259.0,6,0,0.0,5,253.0,259.0,6,0.0
863,1,,,0,0,0.0,0,,,0,
864,1,,,0,0,0.0,0,,,0,
865,1,,,0,0,0.0,0,,,0,
866,37,251.0,326.0,75,1,0.02702702702702703,37,251.0,326.0,75,0.02702702702702703
867,2620,251.0,699.0,448,0,0.0,867,251.0,424.0,173,0.0
868,1,,,0,0,0.0,0,,,0,
869,3,252.0,253.0,1,0,0.0,3,252.0,253.0,1,0.0
870,35,251.0,302.0,51,0,0.0,35,251.0,302.0,51,0.0
871,2,255.0,255.0,0,0,0.0,2,255.0,255.0,0,0.0
872,2,252.0,252.0,0,0,0.0,2,252.0,252.0,0,0.0
873,1,,,0,0,0.0,0,,,0,
874,1,,,0,0,0.0,0,,,0,
875,1,,,0,0,0.0,0,,,0,
876,2,256.0,256.0,0,0,0.0,2,256.0,256.0,0,0.0
877,1,,,0,0,0.0,0,,,0,
878,2,254.0,254.0,0,0,0.0,2,254.0,254.0,0,0.0
879,2,254.0,254.0,0,0,0.0,2,254.0,254.0,0,0.0
880,1,,,0,0,0.0,0,,,0,
881,4,254.0,260.0,6,0,0.0,4,254.0,260.0,6,0.0
882,1,,,0,0,0.0,0,,,0,
883,1,,,0,0,0.0,0,,,0,
884,10,257.0,280.0,23,0,0.0,10,257.0,280.0,23,0.0
885,2,255.0,255.0,0,0,0.0,2,255.0,255.0,0,0.0
886,3,254.0,264.0,10,0,0.0,3,254.0,264.0,10,0.0
887,4,253.0,262.0,9,0,0.0,4,253.0,262.0,9,0.0
888,6,255.0,269.0,14,0,0.0,6,255.0,269.0,14,0.0
889,1,,,0,0,0.0,0,,,0,
890,31,252.0,326.0,74,0,0.0,31,252.0,326.0,74,0.0
891,1,,,0,0,0.0,0,,,0,
892,2,253.0,253.0,0,0,0.0,2,253.0,253.0,0,0.0
893,1,,,0,0,0.0,0,,,0,
894,1,,,0,0,0.0,0,,,0,
895,7,257.0,291.0,34,0,0.0,7,257.0,291.0,34,0.0
896,2,252.0,252.0,0,0,0.0,2,252.0,252.0,0,0.0
897,1,,,0,0,0.0,0,,,0,
898,5,254.0,260.0,6,0,0.0,5,254.0,260.0,6,0.0
899,1,,,0,0,0.0,0,,,0,
900,9,253.0,276.0,23,0,0.0,9,253.0,276.0,23,0.0
901,5,254.0,268.0,14,0,0.0,5,254.0,268.0,14,0.0
902,14,252.0,288.0,36,0,0.0,14,252.0,288.0,36,0.0
903,2,255.0,255.0,0,0,0.0,2,255.0,255.0,0,0.0
904,1,,,0,0,0.0,0,,,0,
905,5,253.0,264.0,11,0,0.0,5,253.0,264.0,11,0.0
906,1,,,0,0,0.0,0,,,0,
907,1,,,0,0,0.0,0,,,0,
908,1,,,0,0,0.0,0,,,0,
909,1,,,0,0,0.0,0,,,0,
910,3,254.0,261.0,7,0,0.0,3,254.0,261.0,7,0.0
911,2,253.0,253.0,0,0,0.0,2,253.0,253.0,0,0.0
912,12,253.0,289.0,36,0,0.0,12,253.0,289.0,36,0.0
913,3,253.0,261.0,8,0,0.0,3,253.0,261.0,8,0.0
914,5286,254.0,699.0,445,1,0.00018917896329928113,822,254.0,425.0,171,0.0012165450121654502
915,1,,,0,0,0.0,0,,,0,
916,5,255.0,261.0,6,0,0.0,5,255.0,261.0,6,0.0
917,456,253.0,435.0,182,1,0.0021929824561403508,452,253.0,425.0,172,0.0022123893805309734
918,1,,,0,0,0.0,0,,,0,
919,3275,253.0,699.0,446,5,0.0015267175572519084,1141,253.0,425.0,172,0.0043821209465381246
920,1,,,0,0,0.0,0,,,0,
921,2,257.0,257.0,0,0,0.0,2,257.0,257.0,0,0.0
922,1,,,0,0,0.0,0,,,0,
923,1,,,0,0,0.0,0,,,0,
924,1,,,0,0,0.0,0,,,0,
925,4,257.0,263.0,6,0,0.0,4,257.0,263.0,6,0.0
926,40,255.0,310.0,55,0,0.0,40,255.0,310.0,55,0.0
927,1,,,0,0,0.0,0,,,0,
928,1,,,0,0,0.0,0,,,0,
929,5,258.0,272.0,14,0,0.0,5,258.0,272.0,14,0.0
930,6,254.0,273.0,19,0,0.0,6,254.0,273.0,19,0.0
931,301,255.0,482.0,227,1,0.0033222591362126247,241,255.0,425.0,170,0.004149377593360996
932,1,,,0,0,0.0,0,,,0,
933,1,,,0,0,0.0,0,,,0,
934,2,257.0,257.0,0,0,0.0,2,257.0,257.0,0,0.0
935,201,254.0,373.0,119,1,0.004975124378109453,201,254.0,373.0,119,0.004975124378109453
936,2,259.0,259.0,0,0,0.0,2,259.0,259.0,0,0.0
937,2,260.0,260.0,0,0,0.0,2,260.0,260.0,0,0.0
938,6,255.0,262.0,7,0,0.0,6,255.0,262.0,7,0.0
939,1,,,0,0,0.0,0,,,0,
940,6,255.0,272.0,17,0,0.0,6,255.0,272.0,17,0.0
941,3,257.0,261.0,4,0,0.0,3,257.0,261.0,4,0.0
942,6,255.0,269.0,14,0,0.0,6,255.0,269.0,14,0.0
943,4,254.0,258.0,4,0,0.0,4,254.0,258.0,4,0.0
944,2,260.0,260.0,0,0,0.0,2,260.0,260.0,0,0.0
945,73,255.0,322.0,67,0,0.0,73,255.0,322.0,67,0.0
946,4,255.0,264.0,9,0,0.0,4,255.0,264.0,9,0.0
947,1,,,0,0,0.0,0,,,0,
948,9,260.0,272.0,12,0,0.0,9,260.0,272.0,12,0.0
949,6,255.0,266.0,11,0,0.0,6,255.0,266.0,11,0.0
950,1,,,0,0,0.0,0,,,0,
951,12,256.0,302.0,46,0,0.0,12,256.0,302.0,46,0.0
952,1,,,0,0,0.0,0,,,0,
953,4,261.0,271.0,10,0,0.0,4,261.0,271.0,10,0.0
954,1,,,0,0,0.0,0,,,0,
955,1,,,0,0,0.0,0,,,0,
956,3,258.0,264.0,6,0,0.0,3,258.0,264.0,6,0.0
957,2,260.0,260.0,0,0,0.0,2,260.0,260.0,0,0.0
958,1,,,0,0,0.0,0,,,0,
959,1,,,0,0,0.0,0,,,0,
960,1,,,0,0,0.0,0,,,0,
961,2,257.0,257.0,0,0,0.0,2,257.0,257.0,0,0.0
962,4,256.0,261.0,5,0,0.0,4,256.0,261.0,5,0.0
963,3,262.0,267.0,5,0,0.0,3,262.0,267.0,5,0.0
964,3,256.0,257.0,1,0,0.0,3,256.0,257.0,1,0.0
965,1,,,0,0,0.0,0,,,0,
966,2,257.0,257.0,0,0,0.0,2,257.0,257.0,0,0.0
967,9,259.0,297.0,38,0,0.0,9,259.0,297.0,38,0.0
968,996,256.0,367.0,111,1,0.001004016064257028,996,256.0,367.0,111,0.001004016064257028
969,1,,,0,0,0.0,0,,,0,
970,4,256.0,261.0,5,0,0.0,4,256.0,261.0,5,0.0
971,3,256.0,257.0,1,0,0.0,3,256.0,257.0,1,0.0
972,1,,,0,0,0.0,0,,,0,
973,442,262.0,607.0,345,0,0.0,155,262.0,425.0,163,0.0
974,3,257.0,263.0,6,0,0.0,3,257.0,263.0,6,0.0
975,1,,,0,0,0.0,0,,,0,
976,3,257.0,266.0,9,0,0.0,3,257.0,266.0,9,0.0
977,1,,,0,0,0.0,0,,,0,
978,1,,,0,0,0.0,0,,,0,
979,10,258.0,281.0,23,0,0.0,10,258.0,281.0,23,0.0
980,5,258.0,270.0,12,0,0.0,5,258.0,270.0,12,0.0
981,1,,,0,0,0.0,0,,,0,
982,1,,,0,0,0.0,0,,,0,
983,4,260.0,276.0,16,0,0.0,4,260.0,276.0,16,0.0
984,1,,,0,0,0.0,0,,,0,
985,1,,,0,0,0.0,0,,,0,
986,1,,,0,0,0.0,0,,,0,
987,3,258.0,263.0,5,0,0.0,3,258.0,263.0,5,0.0
988,229,256.0,344.0,88,0,0.0,229,256.0,344.0,88,0.0
989,87,259.0,327.0,68,0,0.0,87,259.0,327.0,68,0.0
990,5,258.0,266.0,8,0,0.0,5,258.0,266.0,8,0.0
991,4,257.0,262.0,5,0,0.0,4,257.0,262.0,5,0.0
992,1,,,0,0,0.0,0,,,0,
993,20,257.0,305.0,48,0,0.0,20,257.0,305.0,48,0.0
994,1,,,0,0,0.0,0,,,0,
995,1,,,0,0,0.0,0,,,0,
996,3,261.0,262.0,1,0,0.0,3,261.0,262.0,1,0.0
997,14,262.0,294.0,32,0,0.0,14,262.0,294.0,32,0.0
998,5,257.0,270.0,13,0,0.0,5,257.0,270.0,13,0.0
999,3,257.0,258.0,1,0,0.0,3,257.0,258.0,1,0.0
1000,2,263.0,263.0,0,0,0.0,2,263.0,263.0,0,0.0
1001,1,,,0,0,0.0,0,,,0,
1002,1,,,0,0,0.0,0,,,0,
1003,1,,,0,0,0.0,0,,,0,
1004,1,,,0,0,0.0,0,,,0,
1005,6,257.0,273.0,16,0,0.0,6,257.0,273.0,16,0.0
1006,5,259.0,269.0,10,0,0.0,5,259.0,269.0,10,0.0
1007,1,,,0,0,0.0,0,,,0,
1008,5,257.0,265.0,8,0,0.0,5,257.0,265.0,8,0.0
1009,3,259.0,265.0,6,0,0.0,3,259.0,265.0,6,0.0
1010,2,262.0,262.0,0,0,0.0,2,262.0,262.0,0,0.0
1011,1,,,0,0,0.0,0,,,0,
1012,1,,,0,0,0.0,0,,,0,
1013,350,257.0,489.0,232,3,0.008571428571428572,277,257.0,425.0,168,0.010830324909747292
1014,1682,257.0,612.0,355,3,0.0017835909631391202,791,257.0,425.0,168,0.0037926675094816687
1015,1,,,0,0,0.0,0,,,0,
1016,29,258.0,289.0,31,0,0.0,29,258.0,289.0,31,0.0
1017,20,257.0,301.0,44,0,0.0,20,257.0,301.0,44,0.0
1018,26,259.0,288.0,29,0,0.0,26,259.0,288.0,29,0.0
1019,1,,,0,0,0.0,0,,,0,
1020,1,,,0,0,0.0,0,,,0,
1021,79,258.0,308.0,50,0,0.0,79,258.0,308.0,50,0.0
1022,1,,,0,0,0.0,0,,,0,
1023,1,,,0,0,0.0,0,,,0,
1024,2,261.0,261.0,0,0,0.0,2,261.0,261.0,0,0.0
1025,4,259.0,268.0,9,0,0.0,4,259.0,268.0,9,0.0
1026,2,261.0,261.0,0,0,0.0,2,261.0,261.0,0,0.0
1027,1,,,0,0,0.0,0,,,0,
1028,1,,,0,0,0.0,0,,,0,
1029,1,,,0,0,0.0,0,,,0,
1030,17,258.0,283.0,25,0,0.0,17,258.0,283.0,25,0.0
1031,6,259.0,275.0,16,0,0.0,6,259.0,275.0,16,0.0
1032,71,261.0,313.0,52,0,0.0,71,261.0,313.0,52,0.0
1033,51,258.0,319.0,61,0,0.0,51,258.0,319.0,61,0.0
1034,1,,,0,0,0.0,0,,,0,
1035,131,259.0,327.0,68,0,0.0,131,259.0,327.0,68,0.0
1036,6,261.0,273.0,12,0,0.0,6,261.0,273.0,12,0.0
1037,28,258.0,288.0,30,0,0.0,28,258.0,288.0,30,0.0
1038,1,,,0,0,0.0,0,,,0,
1039,19,261.0,306.0,45,0,0.0,19,261.0,306.0,45,0.0
1040,11,265.0,298.0,33,0,0.0,11,265.0,298.0,33,0.0
1041,5,259.0,268.0,9,0,0.0,5,259.0,268.0,9,0.0
1042,4,261.0,267.0,6,0,0.0,4,261.0,267.0,6,0.0
1043,3,263.0,264.0,1,0,0.0,3,263.0,264.0,1,0.0
1044,1,,,0,0,0.0,0,,,0,
1045,2,261.0,261.0,0,0,0.0,2,261.0,261.0,0,0.0
1046,2,261.0,261.0,0,0,0.0,2,261.0,261.0,0,0.0
1047,3,261.0,269.0,8,0,0.0,3,261.0,269.0,8,0.0
1048,2,262.0,262.0,0,0,0.0,2,262.0,262.0,0,0.0
1049,109,259.0,326.0,67,1,0.009174311926605505,109,259.0,326.0,67,0.009174311926605505
1050,12,262.0,290.0,28,0,0.0,12,262.0,290.0,28,0.0
1051,1,,,0,0,0.0,0,,,0,
1052,11,259.0,287.0,28,0,0.0,11,259.0,287.0,28,0.0
1053,2,262.0,262.0,0,0,0.0,2,262.0,262.0,0,0.0
1054,1,,,0,0,0.0,0,,,0,
1055,1,,,0,0,0.0,0,,,0,
1056,761,260.0,428.0,168,4,0.005256241787122208,760,260.0,421.0,161,0.005263157894736842
1057,1,,,0,0,0.0,0,,,0,
1058,3,262.0,265.0,3,0,0.0,3,262.0,265.0,3,0.0
1059,1,,,0,0,0.0,0,,,0,
1060,1,,,0,0,0.0,0,,,0,
1061,2,261.0,261.0,0,0,0.0,2,261.0,261.0,0,0.0
1062,2,262.0,262.0,0,0,0.0,2,262.0,262.0,0,0.0
1063,10,263.0,277.0,14,0,0.0,10,263.0,277.0,14,0.0
1064,1,,,0,0,0.0,0,,,0,
1065,2,263.0,263.0,0,0,0.0,2,263.0,263.0,0,0.0
1066,7,265.0,279.0,14,0,0.0,7,265.0,279.0,14,0.0
1067,2,262.0,262.0,0,0,0.0,2,262.0,262.0,0,0.0
1068,1,,,0,0,0.0,0,,,0,
1069,1,,,0,0,0.0,0,,,0,
1070,3,264.0,273.0,9,0,0.0,3,264.0,273.0,9,0.0
1071,1,,,0,0,0.0,0,,,0,
1072,2,264.0,264.0,0,0,0.0,2,264.0,264.0,0,0.0
1073,1,,,0,0,0.0,0,,,0,
1074,115,264.0,346.0,82,1,0.008695652173913044,115,264.0,346.0,82,0.008695652173913044
1075,25,264.0,296.0,32,0,0.0,25,264.0,296.0,32,0.0
1076,1,,,0,0,0.0,0,,,0,
1077,1,,,0,0,0.0,0,,,0,
1078,1,,,0,0,0.0,0,,,0,
1079,36,263.0,301.0,38,0,0.0,36,263.0,301.0,38,0.0
1080,1,,,0,0,0.0,0,,,0,
1081,1,,,0,0,0.0,0,,,0,
1082,1,,,0,0,0.0,0,,,0,
1083,9,265.0,287.0,22,0,0.0,9,265.0,287.0,22,0.0
1084,1,,,0,0,0.0,0,,,0,
1085,1,,,0,0,0.0,0,,,0,
1086,1,,,0,0,0.0,0,,,0,
1087,1,,,0,0,0.0,0,,,0,
1088,48,263.0,327.0,64,0,0.0,48,263.0,327.0,64,0.0
1089,1,,,0,0,0.0,0,,,0,
1090,1,,,0,0,0.0,0,,,0,
1091,2,268.0,268.0,0,0,0.0,2,268.0,268.0,0,0.0
1092,1,,,0,0,0.0,0,,,0,
1093,9,265.0,282.0,17,0,0.0,9,265.0,282.0,17,0.0
1094,1,,,0,0,0.0,0,,,0,
1095,8,268.0,281.0,13,0,0.0,8,268.0,281.0,13,0.0
1096,1,,,0,0,0.0,0,,,0,
1097,1,,,0,0,0.0,0,,,0,
1098,2,265.0,265.0,0,0,0.0,2,265.0,265.0,0,0.0
1099,1,,,0,0,0.0,0,,,0,
1100,2,268.0,268.0,0,0,0.0,2,268.0,268.0,0,0.0
1101,37,263.0,320.0,57,0,0.0,37,263.0,320.0,57,0.0
1102,1,,,0,0,0.0,0,,,0,
1103,1,,,0,0,0.0,0,,,0,
1104,2,267.0,267.0,0,0,0.0,2,267.0,267.0,0,0.0
1105,1,,,0,0,0.0,0,,,0,
1106,33,265.0,301.0,36,0,0.0,33,265.0,301.0,36,0.0
1107,1,,,0,0,0.0,0,,,0,
1108,2,267.0,267.0,0,0,0.0,2,267.0,267.0,0,0.0
1109,1,,,0,0,0.0,0,,,0,
1110,1,,,0,0,0.0,0,,,0,
1111,1,,,0,0,0.0,0,,,0,
1112,1,,,0,0,0.0,0,,,0,
1113,73,264.0,330.0,66,0,0.0,73,264.0,330.0,66,0.0
1114,5,265.0,277.0,12,0,0.0,5,265.0,277.0,12,0.0
1115,1,,,0,0,0.0,0,,,0,
1116,41,264.0,328.0,64,0,0.0,41,264.0,328.0,64,0.0
1117,10,267.0,310.0,43,0,0.0,10,267.0,310.0,43,0.0
1118,2,273.0,273.0,0,0,0.0,2,273.0,273.0,0,0.0
1119,2,266.0,266.0,0,0,0.0,2,266.0,266.0,0,0.0
1120,3,264.0,265.0,1,0,0.0,3,264.0,265.0,1,0.0
1121,3,265.0,265.0,0,0,0.0,3,265.0,265.0,0,0.0
1122,1,,,0,0,0.0,0,,,0,
1123,35,269.0,358.0,89,0,0.0,35,269.0,358.0,89,0.0
1124,1,,,0,0,0.0,0,,,0,
1125,5,265.0,283.0,18,0,0.0,5,265.0,283.0,18,0.0
1126,4,266.0,274.0,8,0,0.0,4,266.0,274.0,8,0.0
1127,1,,,0,0,0.0,0,,,0,
1128,3,268.0,272.0,4,0,0.0,3,268.0,272.0,4,0.0
1129,7,265.0,285.0,20,0,0.0,7,265.0,285.0,20,0.0
1130,137,269.0,415.0,146,0,0.0,137,269.0,415.0,146,0.0
1131,6,265.0,280.0,15,0,0.0,6,265.0,280.0,15,0.0
1132,1,,,0,0,0.0,0,,,0,
1133,4,272.0,280.0,8,0,0.0,4,272.0,280.0,8,0.0
1134,6,266.0,273.0,7,0,0.0,6,266.0,273.0,7,0.0
1135,1,,,0,0,0.0,0,,,0,
1136,4,265.0,271.0,6,0,0.0,4,265.0,271.0,6,0.0
1137,9,271.0,323.0,52,0,0.0,9,271.0,323.0,52,0.0
1138,2,267.0,267.0,0,0,0.0,2,267.0,267.0,0,0.0
1139,6,270.0,282.0,12,0,0.0,6,270.0,282.0,12,0.0
1140,7,266.0,281.0,15,0,0.0,7,266.0,281.0,15,0.0
1141,2,267.0,267.0,0,0,0.0,2,267.0,267.0,0,0.0
1142,1,,,0,0,0.0,0,,,0,
1143,2,270.0,270.0,0,0,0.0,2,270.0,270.0,0,0.0
1144,2,270.0,270.0,0,0,0.0,2,270.0,270.0,0,0.0
1145,113,265.0,330.0,65,1,0.008849557522123894,113,265.0,330.0,65,0.008849557522123894
1146,1,,,0,0,0.0,0,,,0,
1147,1,,,0,0,0.0,0,,,0,
1148,31,269.0,310.0,41,0,0.0,31,269.0,310.0,41,0.0
1149,7,268.0,285.0,17,0,0.0,7,268.0,285.0,17,0.0
1150,1,,,0,0,0.0,0,,,0,
1151,1,,,0,0,0.0,0,,,0,
1152,1,,,0,0,0.0,0,,,0,
1153,1,,,0,0,0.0,0,,,0,
1154,3,272.0,284.0,12,0,0.0,3,272.0,284.0,12,0.0
1155,1,,,0,0,0.0,0,,,0,
1156,1,,,0,0,0.0,0,,,0,
1157,1,,,0,0,0.0,0,,,0,
1158,2,268.0,268.0,0,0,0.0,2,268.0,268.0,0,0.0
1159,3,268.0,276.0,8,0,0.0,3,268.0,276.0,8,0.0
1160,4,270.0,281.0,11,0,0.0,4,270.0,281.0,11,0.0
1161,2,267.0,267.0,0,0,0.0,2,267.0,267.0,0,0.0
1162,1,,,0,0,0.0,0,,,0,
1163,3,266.0,269.0,3,0,0.0,3,266.0,269.0,3,0.0
1164,5,267.0,280.0,13,0,0.0,5,267.0,280.0,13,0.0
1165,22,266.0,328.0,62,0,0.0,22,266.0,328.0,62,0.0
1166,2,272.0,272.0,0,0,0.0,2,272.0,272.0,0,0.0
1167,4,277.0,282.0,5,0,0.0,4,277.0,282.0,5,0.0
1168,1,,,0,0,0.0,0,,,0,
1169,1,,,0,0,0.0,0,,,0,
1170,2,272.0,272.0,0,0,0.0,2,272.0,272.0,0,0.0
1171,1,,,0,0,0.0,0,,,0,
1172,1,,,0,0,0.0,0,,,0,
1173,1,,,0,0,0.0,0,,,0,
1174,3,269.0,275.0,6,0,0.0,3,269.0,275.0,6,0.0
1175,1,,,0,0,0.0,0,,,0,
1176,1,,,0,0,0.0,0,,,0,
1177,1,,,0,0,0.0,0,,,0,
1178,1,,,0,0,0.0,0,,,0,
1179,2,273.0,273.0,0,0,0.0,2,273.0,273.0,0,0.0
1180,68,273.0,340.0,67,0,0.0,68,273.0,340.0,67,0.0
1181,1,,,0,0,0.0,0,,,0,
1182,5,268.0,275.0,7,0,0.0,5,268.0,275.0,7,0.0
1183,6,268.0,282.0,14,0,0.0,6,268.0,282.0,14,0.0
1184,2360,268.0,699.0,431,0,0.0,439,268.0,425.0,157,0.0
1185,1,,,0,0,0.0,0,,,0,
1186,20,268.0,300.0,32,0,0.0,20,268.0,300.0,32,0.0
1187,2,273.0,273.0,0,0,0.0,2,273.0,273.0,0,0.0
1188,1,,,0,0,0.0,0,,,0,
1189,1,,,0,0,0.0,0,,,0,
1190,108,269.0,358.0,89,1,0.009259259259259259,108,269.0,358.0,89,0.009259259259259259
1191,1,,,0,0,0.0,0,,,0,
1192,45,274.0,364.0,90,1,0.022222222222222223,45,274.0,364.0,90,0.022222222222222223
1193,2,272.0,272.0,0,0,0.0,2,272.0,272.0,0,0.0
1194,2,272.0,272.0,0,0,0.0,2,272.0,272.0,0,0.0
1195,1,,,0,0,0.0,0,,,0,
1196,1,,,0,0,0.0,0,,,0,
1197,1,,,0,0,0.0,0,,,0,
1198,1,,,0,0,0.0,0,,,0,
1199,1896,271.0,699.0,428,2,0.0010548523206751054,324,271.0,425.0,154,0.006172839506172839
1200,1,,,0,0,0.0,0,,,0,
1201,1,,,0,0,0.0,0,,,0,
1202,1,,,0,0,0.0,0,,,0,
1203,3,270.0,274.0,4,0,0.0,3,270.0,274.0,4,0.0
1204,6,271.0,290.0,19,0,0.0,6,271.0,290.0,19,0.0
1205,2,274.0,274.0,0,0,0.0,2,274.0,274.0,0,0.0
1206,6,273.0,298.0,25,0,0.0,6,273.0,298.0,25,0.0
1207,2,270.0,270.0,0,0,0.0,2,270.0,270.0,0,0.0
1208,1,,,0,0,0.0,0,,,0,
1209,1,,,0,0,0.0,0,,,0,
1210,2,273.0,273.0,0,0,0.0,2,273.0,273.0,0,0.0
1211,1,,,0,0,0.0,0,,,0,
1212,1,,,0,0,0.0,0,,,0,
1213,1,,,0,0,0.0,0,,,0,
1214,3,273.0,274.0,1,0,0.0,3,273.0,274.0,1,0.0
1215,3,271.0,273.0,2,0,0.0,3,271.0,273.0,2,0.0
1216,1,,,0,0,0.0,0,,,0,
1217,4,277.0,287.0,10,0,0.0,4,277.0,287.0,10,0.0
1218,33,274.0,339.0,65,0,0.0,33,274.0,339.0,65,0.0
1219,1,,,0,0,0.0,0,,,0,
1220,1,,,0,0,0.0,0,,,0,
1221,29,273.0,305.0,32,0,0.0,29,273.0,305.0,32,0.0
1222,1,,,0,0,0.0,0,,,0,
1223,3,273.0,280.0,7,0,0.0,3,273.0,280.0,7,0.0
1224,1,,,0,0,0.0,0,,,0,
1225,3,271.0,278.0,7,0,0.0,3,271.0,278.0,7,0.0
1226,2,273.0,273.0,0,0,0.0,2,273.0,273.0,0,0.0
1227,1,,,0,0,0.0,0,,,0,
1228,1,,,0,0,0.0,0,,,0,
1229,1,,,0,0,0.0,0,,,0,
1230,1,,,0,0,0.0,0,,,0,
1231,60,271.0,367.0,96,0,0.0,60,271.0,367.0,96,0.0
1232,11,274.0,299.0,25,0,0.0,11,274.0,299.0,25,0.0
1233,1,,,0,0,0.0,0,,,0,
1234,2,274.0,274.0,0,0,0.0,2,274.0,274.0,0,0.0
1235,13,272.0,303.0,31,0,0.0,13,272.0,303.0,31,0.0
1236,21,274.0,321.0,47,0,0.0,21,274.0,321.0,47,0.0
1237,1,,,0,0,0.0,0,,,0,
1238,42,271.0,332.0,61,0,0.0,42,271.0,332.0,61,0.0
1239,16,274.0,306.0,32,0,0.0,16,274.0,306.0,32,0.0
1240,1,,,0,0,0.0,0,,,0,
1241,1,,,0,0,0.0,0,,,0,
1242,2,272.0,272.0,0,0,0.0,2,272.0,272.0,0,0.0
1243,1,,,0,0,0.0,0,,,0,
1244,113,273.0,371.0,98,1,0.008849557522123894,113,273.0,371.0,98,0.008849557522123894
1245,1,,,0,0,0.0,0,,,0,
1246,1,,,0,0,0.0,0,,,0,
1247,1,,,0,0,0.0,0,,,0,
1248,1,,,0,0,0.0,0,,,0,
1249,7,272.0,288.0,16,0,0.0,7,272.0,288.0,16,0.0
1250,1,,,0,0,0.0,0,,,0,
1251,1,,,0,0,0.0,0,,,0,
1252,1,,,0,0,0.0,0,,,0,
1253,1,,,0,0,0.0,0,,,0,
1254,108,272.0,386.0,114,0,0.0,108,272.0,386.0,114,0.0
1255,9,278.0,302.0,24,0,0.0,9,278.0,302.0,24,0.0
1256,1,,,0,0,0.0,0,,,0,
1257,11,272.0,286.0,14,0,0.0,11,272.0,286.0,14,0.0
1258,2,272.0,272.0,0,0,0.0,2,272.0,272.0,0,0.0
1259,1,,,0,0,0.0,0,,,0,
1260,2,272.0,272.0,0,0,0.0,2,272.0,272.0,0,0.0
1261,5,274.0,300.0,26,0,0.0,5,274.0,300.0,26,0.0
1262,2,275.0,275.0,0,0,0.0,2,275.0,275.0,0,0.0
1263,1,,,0,0,0.0,0,,,0,
1264,5,272.0,286.0,14,0,0.0,5,272.0,286.0,14,0.0
1265,1,,,0,0,0.0,0,,,0,
1266,1,,,0,0,0.0,0,,,0,
1267,1,,,0,0,0.0,0,,,0,
1268,2,276.0,276.0,0,0,0.0,2,276.0,276.0,0,0.0
1269,41,272.0,306.0,34,0,0.0,41,272.0,306.0,34,0.0
1270,4,275.0,285.0,10,0,0.0,4,275.0,285.0,10,0.0
1271,3,278.0,279.0,1,0,0.0,3,278.0,279.0,1,0.0
1272,1,,,0,0,0.0,0,,,0,
1273,1,,,0,0,0.0,0,,,0,
1274,1,,,0,0,0.0,0,,,0,
1275,5,275.0,295.0,20,0,0.0,5,275.0,295.0,20,0.0
1276,1,,,0,0,0.0,0,,,0,
1277,5,274.0,284.0,10,0,0.0,5,274.0,284.0,10,0.0
1278,2,273.0,273.0,0,0,0.0,2,273.0,273.0,0,0.0
1279,1,,,0,0,0.0,0,,,0,
1280,2,276.0,276.0,0,0,0.0,2,276.0,276.0,0,0.0
1281,2,277.0,277.0,0,0,0.0,2,277.0,277.0,0,0.0
1282,1,,,0,0,0.0,0,,,0,
1283,15,273.0,305.0,32,0,0.0,15,273.0,305.0,32,0.0
1284,2,275.0,275.0,0,0,0.0,2,275.0,275.0,0,0.0
1285,1,,,0,0,0.0,0,,,0,
1286,1,,,0,0,0.0,0,,,0,
1287,1,,,0,0,0.0,0,,,0,
1288,20,274.0,298.0,24,1,0.05,20,274.0,298.0,24,0.05
1289,2,275.0,275.0,0,0,0.0,2,275.0,275.0,0,0.0
1290,12,273.0,312.0,39,0,0.0,12,273.0,312.0,39,0.0
1291,1,,,0,0,0.0,0,,,0,
1292,8,277.0,302.0,25,0,0.0,8,277.0,302.0,25,0.0
1293,1,,,0,0,0.0,0,,,0,
1294,1,,,0,0,0.0,0,,,0,
1295,3,274.0,275.0,1,0,0.0,3,274.0,275.0,1,0.0
1296,5,276.0,285.0,9,0,0.0,5,276.0,285.0,9,0.0
1297,2,278.0,278.0,0,0,0.0,2,278.0,278.0,0,0.0
1298,2,276.0,276.0,0,0,0.0,2,276.0,276.0,0,0.0
1299,4,275.0,283.0,8,0,0.0,4,275.0,283.0,8,0.0
1300,1,,,0,0,0.0,0,,,0,
1301,1,,,0,0,0.0,0,,,0,
1302,1,,,0,0,0.0,0,,,0,
1303,4,276.0,295.0,19,0,0.0,4,276.0,295.0,19,0.0
1304,4,274.0,280.0,6,0,0.0,4,274.0,280.0,6,0.0
1305,28,274.0,314.0,40,0,0.0,28,274.0,314.0,40,0.0
1306,1,,,0,0,0.0,0,,,0,
1307,1,,,0,0,0.0,0,,,0,
1308,1,,,0,0,0.0,0,,,0,
1309,1,,,0,0,0.0,0,,,0,
1310,2,277.0,277.0,0,0,0.0,2,277.0,277.0,0,0.0
1311,2,278.0,278.0,0,0,0.0,2,278.0,278.0,0,0.0
1312,2,277.0,277.0,0,0,0.0,2,277.0,277.0,0,0.0
1313,2,275.0,275.0,0,0,0.0,2,275.0,275.0,0,0.0
1314,8,278.0,294.0,16,0,0.0,8,278.0,294.0,16,0.0
1315,1,,,0,0,0.0,0,,,0,
1316,1,,,0,0,0.0,0,,,0,
1317,1,,,0,0,0.0,0,,,0,
1318,4,277.0,293.0,16,0,0.0,4,277.0,293.0,16,0.0
1319,4,279.0,295.0,16,0,0.0,4,279.0,295.0,16,0.0
1320,3,277.0,288.0,11,0,0.0,3,277.0,288.0,11,0.0
1321,1,,,0,0,0.0,0,,,0,
1322,2,278.0,278.0,0,0,0.0,2,278.0,278.0,0,0.0
1323,1,,,0,0,0.0,0,,,0,
1324,2,276.0,276.0,0,0,0.0,2,276.0,276.0,0,0.0
1325,6,276.0,292.0,16,0,0.0,6,276.0,292.0,16,0.0
1326,6,284.0,304.0,20,0,0.0,6,284.0,304.0,20,0.0
1327,1,,,0,0,0.0,0,,,0,
1328,35,280.0,334.0,54,0,0.0,35,280.0,334.0,54,0.0
1329,4,278.0,284.0,6,0,0.0,4,278.0,284.0,6,0.0
1330,9,278.0,286.0,8,0,0.0,9,278.0,286.0,8,0.0
1331,1,,,0,0,0.0,0,,,0,
1332,1,,,0,0,0.0,0,,,0,
1333,1,,,0,0,0.0,0,,,0,
1334,5,282.0,305.0,23,0,0.0,5,282.0,305.0,23,0.0
1335,3,279.0,282.0,3,0,0.0,3,279.0,282.0,3,0.0
1336,17,278.0,325.0,47,0,0.0,17,278.0,325.0,47,0.0
1337,8,278.0,290.0,12,0,0.0,8,278.0,290.0,12,0.0
1338,1,,,0,0,0.0,0,,,0,
1339,1,,,0,0,0.0,0,,,0,
1340,1,,,0,0,0.0,0,,,0,
1341,4,281.0,296.0,15,0,0.0,4,281.0,296.0,15,0.0
1342,3,279.0,285.0,6,0,0.0,3,279.0,285.0,6,0.0
1343,3,278.0,286.0,8,0,0.0,3,278.0,286.0,8,0.0
1344,1,,,0,0,0.0,0,,,0,
1345,5,277.0,297.0,20,0,0.0,5,277.0,297.0,20,0.0
1346,1,,,0,0,0.0,0,,,0,
1347,7,278.0,296.0,18,0,0.0,7,278.0,296.0,18,0.0
1348,1,,,0,0,0.0,0,,,0,
1349,3,277.0,282.0,5,0,0.0,3,277.0,282.0,5,0.0
1350,4,277.0,284.0,7,0,0.0,4,277.0,284.0,7,0.0
1351,15,277.0,317.0,40,0,0.0,15,277.0,317.0,40,0.0
1352,1,,,0,0,0.0,0,,,0,
1353,5,284.0,296.0,12,0,0.0,5,284.0,296.0,12,0.0
1354,4,278.0,280.0,2,0,0.0,4,278.0,280.0,2,0.0
1355,1,,,0,0,0.0,0,,,0,
1356,2,286.0,286.0,0,0,0.0,2,286.0,286.0,0,0.0
1357,1,,,0,0,0.0,0,,,0,
1358,1,,,0,0,0.0,0,,,0,
1359,2,283.0,283.0,0,0,0.0,2,283.0,283.0,0,0.0
1360,14,281.0,319.0,38,0,0.0,14,281.0,319.0,38,0.0
1361,1,,,0,0,0.0,0,,,0,
1362,1,,,0,0,0.0,0,,,0,
1363,5,278.0,285.0,7,0,0.0,5,278.0,285.0,7,0.0
1364,1,,,0,0,0.0,0,,,0,
1365,1,,,0,0,0.0,0,,,0,
1366,1,,,0,0,0.0,0,,,0,
1367,1,,,0,0,0.0,0,,,0,
1368,3,285.0,289.0,4,0,0.0,3,285.0,289.0,4,0.0
1369,3,283.0,293.0,10,0,0.0,3,283.0,293.0,10,0.0
1370,1,,,0,0,0.0,0,,,0,
1371,1,,,0,0,0.0,0,,,0,
1372,1,,,0,0,0.0,0,,,0,
1373,3,280.0,283.0,3,0,0.0,3,280.0,283.0,3,0.0
1374,12,279.0,302.0,23,0,0.0,12,279.0,302.0,23,0.0
1375,3,279.0,282.0,3,0,0.0,3,279.0,282.0,3,0.0
1376,2,278.0,278.0,0,0,0.0,2,278.0,278.0,0,0.0
1377,2,283.0,283.0,0,0,0.0,2,283.0,283.0,0,0.0
1378,1,,,0,0,0.0,0,,,0,
1379,3,281.0,286.0,5,0,0.0,3,281.0,286.0,5,0.0
1380,7,282.0,300.0,18,0,0.0,7,282.0,300.0,18,0.0
1381,1,,,0,0,0.0,0,,,0,
1382,4,280.0,289.0,9,0,0.0,4,280.0,289.0,9,0.0
1383,1,,,0,0,0.0,0,,,0,
1384,2,284.0,284.0,0,0,0.0,2,284.0,284.0,0,0.0
1385,1,,,0,0,0.0,0,,,0,
1386,1,,,0,0,0.0,0,,,0,
1387,1,,,0,0,0.0,0,,,0,
1388,1,,,0,0,0.0,0,,,0,
1389,6,281.0,287.0,6,0,0.0,6,281.0,287.0,6,0.0
1390,53,280.0,383.0,103,0,0.0,53,280.0,383.0,103,0.0
1391,1,,,0,0,0.0,0,,,0,
1392,1,,,0,0,0.0,0,,,0,
1393,6,282.0,291.0,9,0,0.0,6,282.0,291.0,9,0.0
1394,2,282.0,282.0,0,0,0.0,2,282.0,282.0,0,0.0
1395,1,,,0,0,0.0,0,,,0,
1396,5,281.0,287.0,6,0,0.0,5,281.0,287.0,6,0.0
1397,1,,,0,0,0.0,0,,,0,
1398,1,,,0,0,0.0,0,,,0,
1399,1,,,0,0,0.0,0,,,0,
1400,4,279.0,292.0,13,0,0.0,4,279.0,292.0,13,0.0
1401,1,,,0,0,0.0,0,,,0,
1402,1,,,0,0,0.0,0,,,0,
1403,4,281.0,297.0,16,0,0.0,4,281.0,297.0,16,0.0
1404,8,280.0,293.0,13,0,0.0,8,280.0,293.0,13,0.0
1405,1,,,0,0,0.0,0,,,0,
1406,1,,,0,0,0.0,0,,,0,
1407,1,,,0,0,0.0,0,,,0,
1408,2,281.0,281.0,0,0,0.0,2,281.0,281.0,0,0.0
1409,2,280.0,280.0,0,0,0.0,2,280.0,280.0,0,0.0
1410,2,285.0,285.0,0,0,0.0,2,285.0,285.0,0,0.0
1411,1,,,0,0,0.0,0,,,0,
1412,2,283.0,283.0,0,0,0.0,2,283.0,283.0,0,0.0
1413,2,285.0,285.0,0,0,0.0,2,285.0,285.0,0,0.0
1414,293,279.0,506.0,227,0,0.0,181,279.0,425.0,146,0.0
1415,6,282.0,299.0,17,0,0.0,6,282.0,299.0,17,0.0
1416,4,280.0,292.0,12,0,0.0,4,280.0,292.0,12,0.0
1417,27,281.0,331.0,50,0,0.0,27,281.0,331.0,50,0.0
1418,1,,,0,0,0.0,0,,,0,
1419,3,281.0,290.0,9,0,0.0,3,281.0,290.0,9,0.0
1420,1,,,0,0,0.0,0,,,0,
1421,1,,,0,0,0.0,0,,,0,
1422,2,285.0,285.0,0,0,0.0,2,285.0,285.0,0,0.0
1423,1,,,0,0,0.0,0,,,0,
1424,3,283.0,287.0,4,0,0.0,3,283.0,287.0,4,0.0
1425,21,280.0,330.0,50,0,0.0,21,280.0,330.0,50,0.0
1426,1,,,0,0,0.0,0,,,0,
1427,3,285.0,296.0,11,0,0.0,3,285.0,296.0,11,0.0
1428,3,284.0,291.0,7,0,0.0,3,284.0,291.0,7,0.0
1429,5,285.0,294.0,9,0,0.0,5,285.0,294.0,9,0.0
1430,1,,,0,0,0.0,0,,,0,
1431,13,280.0,303.0,23,0,0.0,13,280.0,303.0,23,0.0
1432,2,280.0,280.0,0,0,0.0,2,280.0,280.0,0,0.0
1433,7,283.0,304.0,21,0,0.0,7,283.0,304.0,21,0.0
1434,9,282.0,316.0,34,0,0.0,9,282.0,316.0,34,0.0
1435,1,,,0,0,0.0,0,,,0,
1436,10,280.0,322.0,42,0,0.0,10,280.0,322.0,42,0.0
1437,5,283.0,299.0,16,0,0.0,5,283.0,299.0,16,0.0
1438,3,280.0,281.0,1,0,0.0,3,280.0,281.0,1,0.0
1439,10,282.0,319.0,37,0,0.0,10,282.0,319.0,37,0.0
1440,1,,,0,0,0.0,0,,,0,
1441,1,,,0,0,0.0,0,,,0,
1442,2,281.0,281.0,0,0,0.0,2,281.0,281.0,0,0.0
1443,3,282.0,284.0,2,0,0.0,3,282.0,284.0,2,0.0
1444,1,,,0,0,0.0,0,,,0,
1445,2,283.0,283.0,0,0,0.0,2,283.0,283.0,0,0.0
1446,1,,,0,0,0.0,0,,,0,
1447,1,,,0,0,0.0,0,,,0,
1448,3,283.0,288.0,5,0,0.0,3,283.0,288.0,5,0.0
1449,1,,,0,0,0.0,0,,,0,
1450,1,,,0,0,0.0,0,,,0,
1451,1,,,0,0,0.0,0,,,0,
1452,2,281.0,281.0,0,0,0.0,2,281.0,281.0,0,0.0
1453,4,281.0,287.0,6,0,0.0,4,281.0,287.0,6,0.0
1454,1,,,0,0,0.0,0,,,0,
1455,2,283.0,283.0,0,0,0.0,2,283.0,283.0,0,0.0
1456,4,283.0,293.0,10,0,0.0,4,283.0,293.0,10,0.0
1457,1,,,0,0,0.0,0,,,0,
1458,9,283.0,316.0,33,0,0.0,9,283.0,316.0,33,0.0
1459,38,283.0,340.0,57,0,0.0,38,283.0,340.0,57,0.0
1460,1,,,0,0,0.0,0,,,0,
1461,1,,,0,0,0.0,0,,,0,
1462,58,283.0,371.0,88,0,0.0,58,283.0,371.0,88,0.0
1463,1,,,0,0,0.0,0,,,0,
1464,21,282.0,317.0,35,0,0.0,21,282.0,317.0,35,0.0
1465,5,284.0,292.0,8,0,0.0,5,284.0,292.0,8,0.0
1466,2,287.0,287.0,0,0,0.0,2,287.0,287.0,0,0.0
1467,1,,,0,0,0.0,0,,,0,
1468,1,,,0,0,0.0,0,,,0,
1469,1,,,0,0,0.0,0,,,0,
1470,1,,,0,0,0.0,0,,,0,
1471,1,,,0,0,0.0,0,,,0,
1472,1,,,0,0,0.0,0,,,0,
1473,20,284.0,316.0,32,0,0.0,20,284.0,316.0,32,0.0
1474,1,,,0,0,0.0,0,,,0,
1475,1,,,0,0,0.0,0,,,0,
1476,1,,,0,0,0.0,0,,,0,
1477,2,292.0,292.0,0,0,0.0,2,292.0,292.0,0,0.0
1478,3,284.0,295.0,11,0,0.0,3,284.0,295.0,11,0.0
1479,2,284.0,284.0,0,0,0.0,2,284.0,284.0,0,0.0
1480,7,289.0,311.0,22,0,0.0,7,289.0,311.0,22,0.0
1481,1,,,0,0,0.0,0,,,0,
1482,1,,,0,0,0.0,0,,,0,
1483,6,287.0,308.0,21,0,0.0,6,287.0,308.0,21,0.0
1484,2,286.0,286.0,0,0,0.0,2,286.0,286.0,0,0.0
1485,3,284.0,288.0,4,0,0.0,3,284.0,288.0,4,0.0
1486,1,,,0,0,0.0,0,,,0,
1487,123,287.0,390.0,103,1,0.008130081300813009,123,287.0,390.0,103,0.008130081300813009
1488,12,285.0,316.0,31,0,0.0,12,285.0,316.0,31,0.0
1489,1,,,0,0,0.0,0,,,0,
1490,1,,,0,0,0.0,0,,,0,
1491,62,285.0,371.0,86,0,0.0,62,285.0,371.0,86,0.0
1492,14,289.0,319.0,30,0,0.0,14,289.0,319.0,30,0.0
1493,2,291.0,291.0,0,0,0.0,2,291.0,291.0,0,0.0
1494,5,286.0,304.0,18,0,0.0,5,286.0,304.0,18,0.0
1495,1,,,0,0,0.0,0,,,0,
1496,2,285.0,285.0,0,0,0.0,2,285.0,285.0,0,0.0
1497,1,,,0,0,0.0,0,,,0,
1498,1,,,0,0,0.0,0,,,0,
1499,1,,,0,0,0.0,0,,,0,
1500,1,,,0,0,0.0,0,,,0,
1501,1,,,0,0,0.0,0,,,0,
1502,2,287.0,287.0,0,0,0.0,2,287.0,287.0,0,0.0
1503,1,,,0,0,0.0,0,,,0,
1504,1,,,0,0,0.0,0,,,0,
1505,14,285.0,315.0,30,0,0.0,14,285.0,315.0,30,0.0
1506,1,,,0,0,0.0,0,,,0,
1507,1,,,0,0,0.0,0,,,0,
1508,2,289.0,289.0,0,0,0.0,2,289.0,289.0,0,0.0
1509,1,,,0,0,0.0,0,,,0,
1510,1,,,0,0,0.0,0,,,0,
1511,2,285.0,285.0,0,0,0.0,2,285.0,285.0,0,0.0
1512,6,288.0,305.0,17,0,0.0,6,288.0,305.0,17,0.0
1513,1,,,0,0,0.0,0,,,0,
1514,1,,,0,0,0.0,0,,,0,
1515,1,,,0,0,0.0,0,,,0,
1516,4,286.0,297.0,11,0,0.0,4,286.0,297.0,11,0.0
1517,1,,,0,0,0.0,0,,,0,
1518,1,,,0,0,0.0,0,,,0,
1519,1,,,0,0,0.0,0,,,0,
1520,1,,,0,0,0.0,0,,,0,
1521,7,285.0,314.0,29,0,0.0,7,285.0,314.0,29,0.0
1522,1,,,0,0,0.0,0,,,0,
1523,2,286.0,286.0,0,0,0.0,2,286.0,286.0,0,0.0
1524,4,291.0,305.0,14,0,0.0,4,291.0,305.0,14,0.0
1525,3,289.0,293.0,4,0,0.0,3,289.0,293.0,4,0.0
1526,1,,,0,0,0.0,0,,,0,
1527,1,,,0,0,0.0,0,,,0,
1528,2,290.0,290.0,0,0,0.0,2,290.0,290.0,0,0.0
1529,1,,,0,0,0.0,0,,,0,
1530,2,287.0,287.0,0,0,0.0,2,287.0,287.0,0,0.0
1531,1,,,0,0,0.0,0,,,0,
1532,1,,,0,0,0.0,0,,,0,
1533,4,285.0,299.0,14,0,0.0,4,285.0,299.0,14,0.0
1534,1,,,0,0,0.0,0,,,0,
1535,1,,,0,0,0.0,0,,,0,
1536,1,,,0,0,0.0,0,,,0,
1537,1,,,0,0,0.0,0,,,0,
1538,1,,,0,0,0.0,0,,,0,
1539,17,285.0,336.0,51,0,0.0,17,285.0,336.0,51,0.0
1540,1,,,0,0,0.0,0,,,0,
1541,3,287.0,290.0,3,0,0.0,3,287.0,290.0,3,0.0
1542,1,,,0,0,0.0,0,,,0,
1543,3,289.0,293.0,4,0,0.0,3,289.0,293.0,4,0.0
1544,3,293.0,299.0,6,0,0.0,3,293.0,299.0,6,0.0
1545,1,,,0,0,0.0,0,,,0,
1546,25,286.0,340.0,54,0,0.0,25,286.0,340.0,54,0.0
1547,1,,,0,0,0.0,0,,,0,
1548,2,293.0,293.0,0,0,0.0,2,293.0,293.0,0,0.0
1549,1,,,0,0,0.0,0,,,0,
1550,1,,,0,0,0.0,0,,,0,
1551,14,286.0,327.0,41,0,0.0,14,286.0,327.0,41,0.0
1552,1,,,0,0,0.0,0,,,0,
1553,12,287.0,338.0,51,0,0.0,12,287.0,338.0,51,0.0
1554,3,286.0,292.0,6,0,0.0,3,286.0,292.0,6,0.0
1555,1,,,0,0,0.0,0,,,0,
1556,3,287.0,288.0,1,0,0.0,3,287.0,288.0,1,0.0
1557,1,,,0,0,0.0,0,,,0,
1558,2,291.0,291.0,0,0,0.0,2,291.0,291.0,0,0.0
1559,1,,,0,0,0.0,0,,,0,
1560,1,,,0,0,0.0,0,,,0,
1561,20,286.0,331.0,45,1,0.05,20,286.0,331.0,45,0.05
1562,3,290.0,299.0,9,0,0.0,3,290.0,299.0,9,0.0
1563,1,,,0,0,0.0,0,,,0,
1564,1,,,0,0,0.0,0,,,0,
1565,1,,,0,0,0.0,0,,,0,
1566,1,,,0,0,0.0,0,,,0,
1567,1,,,0,0,0.0,0,,,0,
1568,9,290.0,309.0,19,0,0.0,9,290.0,309.0,19,0.0
1569,2,289.0,289.0,0,0,0.0,2,289.0,289.0,0,0.0
1570,1,,,0,0,0.0,0,,,0,
1571,1,,,0,0,0.0,0,,,0,
1572,3,289.0,294.0,5,0,0.0,3,289.0,294.0,5,0.0
1573,1,,,0,0,0.0,0,,,0,
1574,1,,,0,0,0.0,0,,,0,
1575,2,294.0,294.0,0,0,0.0,2,294.0,294.0,0,0.0
1576,1,,,0,0,0.0,0,,,0,
1577,2,290.0,290.0,0,0,0.0,2,290.0,290.0,0,0.0
1578,3,289.0,293.0,4,0,0.0,3,289.0,293.0,4,0.0
1579,3,291.0,293.0,2,0,0.0,3,291.0,293.0,2,0.0
1580,3,290.0,290.0,0,0,0.0,3,290.0,290.0,0,0.0
1581,3,288.0,292.0,4,0,0.0,3,288.0,292.0,4,0.0
1582,2,293.0,293.0,0,0,0.0,2,293.0,293.0,0,0.0
1583,1,,,0,0,0.0,0,,,0,
1584,4,288.0,292.0,4,0,0.0,4,288.0,292.0,4,0.0
1585,3,291.0,295.0,4,0,0.0,3,291.0,295.0,4,0.0
1586,2,289.0,289.0,0,0,0.0,2,289.0,289.0,0,0.0
1587,1,,,0,0,0.0,0,,,0,
1588,1,,,0,0,0.0,0,,,0,
1589,1,,,0,0,0.0,0,,,0,
1590,1,,,0,0,0.0,0,,,0,
1591,1,,,0,0,0.0,0,,,0,
1592,1,,,0,0,0.0,0,,,0,
1593,1,,,0,0,0.0,0,,,0,
1594,1,,,0,0,0.0,0,,,0,
1595,3,290.0,294.0,4,0,0.0,3,290.0,294.0,4,0.0
1596,1,,,0,0,0.0,0,,,0,
1597,2,293.0,293.0,0,0,0.0,2,293.0,293.0,0,0.0
1598,1,,,0,0,0.0,0,,,0,
1599,1,,,0,0,0.0,0,,,0,
1600,1,,,0,0,0.0,0,,,0,
1601,1,,,0,0,0.0,0,,,0,
1602,1,,,0,0,0.0,0,,,0,
1603,1,,,0,0,0.0,0,,,0,
1604,255,288.0,476.0,188,1,0.00392156862745098,230,288.0,425.0,137,0.004347826086956522
1605,19,294.0,371.0,77,0,0.0,19,294.0,371.0,77,0.0
1606,1,,,0,0,0.0,0,,,0,
1607,2,290.0,290.0,0,0,0.0,2,290.0,290.0,0,0.0
1608,1,,,0,0,0.0,0,,,0,
1609,1,,,0,0,0.0,0,,,0,
1610,1,,,0,0,0.0,0,,,0,
1611,2,291.0,291.0,0,0,0.0,2,291.0,291.0,0,0.0
1612,2,290.0,290.0,0,0,0.0,2,290.0,290.0,0,0.0
1613,5,292.0,305.0,13,0,0.0,5,292.0,305.0,13,0.0
1614,1,,,0,0,0.0,0,,,0,
1615,4,292.0,293.0,1,0,0.0,4,292.0,293.0,1,0.0
1616,13,291.0,316.0,25,1,0.07692307692307693,13,291.0,316.0,25,0.07692307692307693
1617,4,290.0,292.0,2,0,0.0,4,290.0,292.0,2,0.0
1618,1,,,0,0,0.0,0,,,0,
1619,1,,,0,0,0.0,0,,,0,
1620,1,,,0,0,0.0,0,,,0,
1621,1,,,0,0,0.0,0,,,0,
1622,3,293.0,297.0,4,0,0.0,3,293.0,297.0,4,0.0
1623,3,291.0,294.0,3,0,0.0,3,291.0,294.0,3,0.0
1624,2,292.0,292.0,0,0,0.0,2,292.0,292.0,0,0.0
1625,20,290.0,314.0,24,0,0.0,20,290.0,314.0,24,0.0
1626,6,290.0,305.0,15,0,0.0,6,290.0,305.0,15,0.0
1627,2,295.0,295.0,0,0,0.0,2,295.0,295.0,0,0.0
1628,1,,,0,0,0.0,0,,,0,
1629,1,,,0,0,0.0,0,,,0,
1630,15,292.0,349.0,57,0,0.0,15,292.0,349.0,57,0.0
1631,1,,,0,0,0.0,0,,,0,
1632,1,,,0,0,0.0,0,,,0,
1633,2,294.0,294.0,0,0,0.0,2,294.0,294.0,0,0.0
1634,16,296.0,342.0,46,0,0.0,16,296.0,342.0,46,0.0
1635,1,,,0,0,0.0,0,,,0,
1636,2,293.0,293.0,0,0,0.0,2,293.0,293.0,0,0.0
1637,3,294.0,296.0,2,0,0.0,3,294.0,296.0,2,0.0
1638,1,,,0,0,0.0,0,,,0,
1639,63,292.0,392.0,100,1,0.015873015873015872,63,292.0,392.0,100,0.015873015873015872
1640,1,,,0,0,0.0,0,,,0,
1641,1,,,0,0,0.0,0,,,0,
1642,1,,,0,0,0.0,0,,,0,
1643,1,,,0,0,0.0,0,,,0,
1644,2,294.0,294.0,0,0,0.0,2,294.0,294.0,0,0.0
1645,4,295.0,305.0,10,0,0.0,4,295.0,305.0,10,0.0
1646,1,,,0,0,0.0,0,,,0,
1647,1,,,0,0,0.0,0,,,0,
1648,2,294.0,294.0,0,0,0.0,2,294.0,294.0,0,0.0
1649,2,291.0,291.0,0,0,0.0,2,291.0,291.0,0,0.0
1650,1,,,0,0,0.0,0,,,0,
1651,4,291.0,302.0,11,0,0.0,4,291.0,302.0,11,0.0
1652,6,298.0,311.0,13,0,0.0,6,298.0,311.0,13,0.0
1653,1,,,0,0,0.0,0,,,0,
1654,1,,,0,0,0.0,0,,,0,
1655,2,292.0,292.0,0,0,0.0,2,292.0,292.0,0,0.0
1656,1,,,0,0,0.0,0,,,0,
1657,1,,,0,0,0.0,0,,,0,
1658,1,,,0,0,0.0,0,,,0,
1659,4,295.0,304.0,9,0,0.0,4,295.0,304.0,9,0.0
1660,6,293.0,305.0,12,0,0.0,6,293.0,305.0,12,0.0
1661,1,,,0,0,0.0,0,,,0,
1662,2,299.0,299.0,0,0,0.0,2,299.0,299.0,0,0.0
1663,3,292.0,295.0,3,0,0.0,3,292.0,295.0,3,0.0
1664,2,292.0,292.0,0,0,0.0,2,292.0,292.0,0,0.0
1665,2,295.0,295.0,0,0,0.0,2,295.0,295.0,0,0.0
1666,5,293.0,314.0,21,0,0.0,5,293.0,314.0,21,0.0
1667,1,,,0,0,0.0,0,,,0,
1668,12,295.0,323.0,28,0,0.0,12,295.0,323.0,28,0.0
1669,86,292.0,372.0,80,1,0.011627906976744186,86,292.0,372.0,80,0.011627906976744186
1670,1,,,0,0,0.0,0,,,0,
1671,13,294.0,319.0,25,0,0.0,13,294.0,319.0,25,0.0
1672,4,292.0,296.0,4,0,0.0,4,292.0,296.0,4,0.0
1673,2,296.0,296.0,0,0,0.0,2,296.0,296.0,0,0.0
1674,1,,,0,0,0.0,0,,,0,
1675,1,,,0,0,0.0,0,,,0,
1676,1,,,0,0,0.0,0,,,0,
1677,1,,,0,0,0.0,0,,,0,
1678,2,292.0,292.0,0,0,0.0,2,292.0,292.0,0,0.0
1679,1,,,0,0,0.0,0,,,0,
1680,1,,,0,0,0.0,0,,,0,
1681,1,,,0,0,0.0,0,,,0,
1682,1,,,0,0,0.0,0,,,0,
1683,2,295.0,295.0,0,0,0.0,2,295.0,295.0,0,0.0
1684,6,299.0,313.0,14,0,0.0,6,299.0,313.0,14,0.0
1685,1,,,0,0,0.0,0,,,0,
1686,1,,,0,0,0.0,0,,,0,
1687,1,,,0,0,0.0,0,,,0,
1688,3,293.0,300.0,7,0,0.0,3,293.0,300.0,7,0.0
1689,2,295.0,295.0,0,0,0.0,2,295.0,295.0,0,0.0
1690,1,,,0,0,0.0,0,,,0,
1691,274,294.0,517.0,223,1,0.0036496350364963502,178,294.0,425.0,131,0.0056179775280898875
1692,1,,,0,0,0.0,0,,,0,
1693,2,295.0,295.0,0,0,0.0,2,295.0,295.0,0,0.0
1694,33,297.0,369.0,72,0,0.0,33,297.0,369.0,72,0.0
1695,3,298.0,299.0,1,0,0.0,3,298.0,299.0,1,0.0
1696,3,296.0,303.0,7,0,0.0,3,296.0,303.0,7,0.0
1697,12,295.0,331.0,36,0,0.0,12,295.0,331.0,36,0.0
1698,2,297.0,297.0,0,0,0.0,2,297.0,297.0,0,0.0
1699,1,,,0,0,0.0,0,,,0,
1700,18,295.0,355.0,60,0,0.0,18,295.0,355.0,60,0.0
1701,1,,,0,0,0.0,0,,,0,
1702,1,,,0,0,0.0,0,,,0,
1703,1,,,0,0,0.0,0,,,0,
1704,2,297.0,297.0,0,0,0.0,2,297.0,297.0,0,0.0
1705,2,294.0,294.0,0,0,0.0,2,294.0,294.0,0,0.0
1706,2,296.0,296.0,0,0,0.0,2,296.0,296.0,0,0.0
1707,1,,,0,0,0.0,0,,,0,
1708,11,297.0,339.0,42,1,0.09090909090909091,11,297.0,339.0,42,0.09090909090909091
1709,3,297.0,298.0,1,0,0.0,3,297.0,298.0,1,0.0
1710,3,294.0,298.0,4,0,0.0,3,294.0,298.0,4,0.0
1711,1,,,0,0,0.0,0,,,0,
1712,1,,,0,0,0.0,0,,,0,
1713,30,295.0,345.0,50,0,0.0,30,295.0,345.0,50,0.0
1714,1,,,0,0,0.0,0,,,0,
1715,53,295.0,353.0,58,0,0.0,53,295.0,353.0,58,0.0
1716,3,299.0,305.0,6,0,0.0,3,299.0,305.0,6,0.0
1717,1,,,0,0,0.0,0,,,0,
1718,2,295.0,295.0,0,0,0.0,2,295.0,295.0,0,0.0
1719,1,,,0,0,0.0,0,,,0,
1720,11,294.0,316.0,22,0,0.0,11,294.0,316.0,22,0.0
1721,3,296.0,300.0,4,0,0.0,3,296.0,300.0,4,0.0
1722,1,,,0,0,0.0,0,,,0,
1723,7,294.0,303.0,9,0,0.0,7,294.0,303.0,9,0.0
1724,1,,,0,0,0.0,0,,,0,
1725,3,303.0,307.0,4,0,0.0,3,303.0,307.0,4,0.0
1726,1,,,0,0,0.0,0,,,0,
1727,2,298.0,298.0,0,0,0.0,2,298.0,298.0,0,0.0
1728,1,,,0,0,0.0,0,,,0,
1729,2,295.0,295.0,0,0,0.0,2,295.0,295.0,0,0.0
1730,2,299.0,299.0,0,0,0.0,2,299.0,299.0,0,0.0
1731,1,,,0,0,0.0,0,,,0,
1732,6,297.0,304.0,7,0,0.0,6,297.0,304.0,7,0.0
1733,15,296.0,332.0,36,0,0.0,15,296.0,332.0,36,0.0
1734,1,,,0,0,0.0,0,,,0,
1735,1,,,0,0,0.0,0,,,0,
1736,1,,,0,0,0.0,0,,,0,
1737,2,296.0,296.0,0,0,0.0,2,296.0,296.0,0,0.0
1738,1,,,0,0,0.0,0,,,0,
1739,1,,,0,0,0.0,0,,,0,
1740,1,,,0,0,0.0,0,,,0,
1741,1,,,0,0,0.0,0,,,0,
1742,3,297.0,297.0,0,0,0.0,3,297.0,297.0,0,0.0
1743,1,,,0,0,0.0,0,,,0,
1744,2,295.0,295.0,0,0,0.0,2,295.0,295.0,0,0.0
1745,1,,,0,0,0.0,0,,,0,
1746,2,298.0,298.0,0,0,0.0,2,298.0,298.0,0,0.0
1747,1,,,0,0,0.0,0,,,0,
1748,9,296.0,313.0,17,0,0.0,9,296.0,313.0,17,0.0
1749,1,,,0,0,0.0,0,,,0,
1750,1,,,0,0,0.0,0,,,0,
1751,1,,,0,0,0.0,0,,,0,
1752,1,,,0,0,0.0,0,,,0,
1753,2,301.0,301.0,0,0,0.0,2,301.0,301.0,0,0.0
1754,5,296.0,307.0,11,0,0.0,5,296.0,307.0,11,0.0
1755,1,,,0,0,0.0,0,,,0,
1756,1,,,0,0,0.0,0,,,0,
1757,1,,,0,0,0.0,0,,,0,
1758,1,,,0,0,0.0,0,,,0,
1759,1,,,0,0,0.0,0,,,0,
1760,2,301.0,301.0,0,0,0.0,2,301.0,301.0,0,0.0
1761,1,,,0,0,0.0,0,,,0,
1762,2,299.0,299.0,0,0,0.0,2,299.0,299.0,0,0.0
1763,7,297.0,311.0,14,0,0.0,7,297.0,311.0,14,0.0
1764,1,,,0,0,0.0,0,,,0,
1765,1,,,0,0,0.0,0,,,0,
1766,2,299.0,299.0,0,0,0.0,2,299.0,299.0,0,0.0
1767,1,,,0,0,0.0,0,,,0,
1768,1,,,0,0,0.0,0,,,0,
1769,1,,,0,0,0.0,0,,,0,
1770,12,298.0,325.0,27,0,0.0,12,298.0,325.0,27,0.0
1771,3,299.0,304.0,5,0,0.0,3,299.0,304.0,5,0.0
1772,1,,,0,0,0.0,0,,,0,
1773,1,,,0,0,0.0,0,,,0,
1774,2,301.0,301.0,0,0,0.0,2,301.0,301.0,0,0.0
1775,1,,,0,0,0.0,0,,,0,
1776,1,,,0,0,0.0,0,,,0,
1777,1,,,0,0,0.0,0,,,0,
1778,1,,,0,0,0.0,0,,,0,
1779,2,301.0,301.0,0,0,0.0,2,301.0,301.0,0,0.0
1780,20,298.0,339.0,41,0,0.0,20,298.0,339.0,41,0.0
1781,6,300.0,306.0,6,0,0.0,6,300.0,306.0,6,0.0
1782,2,298.0,298.0,0,0,0.0,2,298.0,298.0,0,0.0
1783,2,301.0,301.0,0,0,0.0,2,301.0,301.0,0,0.0
1784,132,299.0,442.0,143,0,0.0,125,299.0,424.0,125,0.0
1785,3,299.0,304.0,5,0,0.0,3,299.0,304.0,5,0.0
1786,4,301.0,303.0,2,0,0.0,4,301.0,303.0,2,0.0
1787,1,,,0,0,0.0,0,,,0,
1788,1,,,0,0,0.0,0,,,0,
1789,1,,,0,0,0.0,0,,,0,
1790,6,303.0,314.0,11,0,0.0,6,303.0,314.0,11,0.0
1791,4,303.0,320.0,17,0,0.0,4,303.0,320.0,17,0.0
1792,1,,,0,0,0.0,0,,,0,
1793,1,,,0,0,0.0,0,,,0,
1794,2269,299.0,699.0,400,2,0.0008814455707360071,278,299.0,425.0,126,0.007194244604316547
1795,7,302.0,322.0,20,0,0.0,7,302.0,322.0,20,0.0
1796,2,298.0,298.0,0,0,0.0,2,298.0,298.0,0,0.0
1797,4,300.0,307.0,7,0,0.0,4,300.0,307.0,7,0.0
1798,1,,,0,0,0.0,0,,,0,
1799,1,,,0,0,0.0,0,,,0,
1800,5,298.0,315.0,17,0,0.0,5,298.0,315.0,17,0.0
1801,1,,,0,0,0.0,0,,,0,
1802,6,298.0,320.0,22,0,0.0,6,298.0,320.0,22,0.0
1803,1,,,0,0,0.0,0,,,0,
1804,1,,,0,0,0.0,0,,,0,
1805,18,298.0,325.0,27,0,0.0,18,298.0,325.0,27,0.0
1806,5,300.0,320.0,20,0,0.0,5,300.0,320.0,20,0.0
1807,1,,,0,0,0.0,0,,,0,
1808,1,,,0,0,0.0,0,,,0,
1809,1,,,0,0,0.0,0,,,0,
1810,7,299.0,305.0,6,0,0.0,7,299.0,305.0,6,0.0
1811,1,,,0,0,0.0,0,,,0,
1812,5,299.0,311.0,12,0,0.0,5,299.0,311.0,12,0.0
1813,1,,,0,0,0.0,0,,,0,
1814,3,304.0,309.0,5,0,0.0,3,304.0,309.0,5,0.0
1815,1,,,0,0,0.0,0,,,0,
1816,1,,,0,0,0.0,0,,,0,
1817,3,300.0,301.0,1,0,0.0,3,300.0,301.0,1,0.0
1818,6,299.0,314.0,15,0,0.0,6,299.0,314.0,15,0.0
1819,1,,,0,0,0.0,0,,,0,
1820,1,,,0,0,0.0,0,,,0,
1821,1,,,0,0,0.0,0,,,0,
1822,3,300.0,308.0,8,0,0.0,3,300.0,308.0,8,0.0
1823,1,,,0,0,0.0,0,,,0,
1824,2,301.0,301.0,0,0,0.0,2,301.0,301.0,0,0.0
1825,1,,,0,0,0.0,0,,,0,
1826,1,,,0,0,0.0,0,,,0,
1827,1,,,0,0,0.0,0,,,0,
1828,1,,,0,0,0.0,0,,,0,
1829,2,300.0,300.0,0,0,0.0,2,300.0,300.0,0,0.0
1830,2,301.0,301.0,0,0,0.0,2,301.0,301.0,0,0.0
1831,2,301.0,301.0,0,0,0.0,2,301.0,301.0,0,0.0
1832,1,,,0,0,0.0,0,,,0,
1833,1,,,0,0,0.0,0,,,0,
1834,2,302.0,302.0,0,0,0.0,2,302.0,302.0,0,0.0
1835,1,,,0,0,0.0,0,,,0,
1836,2,301.0,301.0,0,0,0.0,2,301.0,301.0,0,0.0
1837,1,,,0,0,0.0,0,,,0,
1838,1,,,0,0,0.0,0,,,0,
1839,1,,,0,0,0.0,0,,,0,
1840,2,304.0,304.0,0,0,0.0,2,304.0,304.0,0,0.0
1841,1,,,0,0,0.0,0,,,0,
1842,1,,,0,0,0.0,0,,,0,
1843,1,,,0,0,0.0,0,,,0,
1844,2,302.0,302.0,0,0,0.0,2,302.0,302.0,0,0.0
1845,1,,,0,0,0.0,0,,,0,
1846,4,299.0,316.0,17,0,0.0,4,299.0,316.0,17,0.0
1847,7,300.0,322.0,22,0,0.0,7,300.0,322.0,22,0.0
1848,2,301.0,301.0,0,0,0.0,2,301.0,301.0,0,0.0
1849,3,305.0,313.0,8,0,0.0,3,305.0,313.0,8,0.0
1850,1,,,0,0,0.0,0,,,0,
1851,4,304.0,312.0,8,0,0.0,4,304.0,312.0,8,0.0
1852,1,,,0,0,0.0,0,,,0,
1853,1,,,0,0,0.0,0,,,0,
1854,1,,,0,0,0.0,0,,,0,
1855,2,302.0,302.0,0,0,0.0,2,302.0,302.0,0,0.0
1856,1,,,0,0,0.0,0,,,0,
1857,3,303.0,303.0,0,0,0.0,3,303.0,303.0,0,0.0
1858,1,,,0,0,0.0,0,,,0,
1859,1024,302.0,603.0,301,2,0.001953125,470,302.0,425.0,123,0.00425531914893617
1860,3,308.0,317.0,9,0,0.0,3,308.0,317.0,9,0.0
1861,1,,,0,0,0.0,0,,,0,
1862,2,302.0,302.0,0,0,0.0,2,302.0,302.0,0,0.0
1863,4,302.0,309.0,7,0,0.0,4,302.0,309.0,7,0.0
1864,1,,,0,0,0.0,0,,,0,
1865,1,,,0,0,0.0,0,,,0,
1866,1,,,0,0,0.0,0,,,0,
1867,1,,,0,0,0.0,0,,,0,
1868,2,304.0,304.0,0,0,0.0,2,304.0,304.0,0,0.0
1869,1,,,0,0,0.0,0,,,0,
1870,2,304.0,304.0,0,0,0.0,2,304.0,304.0,0,0.0
1871,1,,,0,0,0.0,0,,,0,
1872,1,,,0,0,0.0,0,,,0,
1873,4,302.0,306.0,4,0,0.0,4,302.0,306.0,4,0.0
1874,2,305.0,305.0,0,0,0.0,2,305.0,305.0,0,0.0
1875,2,302.0,302.0,0,0,0.0,2,302.0,302.0,0,0.0
1876,1,,,0,0,0.0,0,,,0,
1877,1,,,0,0,0.0,0,,,0,
1878,1,,,0,0,0.0,0,,,0,
1879,1,,,0,0,0.0,0,,,0,
1880,4,302.0,309.0,7,0,0.0,4,302.0,309.0,7,0.0
1881,4,303.0,316.0,13,0,0.0,4,303.0,316.0,13,0.0
1882,2,304.0,304.0,0,1,0.5,2,304.0,304.0,0,0.5
1883,4,303.0,311.0,8,0,0.0,4,303.0,311.0,8,0.0
1884,1,,,0,0,0.0,0,,,0,
1885,2,304.0,304.0,0,0,0.0,2,304.0,304.0,0,0.0
1886,5,302.0,308.0,6,0,0.0,5,302.0,308.0,6,0.0
1887,1,,,0,0,0.0,0,,,0,
1888,1,,,0,0,0.0,0,,,0,
1889,1,,,0,0,0.0,0,,,0,
1890,1,,,0,0,0.0,0,,,0,
1891,2,304.0,304.0,0,0,0.0,2,304.0,304.0,0,0.0
1892,3,302.0,304.0,2,0,0.0,3,302.0,304.0,2,0.0
1893,1,,,0,0,0.0,0,,,0,
1894,2,305.0,305.0,0,0,0.0,2,305.0,305.0,0,0.0
1895,3,304.0,308.0,4,0,0.0,3,304.0,308.0,4,0.0
1896,1,,,0,0,0.0,0,,,0,
1897,2,303.0,303.0,0,0,0.0,2,303.0,303.0,0,0.0
1898,5,303.0,309.0,6,0,0.0,5,303.0,309.0,6,0.0
1899,1,,,0,0,0.0,0,,,0,
1900,6,303.0,321.0,18,0,0.0,6,303.0,321.0,18,0.0
1901,1,,,0,0,0.0,0,,,0,
1902,1,,,0,0,0.0,0,,,0,
1903,72,307.0,426.0,119,1,0.013888888888888888,71,307.0,422.0,115,0.014084507042253521
1904,3,304.0,310.0,6,0,0.0,3,304.0,310.0,6,0.0
1905,2,304.0,304.0,0,0,0.0,2,304.0,304.0,0,0.0
1906,1,,,0,0,0.0,0,,,0,
1907,2,309.0,309.0,0,0,0.0,2,309.0,309.0,0,0.0
1908,1,,,0,0,0.0,0,,,0,
1909,1,,,0,0,0.0,0,,,0,
1910,3,310.0,316.0,6,0,0.0,3,310.0,316.0,6,0.0
1911,3,308.0,317.0,9,0,0.0,3,308.0,317.0,9,0.0
1912,3,308.0,308.0,0,0,0.0,3,308.0,308.0,0,0.0
1913,1,,,0,0,0.0,0,,,0,
1914,192,306.0,556.0,250,0,0.0,94,306.0,425.0,119,0.0
1915,1,,,0,0,0.0,0,,,0,
1916,1,,,0,0,0.0,0,,,0,
1917,8,308.0,335.0,27,0,0.0,8,308.0,335.0,27,0.0
1918,1,,,0,0,0.0,0,,,0,
1919,1,,,0,0,0.0,0,,,0,
1920,1,,,0,0,0.0,0,,,0,
1921,7,307.0,321.0,14,0,0.0,7,307.0,321.0,14,0.0
1922,1,,,0,0,0.0,0,,,0,
1923,4,310.0,321.0,11,0,0.0,4,310.0,321.0,11,0.0
1924,1,,,0,0,0.0,0,,,0,
1925,1,,,0,0,0.0,0,,,0,
1926,243,305.0,484.0,179,0,0.0,182,305.0,425.0,120,0.0
1927,5,306.0,318.0,12,0,0.0,5,306.0,318.0,12,0.0
1928,1,,,0,0,0.0,0,,,0,
1929,1,,,0,0,0.0,0,,,0,
1930,9,305.0,335.0,30,0,0.0,9,305.0,335.0,30,0.0
1931,1,,,0,0,0.0,0,,,0,
1932,1,,,0,0,0.0,0,,,0,
1933,3,309.0,317.0,8,0,0.0,3,309.0,317.0,8,0.0
1934,2,306.0,306.0,0,0,0.0,2,306.0,306.0,0,0.0
1935,17,306.0,346.0,40,0,0.0,17,306.0,346.0,40,0.0
1936,2,307.0,307.0,0,0,0.0,2,307.0,307.0,0,0.0
1937,1,,,0,0,0.0,0,,,0,
1938,4,306.0,310.0,4,0,0.0,4,306.0,310.0,4,0.0
1939,1,,,0,0,0.0,0,,,0,
1940,7,312.0,329.0,17,0,0.0,7,312.0,329.0,17,0.0
1941,2,306.0,306.0,0,0,0.0,2,306.0,306.0,0,0.0
1942,2,307.0,307.0,0,0,0.0,2,307.0,307.0,0,0.0
1943,5,306.0,315.0,9,0,0.0,5,306.0,315.0,9,0.0
1944,2,313.0,313.0,0,0,0.0,2,313.0,313.0,0,0.0
1945,1,,,0,0,0.0,0,,,0,
1946,1,,,0,0,0.0,0,,,0,
1947,1,,,0,0,0.0,0,,,0,
1948,1,,,0,0,0.0,0,,,0,
1949,2,306.0,306.0,0,0,0.0,2,306.0,306.0,0,0.0
1950,182,308.0,451.0,143,0,0.0,171,308.0,425.0,117,0.0
1951,1,,,0,0,0.0,0,,,0,
1952,2,306.0,306.0,0,0,0.0,2,306.0,306.0,0,0.0
1953,1,,,0,0,0.0,0,,,0,
1954,4,308.0,316.0,8,0,0.0,4,308.0,316.0,8,0.0
1955,1,,,0,0,0.0,0,,,0,
1956,1,,,0,0,0.0,0,,,0,
1957,2,306.0,306.0,0,0,0.0,2,306.0,306.0,0,0.0
1958,1,,,0,0,0.0,0,,,0,
1959,12,308.0,340.0,32,0,0.0,12,308.0,340.0,32,0.0
1960,1,,,0,0,0.0,0,,,0,
1961,3,312.0,314.0,2,0,0.0,3,312.0,314.0,2,0.0
1962,2,307.0,307.0,0,0,0.0,2,307.0,307.0,0,0.0
1963,10,306.0,316.0,10,0,0.0,10,306.0,316.0,10,0.0
1964,2,306.0,306.0,0,0,0.0,2,306.0,306.0,0,0.0
1965,1,,,0,0,0.0,0,,,0,
1966,2,309.0,309.0,0,0,0.0,2,309.0,309.0,0,0.0
1967,1,,,0,0,0.0,0,,,0,
1968,2,308.0,308.0,0,0,0.0,2,308.0,308.0,0,0.0
1969,2,306.0,306.0,0,0,0.0,2,306.0,306.0,0,0.0
1970,10,312.0,348.0,36,0,0.0,10,312.0,348.0,36,0.0
1971,1,,,0,0,0.0,0,,,0,
1972,1,,,0,0,0.0,0,,,0,
1973,2,307.0,307.0,0,0,0.0,2,307.0,307.0,0,0.0
1974,1,,,0,0,0.0,0,,,0,
1975,1,,,0,0,0.0,0,,,0,
1976,8,308.0,321.0,13,0,0.0,8,308.0,321.0,13,0.0
1977,20,307.0,339.0,32,0,0.0,20,307.0,339.0,32,0.0
1978,2,311.0,311.0,0,0,0.0,2,311.0,311.0,0,0.0
1979,1,,,0,0,0.0,0,,,0,
1980,1,,,0,0,0.0,0,,,0,
1981,1,,,0,0,0.0,0,,,0,
1982,1,,,0,0,0.0,0,,,0,
1983,2,315.0,315.0,0,0,0.0,2,315.0,315.0,0,0.0
1984,1,,,0,0,0.0,0,,,0,
1985,2,308.0,308.0,0,0,0.0,2,308.0,308.0,0,0.0
1986,1,,,0,0,0.0,0,,,0,
1987,5,308.0,321.0,13,0,0.0,5,308.0,321.0,13,0.0
1988,1,,,0,0,0.0,0,,,0,
1989,1,,,0,0,0.0,0,,,0,
1990,2,308.0,308.0,0,0,0.0,2,308.0,308.0,0,0.0
1991,4,311.0,316.0,5,0,0.0,4,311.0,316.0,5,0.0
1992,1,,,0,0,0.0,0,,,0,
1993,4,308.0,318.0,10,0,0.0,4,308.0,318.0,10,0.0
1994,2,313.0,313.0,0,0,0.0,2,313.0,313.0,0,0.0
1995,3,314.0,319.0,5,0,0.0,3,314.0,319.0,5,0.0
1996,1,,,0,0,0.0,0,,,0,
1997,2,307.0,307.0,0,0,0.0,2,307.0,307.0,0,0.0
1998,1,,,0,0,0.0,0,,,0,
1999,1,,,0,0,0.0,0,,,0,
2000,4,308.0,319.0,11,0,0.0,4,308.0,319.0,11,0.0
2001,1,,,0,0,0.0,0,,,0,
2002,1,,,0,0,0.0,0,,,0,
2003,1,,,0,0,0.0,0,,,0,
2004,1,,,0,0,0.0,0,,,0,
2005,3,314.0,319.0,5,0,0.0,3,314.0,319.0,5,0.0
2006,1,,,0,0,0.0,0,,,0,
2007,4,316.0,331.0,15,0,0.0,4,316.0,331.0,15,0.0
2008,1,,,0,0,0.0,0,,,0,
2009,2,315.0,315.0,0,0,0.0,2,315.0,315.0,0,0.0
2010,1,,,0,0,0.0,0,,,0,
2011,30,309.0,357.0,48,0,0.0,30,309.0,357.0,48,0.0
2012,3,309.0,309.0,0,0,0.0,3,309.0,309.0,0,0.0
2013,3,312.0,321.0,9,0,0.0,3,312.0,321.0,9,0.0
2014,3,310.0,311.0,1,0,0.0,3,310.0,311.0,1,0.0
2015,2445,311.0,699.0,388,1,0.00040899795501022495,374,311.0,425.0,114,0.00267379679144385
2016,289,309.0,539.0,230,0,0.0,182,309.0,425.0,116,0.0
2017,1,,,0,0,0.0,0,,,0,
2018,5,314.0,327.0,13,0,0.0,5,314.0,327.0,13,0.0
2019,3,309.0,310.0,1,0,0.0,3,309.0,310.0,1,0.0
2020,1,,,0,0,0.0,0,,,0,
2021,300,312.0,493.0,181,0,0.0,199,312.0,424.0,112,0.0
2022,1,,,0,0,0.0,0,,,0,
2023,4,309.0,319.0,10,0,0.0,4,309.0,319.0,10,0.0
2024,1,,,0,0,0.0,0,,,0,
2025,12,310.0,346.0,36,0,0.0,12,310.0,346.0,36,0.0
2026,4,310.0,320.0,10,0,0.0,4,310.0,320.0,10,0.0
2027,1,,,0,0,0.0,0,,,0,
2028,4,317.0,327.0,10,0,0.0,4,317.0,327.0,10,0.0
2029,2,311.0,311.0,0,0,0.0,2,311.0,311.0,0,0.0
2030,2,315.0,315.0,0,0,0.0,2,315.0,315.0,0,0.0
2031,2,311.0,311.0,0,0,0.0,2,311.0,311.0,0,0.0
2032,16,310.0,387.0,77,0,0.0,16,310.0,387.0,77,0.0
2033,1,,,0,0,0.0,0,,,0,
2034,1,,,0,0,0.0,0,,,0,
2035,2,312.0,312.0,0,0,0.0,2,312.0,312.0,0,0.0
2036,1,,,0,0,0.0,0,,,0,
2037,3,315.0,321.0,6,0,0.0,3,315.0,321.0,6,0.0
2038,12,315.0,339.0,24,1,0.08333333333333333,12,315.0,339.0,24,0.08333333333333333
2039,1,,,0,0,0.0,0,,,0,
2040,186,315.0,515.0,200,1,0.005376344086021506,109,315.0,425.0,110,0.009174311926605505
2041,5634,311.0,699.0,388,2,0.0003549875754348598,292,311.0,425.0,114,0.00684931506849315
2042,1,,,0,0,0.0,0,,,0,
2043,1,,,0,0,0.0,0,,,0,
2044,1,,,0,0,0.0,0,,,0,
2045,1,,,0,0,0.0,0,,,0,
2046,2,313.0,313.0,0,0,0.0,2,313.0,313.0,0,0.0
2047,1,,,0,0,0.0,0,,,0,
2048,2,317.0,317.0,0,0,0.0,2,317.0,317.0,0,0.0
2049,4,313.0,324.0,11,0,0.0,4,313.0,324.0,11,0.0
2050,2,314.0,314.0,0,0,0.0,2,314.0,314.0,0,0.0
2051,1,,,0,0,0.0,0,,,0,
2052,1,,,0,0,0.0,0,,,0,
2053,2,316.0,316.0,0,0,0.0,2,316.0,316.0,0,0.0
2054,1,,,0,0,0.0,0,,,0,
2055,1,,,0,0,0.0,0,,,0,
2056,3,313.0,313.0,0,0,0.0,3,313.0,313.0,0,0.0
2057,167,312.0,458.0,146,0,0.0,144,312.0,425.0,113,0.0
2058,1,,,0,0,0.0,0,,,0,
2059,170,314.0,412.0,98,1,0.0058823529411764705,170,314.0,412.0,98,0.0058823529411764705
2060,2,312.0,312.0,0,0,0.0,2,312.0,312.0,0,0.0
2061,3,314.0,327.0,13,0,0.0,3,314.0,327.0,13,0.0
2062,6,313.0,322.0,9,0,0.0,6,313.0,322.0,9,0.0
2063,1,,,0,0,0.0,0,,,0,
2064,1,,,0,0,0.0,0,,,0,
2065,5,314.0,319.0,5,0,0.0,5,314.0,319.0,5,0.0
2066,1,,,0,0,0.0,0,,,0,
2067,1,,,0,0,0.0,0,,,0,
2068,1,,,0,0,0.0,0,,,0,
2069,5,312.0,326.0,14,0,0.0,5,312.0,326.0,14,0.0
2070,3,315.0,322.0,7,0,0.0,3,315.0,322.0,7,0.0
2071,1,,,0,0,0.0,0,,,0,
2072,1,,,0,0,0.0,0,,,0,
2073,2,316.0,316.0,0,0,0.0,2,316.0,316.0,0,0.0
2074,7,312.0,324.0,12,0,0.0,7,312.0,324.0,12,0.0
2075,1,,,0,0,0.0,0,,,0,
2076,1,,,0,0,0.0,0,,,0,
2077,1,,,0,0,0.0,0,,,0,
2078,13,314.0,346.0,32,0,0.0,13,314.0,346.0,32,0.0
2079,3,312.0,318.0,6,0,0.0,3,312.0,318.0,6,0.0
2080,1,,,0,0,0.0,0,,,0,
2081,12,313.0,358.0,45,0,0.0,12,313.0,358.0,45,0.0
2082,1,,,0,0,0.0,0,,,0,
2083,1,,,0,0,0.0,0,,,0,
2084,1,,,0,0,0.0,0,,,0,
2085,3,317.0,323.0,6,0,0.0,3,317.0,323.0,6,0.0
2086,2,316.0,316.0,0,0,0.0,2,316.0,316.0,0,0.0
2087,4,317.0,326.0,9,0,0.0,4,317.0,326.0,9,0.0
2088,7,316.0,329.0,13,0,0.0,7,316.0,329.0,13,0.0
2089,39,315.0,395.0,80,0,0.0,39,315.0,395.0,80,0.0
2090,2,318.0,318.0,0,0,0.0,2,318.0,318.0,0,0.0
2091,1,,,0,0,0.0,0,,,0,
2092,2,313.0,313.0,0,0,0.0,2,313.0,313.0,0,0.0
2093,48,313.0,407.0,94,0,0.0,48,313.0,407.0,94,0.0
2094,1,,,0,0,0.0,0,,,0,
2095,1,,,0,0,0.0,0,,,0,
2096,1,,,0,0,0.0,0,,,0,
2097,1,,,0,0,0.0,0,,,0,
2098,1,,,0,0,0.0,0,,,0,
2099,2,321.0,321.0,0,0,0.0,2,321.0,321.0,0,0.0
2100,10,315.0,349.0,34,0,0.0,10,315.0,349.0,34,0.0
2101,5,314.0,323.0,9,0,0.0,5,314.0,323.0,9,0.0
2102,1,,,0,0,0.0,0,,,0,
2103,2,313.0,313.0,0,0,0.0,2,313.0,313.0,0,0.0
2104,1,,,0,0,0.0,0,,,0,
2105,1,,,0,0,0.0,0,,,0,
2106,1,,,0,0,0.0,0,,,0,
2107,2,314.0,314.0,0,0,0.0,2,314.0,314.0,0,0.0
2108,2,315.0,315.0,0,0,0.0,2,315.0,315.0,0,0.0
2109,1,,,0,0,0.0,0,,,0,
2110,6,313.0,328.0,15,0,0.0,6,313.0,328.0,15,0.0
2111,1,,,0,0,0.0,0,,,0,
2112,1,,,0,0,0.0,0,,,0,
2113,5,315.0,323.0,8,0,0.0,5,315.0,323.0,8,0.0
2114,1,,,0,0,0.0,0,,,0,
2115,1,,,0,0,0.0,0,,,0,
2116,1,,,0,0,0.0,0,,,0,
2117,1,,,0,0,0.0,0,,,0,
2118,70,314.0,393.0,79,0,0.0,70,314.0,393.0,79,0.0
2119,1,,,0,0,0.0,0,,,0,
2120,1,,,0,0,0.0,0,,,0,
2121,6,317.0,333.0,16,0,0.0,6,317.0,333.0,16,0.0
2122,1,,,0,0,0.0,0,,,0,
2123,1,,,0,0,0.0,0,,,0,
2124,3,319.0,325.0,6,0,0.0,3,319.0,325.0,6,0.0
2125,3,316.0,322.0,6,0,0.0,3,316.0,322.0,6,0.0
2126,1,,,0,0,0.0,0,,,0,
2127,5,314.0,321.0,7,0,0.0,5,314.0,321.0,7,0.0
2128,1,,,0,0,0.0,0,,,0,
2129,1,,,0,0,0.0,0,,,0,
2130,5,315.0,330.0,15,0,0.0,5,315.0,330.0,15,0.0
2131,2,319.0,319.0,0,0,0.0,2,319.0,319.0,0,0.0
2132,2,315.0,315.0,0,0,0.0,2,315.0,315.0,0,0.0
2133,10,314.0,348.0,34,0,0.0,10,314.0,348.0,34,0.0
2134,1,,,0,0,0.0,0,,,0,
2135,5,319.0,331.0,12,0,0.0,5,319.0,331.0,12,0.0
2136,2,318.0,318.0,0,0,0.0,2,318.0,318.0,0,0.0
2137,10,314.0,342.0,28,0,0.0,10,314.0,342.0,28,0.0
2138,2,317.0,317.0,0,0,0.0,2,317.0,317.0,0,0.0
2139,1,,,0,0,0.0,0,,,0,
2140,4,322.0,327.0,5,0,0.0,4,322.0,327.0,5,0.0
2141,1,,,0,0,0.0,0,,,0,
2142,1,,,0,0,0.0,0,,,0,
2143,2,316.0,316.0,0,0,0.0,2,316.0,316.0,0,0.0
2144,4,314.0,316.0,2,0,0.0,4,314.0,316.0,2,0.0
2145,4,316.0,325.0,9,0,0.0,4,316.0,325.0,9,0.0
2146,1,,,0,0,0.0,0,,,0,
2147,3,316.0,318.0,2,0,0.0,3,316.0,318.0,2,0.0
2148,1,,,0,0,0.0,0,,,0,
2149,2,321.0,321.0,0,0,0.0,2,321.0,321.0,0,0.0
2150,3,319.0,323.0,4,0,0.0,3,319.0,323.0,4,0.0
2151,34,321.0,399.0,78,0,0.0,34,321.0,399.0,78,0.0
2152,6,315.0,334.0,19,0,0.0,6,315.0,334.0,19,0.0
2153,86,316.0,442.0,126,0,0.0,78,316.0,425.0,109,0.0
2154,1,,,0,0,0.0,0,,,0,
2155,2,316.0,316.0,0,0,0.0,2,316.0,316.0,0,0.0
2156,6,318.0,335.0,17,0,0.0,6,318.0,335.0,17,0.0
2157,1,,,0,0,0.0,0,,,0,
2158,1,,,0,0,0.0,0,,,0,
2159,1,,,0,0,0.0,0,,,0,
2160,1,,,0,0,0.0,0,,,0,
2161,1,,,0,0,0.0,0,,,0,
2162,1,,,0,0,0.0,0,,,0,
2163,5,316.0,322.0,6,0,0.0,5,316.0,322.0,6,0.0
2164,1,,,0,0,0.0,0,,,0,
2165,4,318.0,331.0,13,0,0.0,4,318.0,331.0,13,0.0
2166,2,319.0,319.0,0,0,0.0,2,319.0,319.0,0,0.0
2167,1,,,0,0,0.0,0,,,0,
2168,1,,,0,0,0.0,0,,,0,
2169,19,321.0,359.0,38,0,0.0,19,321.0,359.0,38,0.0
2170,1,,,0,0,0.0,0,,,0,
2171,6,316.0,326.0,10,0,0.0,6,316.0,326.0,10,0.0
2172,1,,,0,0,0.0,0,,,0,
2173,3,321.0,328.0,7,0,0.0,3,321.0,328.0,7,0.0
2174,1,,,0,0,0.0,0,,,0,
2175,6,316.0,331.0,15,0,0.0,6,316.0,331.0,15,0.0
2176,2,319.0,319.0,0,0,0.0,2,319.0,319.0,0,0.0
2177,2,317.0,317.0,0,0,0.0,2,317.0,317.0,0,0.0
2178,6,317.0,334.0,17,0,0.0,6,317.0,334.0,17,0.0
2179,1,,,0,0,0.0,0,,,0,
2180,1,,,0,0,0.0,0,,,0,
2181,1,,,0,0,0.0,0,,,0,
2182,48,319.0,410.0,91,1,0.020833333333333332,48,319.0,410.0,91,0.020833333333333332
2183,1,,,0,0,0.0,0,,,0,
2184,1,,,0,0,0.0,0,,,0,
2185,1,,,0,0,0.0,0,,,0,
2186,10,319.0,342.0,23,0,0.0,10,319.0,342.0,23,0.0
2187,1,,,0,0,0.0,0,,,0,
2188,1,,,0,0,0.0,0,,,0,
2189,1,,,0,0,0.0,0,,,0,
2190,1,,,0,0,0.0,0,,,0,
2191,1,,,0,0,0.0,0,,,0,
2192,327,321.0,540.0,219,1,0.0030581039755351682,182,321.0,425.0,104,0.005494505494505495
2193,3690,321.0,699.0,378,2,0.0005420054200542005,255,321.0,425.0,104,0.00784313725490196
2194,1,,,0,0,0.0,0,,,0,
2195,10,319.0,335.0,16,0,0.0,10,319.0,335.0,16,0.0
2196,1,,,0,0,0.0,0,,,0,
2197,1,,,0,0,0.0,0,,,0,
2198,16,319.0,363.0,44,0,0.0,16,319.0,363.0,44,0.0
2199,5,325.0,351.0,26,0,0.0,5,325.0,351.0,26,0.0
2200,1,,,0,0,0.0,0,,,0,
2201,1,,,0,0,0.0,0,,,0,
2202,3,323.0,328.0,5,0,0.0,3,323.0,328.0,5,0.0
2203,12,319.0,351.0,32,0,0.0,12,319.0,351.0,32,0.0
2204,2,324.0,324.0,0,0,0.0,2,324.0,324.0,0,0.0
2205,3,321.0,330.0,9,0,0.0,3,321.0,330.0,9,0.0
2206,1,,,0,0,0.0,0,,,0,
2207,1,,,0,0,0.0,0,,,0,
2208,2412,322.0,699.0,377,0,0.0,206,322.0,425.0,103,0.0
2209,3,325.0,331.0,6,0,0.0,3,325.0,331.0,6,0.0
2210,2,326.0,326.0,0,0,0.0,2,326.0,326.0,0,0.0
2211,3,326.0,335.0,9,0,0.0,3,326.0,335.0,9,0.0
2212,4,320.0,327.0,7,0,0.0,4,320.0,327.0,7,0.0
2213,1,,,0,0,0.0,0,,,0,
2214,2,326.0,326.0,0,0,0.0,2,326.0,326.0,0,0.0
2215,1,,,0,0,0.0,0,,,0,
2216,1,,,0,0,0.0,0,,,0,
2217,1,,,0,0,0.0,0,,,0,
2218,1,,,0,0,0.0,0,,,0,
2219,1,,,0,0,0.0,0,,,0,
2220,1,,,0,0,0.0,0,,,0,
2221,1,,,0,0,0.0,0,,,0,
2222,12,327.0,372.0,45,0,0.0,12,327.0,372.0,45,0.0
2223,1,,,0,0,0.0,0,,,0,
2224,1,,,0,0,0.0,0,,,0,
2225,6,330.0,347.0,17,0,0.0,6,330.0,347.0,17,0.0
2226,1,,,0,0,0.0,0,,,0,
2227,5,322.0,335.0,13,0,0.0,5,322.0,335.0,13,0.0
2228,1284,322.0,699.0,377,1,0.000778816199376947,169,322.0,425.0,103,0.005917159763313609
2229,4,326.0,336.0,10,0,0.0,4,326.0,336.0,10,0.0
2230,4,322.0,331.0,9,0,0.0,4,322.0,331.0,9,0.0
2231,1,,,0,0,0.0,0,,,0,
2232,3,328.0,339.0,11,0,0.0,3,328.0,339.0,11,0.0
2233,1,,,0,0,0.0,0,,,0,
2234,4,324.0,332.0,8,0,0.0,4,324.0,332.0,8,0.0
2235,2,323.0,323.0,0,0,0.0,2,323.0,323.0,0,0.0
2236,8,324.0,356.0,32,0,0.0,8,324.0,356.0,32,0.0
2237,4,324.0,338.0,14,0,0.0,4,324.0,338.0,14,0.0
2238,4,321.0,325.0,4,0,0.0,4,321.0,325.0,4,0.0
2239,1,,,0,0,0.0,0,,,0,
2240,13,323.0,338.0,15,0,0.0,13,323.0,338.0,15,0.0
2241,1,,,0,0,0.0,0,,,0,
2242,1,,,0,0,0.0,0,,,0,
2243,1,,,0,0,0.0,0,,,0,
2244,2,324.0,324.0,0,0,0.0,2,324.0,324.0,0,0.0
2245,2,324.0,324.0,0,0,0.0,2,324.0,324.0,0,0.0
2246,32,326.0,367.0,41,1,0.03125,32,326.0,367.0,41,0.03125
2247,2,323.0,323.0,0,0,0.0,2,323.0,323.0,0,0.0
2248,437,323.0,496.0,173,1,0.002288329519450801,289,323.0,425.0,102,0.0034602076124567475
2249,1,,,0,0,0.0,0,,,0,
2250,1,,,0,0,0.0,0,,,0,
2251,1,,,0,0,0.0,0,,,0,
2252,2,323.0,323.0,0,0,0.0,2,323.0,323.0,0,0.0
2253,1,,,0,0,0.0,0,,,0,
2254,1,,,0,0,0.0,0,,,0,
2255,1,,,0,0,0.0,0,,,0,
2256,4,324.0,339.0,15,0,0.0,4,324.0,339.0,15,0.0
2257,1,,,0,0,0.0,0,,,0,
2258,1,,,0,0,0.0,0,,,0,
2259,1,,,0,0,0.0,0,,,0,
2260,6,322.0,337.0,15,0,0.0,6,322.0,337.0,15,0.0
2261,4,324.0,328.0,4,0,0.0,4,324.0,328.0,4,0.0
2262,2,330.0,330.0,0,0,0.0,2,330.0,330.0,0,0.0
2263,3,328.0,334.0,6,0,0.0,3,328.0,334.0,6,0.0
2264,4,325.0,333.0,8,0,0.0,4,325.0,333.0,8,0.0
2265,2,326.0,326.0,0,0,0.0,2,326.0,326.0,0,0.0
2266,646,326.0,650.0,324,1,0.0015479876160990713,213,326.0,425.0,99,0.004694835680751174
2267,1,,,0,0,0.0,0,,,0,
2268,272,323.0,544.0,221,1,0.003676470588235294,122,323.0,425.0,102,0.00819672131147541
2269,2,324.0,324.0,0,0,0.0,2,324.0,324.0,0,0.0
2270,2,326.0,326.0,0,0,0.0,2,326.0,326.0,0,0.0
2271,1,,,0,0,0.0,0,,,0,
2272,2,322.0,322.0,0,0,0.0,2,322.0,322.0,0,0.0
2273,2,330.0,330.0,0,0,0.0,2,330.0,330.0,0,0.0
2274,3,323.0,333.0,10,0,0.0,3,323.0,333.0,10,0.0
2275,1,,,0,0,0.0,0,,,0,
2276,1,,,0,0,0.0,0,,,0,
2277,2,327.0,327.0,0,0,0.0,2,327.0,327.0,0,0.0
2278,1,,,0,0,0.0,0,,,0,
2279,2,322.0,322.0,0,0,0.0,2,322.0,322.0,0,0.0
2280,6,324.0,340.0,16,0,0.0,6,324.0,340.0,16,0.0
2281,747,324.0,601.0,277,1,0.0013386880856760374,189,324.0,424.0,100,0.005291005291005291
2282,1,,,0,0,0.0,0,,,0,
2283,1,,,0,0,0.0,0,,,0,
2284,2,322.0,322.0,0,0,0.0,2,322.0,322.0,0,0.0
2285,1,,,0,0,0.0,0,,,0,
2286,4766,323.0,699.0,376,0,0.0,127,323.0,425.0,102,0.0
2287,2,323.0,323.0,0,0,0.0,2,323.0,323.0,0,0.0
2288,1,,,0,0,0.0,0,,,0,
2289,13,325.0,356.0,31,0,0.0,13,325.0,356.0,31,0.0
2290,1,,,0,0,0.0,0,,,0,
2291,1,,,0,0,0.0,0,,,0,
2292,1,,,0,0,0.0,0,,,0,
2293,1,,,0,0,0.0,0,,,0,
2294,1,,,0,0,0.0,0,,,0,
2295,3,324.0,325.0,1,0,0.0,3,324.0,325.0,1,0.0
2296,1,,,0,0,0.0,0,,,0,
2297,2,325.0,325.0,0,0,0.0,2,325.0,325.0,0,0.0
2298,2,323.0,323.0,0,0,0.0,2,323.0,323.0,0,0.0
2299,1,,,0,0,0.0,0,,,0,
2300,3,324.0,325.0,1,0,0.0,3,324.0,325.0,1,0.0
2301,2,324.0,324.0,0,0,0.0,2,324.0,324.0,0,0.0
2302,8,325.0,347.0,22,0,0.0,8,325.0,347.0,22,0.0
2303,1,,,0,0,0.0,0,,,0,
2304,1,,,0,0,0.0,0,,,0,
2305,15,324.0,354.0,30,0,0.0,15,324.0,354.0,30,0.0
2306,6,325.0,339.0,14,0,0.0,6,325.0,339.0,14,0.0
2307,6,326.0,340.0,14,0,0.0,6,326.0,340.0,14,0.0
2308,2,324.0,324.0,0,0,0.0,2,324.0,324.0,0,0.0
2309,1,,,0,0,0.0,0,,,0,
2310,2,329.0,329.0,0,0,0.0,2,329.0,329.0,0,0.0
2311,1,,,0,0,0.0,0,,,0,
2312,6,324.0,340.0,16,0,0.0,6,324.0,340.0,16,0.0
2313,8,327.0,348.0,21,0,0.0,8,327.0,348.0,21,0.0
2314,1,,,0,0,0.0,0,,,0,
2315,4,326.0,326.0,0,0,0.0,4,326.0,326.0,0,0.0
2316,1,,,0,0,0.0,0,,,0,
2317,3,324.0,330.0,6,0,0.0,3,324.0,330.0,6,0.0
2318,1,,,0,0,0.0,0,,,0,
2319,1,,,0,0,0.0,0,,,0,
2320,2,327.0,327.0,0,0,0.0,2,327.0,327.0,0,0.0
2321,4,328.0,332.0,4,0,0.0,4,328.0,332.0,4,0.0
2322,7,325.0,343.0,18,0,0.0,7,325.0,343.0,18,0.0
2323,1,,,0,0,0.0,0,,,0,
2324,1,,,0,0,0.0,0,,,0,
2325,1,,,0,0,0.0,0,,,0,
2326,2,328.0,328.0,0,0,0.0,2,328.0,328.0,0,0.0
2327,3,330.0,338.0,8,0,0.0,3,330.0,338.0,8,0.0
2328,8,327.0,350.0,23,0,0.0,8,327.0,350.0,23,0.0
2329,1,,,0,0,0.0,0,,,0,
2330,2,328.0,328.0,0,0,0.0,2,328.0,328.0,0,0.0
2331,1,,,0,0,0.0,0,,,0,
2332,1,,,0,0,0.0,0,,,0,
2333,4,331.0,336.0,5,0,0.0,4,331.0,336.0,5,0.0
2334,1,,,0,0,0.0,0,,,0,
2335,3,330.0,335.0,5,0,0.0,3,330.0,335.0,5,0.0
2336,11,326.0,345.0,19,0,0.0,11,326.0,345.0,19,0.0
2337,1,,,0,0,0.0,0,,,0,
2338,17,328.0,404.0,76,0,0.0,17,328.0,404.0,76,0.0
2339,3,327.0,330.0,3,0,0.0,3,327.0,330.0,3,0.0
2340,1,,,0,0,0.0,0,,,0,
2341,1,,,0,0,0.0,0,,,0,
2342,1,,,0,0,0.0,0,,,0,
2343,23,327.0,369.0,42,0,0.0,23,327.0,369.0,42,0.0
2344,2,329.0,329.0,0,0,0.0,2,329.0,329.0,0,0.0
2345,1,,,0,0,0.0,0,,,0,
2346,1,,,0,0,0.0,0,,,0,
2347,478,329.0,644.0,315,0,0.0,82,329.0,425.0,96,0.0
2348,2,330.0,330.0,0,0,0.0,2,330.0,330.0,0,0.0
2349,11,327.0,348.0,21,0,0.0,11,327.0,348.0,21,0.0
2350,2,329.0,329.0,0,0,0.0,2,329.0,329.0,0,0.0
2351,2,329.0,329.0,0,0,0.0,2,329.0,329.0,0,0.0
2352,2,327.0,327.0,0,0,0.0,2,327.0,327.0,0,0.0
2353,1,,,0,0,0.0,0,,,0,
2354,1,,,0,0,0.0,0,,,0,
2355,2,327.0,327.0,0,0,0.0,2,327.0,327.0,0,0.0
2356,1,,,0,0,0.0,0,,,0,
2357,3,329.0,338.0,9,0,0.0,3,329.0,338.0,9,0.0
2358,1,,,0,0,0.0,0,,,0,
2359,2,330.0,330.0,0,0,0.0,2,330.0,330.0,0,0.0
2360,1,,,0,0,0.0,0,,,0,
2361,1,,,0,0,0.0,0,,,0,
2362,1,,,0,0,0.0,0,,,0,
2363,5,332.0,339.0,7,0,0.0,5,332.0,339.0,7,0.0
2364,1,,,0,0,0.0,0,,,0,
2365,5,327.0,343.0,16,0,0.0,5,327.0,343.0,16,0.0
2366,3,329.0,329.0,0,0,0.0,3,329.0,329.0,0,0.0
2367,1,,,0,0,0.0,0,,,0,
2368,1,,,0,0,0.0,0,,,0,
2369,2,328.0,328.0,0,0,0.0,2,328.0,328.0,0,0.0
2370,1,,,0,0,0.0,0,,,0,
2371,4,332.0,341.0,9,0,0.0,4,332.0,341.0,9,0.0
2372,1,,,0,0,0.0,0,,,0,
2373,2,330.0,330.0,0,0,0.0,2,330.0,330.0,0,0.0
2374,3,328.0,338.0,10,0,0.0,3,328.0,338.0,10,0.0
2375,1,,,0,0,0.0,0,,,0,
2376,1,,,0,0,0.0,0,,,0,
2377,1,,,0,0,0.0,0,,,0,
2378,1,,,0,0,0.0,0,,,0,
2379,1,,,0,0,0.0,0,,,0,
2380,1,,,0,0,0.0,0,,,0,
2381,2,328.0,328.0,0,0,0.0,2,328.0,328.0,0,0.0
2382,2,333.0,333.0,0,0,0.0,2,333.0,333.0,0,0.0
2383,7,331.0,350.0,19,0,0.0,7,331.0,350.0,19,0.0
2384,3,330.0,340.0,10,0,0.0,3,330.0,340.0,10,0.0
2385,1,,,0,0,0.0,0,,,0,
2386,6,332.0,354.0,22,0,0.0,6,332.0,354.0,22,0.0
2387,1,,,0,0,0.0,0,,,0,
2388,1,,,0,0,0.0,0,,,0,
2389,1,,,0,0,0.0,0,,,0,
2390,2,329.0,329.0,0,0,0.0,2,329.0,329.0,0,0.0
2391,1,,,0,0,0.0,0,,,0,
2392,24,330.0,374.0,44,0,0.0,24,330.0,374.0,44,0.0
2393,3,328.0,341.0,13,0,0.0,3,328.0,341.0,13,0.0
2394,3,335.0,341.0,6,0,0.0,3,335.0,341.0,6,0.0
2395,1,,,0,0,0.0,0,,,0,
2396,1,,,0,0,0.0,0,,,0,
2397,3,329.0,331.0,2,0,0.0,3,329.0,331.0,2,0.0
2398,1,,,0,0,0.0,0,,,0,
2399,1,,,0,0,0.0,0,,,0,
2400,1,,,0,0,0.0,0,,,0,
2401,2,333.0,333.0,0,0,0.0,2,333.0,333.0,0,0.0
2402,2,330.0,330.0,0,0,0.0,2,330.0,330.0,0,0.0
2403,2,330.0,330.0,0,0,0.0,2,330.0,330.0,0,0.0
2404,5,331.0,350.0,19,0,0.0,5,331.0,350.0,19,0.0
2405,1,,,0,0,0.0,0,,,0,
2406,24,333.0,365.0,32,0,0.0,24,333.0,365.0,32,0.0
2407,1,,,0,0,0.0,0,,,0,
2408,1,,,0,0,0.0,0,,,0,
2409,6,329.0,361.0,32,0,0.0,6,329.0,361.0,32,0.0
2410,3,334.0,343.0,9,0,0.0,3,334.0,343.0,9,0.0
2411,1,,,0,0,0.0,0,,,0,
2412,1,,,0,0,0.0,0,,,0,
2413,2,337.0,337.0,0,0,0.0,2,337.0,337.0,0,0.0
2414,4,330.0,334.0,4,0,0.0,4,330.0,334.0,4,0.0
2415,2,332.0,332.0,0,0,0.0,2,332.0,332.0,0,0.0
2416,1,,,0,0,0.0,0,,,0,
2417,2,331.0,331.0,0,0,0.0,2,331.0,331.0,0,0.0
2418,3,329.0,336.0,7,0,0.0,3,329.0,336.0,7,0.0
2419,1,,,0,0,0.0,0,,,0,
2420,1,,,0,0,0.0,0,,,0,
2421,2,330.0,330.0,0,0,0.0,2,330.0,330.0,0,0.0
2422,10,330.0,348.0,18,0,0.0,10,330.0,348.0,18,0.0
2423,10,330.0,347.0,17,0,0.0,10,330.0,347.0,17,0.0
2424,18,333.0,385.0,52,0,0.0,18,333.0,385.0,52,0.0
2425,1,,,0,0,0.0,0,,,0,
2426,2,333.0,333.0,0,0,0.0,2,333.0,333.0,0,0.0
2427,3,331.0,331.0,0,0,0.0,3,331.0,331.0,0,0.0
2428,1,,,0,0,0.0,0,,,0,
2429,7,330.0,345.0,15,0,0.0,7,330.0,345.0,15,0.0
2430,1,,,0,0,0.0,0,,,0,
2431,6,331.0,351.0,20,0,0.0,6,331.0,351.0,20,0.0
2432,2,336.0,336.0,0,0,0.0,2,336.0,336.0,0,0.0
2433,2,335.0,335.0,0,0,0.0,2,335.0,335.0,0,0.0
2434,1,,,0,0,0.0,0,,,0,
2435,1,,,0,0,0.0,0,,,0,
2436,2,333.0,333.0,0,0,0.0,2,333.0,333.0,0,0.0
2437,2,334.0,334.0,0,0,0.0,2,334.0,334.0,0,0.0
2438,1,,,0,0,0.0,0,,,0,
2439,13,332.0,370.0,38,0,0.0,13,332.0,370.0,38,0.0
2440,1,,,0,0,0.0,0,,,0,
2441,3,335.0,341.0,6,0,0.0,3,335.0,341.0,6,0.0
2442,1,,,0,0,0.0,0,,,0,
2443,1,,,0,0,0.0,0,,,0,
2444,4,336.0,348.0,12,0,0.0,4,336.0,348.0,12,0.0
2445,4,334.0,342.0,8,0,0.0,4,334.0,342.0,8,0.0
2446,1,,,0,0,0.0,0,,,0,
2447,1,,,0,0,0.0,0,,,0,
2448,1,,,0,0,0.0,0,,,0,
2449,4,332.0,344.0,12,0,0.0,4,332.0,344.0,12,0.0
2450,2,337.0,337.0,0,0,0.0,2,337.0,337.0,0,0.0
2451,6,332.0,351.0,19,0,0.0,6,332.0,351.0,19,0.0
2452,2,342.0,342.0,0,0,0.0,2,342.0,342.0,0,0.0
2453,2,333.0,333.0,0,0,0.0,2,333.0,333.0,0,0.0
2454,2,337.0,337.0,0,0,0.0,2,337.0,337.0,0,0.0
2455,5,337.0,353.0,16,0,0.0,5,337.0,353.0,16,0.0
2456,1,,,0,0,0.0,0,,,0,
2457,1,,,0,0,0.0,0,,,0,
2458,1,,,0,0,0.0,0,,,0,
2459,1,,,0,0,0.0,0,,,0,
2460,1,,,0,0,0.0,0,,,0,
2461,2,333.0,333.0,0,0,0.0,2,333.0,333.0,0,0.0
2462,5,333.0,345.0,12,0,0.0,5,333.0,345.0,12,0.0
2463,1,,,0,0,0.0,0,,,0,
2464,3,338.0,343.0,5,0,0.0,3,338.0,343.0,5,0.0
2465,2,334.0,334.0,0,0,0.0,2,334.0,334.0,0,0.0
2466,6,333.0,349.0,16,0,0.0,6,333.0,349.0,16,0.0
2467,8,335.0,360.0,25,0,0.0,8,335.0,360.0,25,0.0
2468,1,,,0,0,0.0,0,,,0,
2469,1,,,0,0,0.0,0,,,0,
2470,1,,,0,0,0.0,0,,,0,
2471,8,338.0,363.0,25,0,0.0,8,338.0,363.0,25,0.0
2472,2,337.0,337.0,0,0,0.0,2,337.0,337.0,0,0.0
2473,3,336.0,338.0,2,0,0.0,3,336.0,338.0,2,0.0
2474,1,,,0,0,0.0,0,,,0,
2475,2,336.0,336.0,0,0,0.0,2,336.0,336.0,0,0.0
2476,4,333.0,351.0,18,0,0.0,4,333.0,351.0,18,0.0
2477,5,337.0,359.0,22,0,0.0,5,337.0,359.0,22,0.0
2478,1,,,0,0,0.0,0,,,0,
2479,2,337.0,337.0,0,0,0.0,2,337.0,337.0,0,0.0
2480,1,,,0,0,0.0,0,,,0,
2481,2,335.0,335.0,0,0,0.0,2,335.0,335.0,0,0.0
2482,2,335.0,335.0,0,0,0.0,2,335.0,335.0,0,0.0
2483,1,,,0,0,0.0,0,,,0,
2484,1,,,0,0,0.0,0,,,0,
2485,3,333.0,339.0,6,0,0.0,3,333.0,339.0,6,0.0
2486,3,334.0,337.0,3,0,0.0,3,334.0,337.0,3,0.0
2487,2,336.0,336.0,0,0,0.0,2,336.0,336.0,0,0.0
2488,1,,,0,0,0.0,0,,,0,
2489,82,334.0,415.0,81,0,0.0,82,334.0,415.0,81,0.0
2490,1,,,0,0,0.0,0,,,0,
2491,1,,,0,0,0.0,0,,,0,
2492,1,,,0,0,0.0,0,,,0,
2493,1,,,0,0,0.0,0,,,0,
2494,13,337.0,394.0,57,0,0.0,13,337.0,394.0,57,0.0
2495,1,,,0,0,0.0,0,,,0,
2496,194,341.0,553.0,212,0,0.0,40,341.0,424.0,83,0.0
2497,176,334.0,470.0,136,0,0.0,111,334.0,425.0,91,0.0
2498,1,,,0,0,0.0,0,,,0,
2499,1,,,0,0,0.0,0,,,0,
2500,43,338.0,431.0,93,0,0.0,41,338.0,423.0,85,0.0
2501,1,,,0,0,0.0,0,,,0,
2502,7,339.0,344.0,5,0,0.0,7,339.0,344.0,5,0.0
2503,9,335.0,359.0,24,0,0.0,9,335.0,359.0,24,0.0
2504,4,339.0,347.0,8,0,0.0,4,339.0,347.0,8,0.0
2505,1,,,0,0,0.0,0,,,0,
2506,1,,,0,0,0.0,0,,,0,
2507,1,,,0,0,0.0,0,,,0,
2508,2,336.0,336.0,0,0,0.0,2,336.0,336.0,0,0.0
2509,7,335.0,360.0,25,0,0.0,7,335.0,360.0,25,0.0
2510,2,335.0,335.0,0,0,0.0,2,335.0,335.0,0,0.0
2511,1,,,0,0,0.0,0,,,0,
2512,1,,,0,0,0.0,0,,,0,
2513,2,336.0,336.0,0,0,0.0,2,336.0,336.0,0,0.0
2514,2,338.0,338.0,0,0,0.0,2,338.0,338.0,0,0.0
2515,3,338.0,345.0,7,0,0.0,3,338.0,345.0,7,0.0
2516,1,,,0,0,0.0,0,,,0,
2517,4,337.0,343.0,6,0,0.0,4,337.0,343.0,6,0.0
2518,1,,,0,0,0.0,0,,,0,
2519,1,,,0,0,0.0,0,,,0,
2520,1,,,0,0,0.0,0,,,0,
2521,1,,,0,0,0.0,0,,,0,
2522,4,338.0,358.0,20,0,0.0,4,338.0,358.0,20,0.0
2523,10,339.0,363.0,24,0,0.0,10,339.0,363.0,24,0.0
2524,22,336.0,404.0,68,0,0.0,22,336.0,404.0,68,0.0
2525,1,,,0,0,0.0,0,,,0,
2526,5,338.0,350.0,12,0,0.0,5,338.0,350.0,12,0.0
2527,12,340.0,375.0,35,0,0.0,12,340.0,375.0,35,0.0
2528,3,339.0,343.0,4,0,0.0,3,339.0,343.0,4,0.0
2529,1,,,0,0,0.0,0,,,0,
2530,4,337.0,344.0,7,0,0.0,4,337.0,344.0,7,0.0
2531,1,,,0,0,0.0,0,,,0,
2532,2,336.0,336.0,0,0,0.0,2,336.0,336.0,0,0.0
2533,1,,,0,0,0.0,0,,,0,
2534,1,,,0,0,0.0,0,,,0,
2535,1,,,0,0,0.0,0,,,0,
2536,13,338.0,379.0,41,0,0.0,13,338.0,379.0,41,0.0
2537,8,338.0,351.0,13,0,0.0,8,338.0,351.0,13,0.0
2538,1,,,0,0,0.0,0,,,0,
2539,3,339.0,341.0,2,0,0.0,3,339.0,341.0,2,0.0
2540,15,338.0,358.0,20,0,0.0,15,338.0,358.0,20,0.0
2541,2,336.0,336.0,0,0,0.0,2,336.0,336.0,0,0.0
2542,1,,,0,0,0.0,0,,,0,
2543,6,337.0,347.0,10,0,0.0,6,337.0,347.0,10,0.0
2544,1,,,0,0,0.0,0,,,0,
2545,1,,,0,0,0.0,0,,,0,
2546,6,336.0,358.0,22,0,0.0,6,336.0,358.0,22,0.0
2547,11,337.0,376.0,39,0,0.0,11,337.0,376.0,39,0.0
2548,1,,,0,0,0.0,0,,,0,
2549,1,,,0,0,0.0,0,,,0,
2550,1,,,0,0,0.0,0,,,0,
2551,2,338.0,338.0,0,0,0.0,2,338.0,338.0,0,0.0
2552,1,,,0,0,0.0,0,,,0,
2553,2,340.0,340.0,0,0,0.0,2,340.0,340.0,0,0.0
2554,1,,,0,0,0.0,0,,,0,
2555,1,,,0,0,0.0,0,,,0,
2556,23,338.0,389.0,51,0,0.0,23,338.0,389.0,51,0.0
2557,2,344.0,344.0,0,0,0.0,2,344.0,344.0,0,0.0
2558,20,337.0,382.0,45,0,0.0,20,337.0,382.0,45,0.0
2559,37,338.0,406.0,68,0,0.0,37,338.0,406.0,68,0.0
2560,3,341.0,343.0,2,0,0.0,3,341.0,343.0,2,0.0
2561,46,342.0,430.0,88,0,0.0,45,342.0,423.0,81,0.0
2562,1,,,0,0,0.0,0,,,0,
2563,32,337.0,422.0,85,0,0.0,32,337.0,422.0,85,0.0
2564,5,340.0,354.0,14,0,0.0,5,340.0,354.0,14,0.0
2565,1,,,0,0,0.0,0,,,0,
2566,2,339.0,339.0,0,0,0.0,2,339.0,339.0,0,0.0
2567,1,,,0,0,0.0,0,,,0,
2568,1,,,0,0,0.0,0,,,0,
2569,858,337.0,588.0,251,2,0.002331002331002331,185,337.0,425.0,88,0.010810810810810811
2570,7,341.0,357.0,16,0,0.0,7,341.0,357.0,16,0.0
2571,2,339.0,339.0,0,0,0.0,2,339.0,339.0,0,0.0
2572,1309,339.0,699.0,360,0,0.0,373,339.0,425.0,86,0.0
2573,2,338.0,338.0,0,0,0.0,2,338.0,338.0,0,0.0
2574,1,,,0,0,0.0,0,,,0,
2575,1,,,0,0,0.0,0,,,0,
2576,1,,,0,0,0.0,0,,,0,
2577,2,341.0,341.0,0,0,0.0,2,341.0,341.0,0,0.0
2578,1,,,0,0,0.0,0,,,0,
2579,4,341.0,355.0,14,0,0.0,4,341.0,355.0,14,0.0
2580,1,,,0,0,0.0,0,,,0,
2581,3,339.0,342.0,3,0,0.0,3,339.0,342.0,3,0.0
2582,1,,,0,0,0.0,0,,,0,
2583,2,343.0,343.0,0,0,0.0,2,343.0,343.0,0,0.0
2584,33,340.0,391.0,51,0,0.0,33,340.0,391.0,51,0.0
2585,4,341.0,358.0,17,0,0.0,4,341.0,358.0,17,0.0
2586,1,,,0,0,0.0,0,,,0,
2587,3,338.0,340.0,2,0,0.0,3,338.0,340.0,2,0.0
2588,2,341.0,341.0,0,0,0.0,2,341.0,341.0,0,0.0
2589,1,,,0,0,0.0,0,,,0,
2590,1,,,0,0,0.0,0,,,0,
2591,8,339.0,360.0,21,0,0.0,8,339.0,360.0,21,0.0
2592,2,340.0,340.0,0,0,0.0,2,340.0,340.0,0,0.0
2593,1,,,0,0,0.0,0,,,0,
2594,1,,,0,0,0.0,0,,,0,
2595,6,340.0,348.0,8,0,0.0,6,340.0,348.0,8,0.0
2596,1,,,0,0,0.0,0,,,0,
2597,9,339.0,359.0,20,0,0.0,9,339.0,359.0,20,0.0
2598,1,,,0,0,0.0,0,,,0,
2599,1,,,0,0,0.0,0,,,0,
2600,1,,,0,0,0.0,0,,,0,
2601,3,339.0,341.0,2,0,0.0,3,339.0,341.0,2,0.0
2602,9,343.0,372.0,29,0,0.0,9,343.0,372.0,29,0.0
2603,1,,,0,0,0.0,0,,,0,
2604,2,340.0,340.0,0,0,0.0,2,340.0,340.0,0,0.0
2605,1,,,0,0,0.0,0,,,0,
2606,1,,,0,0,0.0,0,,,0,
2607,2,342.0,342.0,0,0,0.0,2,342.0,342.0,0,0.0
2608,3,346.0,352.0,6,0,0.0,3,346.0,352.0,6,0.0
2609,1,,,0,0,0.0,0,,,0,
2610,1,,,0,0,0.0,0,,,0,
2611,1,,,0,0,0.0,0,,,0,
2612,4,340.0,344.0,4,0,0.0,4,340.0,344.0,4,0.0
2613,2,339.0,339.0,0,0,0.0,2,339.0,339.0,0,0.0
2614,1,,,0,0,0.0,0,,,0,
2615,1,,,0,0,0.0,0,,,0,
2616,1,,,0,0,0.0,0,,,0,
2617,1,,,0,0,0.0,0,,,0,
2618,3,341.0,341.0,0,0,0.0,3,341.0,341.0,0,0.0
2619,1,,,0,0,0.0,0,,,0,
2620,1,,,0,0,0.0,0,,,0,
2621,1,,,0,0,0.0,0,,,0,
2622,7,340.0,354.0,14,0,0.0,7,340.0,354.0,14,0.0
2623,2,342.0,342.0,0,0,0.0,2,342.0,342.0,0,0.0
2624,1,,,0,0,0.0,0,,,0,
2625,1,,,0,0,0.0,0,,,0,
2626,1,,,0,0,0.0,0,,,0,
2627,1,,,0,0,0.0,0,,,0,
2628,13,340.0,370.0,30,0,0.0,13,340.0,370.0,30,0.0
2629,3,346.0,346.0,0,0,0.0,3,346.0,346.0,0,0.0
2630,2,342.0,342.0,0,0,0.0,2,342.0,342.0,0,0.0
2631,2,341.0,341.0,0,0,0.0,2,341.0,341.0,0,0.0
2632,1,,,0,0,0.0,0,,,0,
2633,1,,,0,0,0.0,0,,,0,
2634,2,342.0,342.0,0,0,0.0,2,342.0,342.0,0,0.0
2635,4,345.0,349.0,4,0,0.0,4,345.0,349.0,4,0.0
2636,2,349.0,349.0,0,0,0.0,2,349.0,349.0,0,0.0
2637,2,341.0,341.0,0,0,0.0,2,341.0,341.0,0,0.0
2638,1,,,0,0,0.0,0,,,0,
2639,1,,,0,0,0.0,0,,,0,
2640,1,,,0,0,0.0,0,,,0,
2641,2,349.0,349.0,0,0,0.0,2,349.0,349.0,0,0.0
2642,3,343.0,347.0,4,0,0.0,3,343.0,347.0,4,0.0
2643,2,345.0,345.0,0,0,0.0,2,345.0,345.0,0,0.0
2644,1,,,0,0,0.0,0,,,0,
2645,1,,,0,0,0.0,0,,,0,
2646,1,,,0,0,0.0,0,,,0,
2647,1,,,0,0,0.0,0,,,0,
2648,36,345.0,403.0,58,0,0.0,36,345.0,403.0,58,0.0
2649,1,,,0,0,0.0,0,,,0,
2650,1,,,0,0,0.0,0,,,0,
2651,5,345.0,351.0,6,0,0.0,5,345.0,351.0,6,0.0
2652,8,342.0,361.0,19,0,0.0,8,342.0,361.0,19,0.0
2653,3,342.0,343.0,1,0,0.0,3,342.0,343.0,1,0.0
2654,2,342.0,342.0,0,0,0.0,2,342.0,342.0,0,0.0
2655,3,347.0,359.0,12,0,0.0,3,347.0,359.0,12,0.0
2656,1,,,0,0,0.0,0,,,0,
2657,1,,,0,0,0.0,0,,,0,
2658,1,,,0,0,0.0,0,,,0,
2659,2,344.0,344.0,0,0,0.0,2,344.0,344.0,0,0.0
2660,2,342.0,342.0,0,0,0.0,2,342.0,342.0,0,0.0
2661,1,,,0,0,0.0,0,,,0,
2662,30,343.0,376.0,33,0,0.0,30,343.0,376.0,33,0.0
2663,1,,,0,0,0.0,0,,,0,
2664,6,344.0,362.0,18,0,0.0,6,344.0,362.0,18,0.0
2665,4,342.0,355.0,13,0,0.0,4,342.0,355.0,13,0.0
2666,3,348.0,354.0,6,0,0.0,3,348.0,354.0,6,0.0
2667,1,,,0,0,0.0,0,,,0,
2668,1,,,0,0,0.0,0,,,0,
2669,2,346.0,346.0,0,0,0.0,2,346.0,346.0,0,0.0
2670,2,345.0,345.0,0,0,0.0,2,345.0,345.0,0,0.0
2671,1,,,0,0,0.0,0,,,0,
2672,1,,,0,0,0.0,0,,,0,
2673,2,345.0,345.0,0,0,0.0,2,345.0,345.0,0,0.0
2674,2,346.0,346.0,0,0,0.0,2,346.0,346.0,0,0.0
2675,4,349.0,363.0,14,0,0.0,4,349.0,363.0,14,0.0
2676,5,343.0,358.0,15,0,0.0,5,343.0,358.0,15,0.0
2677,1,,,0,0,0.0,0,,,0,
2678,41,343.0,433.0,90,0,0.0,39,343.0,424.0,81,0.0
2679,204,345.0,507.0,162,0,0.0,74,345.0,425.0,80,0.0
2680,2,346.0,346.0,0,0,0.0,2,346.0,346.0,0,0.0
2681,1,,,0,0,0.0,0,,,0,
2682,1,,,0,0,0.0,0,,,0,
2683,2,349.0,349.0,0,0,0.0,2,349.0,349.0,0,0.0
2684,1,,,0,0,0.0,0,,,0,
2685,5,343.0,364.0,21,0,0.0,5,343.0,364.0,21,0.0
2686,1,,,0,0,0.0,0,,,0,
2687,2,343.0,343.0,0,0,0.0,2,343.0,343.0,0,0.0
2688,5,343.0,355.0,12,0,0.0,5,343.0,355.0,12,0.0
2689,1,,,0,0,0.0,0,,,0,
2690,2,344.0,344.0,0,0,0.0,2,344.0,344.0,0,0.0
2691,1,,,0,0,0.0,0,,,0,
2692,112,351.0,435.0,84,0,0.0,107,351.0,423.0,72,0.0
2693,5,344.0,349.0,5,0,0.0,5,344.0,349.0,5,0.0
2694,3,350.0,355.0,5,0,0.0,3,350.0,355.0,5,0.0
2695,3,350.0,354.0,4,0,0.0,3,350.0,354.0,4,0.0
2696,2,348.0,348.0,0,0,0.0,2,348.0,348.0,0,0.0
2697,1,,,0,0,0.0,0,,,0,
2698,4,349.0,357.0,8,0,0.0,4,349.0,357.0,8,0.0
2699,59,344.0,408.0,64,1,0.01694915254237288,59,344.0,408.0,64,0.01694915254237288
2700,1,,,0,0,0.0,0,,,0,
2701,4,350.0,359.0,9,0,0.0,4,350.0,359.0,9,0.0
2702,1,,,0,0,0.0,0,,,0,
2703,5,344.0,352.0,8,0,0.0,5,344.0,352.0,8,0.0
2704,1,,,0,0,0.0,0,,,0,
2705,1,,,0,0,0.0,0,,,0,
2706,2,353.0,353.0,0,0,0.0,2,353.0,353.0,0,0.0
2707,1,,,0,0,0.0,0,,,0,
2708,4,346.0,354.0,8,0,0.0,4,346.0,354.0,8,0.0
2709,1,,,0,0,0.0,0,,,0,
2710,1,,,0,0,0.0,0,,,0,
2711,1,,,0,0,0.0,0,,,0,
2712,4,349.0,360.0,11,0,0.0,4,349.0,360.0,11,0.0
2713,21,347.0,394.0,47,0,0.0,21,347.0,394.0,47,0.0
2714,2,350.0,350.0,0,0,0.0,2,350.0,350.0,0,0.0
2715,1,,,0,0,0.0,0,,,0,
2716,1,,,0,0,0.0,0,,,0,
2717,1,,,0,0,0.0,0,,,0,
2718,1,,,0,0,0.0,0,,,0,
2719,1,,,0,0,0.0,0,,,0,
2720,1,,,0,0,0.0,0,,,0,
2721,2,348.0,348.0,0,0,0.0,2,348.0,348.0,0,0.0
2722,2,346.0,346.0,0,0,0.0,2,346.0,346.0,0,0.0
2723,2,351.0,351.0,0,0,0.0,2,351.0,351.0,0,0.0
2724,1,,,0,0,0.0,0,,,0,
2725,4,347.0,355.0,8,0,0.0,4,347.0,355.0,8,0.0
2726,1,,,0,0,0.0,0,,,0,
2727,3,348.0,349.0,1,0,0.0,3,348.0,349.0,1,0.0
2728,5,347.0,356.0,9,0,0.0,5,347.0,356.0,9,0.0
2729,1,,,0,0,0.0,0,,,0,
2730,2,346.0,346.0,0,0,0.0,2,346.0,346.0,0,0.0
2731,5,347.0,359.0,12,0,0.0,5,347.0,359.0,12,0.0
2732,4,349.0,357.0,8,0,0.0,4,349.0,357.0,8,0.0
2733,1,,,0,0,0.0,0,,,0,
2734,1,,,0,0,0.0,0,,,0,
2735,1,,,0,0,0.0,0,,,0,
2736,2,349.0,349.0,0,0,0.0,2,349.0,349.0,0,0.0
2737,1,,,0,0,0.0,0,,,0,
2738,2,351.0,351.0,0,0,0.0,2,351.0,351.0,0,0.0
2739,8,348.0,369.0,21,0,0.0,8,348.0,369.0,21,0.0
2740,1,,,0,0,0.0,0,,,0,
2741,2,351.0,351.0,0,0,0.0,2,351.0,351.0,0,0.0
2742,1,,,0,0,0.0,0,,,0,
2743,1,,,0,0,0.0,0,,,0,
2744,1,,,0,0,0.0,0,,,0,
2745,1,,,0,0,0.0,0,,,0,
2746,1,,,0,0,0.0,0,,,0,
2747,1,,,0,0,0.0,0,,,0,
2748,1,,,0,0,0.0,0,,,0,
2749,1,,,0,0,0.0,0,,,0,
2750,1,,,0,0,0.0,0,,,0,
2751,1,,,0,0,0.0,0,,,0,
2752,2,353.0,353.0,0,0,0.0,2,353.0,353.0,0,0.0
2753,4,350.0,355.0,5,0,0.0,4,350.0,355.0,5,0.0
2754,1,,,0,0,0.0,0,,,0,
2755,1,,,0,0,0.0,0,,,0,
2756,1,,,0,0,0.0,0,,,0,
2757,1,,,0,0,0.0,0,,,0,
2758,15,347.0,370.0,23,0,0.0,15,347.0,370.0,23,0.0
2759,2,347.0,347.0,0,0,0.0,2,347.0,347.0,0,0.0
2760,4,349.0,353.0,4,0,0.0,4,349.0,353.0,4,0.0
2761,4,348.0,355.0,7,0,0.0,4,348.0,355.0,7,0.0
2762,2,352.0,352.0,0,0,0.0,2,352.0,352.0,0,0.0
2763,3,349.0,354.0,5,0,0.0,3,349.0,354.0,5,0.0
2764,2,349.0,349.0,0,0,0.0,2,349.0,349.0,0,0.0
2765,1,,,0,0,0.0,0,,,0,
2766,1,,,0,0,0.0,0,,,0,
2767,1,,,0,0,0.0,0,,,0,
2768,4,348.0,367.0,19,0,0.0,4,348.0,367.0,19,0.0
2769,1,,,0,0,0.0,0,,,0,
2770,2,351.0,351.0,0,0,0.0,2,351.0,351.0,0,0.0
2771,1,,,0,0,0.0,0,,,0,
2772,11,350.0,382.0,32,0,0.0,11,350.0,382.0,32,0.0
2773,28,350.0,400.0,50,0,0.0,28,350.0,400.0,50,0.0
2774,1,,,0,0,0.0,0,,,0,
2775,4,352.0,365.0,13,0,0.0,4,352.0,365.0,13,0.0
2776,1,,,0,0,0.0,0,,,0,
2777,4,350.0,355.0,5,0,0.0,4,350.0,355.0,5,0.0
2778,5,348.0,364.0,16,0,0.0,5,348.0,364.0,16,0.0
2779,1,,,0,0,0.0,0,,,0,
2780,119,348.0,506.0,158,0,0.0,31,348.0,423.0,75,0.0
2781,1,,,0,0,0.0,0,,,0,
2782,1,,,0,0,0.0,0,,,0,
2783,2,354.0,354.0,0,0,0.0,2,354.0,354.0,0,0.0
2784,2,348.0,348.0,0,0,0.0,2,348.0,348.0,0,0.0
2785,1,,,0,0,0.0,0,,,0,
2786,1,,,0,0,0.0,0,,,0,
2787,1,,,0,0,0.0,0,,,0,
2788,4,350.0,365.0,15,0,0.0,4,350.0,365.0,15,0.0
2789,8,351.0,374.0,23,0,0.0,8,351.0,374.0,23,0.0
2790,1,,,0,0,0.0,0,,,0,
2791,3,352.0,353.0,1,0,0.0,3,352.0,353.0,1,0.0
2792,6,351.0,361.0,10,0,0.0,6,351.0,361.0,10,0.0
2793,1,,,0,0,0.0,0,,,0,
2794,4,349.0,353.0,4,0,0.0,4,349.0,353.0,4,0.0
2795,2,352.0,352.0,0,0,0.0,2,352.0,352.0,0,0.0
2796,1,,,0,0,0.0,0,,,0,
2797,2,353.0,353.0,0,0,0.0,2,353.0,353.0,0,0.0
2798,4,350.0,362.0,12,0,0.0,4,350.0,362.0,12,0.0
2799,2,350.0,350.0,0,0,0.0,2,350.0,350.0,0,0.0
2800,1,,,0,0,0.0,0,,,0,
2801,11,349.0,380.0,31,0,0.0,11,349.0,380.0,31,0.0
2802,1,,,0,0,0.0,0,,,0,
2803,1,,,0,0,0.0,0,,,0,
2804,1,,,0,0,0.0,0,,,0,
2805,1,,,0,0,0.0,0,,,0,
2806,2,352.0,352.0,0,0,0.0,2,352.0,352.0,0,0.0
2807,2,350.0,350.0,0,0,0.0,2,350.0,350.0,0,0.0
2808,2,350.0,350.0,0,0,0.0,2,350.0,350.0,0,0.0
2809,1,,,0,0,0.0,0,,,0,
2810,2,349.0,349.0,0,0,0.0,2,349.0,349.0,0,0.0
2811,1,,,0,0,0.0,0,,,0,
2812,2,354.0,354.0,0,0,0.0,2,354.0,354.0,0,0.0
2813,1,,,0,0,0.0,0,,,0,
2814,2,352.0,352.0,0,0,0.0,2,352.0,352.0,0,0.0
2815,11,352.0,380.0,28,0,0.0,11,352.0,380.0,28,0.0
2816,18,359.0,415.0,56,0,0.0,18,359.0,415.0,56,0.0
2817,1,,,0,0,0.0,0,,,0,
2818,1,,,0,0,0.0,0,,,0,
2819,5,358.0,375.0,17,0,0.0,5,358.0,375.0,17,0.0
2820,1,,,0,0,0.0,0,,,0,
2821,2,357.0,357.0,0,0,0.0,2,357.0,357.0,0,0.0
2822,27,352.0,411.0,59,0,0.0,27,352.0,411.0,59,0.0
2823,2,354.0,354.0,0,0,0.0,2,354.0,354.0,0,0.0
2824,1,,,0,0,0.0,0,,,0,
2825,2,352.0,352.0,0,0,0.0,2,352.0,352.0,0,0.0
2826,10,350.0,403.0,53,0,0.0,10,350.0,403.0,53,0.0
2827,4,352.0,361.0,9,0,0.0,4,352.0,361.0,9,0.0
2828,2,353.0,353.0,0,0,0.0,2,353.0,353.0,0,0.0
2829,2,356.0,356.0,0,0,0.0,2,356.0,356.0,0,0.0
2830,1,,,0,0,0.0,0,,,0,
2831,1,,,0,0,0.0,0,,,0,
2832,4,351.0,359.0,8,0,0.0,4,351.0,359.0,8,0.0
2833,1,,,0,0,0.0,0,,,0,
2834,2,354.0,354.0,0,0,0.0,2,354.0,354.0,0,0.0
2835,1,,,0,0,0.0,0,,,0,
2836,1,,,0,0,0.0,0,,,0,
2837,1,,,0,0,0.0,0,,,0,
2838,5,356.0,373.0,17,1,0.2,5,356.0,373.0,17,0.2
2839,1,,,0,0,0.0,0,,,0,
2840,1,,,0,0,0.0,0,,,0,
2841,1,,,0,0,0.0,0,,,0,
2842,1,,,0,0,0.0,0,,,0,
2843,41,360.0,424.0,64,0,0.0,41,360.0,424.0,64,0.0
2844,1,,,0,0,0.0,0,,,0,
2845,5,353.0,362.0,9,0,0.0,5,353.0,362.0,9,0.0
2846,2,352.0,352.0,0,0,0.0,2,352.0,352.0,0,0.0
2847,1,,,0,0,0.0,0,,,0,
2848,1,,,0,0,0.0,0,,,0,
2849,5,354.0,361.0,7,0,0.0,5,354.0,361.0,7,0.0
2850,14,353.0,390.0,37,0,0.0,14,353.0,390.0,37,0.0
2851,59,358.0,438.0,80,0,0.0,56,358.0,424.0,66,0.0
2852,16,352.0,382.0,30,0,0.0,16,352.0,382.0,30,0.0
2853,2,358.0,358.0,0,0,0.0,2,358.0,358.0,0,0.0
2854,14,354.0,377.0,23,0,0.0,14,354.0,377.0,23,0.0
2855,200,356.0,543.0,187,0,0.0,34,356.0,423.0,67,0.0
2856,1,,,0,0,0.0,0,,,0,
2857,2,353.0,353.0,0,0,0.0,2,353.0,353.0,0,0.0
2858,1,,,0,0,0.0,0,,,0,
2859,1,,,0,0,0.0,0,,,0,
2860,3,358.0,358.0,0,0,0.0,3,358.0,358.0,0,0.0
2861,1,,,0,0,0.0,0,,,0,
2862,2,356.0,356.0,0,0,0.0,2,356.0,356.0,0,0.0
2863,1,,,0,0,0.0,0,,,0,
2864,4,355.0,360.0,5,0,0.0,4,355.0,360.0,5,0.0
2865,1,,,0,0,0.0,0,,,0,
2866,1,,,0,0,0.0,0,,,0,
2867,1,,,0,0,0.0,0,,,0,
2868,1,,,0,0,0.0,0,,,0,
2869,3,355.0,366.0,11,0,0.0,3,355.0,366.0,11,0.0
2870,3,355.0,356.0,1,0,0.0,3,355.0,356.0,1,0.0
2871,8,356.0,371.0,15,0,0.0,8,356.0,371.0,15,0.0
2872,824,357.0,699.0,342,0,0.0,117,357.0,425.0,68,0.0
2873,2,354.0,354.0,0,0,0.0,2,354.0,354.0,0,0.0
2874,8,355.0,381.0,26,0,0.0,8,355.0,381.0,26,0.0
2875,1,,,0,0,0.0,0,,,0,
2876,8,356.0,386.0,30,0,0.0,8,356.0,386.0,30,0.0
2877,2,358.0,358.0,0,0,0.0,2,358.0,358.0,0,0.0
2878,3,358.0,365.0,7,0,0.0,3,358.0,365.0,7,0.0
2879,1,,,0,0,0.0,0,,,0,
2880,1,,,0,0,0.0,0,,,0,
2881,2,358.0,358.0,0,0,0.0,2,358.0,358.0,0,0.0
2882,102,355.0,456.0,101,3,0.029411764705882353,85,355.0,425.0,70,0.03529411764705882
2883,1,,,0,0,0.0,0,,,0,
2884,2,355.0,355.0,0,0,0.0,2,355.0,355.0,0,0.0
2885,1,,,0,0,0.0,0,,,0,
2886,1,,,0,0,0.0,0,,,0,
2887,1,,,0,0,0.0,0,,,0,
2888,2,357.0,357.0,0,0,0.0,2,357.0,357.0,0,0.0
2889,2,359.0,359.0,0,0,0.0,2,359.0,359.0,0,0.0
2890,2,357.0,357.0,0,0,0.0,2,357.0,357.0,0,0.0
2891,1,,,0,0,0.0,0,,,0,
2892,2,355.0,355.0,0,0,0.0,2,355.0,355.0,0,0.0
2893,30,356.0,418.0,62,0,0.0,30,356.0,418.0,62,0.0
2894,1,,,0,0,0.0,0,,,0,
2895,20,361.0,402.0,41,0,0.0,20,361.0,402.0,41,0.0
2896,1,,,0,0,0.0,0,,,0,
2897,8,355.0,376.0,21,0,0.0,8,355.0,376.0,21,0.0
2898,1,,,0,0,0.0,0,,,0,
2899,37,358.0,420.0,62,0,0.0,37,358.0,420.0,62,0.0
2900,1,,,0,0,0.0,0,,,0,
2901,2,355.0,355.0,0,0,0.0,2,355.0,355.0,0,0.0
2902,7,357.0,370.0,13,0,0.0,7,357.0,370.0,13,0.0
2903,1,,,0,0,0.0,0,,,0,
2904,1,,,0,0,0.0,0,,,0,
2905,2,361.0,361.0,0,0,0.0,2,361.0,361.0,0,0.0
2906,1,,,0,0,0.0,0,,,0,
2907,1,,,0,0,0.0,0,,,0,
2908,1,,,0,0,0.0,0,,,0,
2909,1,,,0,0,0.0,0,,,0,
2910,2,360.0,360.0,0,0,0.0,2,360.0,360.0,0,0.0
2911,1,,,0,0,0.0,0,,,0,
2912,5,355.0,364.0,9,0,0.0,5,355.0,364.0,9,0.0
2913,2,359.0,359.0,0,0,0.0,2,359.0,359.0,0,0.0
2914,102,363.0,477.0,114,1,0.00980392156862745,44,363.0,425.0,62,0.022727272727272728
2915,1,,,0,0,0.0,0,,,0,
2916,4,358.0,363.0,5,0,0.0,4,358.0,363.0,5,0.0
2917,2,360.0,360.0,0,0,0.0,2,360.0,360.0,0,0.0
2918,27,358.0,428.0,70,0,0.0,26,358.0,424.0,66,0.0
2919,151,361.0,520.0,159,0,0.0,53,361.0,425.0,64,0.0
2920,15,357.0,410.0,53,0,0.0,15,357.0,410.0,53,0.0
2921,4,358.0,359.0,1,0,0.0,4,358.0,359.0,1,0.0
2922,1,,,0,0,0.0,0,,,0,
2923,2,358.0,358.0,0,0,0.0,2,358.0,358.0,0,0.0
2924,15,358.0,400.0,42,0,0.0,15,358.0,400.0,42,0.0
2925,3,357.0,367.0,10,0,0.0,3,357.0,367.0,10,0.0
2926,1,,,0,0,0.0,0,,,0,
2927,59,358.0,507.0,149,0,0.0,40,358.0,423.0,65,0.0
2928,3,356.0,357.0,1,0,0.0,3,356.0,357.0,1,0.0
2929,2,356.0,356.0,0,0,0.0,2,356.0,356.0,0,0.0
2930,1,,,0,0,0.0,0,,,0,
2931,4,356.0,364.0,8,0,0.0,4,356.0,364.0,8,0.0
2932,61,360.0,458.0,98,0,0.0,44,360.0,425.0,65,0.0
2933,18,358.0,406.0,48,0,0.0,18,358.0,406.0,48,0.0
2934,1,,,0,0,0.0,0,,,0,
2935,1,,,0,0,0.0,0,,,0,
2936,2,357.0,357.0,0,0,0.0,2,357.0,357.0,0,0.0
2937,3,360.0,361.0,1,0,0.0,3,360.0,361.0,1,0.0
2938,2,360.0,360.0,0,0,0.0,2,360.0,360.0,0,0.0
2939,1,,,0,0,0.0,0,,,0,
2940,1,,,0,0,0.0,0,,,0,
2941,2,360.0,360.0,0,0,0.0,2,360.0,360.0,0,0.0
2942,4,358.0,362.0,4,0,0.0,4,358.0,362.0,4,0.0
2943,2,359.0,359.0,0,0,0.0,2,359.0,359.0,0,0.0
2944,4,357.0,369.0,12,0,0.0,4,357.0,369.0,12,0.0
2945,1,,,0,0,0.0,0,,,0,
2946,319,360.0,600.0,240,0,0.0,50,360.0,425.0,65,0.0
2947,2,362.0,362.0,0,0,0.0,2,362.0,362.0,0,0.0
2948,1,,,0,0,0.0,0,,,0,
2949,2,365.0,365.0,0,0,0.0,2,365.0,365.0,0,0.0
2950,53,360.0,444.0,84,0,0.0,44,360.0,421.0,61,0.0
2951,1,,,0,0,0.0,0,,,0,
2952,4,357.0,363.0,6,0,0.0,4,357.0,363.0,6,0.0
2953,1,,,0,0,0.0,0,,,0,
2954,1,,,0,0,0.0,0,,,0,
2955,1,,,0,0,0.0,0,,,0,
2956,3,365.0,372.0,7,0,0.0,3,365.0,372.0,7,0.0
2957,52,362.0,456.0,94,0,0.0,37,362.0,425.0,63,0.0
2958,1,,,0,0,0.0,0,,,0,
2959,1,,,0,0,0.0,0,,,0,
2960,9,362.0,377.0,15,0,0.0,9,362.0,377.0,15,0.0
2961,453,361.0,653.0,292,0,0.0,90,361.0,425.0,64,0.0
2962,1,,,0,0,0.0,0,,,0,
2963,4,360.0,377.0,17,0,0.0,4,360.0,377.0,17,0.0
2964,6,358.0,368.0,10,0,0.0,6,358.0,368.0,10,0.0
2965,1,,,0,0,0.0,0,,,0,
2966,3138,360.0,699.0,339,0,0.0,115,360.0,425.0,65,0.0
2967,1,,,0,0,0.0,0,,,0,
2968,1,,,0,0,0.0,0,,,0,
2969,1,,,0,0,0.0,0,,,0,
2970,1,,,0,0,0.0,0,,,0,
2971,3,360.0,360.0,0,0,0.0,3,360.0,360.0,0,0.0
2972,7,359.0,384.0,25,0,0.0,7,359.0,384.0,25,0.0
2973,1,,,0,0,0.0,0,,,0,
2974,4,358.0,370.0,12,0,0.0,4,358.0,370.0,12,0.0
2975,3,360.0,360.0,0,0,0.0,3,360.0,360.0,0,0.0
2976,1,,,0,0,0.0,0,,,0,
2977,1,,,0,0,0.0,0,,,0,
2978,1,,,0,0,0.0,0,,,0,
2979,49,360.0,425.0,65,0,0.0,49,360.0,425.0,65,0.0
2980,12,363.0,396.0,33,0,0.0,12,363.0,396.0,33,0.0
2981,1,,,0,0,0.0,0,,,0,
2982,1,,,0,0,0.0,0,,,0,
2983,1,,,0,0,0.0,0,,,0,
2984,1,,,0,0,0.0,0,,,0,
2985,4,360.0,368.0,8,0,0.0,4,360.0,368.0,8,0.0
2986,4,366.0,375.0,9,0,0.0,4,366.0,375.0,9,0.0
2987,5,359.0,374.0,15,0,0.0,5,359.0,374.0,15,0.0
2988,1,,,0,0,0.0,0,,,0,
2989,3,365.0,376.0,11,0,0.0,3,365.0,376.0,11,0.0
2990,1,,,0,0,0.0,0,,,0,
2991,1,,,0,0,0.0,0,,,0,
2992,3,361.0,366.0,5,0,0.0,3,361.0,366.0,5,0.0
2993,1,,,0,0,0.0,0,,,0,
2994,6,364.0,377.0,13,0,0.0,6,364.0,377.0,13,0.0
2995,2,366.0,366.0,0,0,0.0,2,366.0,366.0,0,0.0
2996,3,361.0,369.0,8,0,0.0,3,361.0,369.0,8,0.0
2997,3,365.0,366.0,1,0,0.0,3,365.0,366.0,1,0.0
2998,2,364.0,364.0,0,0,0.0,2,364.0,364.0,0,0.0
2999,2,361.0,361.0,0,0,0.0,2,361.0,361.0,0,0.0
3000,3,362.0,363.0,1,0,0.0,3,362.0,363.0,1,0.0
3001,1,,,0,0,0.0,0,,,0,
3002,7,363.0,381.0,18,0,0.0,7,363.0,381.0,18,0.0
3003,1,,,0,0,0.0,0,,,0,
3004,386,364.0,580.0,216,0,0.0,41,364.0,422.0,58,0.0
3005,1,,,0,0,0.0,0,,,0,
3006,5,362.0,379.0,17,0,0.0,5,362.0,379.0,17,0.0
3007,1,,,0,0,0.0,0,,,0,
3008,2,366.0,366.0,0,0,0.0,2,366.0,366.0,0,0.0
3009,5,361.0,369.0,8,0,0.0,5,361.0,369.0,8,0.0
3010,14,361.0,389.0,28,0,0.0,14,361.0,389.0,28,0.0
3011,377,365.0,559.0,194,1,0.002652519893899204,83,365.0,425.0,60,0.012048192771084338
3012,1,,,0,0,0.0,0,,,0,
3013,3,363.0,363.0,0,0,0.0,3,363.0,363.0,0,0.0
3014,1,,,0,0,0.0,0,,,0,
3015,2,364.0,364.0,0,0,0.0,2,364.0,364.0,0,0.0
3016,2,365.0,365.0,0,0,0.0,2,365.0,365.0,0,0.0
3017,2,364.0,364.0,0,0,0.0,2,364.0,364.0,0,0.0
3018,1,,,0,0,0.0,0,,,0,
3019,1,,,0,0,0.0,0,,,0,
3020,2,365.0,365.0,0,0,0.0,2,365.0,365.0,0,0.0
3021,1,,,0,0,0.0,0,,,0,
3022,2,362.0,362.0,0,0,0.0,2,362.0,362.0,0,0.0
3023,57,365.0,445.0,80,0,0.0,46,365.0,424.0,59,0.0
3024,1,,,0,0,0.0,0,,,0,
3025,11,365.0,404.0,39,0,0.0,11,365.0,404.0,39,0.0
3026,17,368.0,406.0,38,0,0.0,17,368.0,406.0,38,0.0
3027,1,,,0,0,0.0,0,,,0,
3028,73,363.0,494.0,131,0,0.0,25,363.0,425.0,62,0.0
3029,4,363.0,374.0,11,0,0.0,4,363.0,374.0,11,0.0
3030,2,362.0,362.0,0,0,0.0,2,362.0,362.0,0,0.0
3031,3,363.0,370.0,7,0,0.0,3,363.0,370.0,7,0.0
3032,2,365.0,365.0,0,0,0.0,2,365.0,365.0,0,0.0
3033,4,366.0,375.0,9,0,0.0,4,366.0,375.0,9,0.0
3034,1,,,0,0,0.0,0,,,0,
3035,784,362.0,699.0,337,0,0.0,58,362.0,424.0,62,0.0
3036,1,,,0,0,0.0,0,,,0,
3037,36,371.0,422.0,51,0,0.0,36,371.0,422.0,51,0.0
3038,1,,,0,0,0.0,0,,,0,
3039,1,,,0,0,0.0,0,,,0,
3040,13,365.0,396.0,31,0,0.0,13,365.0,396.0,31,0.0
3041,2,365.0,365.0,0,0,0.0,2,365.0,365.0,0,0.0
3042,1,,,0,0,0.0,0,,,0,
3043,19,363.0,421.0,58,0,0.0,19,363.0,421.0,58,0.0
3044,13,364.0,396.0,32,0,0.0,13,364.0,396.0,32,0.0
3045,1,,,0,0,0.0,0,,,0,
3046,1,,,0,0,0.0,0,,,0,
3047,1,,,0,0,0.0,0,,,0,
3048,1,,,0,0,0.0,0,,,0,
3049,2,368.0,368.0,0,1,0.5,2,368.0,368.0,0,0.5
3050,1186,367.0,699.0,332,0,0.0,47,367.0,424.0,57,0.0
3051,4,364.0,374.0,10,0,0.0,4,364.0,374.0,10,0.0
3052,5,371.0,385.0,14,0,0.0,5,371.0,385.0,14,0.0
3053,13,364.0,388.0,24,0,0.0,13,364.0,388.0,24,0.0
3054,6,364.0,375.0,11,0,0.0,6,364.0,375.0,11,0.0
3055,2,369.0,369.0,0,0,0.0,2,369.0,369.0,0,0.0
3056,100,365.0,482.0,117,0,0.0,37,365.0,422.0,57,0.0
3057,1,,,0,0,0.0,0,,,0,
3058,1,,,0,0,0.0,0,,,0,
3059,9,364.0,390.0,26,0,0.0,9,364.0,390.0,26,0.0
3060,1,,,0,0,0.0,0,,,0,
3061,1,,,0,0,0.0,0,,,0,
3062,1,,,0,0,0.0,0,,,0,
3063,2,368.0,368.0,0,0,0.0,2,368.0,368.0,0,0.0
3064,1,,,0,0,0.0,0,,,0,
3065,1,,,0,0,0.0,0,,,0,
3066,4,365.0,369.0,4,0,0.0,4,365.0,369.0,4,0.0
3067,1,,,0,0,0.0,0,,,0,
3068,1,,,0,0,0.0,0,,,0,
3069,1,,,0,0,0.0,0,,,0,
3070,2,365.0,365.0,0,0,0.0,2,365.0,365.0,0,0.0
3071,1,,,0,0,0.0,0,,,0,
3072,1,,,0,0,0.0,0,,,0,
3073,11,368.0,399.0,31,0,0.0,11,368.0,399.0,31,0.0
3074,2,368.0,368.0,0,0,0.0,2,368.0,368.0,0,0.0
3075,1,,,0,0,0.0,0,,,0,
3076,11,365.0,414.0,49,0,0.0,11,365.0,414.0,49,0.0
3077,3,367.0,376.0,9,0,0.0,3,367.0,376.0,9,0.0
3078,4,367.0,373.0,6,0,0.0,4,367.0,373.0,6,0.0
3079,1,,,0,0,0.0,0,,,0,
3080,41,371.0,486.0,115,0,0.0,13,371.0,420.0,49,0.0
3081,1,,,0,0,0.0,0,,,0,
3082,1,,,0,0,0.0,0,,,0,
3083,1,,,0,0,0.0,0,,,0,
3084,1,,,0,0,0.0,0,,,0,
3085,53,365.0,502.0,137,0,0.0,20,365.0,423.0,58,0.0
3086,3,366.0,372.0,6,0,0.0,3,366.0,372.0,6,0.0
3087,2,370.0,370.0,0,0,0.0,2,370.0,370.0,0,0.0
3088,1,,,0,0,0.0,0,,,0,
3089,2,369.0,369.0,0,0,0.0,2,369.0,369.0,0,0.0
3090,1,,,0,0,0.0,0,,,0,
3091,7,366.0,379.0,13,0,0.0,7,366.0,379.0,13,0.0
3092,33,368.0,433.0,65,0,0.0,29,368.0,422.0,54,0.0
3093,1,,,0,0,0.0,0,,,0,
3094,331,366.0,590.0,224,0,0.0,27,366.0,425.0,59,0.0
3095,2,366.0,366.0,0,0,0.0,2,366.0,366.0,0,0.0
3096,2,366.0,366.0,0,0,0.0,2,366.0,366.0,0,0.0
3097,176,367.0,579.0,212,0,0.0,27,367.0,425.0,58,0.0
3098,2,369.0,369.0,0,0,0.0,2,369.0,369.0,0,0.0
3099,16,367.0,403.0,36,1,0.0625,16,367.0,403.0,36,0.0625
3100,22,373.0,418.0,45,0,0.0,22,373.0,418.0,45,0.0
3101,1,,,0,0,0.0,0,,,0,
3102,6,366.0,392.0,26,0,0.0,6,366.0,392.0,26,0.0
3103,2,371.0,371.0,0,0,0.0,2,371.0,371.0,0,0.0
3104,1,,,0,0,0.0,0,,,0,
3105,1,,,0,0,0.0,0,,,0,
3106,1,,,0,0,0.0,0,,,0,
3107,5,367.0,374.0,7,0,0.0,5,367.0,374.0,7,0.0
3108,5,368.0,372.0,4,0,0.0,5,368.0,372.0,4,0.0
3109,1,,,0,0,0.0,0,,,0,
3110,1,,,0,0,0.0,0,,,0,
3111,2,374.0,374.0,0,0,0.0,2,374.0,374.0,0,0.0
3112,96,373.0,473.0,100,0,0.0,43,373.0,425.0,52,0.0
3113,1,,,0,0,0.0,0,,,0,
3114,2,370.0,370.0,0,0,0.0,2,370.0,370.0,0,0.0
3115,1,,,0,0,0.0,0,,,0,
3116,2,371.0,371.0,0,0,0.0,2,371.0,371.0,0,0.0
3117,2,368.0,368.0,0,0,0.0,2,368.0,368.0,0,0.0
3118,1,,,0,0,0.0,0,,,0,
3119,3,368.0,376.0,8,0,0.0,3,368.0,376.0,8,0.0
3120,1,,,0,0,0.0,0,,,0,
3121,1,,,0,0,0.0,0,,,0,
3122,2,370.0,370.0,0,0,0.0,2,370.0,370.0,0,0.0
3123,3,368.0,374.0,6,0,0.0,3,368.0,374.0,6,0.0
3124,3,371.0,372.0,1,0,0.0,3,371.0,372.0,1,0.0
3125,1,,,0,0,0.0,0,,,0,
3126,2,371.0,371.0,0,0,0.0,2,371.0,371.0,0,0.0
3127,22,372.0,426.0,54,0,0.0,21,372.0,424.0,52,0.0
3128,1,,,0,0,0.0,0,,,0,
3129,2,368.0,368.0,0,0,0.0,2,368.0,368.0,0,0.0
3130,2,371.0,371.0,0,0,0.0,2,371.0,371.0,0,0.0
3131,1,,,0,0,0.0,0,,,0,
3132,1,,,0,0,0.0,0,,,0,
3133,3,373.0,379.0,6,0,0.0,3,373.0,379.0,6,0.0
3134,1,,,0,0,0.0,0,,,0,
3135,4,368.0,377.0,9,0,0.0,4,368.0,377.0,9,0.0
3136,1,,,0,0,0.0,0,,,0,
3137,3,368.0,369.0,1,0,0.0,3,368.0,369.0,1,0.0
3138,2,374.0,374.0,0,0,0.0,2,374.0,374.0,0,0.0
3139,3,369.0,370.0,1,0,0.0,3,369.0,370.0,1,0.0
3140,1,,,0,0,0.0,0,,,0,
3141,1,,,0,0,0.0,0,,,0,
3142,1,,,0,0,0.0,0,,,0,
3143,1,,,0,0,0.0,0,,,0,
3144,4,372.0,378.0,6,0,0.0,4,372.0,378.0,6,0.0
3145,1,,,0,0,0.0,0,,,0,
3146,96,371.0,535.0,164,0,0.0,24,371.0,424.0,53,0.0
3147,2,372.0,372.0,0,0,0.0,2,372.0,372.0,0,0.0
3148,4,369.0,373.0,4,0,0.0,4,369.0,373.0,4,0.0
3149,7,371.0,380.0,9,0,0.0,7,371.0,380.0,9,0.0
3150,2,374.0,374.0,0,0,0.0,2,374.0,374.0,0,0.0
3151,1,,,0,0,0.0,0,,,0,
3152,2,371.0,371.0,0,0,0.0,2,371.0,371.0,0,0.0
3153,2,369.0,369.0,0,0,0.0,2,369.0,369.0,0,0.0
3154,1,,,0,0,0.0,0,,,0,
3155,22,371.0,448.0,77,0,0.0,18,371.0,425.0,54,0.0
3156,1,,,0,0,0.0,0,,,0,
3157,44,369.0,469.0,100,0,0.0,24,369.0,421.0,52,0.0
3158,5,369.0,375.0,6,0,0.0,5,369.0,375.0,6,0.0
3159,1,,,0,0,0.0,0,,,0,
3160,1,,,0,0,0.0,0,,,0,
3161,1,,,0,0,0.0,0,,,0,
3162,2,374.0,374.0,0,0,0.0,2,374.0,374.0,0,0.0
3163,1,,,0,0,0.0,0,,,0,
3164,2,376.0,376.0,0,0,0.0,2,376.0,376.0,0,0.0
3165,7,369.0,379.0,10,0,0.0,7,369.0,379.0,10,0.0
3166,5,369.0,383.0,14,0,0.0,5,369.0,383.0,14,0.0
3167,3,371.0,375.0,4,0,0.0,3,371.0,375.0,4,0.0
3168,1,,,0,0,0.0,0,,,0,
3169,1,,,0,0,0.0,0,,,0,
3170,1,,,0,0,0.0,0,,,0,
3171,19,369.0,428.0,59,0,0.0,18,369.0,425.0,56,0.0
3172,3252,371.0,699.0,328,1,0.0003075030750307503,89,371.0,425.0,54,0.011235955056179775
3173,35,369.0,449.0,80,0,0.0,24,369.0,423.0,54,0.0
3174,1,,,0,0,0.0,0,,,0,
3175,1,,,0,0,0.0,0,,,0,
3176,1,,,0,0,0.0,0,,,0,
3177,2,372.0,372.0,0,0,0.0,2,372.0,372.0,0,0.0
3178,85,369.0,477.0,108,0,0.0,35,369.0,425.0,56,0.0
3179,1,,,0,0,0.0,0,,,0,
3180,1,,,0,0,0.0,0,,,0,
3181,1,,,0,0,0.0,0,,,0,
3182,2,372.0,372.0,0,0,0.0,2,372.0,372.0,0,0.0
3183,4,370.0,382.0,12,0,0.0,4,370.0,382.0,12,0.0
3184,1,,,0,0,0.0,0,,,0,
3185,9,370.0,396.0,26,0,0.0,9,370.0,396.0,26,0.0
3186,3,370.0,371.0,1,0,0.0,3,370.0,371.0,1,0.0
3187,2,369.0,369.0,0,0,0.0,2,369.0,369.0,0,0.0
3188,3,370.0,371.0,1,0,0.0,3,370.0,371.0,1,0.0
3189,1,,,0,0,0.0,0,,,0,
3190,4,373.0,385.0,12,0,0.0,4,373.0,385.0,12,0.0
3191,1,,,0,0,0.0,0,,,0,
3192,1,,,0,0,0.0,0,,,0,
3193,1,,,0,0,0.0,0,,,0,
3194,1,,,0,0,0.0,0,,,0,
3195,2,372.0,372.0,0,0,0.0,2,372.0,372.0,0,0.0
3196,4,370.0,371.0,1,0,0.0,4,370.0,371.0,1,0.0
3197,2,375.0,375.0,0,0,0.0,2,375.0,375.0,0,0.0
3198,1,,,0,0,0.0,0,,,0,
3199,1,,,0,0,0.0,0,,,0,
3200,35,370.0,431.0,61,0,0.0,34,370.0,425.0,55,0.0
3201,1,,,0,0,0.0,0,,,0,
3202,27,370.0,407.0,37,0,0.0,27,370.0,407.0,37,0.0
3203,2,376.0,376.0,0,0,0.0,2,376.0,376.0,0,0.0
3204,6,371.0,378.0,7,0,0.0,6,371.0,378.0,7,0.0
3205,5,370.0,388.0,18,0,0.0,5,370.0,388.0,18,0.0
3206,2,372.0,372.0,0,0,0.0,2,372.0,372.0,0,0.0
3207,53,372.0,480.0,108,0,0.0,16,372.0,425.0,53,0.0
3208,1,,,0,0,0.0,0,,,0,
3209,2,372.0,372.0,0,0,0.0,2,372.0,372.0,0,0.0
3210,1,,,0,0,0.0,0,,,0,
3211,2,377.0,377.0,0,0,0.0,2,377.0,377.0,0,0.0
3212,78,371.0,483.0,112,0,0.0,52,371.0,425.0,54,0.0
3213,3,374.0,377.0,3,0,0.0,3,374.0,377.0,3,0.0
3214,1,,,0,0,0.0,0,,,0,
3215,4,370.0,386.0,16,0,0.0,4,370.0,386.0,16,0.0
3216,1,,,0,0,0.0,0,,,0,
3217,3,376.0,380.0,4,0,0.0,3,376.0,380.0,4,0.0
3218,13,371.0,408.0,37,0,0.0,13,371.0,408.0,37,0.0
3219,1,,,0,0,0.0,0,,,0,
3220,3,371.0,373.0,2,0,0.0,3,371.0,373.0,2,0.0
3221,1,,,0,0,0.0,0,,,0,
3222,1,,,0,0,0.0,0,,,0,
3223,1,,,0,0,0.0,0,,,0,
3224,2,377.0,377.0,0,0,0.0,2,377.0,377.0,0,0.0
3225,1,,,0,0,0.0,0,,,0,
3226,2,377.0,377.0,0,0,0.0,2,377.0,377.0,0,0.0
3227,3,370.0,372.0,2,0,0.0,3,370.0,372.0,2,0.0
3228,1,,,0,0,0.0,0,,,0,
3229,1,,,0,0,0.0,0,,,0,
3230,1,,,0,0,0.0,0,,,0,
3231,3,370.0,370.0,0,0,0.0,3,370.0,370.0,0,0.0
3232,1,,,0,0,0.0,0,,,0,
3233,2,371.0,371.0,0,0,0.0,2,371.0,371.0,0,0.0
3234,1,,,0,0,0.0,0,,,0,
3235,1,,,0,0,0.0,0,,,0,
3236,4,373.0,379.0,6,0,0.0,4,373.0,379.0,6,0.0
3237,1,,,0,0,0.0,0,,,0,
3238,1,,,0,0,0.0,0,,,0,
3239,1,,,0,0,0.0,0,,,0,
3240,2,375.0,375.0,0,0,0.0,2,375.0,375.0,0,0.0
3241,1,,,0,0,0.0,0,,,0,
3242,1,,,0,0,0.0,0,,,0,
3243,10,373.0,389.0,16,0,0.0,10,373.0,389.0,16,0.0
3244,3,372.0,376.0,4,0,0.0,3,372.0,376.0,4,0.0
3245,1,,,0,0,0.0,0,,,0,
3246,2,370.0,370.0,0,0,0.0,2,370.0,370.0,0,0.0
3247,1,,,0,0,0.0,0,,,0,
3248,4,370.0,377.0,7,0,0.0,4,370.0,377.0,7,0.0
3249,2,373.0,373.0,0,0,0.0,2,373.0,373.0,0,0.0
3250,2,371.0,371.0,0,0,0.0,2,371.0,371.0,0,0.0
3251,1,,,0,0,0.0,0,,,0,
3252,1,,,0,0,0.0,0,,,0,
3253,4,376.0,382.0,6,0,0.0,4,376.0,382.0,6,0.0
3254,1,,,0,0,0.0,0,,,0,
3255,1,,,0,0,0.0,0,,,0,
3256,1,,,0,0,0.0,0,,,0,
3257,1,,,0,0,0.0,0,,,0,
3258,7,373.0,391.0,18,0,0.0,7,373.0,391.0,18,0.0
3259,1,,,0,0,0.0,0,,,0,
3260,5,370.0,379.0,9,0,0.0,5,370.0,379.0,9,0.0
3261,22,370.0,429.0,59,0,0.0,21,370.0,425.0,55,0.0
3262,1,,,0,0,0.0,0,,,0,
3263,2,371.0,371.0,0,0,0.0,2,371.0,371.0,0,0.0
3264,4,375.0,383.0,8,0,0.0,4,375.0,383.0,8,0.0
3265,1,,,0,0,0.0,0,,,0,
3266,1,,,0,0,0.0,0,,,0,
3267,6,374.0,383.0,9,0,0.0,6,374.0,383.0,9,0.0
3268,1,,,0,0,0.0,0,,,0,
3269,1,,,0,0,0.0,0,,,0,
3270,1,,,0,0,0.0,0,,,0,
3271,2,373.0,373.0,0,0,0.0,2,373.0,373.0,0,0.0
3272,2,372.0,372.0,0,0,0.0,2,372.0,372.0,0,0.0
3273,2,372.0,372.0,0,0,0.0,2,372.0,372.0,0,0.0
3274,4,371.0,378.0,7,0,0.0,4,371.0,378.0,7,0.0
3275,1,,,0,0,0.0,0,,,0,
3276,1,,,0,0,0.0,0,,,0,
3277,3,371.0,373.0,2,0,0.0,3,371.0,373.0,2,0.0
3278,2,372.0,372.0,0,0,0.0,2,372.0,372.0,0,0.0
3279,4,371.0,381.0,10,0,0.0,4,371.0,381.0,10,0.0
3280,3,372.0,376.0,4,0,0.0,3,372.0,376.0,4,0.0
3281,1,,,0,0,0.0,0,,,0,
3282,1,,,0,0,0.0,0,,,0,
3283,13,373.0,396.0,23,0,0.0,13,373.0,396.0,23,0.0
3284,1,,,0,0,0.0,0,,,0,
3285,1,,,0,0,0.0,0,,,0,
3286,1,,,0,0,0.0,0,,,0,
3287,5,375.0,380.0,5,0,0.0,5,375.0,380.0,5,0.0
3288,1,,,0,0,0.0,0,,,0,
3289,1,,,0,0,0.0,0,,,0,
3290,2,375.0,375.0,0,0,0.0,2,375.0,375.0,0,0.0
3291,3,372.0,379.0,7,0,0.0,3,372.0,379.0,7,0.0
3292,1,,,0,0,0.0,0,,,0,
3293,2,374.0,374.0,0,0,0.0,2,374.0,374.0,0,0.0
3294,1,,,0,0,0.0,0,,,0,
3295,18,373.0,415.0,42,0,0.0,18,373.0,415.0,42,0.0
3296,3,377.0,381.0,4,0,0.0,3,377.0,381.0,4,0.0
3297,10,372.0,410.0,38,0,0.0,10,372.0,410.0,38,0.0
3298,1,,,0,0,0.0,0,,,0,
3299,5,376.0,389.0,13,0,0.0,5,376.0,389.0,13,0.0
3300,1,,,0,0,0.0,0,,,0,
3301,2,372.0,372.0,0,0,0.0,2,372.0,372.0,0,0.0
3302,2,372.0,372.0,0,0,0.0,2,372.0,372.0,0,0.0
3303,4,372.0,374.0,2,0,0.0,4,372.0,374.0,2,0.0
3304,4,376.0,387.0,11,0,0.0,4,376.0,387.0,11,0.0
3305,1,,,0,0,0.0,0,,,0,
3306,2,372.0,372.0,0,0,0.0,2,372.0,372.0,0,0.0
3307,1,,,0,0,0.0,0,,,0,
3308,1,,,0,0,0.0,0,,,0,
3309,1,,,0,0,0.0,0,,,0,
3310,1,,,0,0,0.0,0,,,0,
3311,11,373.0,411.0,38,0,0.0,11,373.0,411.0,38,0.0
3312,3,376.0,382.0,6,0,0.0,3,376.0,382.0,6,0.0
3313,1,,,0,0,0.0,0,,,0,
3314,4,373.0,378.0,5,0,0.0,4,373.0,378.0,5,0.0
3315,1,,,0,0,0.0,0,,,0,
3316,1,,,0,0,0.0,0,,,0,
3317,36,373.0,477.0,104,0,0.0,20,373.0,424.0,51,0.0
3318,1,,,0,0,0.0,0,,,0,
3319,1,,,0,0,0.0,0,,,0,
3320,2,373.0,373.0,0,0,0.0,2,373.0,373.0,0,0.0
3321,1,,,0,0,0.0,0,,,0,
3322,3,380.0,387.0,7,0,0.0,3,380.0,387.0,7,0.0
3323,1,,,0,0,0.0,0,,,0,
3324,1,,,0,0,0.0,0,,,0,
3325,2,374.0,374.0,0,0,0.0,2,374.0,374.0,0,0.0
3326,1,,,0,0,0.0,0,,,0,
3327,1,,,0,0,0.0,0,,,0,
3328,43,375.0,433.0,58,0,0.0,41,375.0,424.0,49,0.0
3329,12,375.0,411.0,36,0,0.0,12,375.0,411.0,36,0.0
3330,2,375.0,375.0,0,0,0.0,2,375.0,375.0,0,0.0
3331,1,,,0,0,0.0,0,,,0,
3332,2,377.0,377.0,0,0,0.0,2,377.0,377.0,0,0.0
3333,1,,,0,0,0.0,0,,,0,
3334,2,378.0,378.0,0,0,0.0,2,378.0,378.0,0,0.0
3335,2,380.0,380.0,0,0,0.0,2,380.0,380.0,0,0.0
3336,1,,,0,0,0.0,0,,,0,
3337,1,,,0,0,0.0,0,,,0,
3338,1,,,0,0,0.0,0,,,0,
3339,1,,,0,0,0.0,0,,,0,
3340,3,378.0,380.0,2,0,0.0,3,378.0,380.0,2,0.0
3341,2,378.0,378.0,0,0,0.0,2,378.0,378.0,0,0.0
3342,3,378.0,382.0,4,0,0.0,3,378.0,382.0,4,0.0
3343,2,378.0,378.0,0,0,0.0,2,378.0,378.0,0,0.0
3344,1,,,0,0,0.0,0,,,0,
3345,2,382.0,382.0,0,0,0.0,2,382.0,382.0,0,0.0
3346,2,378.0,378.0,0,0,0.0,2,378.0,378.0,0,0.0
3347,1,,,0,0,0.0,0,,,0,
3348,54,377.0,475.0,98,0,0.0,28,377.0,425.0,48,0.0
3349,2,379.0,379.0,0,0,0.0,2,379.0,379.0,0,0.0
3350,6,378.0,390.0,12,0,0.0,6,378.0,390.0,12,0.0
3351,2,377.0,377.0,0,0,0.0,2,377.0,377.0,0,0.0
3352,1,,,0,0,0.0,0,,,0,
3353,1,,,0,0,0.0,0,,,0,
3354,1,,,0,0,0.0,0,,,0,
3355,21,380.0,443.0,63,0,0.0,15,380.0,418.0,38,0.0
3356,1,,,0,0,0.0,0,,,0,
3357,1,,,0,0,0.0,0,,,0,
3358,12,375.0,414.0,39,0,0.0,12,375.0,414.0,39,0.0
3359,1,,,0,0,0.0,0,,,0,
3360,1,,,0,0,0.0,0,,,0,
3361,1,,,0,0,0.0,0,,,0,
3362,7,375.0,394.0,19,0,0.0,7,375.0,394.0,19,0.0
3363,1,,,0,0,0.0,0,,,0,
3364,1,,,0,0,0.0,0,,,0,
3365,1,,,0,0,0.0,0,,,0,
3366,1,,,0,0,0.0,0,,,0,
3367,1,,,0,0,0.0,0,,,0,
3368,1,,,0,0,0.0,0,,,0,
3369,9,381.0,416.0,35,0,0.0,9,381.0,416.0,35,0.0
3370,2,375.0,375.0,0,0,0.0,2,375.0,375.0,0,0.0
3371,1,,,0,0,0.0,0,,,0,
3372,30,375.0,473.0,98,0,0.0,17,375.0,424.0,49,0.0
3373,1,,,0,0,0.0,0,,,0,
3374,510,376.0,637.0,261,0,0.0,69,376.0,425.0,49,0.0
3375,1,,,0,0,0.0,0,,,0,
3376,2,376.0,376.0,0,0,0.0,2,376.0,376.0,0,0.0
3377,15,379.0,422.0,43,0,0.0,15,379.0,422.0,43,0.0
3378,4,376.0,384.0,8,0,0.0,4,376.0,384.0,8,0.0
3379,10,380.0,401.0,21,0,0.0,10,380.0,401.0,21,0.0
3380,1,,,0,0,0.0,0,,,0,
3381,2,384.0,384.0,0,0,0.0,2,384.0,384.0,0,0.0
3382,5,376.0,379.0,3,0,0.0,5,376.0,379.0,3,0.0
3383,20,379.0,433.0,54,0,0.0,15,379.0,424.0,45,0.0
3384,1,,,0,0,0.0,0,,,0,
3385,1,,,0,0,0.0,0,,,0,
3386,2,381.0,381.0,0,0,0.0,2,381.0,381.0,0,0.0
3387,2,378.0,378.0,0,0,0.0,2,378.0,378.0,0,0.0
3388,1,,,0,0,0.0,0,,,0,
3389,1,,,0,0,0.0,0,,,0,
3390,2,379.0,379.0,0,0,0.0,2,379.0,379.0,0,0.0
3391,3,376.0,381.0,5,0,0.0,3,376.0,381.0,5,0.0
3392,1,,,0,0,0.0,0,,,0,
3393,1,,,0,0,0.0,0,,,0,
3394,22,376.0,431.0,55,0,0.0,20,376.0,425.0,49,0.0
3395,1,,,0,0,0.0,0,,,0,
3396,1,,,0,0,0.0,0,,,0,
3397,13,380.0,409.0,29,0,0.0,13,380.0,409.0,29,0.0
3398,1,,,0,0,0.0,0,,,0,
3399,2,377.0,377.0,0,0,0.0,2,377.0,377.0,0,0.0
3400,1,,,0,0,0.0,0,,,0,
3401,1,,,0,0,0.0,0,,,0,
3402,2,377.0,377.0,0,0,0.0,2,377.0,377.0,0,0.0
3403,1,,,0,0,0.0,0,,,0,
3404,4,380.0,388.0,8,0,0.0,4,380.0,388.0,8,0.0
3405,1,,,0,0,0.0,0,,,0,
3406,21,376.0,423.0,47,0,0.0,21,376.0,423.0,47,0.0
3407,1,,,0,0,0.0,0,,,0,
3408,5,376.0,383.0,7,0,0.0,5,376.0,383.0,7,0.0
3409,1,,,0,0,0.0,0,,,0,
3410,799,379.0,699.0,320,0,0.0,20,379.0,422.0,43,0.0
3411,1,,,0,0,0.0,0,,,0,
3412,3,378.0,383.0,5,0,0.0,3,378.0,383.0,5,0.0
3413,2,376.0,376.0,0,0,0.0,2,376.0,376.0,0,0.0
3414,2,386.0,386.0,0,0,0.0,2,386.0,386.0,0,0.0
3415,1,,,0,0,0.0,0,,,0,
3416,1,,,0,0,0.0,0,,,0,
3417,341,382.0,698.0,316,0,0.0,32,382.0,425.0,43,0.0
3418,140,377.0,511.0,134,1,0.007142857142857143,57,377.0,425.0,48,0.017543859649122806
3419,2,384.0,384.0,0,0,0.0,2,384.0,384.0,0,0.0
3420,39,380.0,434.0,54,0,0.0,36,380.0,425.0,45,0.0
3421,7,380.0,408.0,28,0,0.0,7,380.0,408.0,28,0.0
3422,2,379.0,379.0,0,0,0.0,2,379.0,379.0,0,0.0
3423,1,,,0,0,0.0,0,,,0,
3424,68,386.0,457.0,71,0,0.0,50,386.0,425.0,39,0.0
3425,1,,,0,0,0.0,0,,,0,
3426,3,382.0,385.0,3,0,0.0,3,382.0,385.0,3,0.0
3427,4,381.0,387.0,6,0,0.0,4,381.0,387.0,6,0.0
3428,1,,,0,0,0.0,0,,,0,
3429,2,384.0,384.0,0,0,0.0,2,384.0,384.0,0,0.0
3430,2,379.0,379.0,0,0,0.0,2,379.0,379.0,0,0.0
3431,337,378.0,529.0,151,1,0.002967359050445104,31,378.0,425.0,47,0.03225806451612903
3432,3,383.0,387.0,4,0,0.0,3,383.0,387.0,4,0.0
3433,4,379.0,384.0,5,0,0.0,4,379.0,384.0,5,0.0
3434,1,,,0,0,0.0,0,,,0,
3435,1,,,0,0,0.0,0,,,0,
3436,3,382.0,389.0,7,0,0.0,3,382.0,389.0,7,0.0
3437,2,378.0,378.0,0,0,0.0,2,378.0,378.0,0,0.0
3438,1,,,0,0,0.0,0,,,0,
3439,1,,,0,0,0.0,0,,,0,
3440,1,,,0,0,0.0,0,,,0,
3441,214,377.0,555.0,178,0,0.0,46,377.0,425.0,48,0.0
3442,1,,,0,0,0.0,0,,,0,
3443,1,,,0,0,0.0,0,,,0,
3444,3,381.0,381.0,0,0,0.0,3,381.0,381.0,0,0.0
3445,1,,,0,0,0.0,0,,,0,
3446,1,,,0,0,0.0,0,,,0,
3447,2,382.0,382.0,0,0,0.0,2,382.0,382.0,0,0.0
3448,3,378.0,382.0,4,0,0.0,3,378.0,382.0,4,0.0
3449,1,,,0,0,0.0,0,,,0,
3450,4,380.0,389.0,9,0,0.0,4,380.0,389.0,9,0.0
3451,363,381.0,603.0,222,0,0.0,49,381.0,425.0,44,0.0
3452,1,,,0,0,0.0,0,,,0,
3453,1,,,0,0,0.0,0,,,0,
3454,2,381.0,381.0,0,0,0.0,2,381.0,381.0,0,0.0
3455,2,381.0,381.0,0,0,0.0,2,381.0,381.0,0,0.0
3456,2,379.0,379.0,0,0,0.0,2,379.0,379.0,0,0.0
3457,1,,,0,0,0.0,0,,,0,
3458,1,,,0,0,0.0,0,,,0,
3459,1,,,0,0,0.0,0,,,0,
3460,2,383.0,383.0,0,0,0.0,2,383.0,383.0,0,0.0
3461,1,,,0,0,0.0,0,,,0,
3462,2,380.0,380.0,0,0,0.0,2,380.0,380.0,0,0.0
3463,1,,,0,0,0.0,0,,,0,
3464,1048,381.0,681.0,300,0,0.0,51,381.0,425.0,44,0.0
3465,2,380.0,380.0,0,0,0.0,2,380.0,380.0,0,0.0
3466,7,381.0,392.0,11,0,0.0,7,381.0,392.0,11,0.0
3467,1,,,0,0,0.0,0,,,0,
3468,5,383.0,393.0,10,0,0.0,5,383.0,393.0,10,0.0
3469,2,380.0,380.0,0,0,0.0,2,380.0,380.0,0,0.0
3470,2,389.0,389.0,0,0,0.0,2,389.0,389.0,0,0.0
3471,12,381.0,408.0,27,0,0.0,12,381.0,408.0,27,0.0
3472,7,380.0,397.0,17,0,0.0,7,380.0,397.0,17,0.0
3473,9,379.0,413.0,34,0,0.0,9,379.0,413.0,34,0.0
3474,1,,,0,0,0.0,0,,,0,
3475,58,382.0,535.0,153,0,0.0,18,382.0,424.0,42,0.0
3476,3,390.0,400.0,10,0,0.0,3,390.0,400.0,10,0.0
3477,2,381.0,381.0,0,0,0.0,2,381.0,381.0,0,0.0
3478,1,,,0,0,0.0,0,,,0,
3479,2,384.0,384.0,0,0,0.0,2,384.0,384.0,0,0.0
3480,48,381.0,474.0,93,0,0.0,16,381.0,425.0,44,0.0
3481,3,380.0,383.0,3,0,0.0,3,380.0,383.0,3,0.0
3482,1,,,0,0,0.0,0,,,0,
3483,1,,,0,0,0.0,0,,,0,
3484,43,382.0,461.0,79,0,0.0,22,382.0,421.0,39,0.0
3485,1,,,0,0,0.0,0,,,0,
3486,1,,,0,0,0.0,0,,,0,
3487,1,,,0,0,0.0,0,,,0,
3488,1,,,0,0,0.0,0,,,0,
3489,10,379.0,390.0,11,0,0.0,10,379.0,390.0,11,0.0
3490,449,382.0,699.0,317,0,0.0,82,382.0,425.0,43,0.0
3491,2,381.0,381.0,0,0,0.0,2,381.0,381.0,0,0.0
3492,2,381.0,381.0,0,0,0.0,2,381.0,381.0,0,0.0
3493,1,,,0,0,0.0,0,,,0,
3494,2,380.0,380.0,0,0,0.0,2,380.0,380.0,0,0.0
3495,4,383.0,392.0,9,0,0.0,4,383.0,392.0,9,0.0
3496,1,,,0,0,0.0,0,,,0,
3497,1,,,0,0,0.0,0,,,0,
3498,1,,,0,0,0.0,0,,,0,
3499,1,,,0,0,0.0,0,,,0,
3500,1,,,0,0,0.0,0,,,0,
3501,55,385.0,466.0,81,0,0.0,27,385.0,424.0,39,0.0
3502,1,,,0,0,0.0,0,,,0,
3503,3,381.0,386.0,5,0,0.0,3,381.0,386.0,5,0.0
3504,2,383.0,383.0,0,0,0.0,2,383.0,383.0,0,0.0
3505,1,,,0,0,0.0,0,,,0,
3506,1,,,0,0,0.0,0,,,0,
3507,3,381.0,381.0,0,0,0.0,3,381.0,381.0,0,0.0
3508,3,383.0,388.0,5,0,0.0,3,383.0,388.0,5,0.0
3509,1,,,0,0,0.0,0,,,0,
3510,2,386.0,386.0,0,0,0.0,2,386.0,386.0,0,0.0
3511,2,382.0,382.0,0,0,0.0,2,382.0,382.0,0,0.0
3512,1,,,0,0,0.0,0,,,0,
3513,2,386.0,386.0,0,0,0.0,2,386.0,386.0,0,0.0
3514,8,386.0,408.0,22,0,0.0,8,386.0,408.0,22,0.0
3515,1,,,0,0,0.0,0,,,0,
3516,1,,,0,0,0.0,0,,,0,
3517,1,,,0,0,0.0,0,,,0,
3518,2,385.0,385.0,0,0,0.0,2,385.0,385.0,0,0.0
3519,1,,,0,0,0.0,0,,,0,
3520,12,385.0,406.0,21,0,0.0,12,385.0,406.0,21,0.0
3521,28,383.0,460.0,77,0,0.0,19,383.0,419.0,36,0.0
3522,6,382.0,394.0,12,0,0.0,6,382.0,394.0,12,0.0
3523,1,,,0,0,0.0,0,,,0,
3524,6,383.0,392.0,9,0,0.0,6,383.0,392.0,9,0.0
3525,5,386.0,404.0,18,0,0.0,5,386.0,404.0,18,0.0
3526,3,385.0,388.0,3,0,0.0,3,385.0,388.0,3,0.0
3527,2,384.0,384.0,0,0,0.0,2,384.0,384.0,0,0.0
3528,1,,,0,0,0.0,0,,,0,
3529,33,386.0,444.0,58,0,0.0,18,386.0,424.0,38,0.0
3530,72,386.0,512.0,126,0,0.0,16,386.0,424.0,38,0.0
3531,1,,,0,0,0.0,0,,,0,
3532,1,,,0,0,0.0,0,,,0,
3533,1,,,0,0,0.0,0,,,0,
3534,2,387.0,387.0,0,0,0.0,2,387.0,387.0,0,0.0
3535,1,,,0,0,0.0,0,,,0,
3536,1,,,0,0,0.0,0,,,0,
3537,2,383.0,383.0,0,0,0.0,2,383.0,383.0,0,0.0
3538,2,385.0,385.0,0,0,0.0,2,385.0,385.0,0,0.0
3539,1,,,0,0,0.0,0,,,0,
3540,67,382.0,492.0,110,0,0.0,30,382.0,425.0,43,0.0
3541,1,,,0,0,0.0,0,,,0,
3542,9,384.0,408.0,24,0,0.0,9,384.0,408.0,24,0.0
3543,1,,,0,0,0.0,0,,,0,
3544,4,385.0,386.0,1,0,0.0,4,385.0,386.0,1,0.0
3545,3,383.0,387.0,4,0,0.0,3,383.0,387.0,4,0.0
3546,9,384.0,406.0,22,0,0.0,9,384.0,406.0,22,0.0
3547,1,,,0,0,0.0,0,,,0,
3548,1,,,0,0,0.0,0,,,0,
3549,1,,,0,0,0.0,0,,,0,
3550,2,382.0,382.0,0,0,0.0,2,382.0,382.0,0,0.0
3551,1,,,0,0,0.0,0,,,0,
3552,5,386.0,395.0,9,0,0.0,5,386.0,395.0,9,0.0
3553,1,,,0,0,0.0,0,,,0,
3554,1,,,0,0,0.0,0,,,0,
3555,5,382.0,390.0,8,0,0.0,5,382.0,390.0,8,0.0
3556,8,385.0,416.0,31,0,0.0,8,385.0,416.0,31,0.0
3557,9,382.0,404.0,22,0,0.0,9,382.0,404.0,22,0.0
3558,1,,,0,0,0.0,0,,,0,
3559,1,,,0,0,0.0,0,,,0,
3560,2,387.0,387.0,0,0,0.0,2,387.0,387.0,0,0.0
3561,1,,,0,0,0.0,0,,,0,
3562,2,385.0,385.0,0,0,0.0,2,385.0,385.0,0,0.0
3563,1,,,0,0,0.0,0,,,0,
3564,6,387.0,399.0,12,0,0.0,6,387.0,399.0,12,0.0
3565,3,383.0,397.0,14,0,0.0,3,383.0,397.0,14,0.0
3566,2,384.0,384.0,0,0,0.0,2,384.0,384.0,0,0.0
3567,1,,,0,0,0.0,0,,,0,
3568,1,,,0,0,0.0,0,,,0,
3569,1,,,0,0,0.0,0,,,0,
3570,11,383.0,424.0,41,0,0.0,11,383.0,424.0,41,0.0
3571,48,383.0,496.0,113,2,0.041666666666666664,33,383.0,425.0,42,0.06060606060606061
3572,2,383.0,383.0,0,0,0.0,2,383.0,383.0,0,0.0
3573,1,,,0,0,0.0,0,,,0,
3574,6,383.0,399.0,16,0,0.0,6,383.0,399.0,16,0.0
3575,2,387.0,387.0,0,0,0.0,2,387.0,387.0,0,0.0
3576,1,,,0,0,0.0,0,,,0,
3577,1,,,0,0,0.0,0,,,0,
3578,236,383.0,630.0,247,0,0.0,15,383.0,424.0,41,0.0
3579,7,387.0,405.0,18,0,0.0,7,387.0,405.0,18,0.0
3580,1,,,0,0,0.0,0,,,0,
3581,1,,,0,0,0.0,0,,,0,
3582,2,390.0,390.0,0,0,0.0,2,390.0,390.0,0,0.0
3583,4,383.0,385.0,2,0,0.0,4,383.0,385.0,2,0.0
3584,2,394.0,394.0,0,0,0.0,2,394.0,394.0,0,0.0
3585,3,386.0,387.0,1,0,0.0,3,386.0,387.0,1,0.0
3586,993,384.0,650.0,266,0,0.0,45,384.0,425.0,41,0.0
3587,1,,,0,0,0.0,0,,,0,
3588,1,,,0,0,0.0,0,,,0,
3589,3,384.0,394.0,10,0,0.0,3,384.0,394.0,10,0.0
3590,1,,,0,0,0.0,0,,,0,
3591,3,384.0,390.0,6,0,0.0,3,384.0,390.0,6,0.0
3592,62,389.0,474.0,85,0,0.0,16,389.0,425.0,36,0.0
3593,7,384.0,398.0,14,0,0.0,7,384.0,398.0,14,0.0
3594,12,385.0,413.0,28,0,0.0,12,385.0,413.0,28,0.0
3595,29,387.0,465.0,78,0,0.0,14,387.0,425.0,38,0.0
3596,4,384.0,392.0,8,1,0.25,4,384.0,392.0,8,0.25
3597,9,386.0,418.0,32,0,0.0,9,386.0,418.0,32,0.0
3598,1,,,0,0,0.0,0,,,0,
3599,5,391.0,402.0,11,0,0.0,5,391.0,402.0,11,0.0
3600,5,385.0,393.0,8,0,0.0,5,385.0,393.0,8,0.0
3601,1,,,0,0,0.0,0,,,0,
3602,1,,,0,0,0.0,0,,,0,
3603,4,387.0,408.0,21,0,0.0,4,387.0,408.0,21,0.0
3604,6,387.0,407.0,20,0,0.0,6,387.0,407.0,20,0.0
3605,1,,,0,0,0.0,0,,,0,
3606,5,385.0,394.0,9,0,0.0,5,385.0,394.0,9,0.0
3607,1,,,0,0,0.0,0,,,0,
3608,2,386.0,386.0,0,0,0.0,2,386.0,386.0,0,0.0
3609,40,384.0,465.0,81,0,0.0,25,384.0,424.0,40,0.0
3610,1,,,0,0,0.0,0,,,0,
3611,2,386.0,386.0,0,0,0.0,2,386.0,386.0,0,0.0
3612,2,387.0,387.0,0,0,0.0,2,387.0,387.0,0,0.0
3613,3,388.0,393.0,5,0,0.0,3,388.0,393.0,5,0.0
3614,1,,,0,0,0.0,0,,,0,
3615,4,389.0,404.0,15,0,0.0,4,389.0,404.0,15,0.0
3616,1,,,0,0,0.0,0,,,0,
3617,2,390.0,390.0,0,0,0.0,2,390.0,390.0,0,0.0
3618,133,388.0,471.0,83,0,0.0,79,388.0,425.0,37,0.0
3619,1,,,0,0,0.0,0,,,0,
3620,2,387.0,387.0,0,0,0.0,2,387.0,387.0,0,0.0
3621,3,389.0,396.0,7,0,0.0,3,389.0,396.0,7,0.0
3622,1,,,0,0,0.0,0,,,0,
3623,1,,,0,0,0.0,0,,,0,
3624,1,,,0,0,0.0,0,,,0,
3625,1,,,0,0,0.0,0,,,0,
3626,3,387.0,392.0,5,0,0.0,3,387.0,392.0,5,0.0
3627,4,388.0,400.0,12,0,0.0,4,388.0,400.0,12,0.0
3628,1,,,0,0,0.0,0,,,0,
3629,59,386.0,474.0,88,0,0.0,15,386.0,425.0,39,0.0
3630,1,,,0,0,0.0,0,,,0,
3631,27,390.0,452.0,62,0,0.0,15,390.0,424.0,34,0.0
3632,1,,,0,0,0.0,0,,,0,
3633,1,,,0,0,0.0,0,,,0,
3634,1,,,0,0,0.0,0,,,0,
3635,2,393.0,393.0,0,0,0.0,2,393.0,393.0,0,0.0
3636,1,,,0,0,0.0,0,,,0,
3637,1,,,0,0,0.0,0,,,0,
3638,284,389.0,614.0,225,0,0.0,30,389.0,425.0,36,0.0
3639,1,,,0,0,0.0,0,,,0,
3640,13,389.0,433.0,44,0,0.0,12,389.0,425.0,36,0.0
3641,2,389.0,389.0,0,0,0.0,2,389.0,389.0,0,0.0
3642,1,,,0,0,0.0,0,,,0,
3643,1,,,0,0,0.0,0,,,0,
3644,1,,,0,0,0.0,0,,,0,
3645,2,388.0,388.0,0,0,0.0,2,388.0,388.0,0,0.0
3646,1,,,0,0,0.0,0,,,0,
3647,3,388.0,389.0,1,0,0.0,3,388.0,389.0,1,0.0
3648,1,,,0,0,0.0,0,,,0,
3649,1,,,0,0,0.0,0,,,0,
3650,1,,,0,0,0.0,0,,,0,
3651,59,388.0,447.0,59,0,0.0,46,388.0,425.0,37,0.0
3652,1,,,0,0,0.0,0,,,0,
3653,1,,,0,0,0.0,0,,,0,
3654,189,395.0,529.0,134,0,0.0,33,395.0,425.0,30,0.0
3655,9,391.0,419.0,28,0,0.0,9,391.0,419.0,28,0.0
3656,37,389.0,440.0,51,0,0.0,34,389.0,423.0,34,0.0
3657,1,,,0,0,0.0,0,,,0,
3658,2,391.0,391.0,0,0,0.0,2,391.0,391.0,0,0.0
3659,2,389.0,389.0,0,0,0.0,2,389.0,389.0,0,0.0
3660,1,,,0,0,0.0,0,,,0,
3661,37,390.0,461.0,71,0,0.0,22,390.0,425.0,35,0.0
3662,1,,,0,0,0.0,0,,,0,
3663,10,389.0,408.0,19,0,0.0,10,389.0,408.0,19,0.0
3664,1,,,0,0,0.0,0,,,0,
3665,2,395.0,395.0,0,0,0.0,2,395.0,395.0,0,0.0
3666,1,,,0,0,0.0,0,,,0,
3667,155,395.0,504.0,109,1,0.0064516129032258064,51,395.0,423.0,28,0.0196078431372549
3668,3,394.0,399.0,5,0,0.0,3,394.0,399.0,5,0.0
3669,1,,,0,0,0.0,0,,,0,
3670,33,394.0,461.0,67,0,0.0,18,394.0,422.0,28,0.0
3671,106,392.0,556.0,164,0,0.0,27,392.0,423.0,31,0.0
3672,1,,,0,0,0.0,0,,,0,
3673,125,392.0,495.0,103,0,0.0,48,392.0,424.0,32,0.0
3674,6,391.0,404.0,13,0,0.0,6,391.0,404.0,13,0.0
3675,1,,,0,0,0.0,0,,,0,
3676,1,,,0,0,0.0,0,,,0,
3677,14,391.0,438.0,47,0,0.0,11,391.0,424.0,33,0.0
3678,2,393.0,393.0,0,0,0.0,2,393.0,393.0,0,0.0
3679,1,,,0,0,0.0,0,,,0,
3680,3,394.0,397.0,3,0,0.0,3,394.0,397.0,3,0.0
3681,3,393.0,394.0,1,0,0.0,3,393.0,394.0,1,0.0
3682,2,395.0,395.0,0,0,0.0,2,395.0,395.0,0,0.0
3683,1,,,0,0,0.0,0,,,0,
3684,1,,,0,0,0.0,0,,,0,
3685,1,,,0,0,0.0,0,,,0,
3686,2,393.0,393.0,0,0,0.0,2,393.0,393.0,0,0.0
3687,4,393.0,404.0,11,0,0.0,4,393.0,404.0,11,0.0
3688,1,,,0,0,0.0,0,,,0,
3689,4,391.0,399.0,8,0,0.0,4,391.0,399.0,8,0.0
3690,160,393.0,525.0,132,1,0.00625,42,393.0,425.0,32,0.023809523809523808
3691,7,394.0,410.0,16,0,0.0,7,394.0,410.0,16,0.0
3692,1,,,0,0,0.0,0,,,0,
3693,1,,,0,0,0.0,0,,,0,
3694,1,,,0,0,0.0,0,,,0,
3695,1,,,0,0,0.0,0,,,0,
3696,1,,,0,0,0.0,0,,,0,
3697,1,,,0,0,0.0,0,,,0,
3698,5,394.0,422.0,28,0,0.0,5,394.0,422.0,28,0.0
3699,1,,,0,0,0.0,0,,,0,
3700,5,394.0,402.0,8,0,0.0,5,394.0,402.0,8,0.0
3701,1,,,0,0,0.0,0,,,0,
3702,1,,,0,0,0.0,0,,,0,
3703,15,398.0,436.0,38,0,0.0,13,398.0,425.0,27,0.0
3704,1,,,0,0,0.0,0,,,0,
3705,23,400.0,456.0,56,0,0.0,8,400.0,425.0,25,0.0
3706,20,400.0,447.0,47,0,0.0,8,400.0,422.0,22,0.0
3707,1,,,0,0,0.0,0,,,0,
3708,1,,,0,0,0.0,0,,,0,
3709,1,,,0,0,0.0,0,,,0,
3710,1,,,0,0,0.0,0,,,0,
3711,25,396.0,453.0,57,0,0.0,17,396.0,425.0,29,0.0
3712,149,397.0,536.0,139,0,0.0,22,397.0,425.0,28,0.0
3713,1,,,0,0,0.0,0,,,0,
3714,1,,,0,0,0.0,0,,,0,
3715,1,,,0,0,0.0,0,,,0,
3716,3,396.0,398.0,2,0,0.0,3,396.0,398.0,2,0.0
3717,1,,,0,0,0.0,0,,,0,
3718,2,396.0,396.0,0,0,0.0,2,396.0,396.0,0,0.0
3719,1,,,0,0,0.0,0,,,0,
3720,2,400.0,400.0,0,0,0.0,2,400.0,400.0,0,0.0
3721,2,399.0,399.0,0,0,0.0,2,399.0,399.0,0,0.0
3722,23,400.0,446.0,46,0,0.0,11,400.0,422.0,22,0.0
3723,2,401.0,401.0,0,0,0.0,2,401.0,401.0,0,0.0
3724,1131,400.0,699.0,299,0,0.0,22,400.0,425.0,25,0.0
3725,1,,,0,0,0.0,0,,,0,
3726,6,398.0,424.0,26,0,0.0,6,398.0,424.0,26,0.0
3727,2,400.0,400.0,0,0,0.0,2,400.0,400.0,0,0.0
3728,2,398.0,398.0,0,0,0.0,2,398.0,398.0,0,0.0
3729,2,402.0,402.0,0,0,0.0,2,402.0,402.0,0,0.0
3730,1,,,0,0,0.0,0,,,0,
3731,1,,,0,0,0.0,0,,,0,
3732,2,403.0,403.0,0,0,0.0,2,403.0,403.0,0,0.0
3733,2,403.0,403.0,0,0,0.0,2,403.0,403.0,0,0.0
3734,2,400.0,400.0,0,0,0.0,2,400.0,400.0,0,0.0
3735,2,401.0,401.0,0,0,0.0,2,401.0,401.0,0,0.0
3736,1,,,0,0,0.0,0,,,0,
3737,1,,,0,0,0.0,0,,,0,
3738,5,401.0,407.0,6,0,0.0,5,401.0,407.0,6,0.0
3739,27,404.0,468.0,64,0,0.0,11,404.0,425.0,21,0.0
3740,1,,,0,0,0.0,0,,,0,
3741,2,404.0,404.0,0,0,0.0,2,404.0,404.0,0,0.0
3742,4,404.0,416.0,12,0,0.0,4,404.0,416.0,12,0.0
3743,2,403.0,403.0,0,0,0.0,2,403.0,403.0,0,0.0
3744,7,404.0,427.0,23,0,0.0,6,404.0,421.0,17,0.0
3745,4,403.0,406.0,3,0,0.0,4,403.0,406.0,3,0.0
3746,23,409.0,458.0,49,0,0.0,7,409.0,424.0,15,0.0
3747,2,408.0,408.0,0,0,0.0,2,408.0,408.0,0,0.0
3748,5,405.0,413.0,8,0,0.0,5,405.0,413.0,8,0.0
3749,1,,,0,0,0.0,0,,,0,
3750,1,,,0,0,0.0,0,,,0,
3751,2,405.0,405.0,0,0,0.0,2,405.0,405.0,0,0.0
3752,2,411.0,411.0,0,0,0.0,2,411.0,411.0,0,0.0
3753,1,,,0,0,0.0,0,,,0,
3754,1,,,0,0,0.0,0,,,0,
3755,5,405.0,419.0,14,0,0.0,5,405.0,419.0,14,0.0
3756,1,,,0,0,0.0,0,,,0,
3757,1,,,0,0,0.0,0,,,0,
3758,2,406.0,406.0,0,0,0.0,2,406.0,406.0,0,0.0
3759,1,,,0,0,0.0,0,,,0,
3760,6,408.0,428.0,20,0,0.0,5,408.0,423.0,15,0.0
3761,2,411.0,411.0,0,0,0.0,2,411.0,411.0,0,0.0
3762,7,412.0,423.0,11,0,0.0,7,412.0,423.0,11,0.0
3763,1,,,0,0,0.0,0,,,0,
3764,1,,,0,0,0.0,0,,,0,
3765,1,,,0,0,0.0,0,,,0,
3766,1,,,0,0,0.0,0,,,0,
3767,1,,,0,0,0.0,0,,,0,
3768,12,413.0,436.0,23,0,0.0,6,413.0,422.0,9,0.0
3769,49,413.0,525.0,112,0,0.0,13,413.0,422.0,9,0.0
3770,3,430.0,431.0,1,0,0.0,0,,,0,
3771,1,,,0,0,0.0,0,,,0,
3772,1,,,0,0,0.0,0,,,0,
3773,3,497.0,502.0,5,0,0.0,0,,,0,
3774,1,,,0,0,0.0,0,,,0,
3775,1,47.0,47.0,0,0,0.0,0,,,0,
3776,1,47.0,47.0,0,0,0.0,0,,,0,
3777,1,50.0,50.0,0,0,0.0,0,,,0,
3778,1,56.0,56.0,0,0,0.0,0,,,0,
3779,1,70.0,70.0,0,0,0.0,0,,,0,
3780,1,77.0,77.0,0,0,0.0,0,,,0,
3781,1,82.0,82.0,0,0,0.0,0,,,0,
3782,1,84.0,84.0,0,0,0.0,0,,,0,
3783,1,87.0,87.0,0,0,0.0,0,,,0,
3784,1,89.0,89.0,0,0,0.0,0,,,0,
3785,1,89.0,89.0,0,0,0.0,0,,,0,
3786,1,90.0,90.0,0,0,0.0,0,,,0,
3787,1,91.0,91.0,0,0,0.0,0,,,0,
3788,1,92.0,92.0,0,0,0.0,0,,,0,
3789,1,93.0,93.0,0,0,0.0,0,,,0,
3790,1,97.0,97.0,0,0,0.0,0,,,0,
3791,1,97.0,97.0,0,0,0.0,0,,,0,
3792,1,97.0,97.0,0,0,0.0,0,,,0,
3793,1,98.0,98.0,0,0,0.0,0,,,0,
3794,1,98.0,98.0,0,0,0.0,0,,,0,
3795,1,98.0,98.0,0,0,0.0,0,,,0,
3796,1,100.0,100.0,0,0,0.0,0,,,0,
3797,1,101.0,101.0,0,0,0.0,0,,,0,
3798,1,101.0,101.0,0,0,0.0,0,,,0,
3799,1,101.0,101.0,0,0,0.0,0,,,0,
3800,1,101.0,101.0,0,0,0.0,0,,,0,
3801,1,102.0,102.0,0,0,0.0,0,,,0,
3802,1,103.0,103.0,0,0,0.0,0,,,0,
3803,1,104.0,104.0,0,0,0.0,0,,,0,
3804,1,104.0,104.0,0,0,0.0,0,,,0,
3805,1,105.0,105.0,0,0,0.0,0,,,0,
3806,1,106.0,106.0,0,0,0.0,0,,,0,
3807,1,106.0,106.0,0,0,0.0,0,,,0,
3808,1,107.0,107.0,0,0,0.0,0,,,0,
3809,1,107.0,107.0,0,0,0.0,0,,,0,
3810,1,107.0,107.0,0,0,0.0,0,,,0,
3811,1,107.0,107.0,0,0,0.0,0,,,0,
3812,1,107.0,107.0,0,0,0.0,0,,,0,
3813,1,108.0,108.0,0,0,0.0,0,,,0,
3814,1,108.0,108.0,0,0,0.0,0,,,0,
3815,1,108.0,108.0,0,0,0.0,0,,,0,
3816,1,108.0,108.0,0,0,0.0,0,,,0,
3817,1,108.0,108.0,0,0,0.0,0,,,0,
3818,1,109.0,109.0,0,0,0.0,0,,,0,
3819,1,109.0,109.0,0,0,0.0,0,,,0,
3820,1,109.0,109.0,0,0,0.0,0,,,0,
3821,1,110.0,110.0,0,0,0.0,0,,,0,
3822,1,111.0,111.0,0,0,0.0,0,,,0,
3823,1,111.0,111.0,0,0,0.0,0,,,0,
3824,1,111.0,111.0,0,0,0.0,0,,,0,
3825,1,112.0,112.0,0,0,0.0,0,,,0,
3826,1,112.0,112.0,0,0,0.0,0,,,0,
3827,1,112.0,112.0,0,0,0.0,0,,,0,
3828,1,112.0,112.0,0,0,0.0,0,,,0,
3829,1,113.0,113.0,0,0,0.0,0,,,0,
3830,1,113.0,113.0,0,0,0.0,0,,,0,
3831,1,113.0,113.0,0,0,0.0,0,,,0,
3832,1,113.0,113.0,0,0,0.0,0,,,0,
3833,1,113.0,113.0,0,0,0.0,0,,,0,
3834,1,114.0,114.0,0,0,0.0,0,,,0,
3835,1,114.0,114.0,0,0,0.0,0,,,0,
3836,1,114.0,114.0,0,0,0.0,0,,,0,
3837,1,114.0,114.0,0,0,0.0,0,,,0,
3838,1,115.0,115.0,0,0,0.0,0,,,0,
3839,1,115.0,115.0,0,0,0.0,0,,,0,
3840,1,115.0,115.0,0,0,0.0,0,,,0,
3841,1,115.0,115.0,0,0,0.0,0,,,0,
3842,1,115.0,115.0,0,0,0.0,0,,,0,
3843,1,115.0,115.0,0,0,0.0,0,,,0,
3844,1,115.0,115.0,0,0,0.0,0,,,0,
3845,1,115.0,115.0,0,0,0.0,0,,,0,
3846,1,116.0,116.0,0,0,0.0,0,,,0,
3847,1,116.0,116.0,0,0,0.0,0,,,0,
3848,1,116.0,116.0,0,0,0.0,0,,,0,
3849,1,116.0,116.0,0,0,0.0,0,,,0,
3850,1,117.0,117.0,0,0,0.0,0,,,0,
3851,1,117.0,117.0,0,0,0.0,0,,,0,
3852,1,118.0,118.0,0,0,0.0,0,,,0,
3853,1,118.0,118.0,0,0,0.0,0,,,0,
3854,1,118.0,118.0,0,0,0.0,0,,,0,
3855,1,119.0,119.0,0,0,0.0,0,,,0,
3856,1,119.0,119.0,0,0,0.0,0,,,0,
3857,1,119.0,119.0,0,0,0.0,0,,,0,
3858,1,119.0,119.0,0,0,0.0,0,,,0,
3859,1,119.0,119.0,0,0,0.0,0,,,0,
3860,1,119.0,119.0,0,0,0.0,0,,,0,
3861,1,119.0,119.0,0,0,0.0,0,,,0,
3862,1,120.0,120.0,0,0,0.0,0,,,0,
3863,1,120.0,120.0,0,0,0.0,0,,,0,
3864,1,120.0,120.0,0,0,0.0,0,,,0,
3865,1,120.0,120.0,0,0,0.0,0,,,0,
3866,1,120.0,120.0,0,0,0.0,0,,,0,
3867,1,120.0,120.0,0,0,0.0,0,,,0,
3868,1,120.0,120.0,0,0,0.0,0,,,0,
3869,1,121.0,121.0,0,0,0.0,0,,,0,
3870,1,121.0,121.0,0,0,0.0,0,,,0,
3871,1,121.0,121.0,0,0,0.0,0,,,0,
3872,1,121.0,121.0,0,0,0.0,0,,,0,
3873,1,121.0,121.0,0,0,0.0,0,,,0,
3874,1,121.0,121.0,0,0,0.0,0,,,0,
3875,1,121.0,121.0,0,0,0.0,0,,,0,
3876,1,121.0,121.0,0,0,0.0,0,,,0,
3877,1,121.0,121.0,0,0,0.0,0,,,0,
3878,1,121.0,121.0,0,0,0.0,0,,,0,
3879,1,121.0,121.0,0,0,0.0,0,,,0,
3880,1,121.0,121.0,0,0,0.0,0,,,0,
3881,1,121.0,121.0,0,0,0.0,0,,,0,
3882,1,121.0,121.0,0,0,0.0,0,,,0,
3883,1,122.0,122.0,0,0,0.0,0,,,0,
3884,1,122.0,122.0,0,0,0.0,0,,,0,
3885,1,122.0,122.0,0,0,0.0,0,,,0,
3886,1,122.0,122.0,0,0,0.0,0,,,0,
3887,1,122.0,122.0,0,0,0.0,0,,,0,
3888,1,122.0,122.0,0,0,0.0,0,,,0,
3889,1,122.0,122.0,0,0,0.0,0,,,0,
3890,1,122.0,122.0,0,0,0.0,0,,,0,
3891,1,123.0,123.0,0,0,0.0,0,,,0,
3892,1,123.0,123.0,0,0,0.0,0,,,0,
3893,1,123.0,123.0,0,0,0.0,0,,,0,
3894,1,123.0,123.0,0,0,0.0,0,,,0,
3895,1,125.0,125.0,0,0,0.0,0,,,0,
3896,1,125.0,125.0,0,0,0.0,0,,,0,
3897,1,125.0,125.0,0,0,0.0,0,,,0,
3898,1,125.0,125.0,0,0,0.0,0,,,0,
3899,1,126.0,126.0,0,0,0.0,0,,,0,
3900,1,126.0,126.0,0,0,0.0,0,,,0,
3901,1,126.0,126.0,0,0,0.0,0,,,0,
3902,1,126.0,126.0,0,0,0.0,0,,,0,
3903,1,127.0,127.0,0,0,0.0,0,,,0,
3904,1,127.0,127.0,0,0,0.0,0,,,0,
3905,1,127.0,127.0,0,0,0.0,0,,,0,
3906,1,127.0,127.0,0,0,0.0,0,,,0,
3907,1,128.0,128.0,0,0,0.0,0,,,0,
3908,1,128.0,128.0,0,0,0.0,0,,,0,
3909,1,128.0,128.0,0,0,0.0,0,,,0,
3910,1,128.0,128.0,0,0,0.0,0,,,0,
3911,1,128.0,128.0,0,0,0.0,0,,,0,
3912,1,128.0,128.0,0,0,0.0,0,,,0,
3913,1,128.0,128.0,0,0,0.0,0,,,0,
3914,1,128.0,128.0,0,0,0.0,0,,,0,
3915,1,129.0,129.0,0,0,0.0,0,,,0,
3916,1,129.0,129.0,0,0,0.0,0,,,0,
3917,1,129.0,129.0,0,0,0.0,0,,,0,
3918,1,129.0,129.0,0,0,0.0,0,,,0,
3919,1,129.0,129.0,0,0,0.0,0,,,0,
3920,1,129.0,129.0,0,0,0.0,0,,,0,
3921,1,129.0,129.0,0,0,0.0,0,,,0,
3922,1,129.0,129.0,0,0,0.0,0,,,0,
3923,1,129.0,129.0,0,0,0.0,0,,,0,
3924,1,129.0,129.0,0,0,0.0,0,,,0,
3925,1,129.0,129.0,0,0,0.0,0,,,0,
3926,1,129.0,129.0,0,0,0.0,0,,,0,
3927,1,129.0,129.0,0,0,0.0,0,,,0,
3928,1,129.0,129.0,0,0,0.0,0,,,0,
3929,1,130.0,130.0,0,0,0.0,0,,,0,
3930,1,130.0,130.0,0,0,0.0,0,,,0,
3931,1,130.0,130.0,0,0,0.0,0,,,0,
3932,1,130.0,130.0,0,0,0.0,0,,,0,
3933,1,130.0,130.0,0,0,0.0,0,,,0,
3934,1,131.0,131.0,0,0,0.0,0,,,0,
3935,1,131.0,131.0,0,0,0.0,0,,,0,
3936,1,132.0,132.0,0,0,0.0,0,,,0,
3937,1,132.0,132.0,0,0,0.0,0,,,0,
3938,1,132.0,132.0,0,0,0.0,0,,,0,
3939,1,133.0,133.0,0,0,0.0,0,,,0,
3940,1,133.0,133.0,0,0,0.0,0,,,0,
3941,1,134.0,134.0,0,0,0.0,0,,,0,
3942,1,134.0,134.0,0,0,0.0,0,,,0,
3943,1,134.0,134.0,0,0,0.0,0,,,0,
3944,1,134.0,134.0,0,0,0.0,0,,,0,
3945,1,135.0,135.0,0,0,0.0,0,,,0,
3946,1,135.0,135.0,0,0,0.0,0,,,0,
3947,1,135.0,135.0,0,0,0.0,0,,,0,
3948,1,135.0,135.0,0,0,0.0,0,,,0,
3949,1,135.0,135.0,0,0,0.0,0,,,0,
3950,1,135.0,135.0,0,0,0.0,0,,,0,
3951,1,135.0,135.0,0,0,0.0,0,,,0,
3952,1,135.0,135.0,0,0,0.0,0,,,0,
3953,1,135.0,135.0,0,0,0.0,0,,,0,
3954,1,135.0,135.0,0,0,0.0,0,,,0,
3955,1,135.0,135.0,0,0,0.0,0,,,0,
3956,1,136.0,136.0,0,0,0.0,0,,,0,
3957,1,136.0,136.0,0,0,0.0,0,,,0,
3958,1,136.0,136.0,0,0,0.0,0,,,0,
3959,1,136.0,136.0,0,0,0.0,0,,,0,
3960,1,136.0,136.0,0,0,0.0,0,,,0,
3961,1,136.0,136.0,0,0,0.0,0,,,0,
3962,1,136.0,136.0,0,0,0.0,0,,,0,
3963,1,136.0,136.0,0,0,0.0,0,,,0,
3964,1,136.0,136.0,0,0,0.0,0,,,0,
3965,1,136.0,136.0,0,0,0.0,0,,,0,
3966,1,136.0,136.0,0,0,0.0,0,,,0,
3967,1,137.0,137.0,0,0,0.0,0,,,0,
3968,1,137.0,137.0,0,0,0.0,0,,,0,
3969,1,137.0,137.0,0,0,0.0,0,,,0,
3970,1,137.0,137.0,0,0,0.0,0,,,0,
3971,1,137.0,137.0,0,0,0.0,0,,,0,
3972,1,137.0,137.0,0,0,0.0,0,,,0,
3973,1,137.0,137.0,0,0,0.0,0,,,0,
3974,1,137.0,137.0,0,0,0.0,0,,,0,
3975,1,137.0,137.0,0,0,0.0,0,,,0,
3976,1,137.0,137.0,0,0,0.0,0,,,0,
3977,1,138.0,138.0,0,0,0.0,0,,,0,
3978,1,138.0,138.0,0,0,0.0,0,,,0,
3979,1,138.0,138.0,0,0,0.0,0,,,0,
3980,1,138.0,138.0,0,0,0.0,0,,,0,
3981,1,139.0,139.0,0,0,0.0,0,,,0,
3982,1,139.0,139.0,0,0,0.0,0,,,0,
3983,1,140.0,140.0,0,0,0.0,0,,,0,
3984,1,140.0,140.0,0,0,0.0,0,,,0,
3985,1,140.0,140.0,0,0,0.0,0,,,0,
3986,1,140.0,140.0,0,0,0.0,0,,,0,
3987,1,140.0,140.0,0,0,0.0,0,,,0,
3988,1,141.0,141.0,0,0,0.0,0,,,0,
3989,1,141.0,141.0,0,0,0.0,0,,,0,
3990,1,141.0,141.0,0,0,0.0,0,,,0,
3991,1,141.0,141.0,0,0,0.0,0,,,0,
3992,1,141.0,141.0,0,0,0.0,0,,,0,
3993,1,141.0,141.0,0,0,0.0,0,,,0,
3994,1,142.0,142.0,0,0,0.0,0,,,0,
3995,1,142.0,142.0,0,0,0.0,0,,,0,
3996,1,142.0,142.0,0,0,0.0,0,,,0,
3997,1,142.0,142.0,0,0,0.0,0,,,0,
3998,1,142.0,142.0,0,0,0.0,0,,,0,
3999,1,142.0,142.0,0,0,0.0,0,,,0,
4000,1,142.0,142.0,0,0,0.0,0,,,0,
4001,1,142.0,142.0,0,0,0.0,0,,,0,
4002,1,143.0,143.0,0,0,0.0,0,,,0,
4003,1,143.0,143.0,0,0,0.0,0,,,0,
4004,1,143.0,143.0,0,0,0.0,0,,,0,
4005,1,143.0,143.0,0,0,0.0,0,,,0,
4006,1,143.0,143.0,0,0,0.0,0,,,0,
4007,1,143.0,143.0,0,0,0.0,0,,,0,
4008,1,143.0,143.0,0,0,0.0,0,,,0,
4009,1,144.0,144.0,0,0,0.0,0,,,0,
4010,1,144.0,144.0,0,0,0.0,0,,,0,
4011,1,144.0,144.0,0,0,0.0,0,,,0,
4012,1,144.0,144.0,0,0,0.0,0,,,0,
4013,1,144.0,144.0,0,0,0.0,0,,,0,
4014,1,144.0,144.0,0,0,0.0,0,,,0,
4015,1,145.0,145.0,0,0,0.0,0,,,0,
4016,1,145.0,145.0,0,0,0.0,0,,,0,
4017,1,145.0,145.0,0,0,0.0,0,,,0,
4018,1,145.0,145.0,0,0,0.0,0,,,0,
4019,1,146.0,146.0,0,0,0.0,0,,,0,
4020,1,146.0,146.0,0,0,0.0,0,,,0,
4021,1,146.0,146.0,0,0,0.0,0,,,0,
4022,1,146.0,146.0,0,0,0.0,0,,,0,
4023,1,146.0,146.0,0,0,0.0,0,,,0,
4024,1,147.0,147.0,0,0,0.0,0,,,0,
4025,1,147.0,147.0,0,0,0.0,0,,,0,
4026,1,147.0,147.0,0,0,0.0,0,,,0,
4027,1,147.0,147.0,0,0,0.0,0,,,0,
4028,1,147.0,147.0,0,0,0.0,0,,,0,
4029,1,147.0,147.0,0,0,0.0,0,,,0,
4030,1,147.0,147.0,0,0,0.0,0,,,0,
4031,1,147.0,147.0,0,0,0.0,0,,,0,
4032,1,147.0,147.0,0,0,0.0,0,,,0,
4033,1,147.0,147.0,0,0,0.0,0,,,0,
4034,1,148.0,148.0,0,0,0.0,0,,,0,
4035,1,148.0,148.0,0,0,0.0,0,,,0,
4036,1,148.0,148.0,0,0,0.0,0,,,0,
4037,1,148.0,148.0,0,0,0.0,0,,,0,
4038,1,148.0,148.0,0,0,0.0,0,,,0,
4039,1,148.0,148.0,0,0,0.0,0,,,0,
4040,1,149.0,149.0,0,0,0.0,0,,,0,
4041,1,149.0,149.0,0,0,0.0,0,,,0,
4042,1,149.0,149.0,0,0,0.0,0,,,0,
4043,1,149.0,149.0,0,0,0.0,0,,,0,
4044,1,149.0,149.0,0,0,0.0,0,,,0,
4045,1,149.0,149.0,0,0,0.0,0,,,0,
4046,1,149.0,149.0,0,0,0.0,0,,,0,
4047,1,150.0,150.0,0,0,0.0,0,,,0,
4048,1,150.0,150.0,0,0,0.0,0,,,0,
4049,1,150.0,150.0,0,0,0.0,0,,,0,
4050,1,150.0,150.0,0,0,0.0,0,,,0,
4051,1,150.0,150.0,0,0,0.0,0,,,0,
4052,1,150.0,150.0,0,0,0.0,0,,,0,
4053,1,150.0,150.0,0,0,0.0,0,,,0,
4054,1,150.0,150.0,0,0,0.0,0,,,0,
4055,1,150.0,150.0,0,0,0.0,0,,,0,
4056,1,151.0,151.0,0,0,0.0,0,,,0,
4057,1,151.0,151.0,0,0,0.0,0,,,0,
4058,1,151.0,151.0,0,0,0.0,0,,,0,
4059,1,151.0,151.0,0,0,0.0,0,,,0,
4060,1,152.0,152.0,0,0,0.0,0,,,0,
4061,1,152.0,152.0,0,0,0.0,0,,,0,
4062,1,152.0,152.0,0,0,0.0,0,,,0,
4063,1,153.0,153.0,0,0,0.0,0,,,0,
4064,1,153.0,153.0,0,0,0.0,0,,,0,
4065,1,153.0,153.0,0,0,0.0,0,,,0,
4066,1,153.0,153.0,0,0,0.0,0,,,0,
4067,1,154.0,154.0,0,0,0.0,0,,,0,
4068,1,154.0,154.0,0,0,0.0,0,,,0,
4069,1,154.0,154.0,0,0,0.0,0,,,0,
4070,1,154.0,154.0,0,0,0.0,0,,,0,
4071,1,155.0,155.0,0,0,0.0,0,,,0,
4072,1,155.0,155.0,0,0,0.0,0,,,0,
4073,1,155.0,155.0,0,0,0.0,0,,,0,
4074,1,155.0,155.0,0,0,0.0,0,,,0,
4075,1,155.0,155.0,0,0,0.0,0,,,0,
4076,1,155.0,155.0,0,0,0.0,0,,,0,
4077,1,155.0,155.0,0,0,0.0,0,,,0,
4078,1,155.0,155.0,0,0,0.0,0,,,0,
4079,1,155.0,155.0,0,0,0.0,0,,,0,
4080,1,155.0,155.0,0,0,0.0,0,,,0,
4081,1,155.0,155.0,0,0,0.0,0,,,0,
4082,1,155.0,155.0,0,0,0.0,0,,,0,
4083,1,156.0,156.0,0,0,0.0,0,,,0,
4084,1,156.0,156.0,0,0,0.0,0,,,0,
4085,1,156.0,156.0,0,0,0.0,0,,,0,
4086,1,156.0,156.0,0,0,0.0,0,,,0,
4087,1,156.0,156.0,0,0,0.0,0,,,0,
4088,1,157.0,157.0,0,0,0.0,0,,,0,
4089,1,157.0,157.0,0,0,0.0,0,,,0,
4090,1,157.0,157.0,0,0,0.0,0,,,0,
4091,1,157.0,157.0,0,0,0.0,0,,,0,
4092,1,157.0,157.0,0,0,0.0,0,,,0,
4093,1,157.0,157.0,0,0,0.0,0,,,0,
4094,1,158.0,158.0,0,0,0.0,0,,,0,
4095,1,158.0,158.0,0,0,0.0,0,,,0,
4096,1,159.0,159.0,0,0,0.0,0,,,0,
4097,1,159.0,159.0,0,0,0.0,0,,,0,
4098,1,159.0,159.0,0,0,0.0,0,,,0,
4099,1,159.0,159.0,0,0,0.0,0,,,0,
4100,1,159.0,159.0,0,0,0.0,0,,,0,
4101,1,159.0,159.0,0,0,0.0,0,,,0,
4102,1,159.0,159.0,0,0,0.0,0,,,0,
4103,1,159.0,159.0,0,0,0.0,0,,,0,
4104,1,159.0,159.0,0,0,0.0,0,,,0,
4105,1,160.0,160.0,0,0,0.0,0,,,0,
4106,1,161.0,161.0,0,0,0.0,0,,,0,
4107,1,161.0,161.0,0,0,0.0,0,,,0,
4108,1,161.0,161.0,0,0,0.0,0,,,0,
4109,1,161.0,161.0,0,0,0.0,0,,,0,
4110,1,161.0,161.0,0,0,0.0,0,,,0,
4111,1,161.0,161.0,0,0,0.0,0,,,0,
4112,1,161.0,161.0,0,0,0.0,0,,,0,
4113,1,162.0,162.0,0,0,0.0,0,,,0,
4114,1,162.0,162.0,0,0,0.0,0,,,0,
4115,1,162.0,162.0,0,0,0.0,0,,,0,
4116,1,163.0,163.0,0,0,0.0,0,,,0,
4117,1,163.0,163.0,0,0,0.0,0,,,0,
4118,1,163.0,163.0,0,0,0.0,0,,,0,
4119,1,163.0,163.0,0,0,0.0,0,,,0,
4120,1,163.0,163.0,0,0,0.0,0,,,0,
4121,1,163.0,163.0,0,0,0.0,0,,,0,
4122,1,164.0,164.0,0,0,0.0,0,,,0,
4123,1,164.0,164.0,0,0,0.0,0,,,0,
4124,1,164.0,164.0,0,0,0.0,0,,,0,
4125,1,164.0,164.0,0,0,0.0,0,,,0,
4126,1,164.0,164.0,0,0,0.0,0,,,0,
4127,1,164.0,164.0,0,0,0.0,0,,,0,
4128,1,165.0,165.0,0,0,0.0,0,,,0,
4129,1,165.0,165.0,0,0,0.0,0,,,0,
4130,1,165.0,165.0,0,0,0.0,0,,,0,
4131,1,165.0,165.0,0,0,0.0,0,,,0,
4132,1,165.0,165.0,0,0,0.0,0,,,0,
4133,1,165.0,165.0,0,0,0.0,0,,,0,
4134,1,166.0,166.0,0,0,0.0,0,,,0,
4135,1,166.0,166.0,0,0,0.0,0,,,0,
4136,1,166.0,166.0,0,0,0.0,0,,,0,
4137,1,166.0,166.0,0,0,0.0,0,,,0,
4138,1,167.0,167.0,0,0,0.0,0,,,0,
4139,1,167.0,167.0,0,0,0.0,0,,,0,
4140,1,167.0,167.0,0,0,0.0,0,,,0,
4141,1,168.0,168.0,0,0,0.0,0,,,0,
4142,1,168.0,168.0,0,0,0.0,0,,,0,
4143,1,168.0,168.0,0,0,0.0,0,,,0,
4144,1,168.0,168.0,0,0,0.0,0,,,0,
4145,1,168.0,168.0,0,0,0.0,0,,,0,
4146,1,168.0,168.0,0,0,0.0,0,,,0,
4147,1,168.0,168.0,0,0,0.0,0,,,0,
4148,1,169.0,169.0,0,0,0.0,1,169.0,169.0,0,0.0
4149,1,169.0,169.0,0,0,0.0,1,169.0,169.0,0,0.0
4150,1,169.0,169.0,0,0,0.0,1,169.0,169.0,0,0.0
4151,1,169.0,169.0,0,0,0.0,1,169.0,169.0,0,0.0
4152,1,169.0,169.0,0,0,0.0,1,169.0,169.0,0,0.0
4153,1,170.0,170.0,0,0,0.0,1,170.0,170.0,0,0.0
4154,1,170.0,170.0,0,0,0.0,1,170.0,170.0,0,0.0
4155,1,170.0,170.0,0,0,0.0,1,170.0,170.0,0,0.0
4156,1,170.0,170.0,0,0,0.0,1,170.0,170.0,0,0.0
4157,1,171.0,171.0,0,0,0.0,1,171.0,171.0,0,0.0
4158,1,172.0,172.0,0,0,0.0,1,172.0,172.0,0,0.0
4159,1,172.0,172.0,0,0,0.0,1,172.0,172.0,0,0.0
4160,1,172.0,172.0,0,0,0.0,1,172.0,172.0,0,0.0
4161,1,172.0,172.0,0,0,0.0,1,172.0,172.0,0,0.0
4162,1,173.0,173.0,0,0,0.0,1,173.0,173.0,0,0.0
4163,1,173.0,173.0,0,0,0.0,1,173.0,173.0,0,0.0
4164,1,174.0,174.0,0,0,0.0,1,174.0,174.0,0,0.0
4165,1,174.0,174.0,0,0,0.0,1,174.0,174.0,0,0.0
4166,1,175.0,175.0,0,0,0.0,1,175.0,175.0,0,0.0
4167,1,175.0,175.0,0,0,0.0,1,175.0,175.0,0,0.0
4168,1,176.0,176.0,0,0,0.0,1,176.0,176.0,0,0.0
4169,1,176.0,176.0,0,0,0.0,1,176.0,176.0,0,0.0
4170,1,177.0,177.0,0,0,0.0,1,177.0,177.0,0,0.0
4171,1,177.0,177.0,0,0,0.0,1,177.0,177.0,0,0.0
4172,1,177.0,177.0,0,0,0.0,1,177.0,177.0,0,0.0
4173,1,178.0,178.0,0,0,0.0,1,178.0,178.0,0,0.0
4174,1,178.0,178.0,0,0,0.0,1,178.0,178.0,0,0.0
4175,1,178.0,178.0,0,0,0.0,1,178.0,178.0,0,0.0
4176,1,178.0,178.0,0,0,0.0,1,178.0,178.0,0,0.0
4177,1,178.0,178.0,0,0,0.0,1,178.0,178.0,0,0.0
4178,1,178.0,178.0,0,0,0.0,1,178.0,178.0,0,0.0
4179,1,179.0,179.0,0,0,0.0,1,179.0,179.0,0,0.0
4180,1,180.0,180.0,0,0,0.0,1,180.0,180.0,0,0.0
4181,1,180.0,180.0,0,0,0.0,1,180.0,180.0,0,0.0
4182,1,180.0,180.0,0,0,0.0,1,180.0,180.0,0,0.0
4183,1,180.0,180.0,0,0,0.0,1,180.0,180.0,0,0.0
4184,1,181.0,181.0,0,0,0.0,1,181.0,181.0,0,0.0
4185,1,181.0,181.0,0,0,0.0,1,181.0,181.0,0,0.0
4186,1,181.0,181.0,0,0,0.0,1,181.0,181.0,0,0.0
4187,1,181.0,181.0,0,0,0.0,1,181.0,181.0,0,0.0
4188,1,182.0,182.0,0,0,0.0,1,182.0,182.0,0,0.0
4189,1,182.0,182.0,0,0,0.0,1,182.0,182.0,0,0.0
4190,1,182.0,182.0,0,0,0.0,1,182.0,182.0,0,0.0
4191,1,183.0,183.0,0,0,0.0,1,183.0,183.0,0,0.0
4192,1,183.0,183.0,0,0,0.0,1,183.0,183.0,0,0.0
4193,1,183.0,183.0,0,0,0.0,1,183.0,183.0,0,0.0
4194,1,184.0,184.0,0,0,0.0,1,184.0,184.0,0,0.0
4195,1,184.0,184.0,0,0,0.0,1,184.0,184.0,0,0.0
4196,1,184.0,184.0,0,0,0.0,1,184.0,184.0,0,0.0
4197,1,186.0,186.0,0,0,0.0,1,186.0,186.0,0,0.0
4198,1,186.0,186.0,0,0,0.0,1,186.0,186.0,0,0.0
4199,1,187.0,187.0,0,0,0.0,1,187.0,187.0,0,0.0
4200,1,187.0,187.0,0,0,0.0,1,187.0,187.0,0,0.0
4201,1,187.0,187.0,0,0,0.0,1,187.0,187.0,0,0.0
4202,1,188.0,188.0,0,0,0.0,1,188.0,188.0,0,0.0
4203,1,188.0,188.0,0,0,0.0,1,188.0,188.0,0,0.0
4204,1,189.0,189.0,0,0,0.0,1,189.0,189.0,0,0.0
4205,1,189.0,189.0,0,0,0.0,1,189.0,189.0,0,0.0
4206,1,189.0,189.0,0,0,0.0,1,189.0,189.0,0,0.0
4207,1,189.0,189.0,0,0,0.0,1,189.0,189.0,0,0.0
4208,1,190.0,190.0,0,0,0.0,1,190.0,190.0,0,0.0
4209,1,190.0,190.0,0,0,0.0,1,190.0,190.0,0,0.0
4210,1,191.0,191.0,0,0,0.0,1,191.0,191.0,0,0.0
4211,1,191.0,191.0,0,0,0.0,1,191.0,191.0,0,0.0
4212,1,191.0,191.0,0,0,0.0,1,191.0,191.0,0,0.0
4213,1,191.0,191.0,0,0,0.0,1,191.0,191.0,0,0.0
4214,1,191.0,191.0,0,0,0.0,1,191.0,191.0,0,0.0
4215,1,192.0,192.0,0,0,0.0,1,192.0,192.0,0,0.0
4216,1,192.0,192.0,0,0,0.0,1,192.0,192.0,0,0.0
4217,1,192.0,192.0,0,0,0.0,1,192.0,192.0,0,0.0
4218,1,192.0,192.0,0,0,0.0,1,192.0,192.0,0,0.0
4219,1,194.0,194.0,0,0,0.0,1,194.0,194.0,0,0.0
4220,1,194.0,194.0,0,0,0.0,1,194.0,194.0,0,0.0
4221,1,194.0,194.0,0,0,0.0,1,194.0,194.0,0,0.0
4222,1,194.0,194.0,0,0,0.0,1,194.0,194.0,0,0.0
4223,1,195.0,195.0,0,0,0.0,1,195.0,195.0,0,0.0
4224,1,196.0,196.0,0,0,0.0,1,196.0,196.0,0,0.0
4225,1,196.0,196.0,0,0,0.0,1,196.0,196.0,0,0.0
4226,1,196.0,196.0,0,0,0.0,1,196.0,196.0,0,0.0
4227,1,196.0,196.0,0,0,0.0,1,196.0,196.0,0,0.0
4228,1,197.0,197.0,0,0,0.0,1,197.0,197.0,0,0.0
4229,1,197.0,197.0,0,0,0.0,1,197.0,197.0,0,0.0
4230,1,197.0,197.0,0,0,0.0,1,197.0,197.0,0,0.0
4231,1,197.0,197.0,0,0,0.0,1,197.0,197.0,0,0.0
4232,1,197.0,197.0,0,0,0.0,1,197.0,197.0,0,0.0
4233,1,198.0,198.0,0,0,0.0,1,198.0,198.0,0,0.0
4234,1,198.0,198.0,0,0,0.0,1,198.0,198.0,0,0.0
4235,1,198.0,198.0,0,0,0.0,1,198.0,198.0,0,0.0
4236,1,198.0,198.0,0,0,0.0,1,198.0,198.0,0,0.0
4237,1,198.0,198.0,0,0,0.0,1,198.0,198.0,0,0.0
4238,1,198.0,198.0,0,0,0.0,1,198.0,198.0,0,0.0
4239,1,199.0,199.0,0,0,0.0,1,199.0,199.0,0,0.0
4240,1,199.0,199.0,0,0,0.0,1,199.0,199.0,0,0.0
4241,1,200.0,200.0,0,0,0.0,1,200.0,200.0,0,0.0
4242,1,200.0,200.0,0,0,0.0,1,200.0,200.0,0,0.0
4243,1,201.0,201.0,0,0,0.0,1,201.0,201.0,0,0.0
4244,1,203.0,203.0,0,0,0.0,1,203.0,203.0,0,0.0
4245,1,203.0,203.0,0,0,0.0,1,203.0,203.0,0,0.0
4246,1,203.0,203.0,0,0,0.0,1,203.0,203.0,0,0.0
4247,1,203.0,203.0,0,0,0.0,1,203.0,203.0,0,0.0
4248,1,203.0,203.0,0,0,0.0,1,203.0,203.0,0,0.0
4249,1,203.0,203.0,0,0,0.0,1,203.0,203.0,0,0.0
4250,1,204.0,204.0,0,0,0.0,1,204.0,204.0,0,0.0
4251,1,204.0,204.0,0,0,0.0,1,204.0,204.0,0,0.0
4252,1,206.0,206.0,0,0,0.0,1,206.0,206.0,0,0.0
4253,1,206.0,206.0,0,0,0.0,1,206.0,206.0,0,0.0
4254,1,207.0,207.0,0,0,0.0,1,207.0,207.0,0,0.0
4255,1,208.0,208.0,0,0,0.0,1,208.0,208.0,0,0.0
4256,1,208.0,208.0,0,0,0.0,1,208.0,208.0,0,0.0
4257,1,208.0,208.0,0,0,0.0,1,208.0,208.0,0,0.0
4258,1,208.0,208.0,0,0,0.0,1,208.0,208.0,0,0.0
4259,1,208.0,208.0,0,0,0.0,1,208.0,208.0,0,0.0
4260,1,209.0,209.0,0,0,0.0,1,209.0,209.0,0,0.0
4261,1,210.0,210.0,0,0,0.0,1,210.0,210.0,0,0.0
4262,1,210.0,210.0,0,0,0.0,1,210.0,210.0,0,0.0
4263,1,210.0,210.0,0,0,0.0,1,210.0,210.0,0,0.0
4264,1,210.0,210.0,0,0,0.0,1,210.0,210.0,0,0.0
4265,1,211.0,211.0,0,0,0.0,1,211.0,211.0,0,0.0
4266,1,211.0,211.0,0,0,0.0,1,211.0,211.0,0,0.0
4267,1,211.0,211.0,0,0,0.0,1,211.0,211.0,0,0.0
4268,1,211.0,211.0,0,0,0.0,1,211.0,211.0,0,0.0
4269,1,212.0,212.0,0,0,0.0,1,212.0,212.0,0,0.0
4270,1,212.0,212.0,0,0,0.0,1,212.0,212.0,0,0.0
4271,1,212.0,212.0,0,0,0.0,1,212.0,212.0,0,0.0
4272,1,212.0,212.0,0,0,0.0,1,212.0,212.0,0,0.0
4273,1,212.0,212.0,0,0,0.0,1,212.0,212.0,0,0.0
4274,1,212.0,212.0,0,0,0.0,1,212.0,212.0,0,0.0
4275,1,212.0,212.0,0,0,0.0,1,212.0,212.0,0,0.0
4276,1,213.0,213.0,0,0,0.0,1,213.0,213.0,0,0.0
4277,1,214.0,214.0,0,0,0.0,1,214.0,214.0,0,0.0
4278,1,214.0,214.0,0,0,0.0,1,214.0,214.0,0,0.0
4279,1,214.0,214.0,0,0,0.0,1,214.0,214.0,0,0.0
4280,1,215.0,215.0,0,0,0.0,1,215.0,215.0,0,0.0
4281,1,215.0,215.0,0,0,0.0,1,215.0,215.0,0,0.0
4282,1,215.0,215.0,0,0,0.0,1,215.0,215.0,0,0.0
4283,1,215.0,215.0,0,0,0.0,1,215.0,215.0,0,0.0
4284,1,215.0,215.0,0,0,0.0,1,215.0,215.0,0,0.0
4285,1,215.0,215.0,0,0,0.0,1,215.0,215.0,0,0.0
4286,1,217.0,217.0,0,0,0.0,1,217.0,217.0,0,0.0
4287,1,217.0,217.0,0,0,0.0,1,217.0,217.0,0,0.0
4288,1,218.0,218.0,0,0,0.0,1,218.0,218.0,0,0.0
4289,1,218.0,218.0,0,0,0.0,1,218.0,218.0,0,0.0
4290,1,218.0,218.0,0,0,0.0,1,218.0,218.0,0,0.0
4291,1,218.0,218.0,0,0,0.0,1,218.0,218.0,0,0.0
4292,1,218.0,218.0,0,0,0.0,1,218.0,218.0,0,0.0
4293,1,219.0,219.0,0,0,0.0,1,219.0,219.0,0,0.0
4294,1,220.0,220.0,0,0,0.0,1,220.0,220.0,0,0.0
4295,1,220.0,220.0,0,0,0.0,1,220.0,220.0,0,0.0
4296,1,220.0,220.0,0,0,0.0,1,220.0,220.0,0,0.0
4297,1,220.0,220.0,0,0,0.0,1,220.0,220.0,0,0.0
4298,1,220.0,220.0,0,0,0.0,1,220.0,220.0,0,0.0
4299,1,220.0,220.0,0,0,0.0,1,220.0,220.0,0,0.0
4300,1,221.0,221.0,0,0,0.0,1,221.0,221.0,0,0.0
4301,1,221.0,221.0,0,0,0.0,1,221.0,221.0,0,0.0
4302,1,221.0,221.0,0,0,0.0,1,221.0,221.0,0,0.0
4303,1,221.0,221.0,0,0,0.0,1,221.0,221.0,0,0.0
4304,1,222.0,222.0,0,0,0.0,1,222.0,222.0,0,0.0
4305,1,222.0,222.0,0,0,0.0,1,222.0,222.0,0,0.0
4306,1,222.0,222.0,0,0,0.0,1,222.0,222.0,0,0.0
4307,1,223.0,223.0,0,0,0.0,1,223.0,223.0,0,0.0
4308,1,223.0,223.0,0,0,0.0,1,223.0,223.0,0,0.0
4309,1,223.0,223.0,0,0,0.0,1,223.0,223.0,0,0.0
4310,1,224.0,224.0,0,0,0.0,1,224.0,224.0,0,0.0
4311,1,224.0,224.0,0,0,0.0,1,224.0,224.0,0,0.0
4312,1,224.0,224.0,0,0,0.0,1,224.0,224.0,0,0.0
4313,1,224.0,224.0,0,0,0.0,1,224.0,224.0,0,0.0
4314,1,225.0,225.0,0,0,0.0,1,225.0,225.0,0,0.0
4315,1,225.0,225.0,0,0,0.0,1,225.0,225.0,0,0.0
4316,1,225.0,225.0,0,0,0.0,1,225.0,225.0,0,0.0
4317,1,225.0,225.0,0,0,0.0,1,225.0,225.0,0,0.0
4318,1,225.0,225.0,0,0,0.0,1,225.0,225.0,0,0.0
4319,1,225.0,225.0,0,0,0.0,1,225.0,225.0,0,0.0
4320,1,226.0,226.0,0,0,0.0,1,226.0,226.0,0,0.0
4321,1,226.0,226.0,0,0,0.0,1,226.0,226.0,0,0.0
4322,1,226.0,226.0,0,0,0.0,1,226.0,226.0,0,0.0
4323,1,226.0,226.0,0,0,0.0,1,226.0,226.0,0,0.0
4324,1,226.0,226.0,0,0,0.0,1,226.0,226.0,0,0.0
4325,1,227.0,227.0,0,0,0.0,1,227.0,227.0,0,0.0
4326,1,227.0,227.0,0,0,0.0,1,227.0,227.0,0,0.0
4327,1,227.0,227.0,0,0,0.0,1,227.0,227.0,0,0.0
4328,1,227.0,227.0,0,0,0.0,1,227.0,227.0,0,0.0
4329,1,228.0,228.0,0,0,0.0,1,228.0,228.0,0,0.0
4330,1,228.0,228.0,0,0,0.0,1,228.0,228.0,0,0.0
4331,1,228.0,228.0,0,0,0.0,1,228.0,228.0,0,0.0
4332,1,228.0,228.0,0,0,0.0,1,228.0,228.0,0,0.0
4333,1,228.0,228.0,0,0,0.0,1,228.0,228.0,0,0.0
4334,1,229.0,229.0,0,0,0.0,1,229.0,229.0,0,0.0
4335,1,229.0,229.0,0,0,0.0,1,229.0,229.0,0,0.0
4336,1,229.0,229.0,0,0,0.0,1,229.0,229.0,0,0.0
4337,1,229.0,229.0,0,0,0.0,1,229.0,229.0,0,0.0
4338,1,230.0,230.0,0,0,0.0,1,230.0,230.0,0,0.0
4339,1,230.0,230.0,0,0,0.0,1,230.0,230.0,0,0.0
4340,1,230.0,230.0,0,0,0.0,1,230.0,230.0,0,0.0
4341,1,230.0,230.0,0,0,0.0,1,230.0,230.0,0,0.0
4342,1,230.0,230.0,0,0,0.0,1,230.0,230.0,0,0.0
4343,1,230.0,230.0,0,0,0.0,1,230.0,230.0,0,0.0
4344,1,230.0,230.0,0,0,0.0,1,230.0,230.0,0,0.0
4345,1,230.0,230.0,0,0,0.0,1,230.0,230.0,0,0.0
4346,1,230.0,230.0,0,0,0.0,1,230.0,230.0,0,0.0
4347,1,230.0,230.0,0,0,0.0,1,230.0,230.0,0,0.0
4348,1,231.0,231.0,0,0,0.0,1,231.0,231.0,0,0.0
4349,1,231.0,231.0,0,0,0.0,1,231.0,231.0,0,0.0
4350,1,231.0,231.0,0,0,0.0,1,231.0,231.0,0,0.0
4351,1,231.0,231.0,0,0,0.0,1,231.0,231.0,0,0.0
4352,1,231.0,231.0,0,0,0.0,1,231.0,231.0,0,0.0
4353,1,231.0,231.0,0,0,0.0,1,231.0,231.0,0,0.0
4354,1,231.0,231.0,0,0,0.0,1,231.0,231.0,0,0.0
4355,1,232.0,232.0,0,0,0.0,1,232.0,232.0,0,0.0
4356,1,232.0,232.0,0,0,0.0,1,232.0,232.0,0,0.0
4357,1,232.0,232.0,0,0,0.0,1,232.0,232.0,0,0.0
4358,1,232.0,232.0,0,0,0.0,1,232.0,232.0,0,0.0
4359,1,232.0,232.0,0,0,0.0,1,232.0,232.0,0,0.0
4360,1,232.0,232.0,0,0,0.0,1,232.0,232.0,0,0.0
4361,1,232.0,232.0,0,0,0.0,1,232.0,232.0,0,0.0
4362,1,232.0,232.0,0,0,0.0,1,232.0,232.0,0,0.0
4363,1,232.0,232.0,0,0,0.0,1,232.0,232.0,0,0.0
4364,1,232.0,232.0,0,0,0.0,1,232.0,232.0,0,0.0
4365,1,232.0,232.0,0,0,0.0,1,232.0,232.0,0,0.0
4366,1,232.0,232.0,0,0,0.0,1,232.0,232.0,0,0.0
4367,1,232.0,232.0,0,0,0.0,1,232.0,232.0,0,0.0
4368,1,232.0,232.0,0,0,0.0,1,232.0,232.0,0,0.0
4369,1,233.0,233.0,0,0,0.0,1,233.0,233.0,0,0.0
4370,1,233.0,233.0,0,0,0.0,1,233.0,233.0,0,0.0
4371,1,233.0,233.0,0,0,0.0,1,233.0,233.0,0,0.0
4372,1,233.0,233.0,0,0,0.0,1,233.0,233.0,0,0.0
4373,1,233.0,233.0,0,0,0.0,1,233.0,233.0,0,0.0
4374,1,233.0,233.0,0,0,0.0,1,233.0,233.0,0,0.0
4375,1,233.0,233.0,0,0,0.0,1,233.0,233.0,0,0.0
4376,1,233.0,233.0,0,0,0.0,1,233.0,233.0,0,0.0
4377,1,233.0,233.0,0,0,0.0,1,233.0,233.0,0,0.0
4378,1,233.0,233.0,0,0,0.0,1,233.0,233.0,0,0.0
4379,1,234.0,234.0,0,0,0.0,1,234.0,234.0,0,0.0
4380,1,234.0,234.0,0,0,0.0,1,234.0,234.0,0,0.0
4381,1,234.0,234.0,0,0,0.0,1,234.0,234.0,0,0.0
4382,1,234.0,234.0,0,0,0.0,1,234.0,234.0,0,0.0
4383,1,234.0,234.0,0,0,0.0,1,234.0,234.0,0,0.0
4384,1,234.0,234.0,0,0,0.0,1,234.0,234.0,0,0.0
4385,1,234.0,234.0,0,0,0.0,1,234.0,234.0,0,0.0
4386,1,234.0,234.0,0,0,0.0,1,234.0,234.0,0,0.0
4387,1,234.0,234.0,0,0,0.0,1,234.0,234.0,0,0.0
4388,1,234.0,234.0,0,0,0.0,1,234.0,234.0,0,0.0
4389,1,234.0,234.0,0,0,0.0,1,234.0,234.0,0,0.0
4390,1,234.0,234.0,0,0,0.0,1,234.0,234.0,0,0.0
4391,1,234.0,234.0,0,0,0.0,1,234.0,234.0,0,0.0
4392,1,235.0,235.0,0,0,0.0,1,235.0,235.0,0,0.0
4393,1,235.0,235.0,0,0,0.0,1,235.0,235.0,0,0.0
4394,1,235.0,235.0,0,0,0.0,1,235.0,235.0,0,0.0
4395,1,235.0,235.0,0,0,0.0,1,235.0,235.0,0,0.0
4396,1,235.0,235.0,0,0,0.0,1,235.0,235.0,0,0.0
4397,1,235.0,235.0,0,0,0.0,1,235.0,235.0,0,0.0
4398,1,235.0,235.0,0,0,0.0,1,235.0,235.0,0,0.0
4399,1,235.0,235.0,0,0,0.0,1,235.0,235.0,0,0.0
4400,1,235.0,235.0,0,0,0.0,1,235.0,235.0,0,0.0
4401,1,235.0,235.0,0,0,0.0,1,235.0,235.0,0,0.0
4402,1,235.0,235.0,0,0,0.0,1,235.0,235.0,0,0.0
4403,1,235.0,235.0,0,0,0.0,1,235.0,235.0,0,0.0
4404,1,236.0,236.0,0,0,0.0,1,236.0,236.0,0,0.0
4405,1,236.0,236.0,0,0,0.0,1,236.0,236.0,0,0.0
4406,1,236.0,236.0,0,0,0.0,1,236.0,236.0,0,0.0
4407,1,236.0,236.0,0,0,0.0,1,236.0,236.0,0,0.0
4408,1,236.0,236.0,0,0,0.0,1,236.0,236.0,0,0.0
4409,1,236.0,236.0,0,0,0.0,1,236.0,236.0,0,0.0
4410,1,236.0,236.0,0,0,0.0,1,236.0,236.0,0,0.0
4411,1,236.0,236.0,0,0,0.0,1,236.0,236.0,0,0.0
4412,1,236.0,236.0,0,0,0.0,1,236.0,236.0,0,0.0
4413,1,236.0,236.0,0,0,0.0,1,236.0,236.0,0,0.0
4414,1,236.0,236.0,0,0,0.0,1,236.0,236.0,0,0.0
4415,1,236.0,236.0,0,0,0.0,1,236.0,236.0,0,0.0
4416,1,236.0,236.0,0,0,0.0,1,236.0,236.0,0,0.0
4417,1,237.0,237.0,0,0,0.0,1,237.0,237.0,0,0.0
4418,1,237.0,237.0,0,0,0.0,1,237.0,237.0,0,0.0
4419,1,237.0,237.0,0,0,0.0,1,237.0,237.0,0,0.0
4420,1,237.0,237.0,0,0,0.0,1,237.0,237.0,0,0.0
4421,1,237.0,237.0,0,0,0.0,1,237.0,237.0,0,0.0
4422,1,237.0,237.0,0,0,0.0,1,237.0,237.0,0,0.0
4423,1,237.0,237.0,0,0,0.0,1,237.0,237.0,0,0.0
4424,1,237.0,237.0,0,0,0.0,1,237.0,237.0,0,0.0
4425,1,237.0,237.0,0,0,0.0,1,237.0,237.0,0,0.0
4426,1,237.0,237.0,0,0,0.0,1,237.0,237.0,0,0.0
4427,1,237.0,237.0,0,0,0.0,1,237.0,237.0,0,0.0
4428,1,237.0,237.0,0,0,0.0,1,237.0,237.0,0,0.0
4429,1,237.0,237.0,0,0,0.0,1,237.0,237.0,0,0.0
4430,1,238.0,238.0,0,0,0.0,1,238.0,238.0,0,0.0
4431,1,238.0,238.0,0,0,0.0,1,238.0,238.0,0,0.0
4432,1,238.0,238.0,0,0,0.0,1,238.0,238.0,0,0.0
4433,1,238.0,238.0,0,0,0.0,1,238.0,238.0,0,0.0
4434,1,238.0,238.0,0,0,0.0,1,238.0,238.0,0,0.0
4435,1,238.0,238.0,0,0,0.0,1,238.0,238.0,0,0.0
4436,1,238.0,238.0,0,0,0.0,1,238.0,238.0,0,0.0
4437,1,238.0,238.0,0,0,0.0,1,238.0,238.0,0,0.0
4438,1,238.0,238.0,0,0,0.0,1,238.0,238.0,0,0.0
4439,1,238.0,238.0,0,0,0.0,1,238.0,238.0,0,0.0
4440,1,238.0,238.0,0,0,0.0,1,238.0,238.0,0,0.0
4441,1,238.0,238.0,0,0,0.0,1,238.0,238.0,0,0.0
4442,1,238.0,238.0,0,0,0.0,1,238.0,238.0,0,0.0
4443,1,238.0,238.0,0,0,0.0,1,238.0,238.0,0,0.0
4444,1,238.0,238.0,0,0,0.0,1,238.0,238.0,0,0.0
4445,1,238.0,238.0,0,0,0.0,1,238.0,238.0,0,0.0
4446,1,238.0,238.0,0,0,0.0,1,238.0,238.0,0,0.0
4447,1,238.0,238.0,0,0,0.0,1,238.0,238.0,0,0.0
4448,1,238.0,238.0,0,0,0.0,1,238.0,238.0,0,0.0
4449,1,238.0,238.0,0,0,0.0,1,238.0,238.0,0,0.0
4450,1,238.0,238.0,0,0,0.0,1,238.0,238.0,0,0.0
4451,1,239.0,239.0,0,0,0.0,1,239.0,239.0,0,0.0
4452,1,239.0,239.0,0,0,0.0,1,239.0,239.0,0,0.0
4453,1,239.0,239.0,0,0,0.0,1,239.0,239.0,0,0.0
4454,1,239.0,239.0,0,0,0.0,1,239.0,239.0,0,0.0
4455,1,239.0,239.0,0,0,0.0,1,239.0,239.0,0,0.0
4456,1,239.0,239.0,0,0,0.0,1,239.0,239.0,0,0.0
4457,1,239.0,239.0,0,0,0.0,1,239.0,239.0,0,0.0
4458,1,239.0,239.0,0,0,0.0,1,239.0,239.0,0,0.0
4459,1,239.0,239.0,0,0,0.0,1,239.0,239.0,0,0.0
4460,1,239.0,239.0,0,0,0.0,1,239.0,239.0,0,0.0
4461,1,239.0,239.0,0,0,0.0,1,239.0,239.0,0,0.0
4462,1,239.0,239.0,0,0,0.0,1,239.0,239.0,0,0.0
4463,1,239.0,239.0,0,0,0.0,1,239.0,239.0,0,0.0
4464,1,239.0,239.0,0,0,0.0,1,239.0,239.0,0,0.0
4465,1,239.0,239.0,0,0,0.0,1,239.0,239.0,0,0.0
4466,1,239.0,239.0,0,0,0.0,1,239.0,239.0,0,0.0
4467,1,239.0,239.0,0,0,0.0,1,239.0,239.0,0,0.0
4468,1,239.0,239.0,0,0,0.0,1,239.0,239.0,0,0.0
4469,1,239.0,239.0,0,0,0.0,1,239.0,239.0,0,0.0
4470,1,239.0,239.0,0,0,0.0,1,239.0,239.0,0,0.0
4471,1,239.0,239.0,0,0,0.0,1,239.0,239.0,0,0.0
4472,1,240.0,240.0,0,0,0.0,1,240.0,240.0,0,0.0
4473,1,240.0,240.0,0,0,0.0,1,240.0,240.0,0,0.0
4474,1,240.0,240.0,0,0,0.0,1,240.0,240.0,0,0.0
4475,1,240.0,240.0,0,0,0.0,1,240.0,240.0,0,0.0
4476,1,240.0,240.0,0,0,0.0,1,240.0,240.0,0,0.0
4477,1,240.0,240.0,0,0,0.0,1,240.0,240.0,0,0.0
4478,1,240.0,240.0,0,0,0.0,1,240.0,240.0,0,0.0
4479,1,240.0,240.0,0,0,0.0,1,240.0,240.0,0,0.0
4480,1,240.0,240.0,0,0,0.0,1,240.0,240.0,0,0.0
4481,1,240.0,240.0,0,0,0.0,1,240.0,240.0,0,0.0
4482,1,240.0,240.0,0,0,0.0,1,240.0,240.0,0,0.0
4483,1,240.0,240.0,0,0,0.0,1,240.0,240.0,0,0.0
4484,1,240.0,240.0,0,0,0.0,1,240.0,240.0,0,0.0
4485,1,240.0,240.0,0,0,0.0,1,240.0,240.0,0,0.0
4486,1,240.0,240.0,0,0,0.0,1,240.0,240.0,0,0.0
4487,1,240.0,240.0,0,0,0.0,1,240.0,240.0,0,0.0
4488,1,240.0,240.0,0,0,0.0,1,240.0,240.0,0,0.0
4489,1,240.0,240.0,0,0,0.0,1,240.0,240.0,0,0.0
4490,1,240.0,240.0,0,0,0.0,1,240.0,240.0,0,0.0
4491,1,240.0,240.0,0,0,0.0,1,240.0,240.0,0,0.0
4492,1,240.0,240.0,0,0,0.0,1,240.0,240.0,0,0.0
4493,1,240.0,240.0,0,0,0.0,1,240.0,240.0,0,0.0
4494,1,241.0,241.0,0,0,0.0,1,241.0,241.0,0,0.0
4495,1,241.0,241.0,0,0,0.0,1,241.0,241.0,0,0.0
4496,1,241.0,241.0,0,0,0.0,1,241.0,241.0,0,0.0
4497,1,241.0,241.0,0,0,0.0,1,241.0,241.0,0,0.0
4498,1,241.0,241.0,0,0,0.0,1,241.0,241.0,0,0.0
4499,1,241.0,241.0,0,0,0.0,1,241.0,241.0,0,0.0
4500,1,241.0,241.0,0,0,0.0,1,241.0,241.0,0,0.0
4501,1,241.0,241.0,0,0,0.0,1,241.0,241.0,0,0.0
4502,1,241.0,241.0,0,0,0.0,1,241.0,241.0,0,0.0
4503,1,241.0,241.0,0,0,0.0,1,241.0,241.0,0,0.0
4504,1,241.0,241.0,0,0,0.0,1,241.0,241.0,0,0.0
4505,1,241.0,241.0,0,0,0.0,1,241.0,241.0,0,0.0
4506,1,241.0,241.0,0,0,0.0,1,241.0,241.0,0,0.0
4507,1,241.0,241.0,0,0,0.0,1,241.0,241.0,0,0.0
4508,1,241.0,241.0,0,0,0.0,1,241.0,241.0,0,0.0
4509,1,241.0,241.0,0,0,0.0,1,241.0,241.0,0,0.0
4510,1,241.0,241.0,0,0,0.0,1,241.0,241.0,0,0.0
4511,1,241.0,241.0,0,0,0.0,1,241.0,241.0,0,0.0
4512,1,241.0,241.0,0,0,0.0,1,241.0,241.0,0,0.0
4513,1,241.0,241.0,0,0,0.0,1,241.0,241.0,0,0.0
4514,1,241.0,241.0,0,0,0.0,1,241.0,241.0,0,0.0
4515,1,242.0,242.0,0,0,0.0,1,242.0,242.0,0,0.0
4516,1,242.0,242.0,0,0,0.0,1,242.0,242.0,0,0.0
4517,1,242.0,242.0,0,0,0.0,1,242.0,242.0,0,0.0
4518,1,242.0,242.0,0,0,0.0,1,242.0,242.0,0,0.0
4519,1,242.0,242.0,0,0,0.0,1,242.0,242.0,0,0.0
4520,1,242.0,242.0,0,0,0.0,1,242.0,242.0,0,0.0
4521,1,242.0,242.0,0,0,0.0,1,242.0,242.0,0,0.0
4522,1,242.0,242.0,0,0,0.0,1,242.0,242.0,0,0.0
4523,1,242.0,242.0,0,0,0.0,1,242.0,242.0,0,0.0
4524,1,242.0,242.0,0,0,0.0,1,242.0,242.0,0,0.0
4525,1,242.0,242.0,0,0,0.0,1,242.0,242.0,0,0.0
4526,1,242.0,242.0,0,0,0.0,1,242.0,242.0,0,0.0
4527,1,242.0,242.0,0,0,0.0,1,242.0,242.0,0,0.0
4528,1,242.0,242.0,0,0,0.0,1,242.0,242.0,0,0.0
4529,1,242.0,242.0,0,0,0.0,1,242.0,242.0,0,0.0
4530,1,242.0,242.0,0,0,0.0,1,242.0,242.0,0,0.0
4531,1,243.0,243.0,0,0,0.0,1,243.0,243.0,0,0.0
4532,1,243.0,243.0,0,0,0.0,1,243.0,243.0,0,0.0
4533,1,243.0,243.0,0,0,0.0,1,243.0,243.0,0,0.0
4534,1,243.0,243.0,0,0,0.0,1,243.0,243.0,0,0.0
4535,1,243.0,243.0,0,0,0.0,1,243.0,243.0,0,0.0
4536,1,243.0,243.0,0,0,0.0,1,243.0,243.0,0,0.0
4537,1,243.0,243.0,0,0,0.0,1,243.0,243.0,0,0.0
4538,1,243.0,243.0,0,0,0.0,1,243.0,243.0,0,0.0
4539,1,243.0,243.0,0,0,0.0,1,243.0,243.0,0,0.0
4540,1,243.0,243.0,0,0,0.0,1,243.0,243.0,0,0.0
4541,1,243.0,243.0,0,0,0.0,1,243.0,243.0,0,0.0
4542,1,243.0,243.0,0,0,0.0,1,243.0,243.0,0,0.0
4543,1,243.0,243.0,0,0,0.0,1,243.0,243.0,0,0.0
4544,1,243.0,243.0,0,0,0.0,1,243.0,243.0,0,0.0
4545,1,244.0,244.0,0,0,0.0,1,244.0,244.0,0,0.0
4546,1,244.0,244.0,0,0,0.0,1,244.0,244.0,0,0.0
4547,1,244.0,244.0,0,0,0.0,1,244.0,244.0,0,0.0
4548,1,244.0,244.0,0,0,0.0,1,244.0,244.0,0,0.0
4549,1,244.0,244.0,0,0,0.0,1,244.0,244.0,0,0.0
4550,1,244.0,244.0,0,0,0.0,1,244.0,244.0,0,0.0
4551,1,244.0,244.0,0,0,0.0,1,244.0,244.0,0,0.0
4552,1,244.0,244.0,0,0,0.0,1,244.0,244.0,0,0.0
4553,1,244.0,244.0,0,0,0.0,1,244.0,244.0,0,0.0
4554,1,244.0,244.0,0,0,0.0,1,244.0,244.0,0,0.0
4555,1,244.0,244.0,0,0,0.0,1,244.0,244.0,0,0.0
4556,1,244.0,244.0,0,0,0.0,1,244.0,244.0,0,0.0
4557,1,244.0,244.0,0,0,0.0,1,244.0,244.0,0,0.0
4558,1,244.0,244.0,0,0,0.0,1,244.0,244.0,0,0.0
4559,1,244.0,244.0,0,0,0.0,1,244.0,244.0,0,0.0
4560,1,244.0,244.0,0,0,0.0,1,244.0,244.0,0,0.0
4561,1,244.0,244.0,0,0,0.0,1,244.0,244.0,0,0.0
4562,1,244.0,244.0,0,0,0.0,1,244.0,244.0,0,0.0
4563,1,244.0,244.0,0,0,0.0,1,244.0,244.0,0,0.0
4564,1,244.0,244.0,0,0,0.0,1,244.0,244.0,0,0.0
4565,1,245.0,245.0,0,0,0.0,1,245.0,245.0,0,0.0
4566,1,245.0,245.0,0,0,0.0,1,245.0,245.0,0,0.0
4567,1,245.0,245.0,0,0,0.0,1,245.0,245.0,0,0.0
4568,1,245.0,245.0,0,0,0.0,1,245.0,245.0,0,0.0
4569,1,245.0,245.0,0,0,0.0,1,245.0,245.0,0,0.0
4570,1,245.0,245.0,0,0,0.0,1,245.0,245.0,0,0.0
4571,1,245.0,245.0,0,0,0.0,1,245.0,245.0,0,0.0
4572,1,245.0,245.0,0,0,0.0,1,245.0,245.0,0,0.0
4573,1,245.0,245.0,0,0,0.0,1,245.0,245.0,0,0.0
4574,1,245.0,245.0,0,0,0.0,1,245.0,245.0,0,0.0
4575,1,245.0,245.0,0,0,0.0,1,245.0,245.0,0,0.0
4576,1,245.0,245.0,0,0,0.0,1,245.0,245.0,0,0.0
4577,1,245.0,245.0,0,0,0.0,1,245.0,245.0,0,0.0
4578,1,245.0,245.0,0,0,0.0,1,245.0,245.0,0,0.0
4579,1,245.0,245.0,0,0,0.0,1,245.0,245.0,0,0.0
4580,1,245.0,245.0,0,0,0.0,1,245.0,245.0,0,0.0
4581,1,245.0,245.0,0,0,0.0,1,245.0,245.0,0,0.0
4582,1,245.0,245.0,0,0,0.0,1,245.0,245.0,0,0.0
4583,1,245.0,245.0,0,0,0.0,1,245.0,245.0,0,0.0
4584,1,245.0,245.0,0,0,0.0,1,245.0,245.0,0,0.0
4585,1,245.0,245.0,0,0,0.0,1,245.0,245.0,0,0.0
4586,1,245.0,245.0,0,0,0.0,1,245.0,245.0,0,0.0
4587,1,245.0,245.0,0,0,0.0,1,245.0,245.0,0,0.0
4588,1,245.0,245.0,0,0,0.0,1,245.0,245.0,0,0.0
4589,1,245.0,245.0,0,0,0.0,1,245.0,245.0,0,0.0
4590,1,245.0,245.0,0,0,0.0,1,245.0,245.0,0,0.0
4591,1,245.0,245.0,0,0,0.0,1,245.0,245.0,0,0.0
4592,1,245.0,245.0,0,0,0.0,1,245.0,245.0,0,0.0
4593,1,246.0,246.0,0,0,0.0,1,246.0,246.0,0,0.0
4594,1,246.0,246.0,0,0,0.0,1,246.0,246.0,0,0.0
4595,1,246.0,246.0,0,0,0.0,1,246.0,246.0,0,0.0
4596,1,246.0,246.0,0,0,0.0,1,246.0,246.0,0,0.0
4597,1,246.0,246.0,0,0,0.0,1,246.0,246.0,0,0.0
4598,1,246.0,246.0,0,0,0.0,1,246.0,246.0,0,0.0
4599,1,246.0,246.0,0,0,0.0,1,246.0,246.0,0,0.0
4600,1,246.0,246.0,0,0,0.0,1,246.0,246.0,0,0.0
4601,1,246.0,246.0,0,0,0.0,1,246.0,246.0,0,0.0
4602,1,246.0,246.0,0,0,0.0,1,246.0,246.0,0,0.0
4603,1,246.0,246.0,0,0,0.0,1,246.0,246.0,0,0.0
4604,1,246.0,246.0,0,0,0.0,1,246.0,246.0,0,0.0
4605,1,246.0,246.0,0,0,0.0,1,246.0,246.0,0,0.0
4606,1,246.0,246.0,0,0,0.0,1,246.0,246.0,0,0.0
4607,1,246.0,246.0,0,0,0.0,1,246.0,246.0,0,0.0
4608,1,246.0,246.0,0,0,0.0,1,246.0,246.0,0,0.0
4609,1,246.0,246.0,0,0,0.0,1,246.0,246.0,0,0.0
4610,1,246.0,246.0,0,0,0.0,1,246.0,246.0,0,0.0
4611,1,246.0,246.0,0,0,0.0,1,246.0,246.0,0,0.0
4612,1,246.0,246.0,0,0,0.0,1,246.0,246.0,0,0.0
4613,1,246.0,246.0,0,0,0.0,1,246.0,246.0,0,0.0
4614,1,246.0,246.0,0,0,0.0,1,246.0,246.0,0,0.0
4615,1,246.0,246.0,0,0,0.0,1,246.0,246.0,0,0.0
4616,1,246.0,246.0,0,0,0.0,1,246.0,246.0,0,0.0
4617,1,246.0,246.0,0,0,0.0,1,246.0,246.0,0,0.0
4618,1,246.0,246.0,0,0,0.0,1,246.0,246.0,0,0.0
4619,1,246.0,246.0,0,0,0.0,1,246.0,246.0,0,0.0
4620,1,247.0,247.0,0,0,0.0,1,247.0,247.0,0,0.0
4621,1,247.0,247.0,0,0,0.0,1,247.0,247.0,0,0.0
4622,1,247.0,247.0,0,0,0.0,1,247.0,247.0,0,0.0
4623,1,247.0,247.0,0,0,0.0,1,247.0,247.0,0,0.0
4624,1,247.0,247.0,0,0,0.0,1,247.0,247.0,0,0.0
4625,1,247.0,247.0,0,0,0.0,1,247.0,247.0,0,0.0
4626,1,247.0,247.0,0,0,0.0,1,247.0,247.0,0,0.0
4627,1,247.0,247.0,0,0,0.0,1,247.0,247.0,0,0.0
4628,1,247.0,247.0,0,0,0.0,1,247.0,247.0,0,0.0
4629,1,247.0,247.0,0,0,0.0,1,247.0,247.0,0,0.0
4630,1,247.0,247.0,0,0,0.0,1,247.0,247.0,0,0.0
4631,1,247.0,247.0,0,0,0.0,1,247.0,247.0,0,0.0
4632,1,247.0,247.0,0,0,0.0,1,247.0,247.0,0,0.0
4633,1,247.0,247.0,0,0,0.0,1,247.0,247.0,0,0.0
4634,1,247.0,247.0,0,0,0.0,1,247.0,247.0,0,0.0
4635,1,247.0,247.0,0,0,0.0,1,247.0,247.0,0,0.0
4636,1,247.0,247.0,0,0,0.0,1,247.0,247.0,0,0.0
4637,1,247.0,247.0,0,0,0.0,1,247.0,247.0,0,0.0
4638,1,247.0,247.0,0,0,0.0,1,247.0,247.0,0,0.0
4639,1,247.0,247.0,0,0,0.0,1,247.0,247.0,0,0.0
4640,1,247.0,247.0,0,0,0.0,1,247.0,247.0,0,0.0
4641,1,247.0,247.0,0,0,0.0,1,247.0,247.0,0,0.0
4642,1,247.0,247.0,0,0,0.0,1,247.0,247.0,0,0.0
4643,1,247.0,247.0,0,0,0.0,1,247.0,247.0,0,0.0
4644,1,247.0,247.0,0,0,0.0,1,247.0,247.0,0,0.0
4645,1,247.0,247.0,0,0,0.0,1,247.0,247.0,0,0.0
4646,1,247.0,247.0,0,0,0.0,1,247.0,247.0,0,0.0
4647,1,247.0,247.0,0,0,0.0,1,247.0,247.0,0,0.0
4648,1,247.0,247.0,0,0,0.0,1,247.0,247.0,0,0.0
4649,1,247.0,247.0,0,0,0.0,1,247.0,247.0,0,0.0
4650,1,247.0,247.0,0,0,0.0,1,247.0,247.0,0,0.0
4651,1,247.0,247.0,0,0,0.0,1,247.0,247.0,0,0.0
4652,1,248.0,248.0,0,0,0.0,1,248.0,248.0,0,0.0
4653,1,248.0,248.0,0,0,0.0,1,248.0,248.0,0,0.0
4654,1,248.0,248.0,0,0,0.0,1,248.0,248.0,0,0.0
4655,1,248.0,248.0,0,0,0.0,1,248.0,248.0,0,0.0
4656,1,248.0,248.0,0,0,0.0,1,248.0,248.0,0,0.0
4657,1,248.0,248.0,0,0,0.0,1,248.0,248.0,0,0.0
4658,1,248.0,248.0,0,0,0.0,1,248.0,248.0,0,0.0
4659,1,248.0,248.0,0,0,0.0,1,248.0,248.0,0,0.0
4660,1,248.0,248.0,0,0,0.0,1,248.0,248.0,0,0.0
4661,1,248.0,248.0,0,0,0.0,1,248.0,248.0,0,0.0
4662,1,248.0,248.0,0,0,0.0,1,248.0,248.0,0,0.0
4663,1,248.0,248.0,0,0,0.0,1,248.0,248.0,0,0.0
4664,1,248.0,248.0,0,0,0.0,1,248.0,248.0,0,0.0
4665,1,248.0,248.0,0,0,0.0,1,248.0,248.0,0,0.0
4666,1,248.0,248.0,0,0,0.0,1,248.0,248.0,0,0.0
4667,1,248.0,248.0,0,0,0.0,1,248.0,248.0,0,0.0
4668,1,248.0,248.0,0,0,0.0,1,248.0,248.0,0,0.0
4669,1,248.0,248.0,0,0,0.0,1,248.0,248.0,0,0.0
4670,1,248.0,248.0,0,0,0.0,1,248.0,248.0,0,0.0
4671,1,248.0,248.0,0,0,0.0,1,248.0,248.0,0,0.0
4672,1,248.0,248.0,0,0,0.0,1,248.0,248.0,0,0.0
4673,1,248.0,248.0,0,0,0.0,1,248.0,248.0,0,0.0
4674,1,248.0,248.0,0,0,0.0,1,248.0,248.0,0,0.0
4675,1,248.0,248.0,0,0,0.0,1,248.0,248.0,0,0.0
4676,1,248.0,248.0,0,0,0.0,1,248.0,248.0,0,0.0
4677,1,248.0,248.0,0,0,0.0,1,248.0,248.0,0,0.0
4678,1,248.0,248.0,0,0,0.0,1,248.0,248.0,0,0.0
4679,1,248.0,248.0,0,0,0.0,1,248.0,248.0,0,0.0
4680,1,249.0,249.0,0,0,0.0,1,249.0,249.0,0,0.0
4681,1,249.0,249.0,0,0,0.0,1,249.0,249.0,0,0.0
4682,1,249.0,249.0,0,0,0.0,1,249.0,249.0,0,0.0
4683,1,249.0,249.0,0,0,0.0,1,249.0,249.0,0,0.0
4684,1,249.0,249.0,0,0,0.0,1,249.0,249.0,0,0.0
4685,1,249.0,249.0,0,0,0.0,1,249.0,249.0,0,0.0
4686,1,249.0,249.0,0,0,0.0,1,249.0,249.0,0,0.0
4687,1,249.0,249.0,0,0,0.0,1,249.0,249.0,0,0.0
4688,1,249.0,249.0,0,0,0.0,1,249.0,249.0,0,0.0
4689,1,249.0,249.0,0,0,0.0,1,249.0,249.0,0,0.0
4690,1,249.0,249.0,0,0,0.0,1,249.0,249.0,0,0.0
4691,1,249.0,249.0,0,0,0.0,1,249.0,249.0,0,0.0
4692,1,249.0,249.0,0,0,0.0,1,249.0,249.0,0,0.0
4693,1,249.0,249.0,0,0,0.0,1,249.0,249.0,0,0.0
4694,1,249.0,249.0,0,0,0.0,1,249.0,249.0,0,0.0
4695,1,249.0,249.0,0,0,0.0,1,249.0,249.0,0,0.0
4696,1,249.0,249.0,0,0,0.0,1,249.0,249.0,0,0.0
4697,1,250.0,250.0,0,0,0.0,1,250.0,250.0,0,0.0
4698,1,250.0,250.0,0,0,0.0,1,250.0,250.0,0,0.0
4699,1,250.0,250.0,0,0,0.0,1,250.0,250.0,0,0.0
4700,1,250.0,250.0,0,0,0.0,1,250.0,250.0,0,0.0
4701,1,250.0,250.0,0,0,0.0,1,250.0,250.0,0,0.0
4702,1,250.0,250.0,0,0,0.0,1,250.0,250.0,0,0.0
4703,1,250.0,250.0,0,0,0.0,1,250.0,250.0,0,0.0
4704,1,250.0,250.0,0,0,0.0,1,250.0,250.0,0,0.0
4705,1,250.0,250.0,0,0,0.0,1,250.0,250.0,0,0.0
4706,1,250.0,250.0,0,0,0.0,1,250.0,250.0,0,0.0
4707,1,250.0,250.0,0,0,0.0,1,250.0,250.0,0,0.0
4708,1,250.0,250.0,0,0,0.0,1,250.0,250.0,0,0.0
4709,1,250.0,250.0,0,0,0.0,1,250.0,250.0,0,0.0
4710,1,250.0,250.0,0,0,0.0,1,250.0,250.0,0,0.0
4711,1,250.0,250.0,0,0,0.0,1,250.0,250.0,0,0.0
4712,1,251.0,251.0,0,0,0.0,1,251.0,251.0,0,0.0
4713,1,251.0,251.0,0,0,0.0,1,251.0,251.0,0,0.0
4714,1,251.0,251.0,0,0,0.0,1,251.0,251.0,0,0.0
4715,1,251.0,251.0,0,0,0.0,1,251.0,251.0,0,0.0
4716,1,251.0,251.0,0,0,0.0,1,251.0,251.0,0,0.0
4717,1,251.0,251.0,0,0,0.0,1,251.0,251.0,0,0.0
4718,1,251.0,251.0,0,0,0.0,1,251.0,251.0,0,0.0
4719,1,251.0,251.0,0,0,0.0,1,251.0,251.0,0,0.0
4720,1,251.0,251.0,0,0,0.0,1,251.0,251.0,0,0.0
4721,1,251.0,251.0,0,0,0.0,1,251.0,251.0,0,0.0
4722,1,251.0,251.0,0,0,0.0,1,251.0,251.0,0,0.0
4723,1,251.0,251.0,0,0,0.0,1,251.0,251.0,0,0.0
4724,1,251.0,251.0,0,0,0.0,1,251.0,251.0,0,0.0
4725,1,251.0,251.0,0,0,0.0,1,251.0,251.0,0,0.0
4726,1,251.0,251.0,0,0,0.0,1,251.0,251.0,0,0.0
4727,1,251.0,251.0,0,0,0.0,1,251.0,251.0,0,0.0
4728,1,251.0,251.0,0,0,0.0,1,251.0,251.0,0,0.0
4729,1,251.0,251.0,0,0,0.0,1,251.0,251.0,0,0.0
4730,1,251.0,251.0,0,0,0.0,1,251.0,251.0,0,0.0
4731,1,252.0,252.0,0,0,0.0,1,252.0,252.0,0,0.0
4732,1,252.0,252.0,0,0,0.0,1,252.0,252.0,0,0.0
4733,1,252.0,252.0,0,0,0.0,1,252.0,252.0,0,0.0
4734,1,252.0,252.0,0,0,0.0,1,252.0,252.0,0,0.0
4735,1,252.0,252.0,0,0,0.0,1,252.0,252.0,0,0.0
4736,1,252.0,252.0,0,0,0.0,1,252.0,252.0,0,0.0
4737,1,252.0,252.0,0,0,0.0,1,252.0,252.0,0,0.0
4738,1,252.0,252.0,0,0,0.0,1,252.0,252.0,0,0.0
4739,1,252.0,252.0,0,0,0.0,1,252.0,252.0,0,0.0
4740,1,252.0,252.0,0,0,0.0,1,252.0,252.0,0,0.0
4741,1,252.0,252.0,0,0,0.0,1,252.0,252.0,0,0.0
4742,1,252.0,252.0,0,0,0.0,1,252.0,252.0,0,0.0
4743,1,252.0,252.0,0,0,0.0,1,252.0,252.0,0,0.0
4744,1,252.0,252.0,0,0,0.0,1,252.0,252.0,0,0.0
4745,1,252.0,252.0,0,0,0.0,1,252.0,252.0,0,0.0
4746,1,252.0,252.0,0,0,0.0,1,252.0,252.0,0,0.0
4747,1,252.0,252.0,0,0,0.0,1,252.0,252.0,0,0.0
4748,1,252.0,252.0,0,0,0.0,1,252.0,252.0,0,0.0
4749,1,252.0,252.0,0,0,0.0,1,252.0,252.0,0,0.0
4750,1,252.0,252.0,0,0,0.0,1,252.0,252.0,0,0.0
4751,1,252.0,252.0,0,0,0.0,1,252.0,252.0,0,0.0
4752,1,252.0,252.0,0,0,0.0,1,252.0,252.0,0,0.0
4753,1,252.0,252.0,0,0,0.0,1,252.0,252.0,0,0.0
4754,1,252.0,252.0,0,0,0.0,1,252.0,252.0,0,0.0
4755,1,252.0,252.0,0,0,0.0,1,252.0,252.0,0,0.0
4756,1,252.0,252.0,0,0,0.0,1,252.0,252.0,0,0.0
4757,1,252.0,252.0,0,0,0.0,1,252.0,252.0,0,0.0
4758,1,252.0,252.0,0,0,0.0,1,252.0,252.0,0,0.0
4759,1,252.0,252.0,0,0,0.0,1,252.0,252.0,0,0.0
4760,1,252.0,252.0,0,0,0.0,1,252.0,252.0,0,0.0
4761,1,252.0,252.0,0,0,0.0,1,252.0,252.0,0,0.0
4762,1,252.0,252.0,0,0,0.0,1,252.0,252.0,0,0.0
4763,1,252.0,252.0,0,0,0.0,1,252.0,252.0,0,0.0
4764,1,252.0,252.0,0,0,0.0,1,252.0,252.0,0,0.0
4765,1,252.0,252.0,0,0,0.0,1,252.0,252.0,0,0.0
4766,1,252.0,252.0,0,0,0.0,1,252.0,252.0,0,0.0
4767,1,252.0,252.0,0,0,0.0,1,252.0,252.0,0,0.0
4768,1,253.0,253.0,0,0,0.0,1,253.0,253.0,0,0.0
4769,1,253.0,253.0,0,0,0.0,1,253.0,253.0,0,0.0
4770,1,253.0,253.0,0,0,0.0,1,253.0,253.0,0,0.0
4771,1,253.0,253.0,0,0,0.0,1,253.0,253.0,0,0.0
4772,1,253.0,253.0,0,0,0.0,1,253.0,253.0,0,0.0
4773,1,253.0,253.0,0,0,0.0,1,253.0,253.0,0,0.0
4774,1,253.0,253.0,0,0,0.0,1,253.0,253.0,0,0.0
4775,1,253.0,253.0,0,0,0.0,1,253.0,253.0,0,0.0
4776,1,253.0,253.0,0,0,0.0,1,253.0,253.0,0,0.0
4777,1,253.0,253.0,0,0,0.0,1,253.0,253.0,0,0.0
4778,1,253.0,253.0,0,0,0.0,1,253.0,253.0,0,0.0
4779,1,253.0,253.0,0,0,0.0,1,253.0,253.0,0,0.0
4780,1,253.0,253.0,0,0,0.0,1,253.0,253.0,0,0.0
4781,1,253.0,253.0,0,0,0.0,1,253.0,253.0,0,0.0
4782,1,253.0,253.0,0,0,0.0,1,253.0,253.0,0,0.0
4783,1,253.0,253.0,0,0,0.0,1,253.0,253.0,0,0.0
4784,1,253.0,253.0,0,0,0.0,1,253.0,253.0,0,0.0
4785,1,253.0,253.0,0,0,0.0,1,253.0,253.0,0,0.0
4786,1,253.0,253.0,0,0,0.0,1,253.0,253.0,0,0.0
4787,1,253.0,253.0,0,0,0.0,1,253.0,253.0,0,0.0
4788,1,253.0,253.0,0,0,0.0,1,253.0,253.0,0,0.0
4789,1,253.0,253.0,0,0,0.0,1,253.0,253.0,0,0.0
4790,1,253.0,253.0,0,0,0.0,1,253.0,253.0,0,0.0
4791,1,253.0,253.0,0,0,0.0,1,253.0,253.0,0,0.0
4792,1,253.0,253.0,0,0,0.0,1,253.0,253.0,0,0.0
4793,1,253.0,253.0,0,0,0.0,1,253.0,253.0,0,0.0
4794,1,253.0,253.0,0,0,0.0,1,253.0,253.0,0,0.0
4795,1,253.0,253.0,0,0,0.0,1,253.0,253.0,0,0.0
4796,1,253.0,253.0,0,0,0.0,1,253.0,253.0,0,0.0
4797,1,253.0,253.0,0,0,0.0,1,253.0,253.0,0,0.0
4798,1,254.0,254.0,0,0,0.0,1,254.0,254.0,0,0.0
4799,1,254.0,254.0,0,0,0.0,1,254.0,254.0,0,0.0
4800,1,254.0,254.0,0,0,0.0,1,254.0,254.0,0,0.0
4801,1,254.0,254.0,0,0,0.0,1,254.0,254.0,0,0.0
4802,1,254.0,254.0,0,0,0.0,1,254.0,254.0,0,0.0
4803,1,254.0,254.0,0,0,0.0,1,254.0,254.0,0,0.0
4804,1,254.0,254.0,0,0,0.0,1,254.0,254.0,0,0.0
4805,1,254.0,254.0,0,0,0.0,1,254.0,254.0,0,0.0
4806,1,254.0,254.0,0,0,0.0,1,254.0,254.0,0,0.0
4807,1,254.0,254.0,0,0,0.0,1,254.0,254.0,0,0.0
4808,1,254.0,254.0,0,0,0.0,1,254.0,254.0,0,0.0
4809,1,254.0,254.0,0,0,0.0,1,254.0,254.0,0,0.0
4810,1,254.0,254.0,0,0,0.0,1,254.0,254.0,0,0.0
4811,1,254.0,254.0,0,0,0.0,1,254.0,254.0,0,0.0
4812,1,254.0,254.0,0,0,0.0,1,254.0,254.0,0,0.0
4813,1,254.0,254.0,0,0,0.0,1,254.0,254.0,0,0.0
4814,1,254.0,254.0,0,0,0.0,1,254.0,254.0,0,0.0
4815,1,255.0,255.0,0,0,0.0,1,255.0,255.0,0,0.0
4816,1,255.0,255.0,0,0,0.0,1,255.0,255.0,0,0.0
4817,1,255.0,255.0,0,0,0.0,1,255.0,255.0,0,0.0
4818,1,255.0,255.0,0,0,0.0,1,255.0,255.0,0,0.0
4819,1,255.0,255.0,0,0,0.0,1,255.0,255.0,0,0.0
4820,1,255.0,255.0,0,0,0.0,1,255.0,255.0,0,0.0
4821,1,255.0,255.0,0,0,0.0,1,255.0,255.0,0,0.0
4822,1,255.0,255.0,0,0,0.0,1,255.0,255.0,0,0.0
4823,1,255.0,255.0,0,0,0.0,1,255.0,255.0,0,0.0
4824,1,255.0,255.0,0,0,0.0,1,255.0,255.0,0,0.0
4825,1,255.0,255.0,0,0,0.0,1,255.0,255.0,0,0.0
4826,1,255.0,255.0,0,0,0.0,1,255.0,255.0,0,0.0
4827,1,255.0,255.0,0,0,0.0,1,255.0,255.0,0,0.0
4828,1,256.0,256.0,0,0,0.0,1,256.0,256.0,0,0.0
4829,1,256.0,256.0,0,0,0.0,1,256.0,256.0,0,0.0
4830,1,256.0,256.0,0,0,0.0,1,256.0,256.0,0,0.0
4831,1,256.0,256.0,0,0,0.0,1,256.0,256.0,0,0.0
4832,1,256.0,256.0,0,0,0.0,1,256.0,256.0,0,0.0
4833,1,257.0,257.0,0,0,0.0,1,257.0,257.0,0,0.0
4834,1,257.0,257.0,0,0,0.0,1,257.0,257.0,0,0.0
4835,1,257.0,257.0,0,0,0.0,1,257.0,257.0,0,0.0
4836,1,257.0,257.0,0,0,0.0,1,257.0,257.0,0,0.0
4837,1,257.0,257.0,0,0,0.0,1,257.0,257.0,0,0.0
4838,1,257.0,257.0,0,0,0.0,1,257.0,257.0,0,0.0
4839,1,257.0,257.0,0,0,0.0,1,257.0,257.0,0,0.0
4840,1,257.0,257.0,0,0,0.0,1,257.0,257.0,0,0.0
4841,1,257.0,257.0,0,0,0.0,1,257.0,257.0,0,0.0
4842,1,258.0,258.0,0,0,0.0,1,258.0,258.0,0,0.0
4843,1,258.0,258.0,0,0,0.0,1,258.0,258.0,0,0.0
4844,1,258.0,258.0,0,0,0.0,1,258.0,258.0,0,0.0
4845,1,258.0,258.0,0,0,0.0,1,258.0,258.0,0,0.0
4846,1,258.0,258.0,0,0,0.0,1,258.0,258.0,0,0.0
4847,1,258.0,258.0,0,0,0.0,1,258.0,258.0,0,0.0
4848,1,258.0,258.0,0,0,0.0,1,258.0,258.0,0,0.0
4849,1,258.0,258.0,0,0,0.0,1,258.0,258.0,0,0.0
4850,1,258.0,258.0,0,0,0.0,1,258.0,258.0,0,0.0
4851,1,259.0,259.0,0,0,0.0,1,259.0,259.0,0,0.0
4852,1,259.0,259.0,0,0,0.0,1,259.0,259.0,0,0.0
4853,1,259.0,259.0,0,0,0.0,1,259.0,259.0,0,0.0
4854,1,259.0,259.0,0,0,0.0,1,259.0,259.0,0,0.0
4855,1,259.0,259.0,0,0,0.0,1,259.0,259.0,0,0.0
4856,1,259.0,259.0,0,0,0.0,1,259.0,259.0,0,0.0
4857,1,259.0,259.0,0,0,0.0,1,259.0,259.0,0,0.0
4858,1,259.0,259.0,0,0,0.0,1,259.0,259.0,0,0.0
4859,1,259.0,259.0,0,0,0.0,1,259.0,259.0,0,0.0
4860,1,259.0,259.0,0,0,0.0,1,259.0,259.0,0,0.0
4861,1,259.0,259.0,0,0,0.0,1,259.0,259.0,0,0.0
4862,1,259.0,259.0,0,0,0.0,1,259.0,259.0,0,0.0
4863,1,259.0,259.0,0,0,0.0,1,259.0,259.0,0,0.0
4864,1,259.0,259.0,0,0,0.0,1,259.0,259.0,0,0.0
4865,1,259.0,259.0,0,0,0.0,1,259.0,259.0,0,0.0
4866,1,259.0,259.0,0,0,0.0,1,259.0,259.0,0,0.0
4867,1,259.0,259.0,0,0,0.0,1,259.0,259.0,0,0.0
4868,1,259.0,259.0,0,0,0.0,1,259.0,259.0,0,0.0
4869,1,259.0,259.0,0,0,0.0,1,259.0,259.0,0,0.0
4870,1,259.0,259.0,0,0,0.0,1,259.0,259.0,0,0.0
4871,1,259.0,259.0,0,0,0.0,1,259.0,259.0,0,0.0
4872,1,259.0,259.0,0,0,0.0,1,259.0,259.0,0,0.0
4873,1,259.0,259.0,0,0,0.0,1,259.0,259.0,0,0.0
4874,1,259.0,259.0,0,0,0.0,1,259.0,259.0,0,0.0
4875,1,259.0,259.0,0,0,0.0,1,259.0,259.0,0,0.0
4876,1,259.0,259.0,0,0,0.0,1,259.0,259.0,0,0.0
4877,1,259.0,259.0,0,0,0.0,1,259.0,259.0,0,0.0
4878,1,259.0,259.0,0,0,0.0,1,259.0,259.0,0,0.0
4879,1,260.0,260.0,0,0,0.0,1,260.0,260.0,0,0.0
4880,1,260.0,260.0,0,0,0.0,1,260.0,260.0,0,0.0
4881,1,260.0,260.0,0,0,0.0,1,260.0,260.0,0,0.0
4882,1,260.0,260.0,0,0,0.0,1,260.0,260.0,0,0.0
4883,1,260.0,260.0,0,0,0.0,1,260.0,260.0,0,0.0
4884,1,260.0,260.0,0,0,0.0,1,260.0,260.0,0,0.0
4885,1,260.0,260.0,0,0,0.0,1,260.0,260.0,0,0.0
4886,1,260.0,260.0,0,0,0.0,1,260.0,260.0,0,0.0
4887,1,260.0,260.0,0,0,0.0,1,260.0,260.0,0,0.0
4888,1,260.0,260.0,0,0,0.0,1,260.0,260.0,0,0.0
4889,1,260.0,260.0,0,0,0.0,1,260.0,260.0,0,0.0
4890,1,260.0,260.0,0,0,0.0,1,260.0,260.0,0,0.0
4891,1,260.0,260.0,0,0,0.0,1,260.0,260.0,0,0.0
4892,1,260.0,260.0,0,0,0.0,1,260.0,260.0,0,0.0
4893,1,260.0,260.0,0,0,0.0,1,260.0,260.0,0,0.0
4894,1,260.0,260.0,0,0,0.0,1,260.0,260.0,0,0.0
4895,1,260.0,260.0,0,0,0.0,1,260.0,260.0,0,0.0
4896,1,260.0,260.0,0,0,0.0,1,260.0,260.0,0,0.0
4897,1,260.0,260.0,0,0,0.0,1,260.0,260.0,0,0.0
4898,1,260.0,260.0,0,0,0.0,1,260.0,260.0,0,0.0
4899,1,260.0,260.0,0,0,0.0,1,260.0,260.0,0,0.0
4900,1,260.0,260.0,0,0,0.0,1,260.0,260.0,0,0.0
4901,1,260.0,260.0,0,0,0.0,1,260.0,260.0,0,0.0
4902,1,261.0,261.0,0,0,0.0,1,261.0,261.0,0,0.0
4903,1,261.0,261.0,0,0,0.0,1,261.0,261.0,0,0.0
4904,1,261.0,261.0,0,0,0.0,1,261.0,261.0,0,0.0
4905,1,261.0,261.0,0,0,0.0,1,261.0,261.0,0,0.0
4906,1,261.0,261.0,0,0,0.0,1,261.0,261.0,0,0.0
4907,1,261.0,261.0,0,0,0.0,1,261.0,261.0,0,0.0
4908,1,261.0,261.0,0,0,0.0,1,261.0,261.0,0,0.0
4909,1,261.0,261.0,0,0,0.0,1,261.0,261.0,0,0.0
4910,1,261.0,261.0,0,0,0.0,1,261.0,261.0,0,0.0
4911,1,261.0,261.0,0,0,0.0,1,261.0,261.0,0,0.0
4912,1,261.0,261.0,0,0,0.0,1,261.0,261.0,0,0.0
4913,1,261.0,261.0,0,0,0.0,1,261.0,261.0,0,0.0
4914,1,261.0,261.0,0,0,0.0,1,261.0,261.0,0,0.0
4915,1,261.0,261.0,0,0,0.0,1,261.0,261.0,0,0.0
4916,1,261.0,261.0,0,0,0.0,1,261.0,261.0,0,0.0
4917,1,261.0,261.0,0,0,0.0,1,261.0,261.0,0,0.0
4918,1,261.0,261.0,0,0,0.0,1,261.0,261.0,0,0.0
4919,1,261.0,261.0,0,0,0.0,1,261.0,261.0,0,0.0
4920,1,261.0,261.0,0,0,0.0,1,261.0,261.0,0,0.0
4921,1,261.0,261.0,0,0,0.0,1,261.0,261.0,0,0.0
4922,1,261.0,261.0,0,0,0.0,1,261.0,261.0,0,0.0
4923,1,261.0,261.0,0,0,0.0,1,261.0,261.0,0,0.0
4924,1,261.0,261.0,0,0,0.0,1,261.0,261.0,0,0.0
4925,1,261.0,261.0,0,0,0.0,1,261.0,261.0,0,0.0
4926,1,261.0,261.0,0,0,0.0,1,261.0,261.0,0,0.0
4927,1,261.0,261.0,0,0,0.0,1,261.0,261.0,0,0.0
4928,1,262.0,262.0,0,0,0.0,1,262.0,262.0,0,0.0
4929,1,262.0,262.0,0,0,0.0,1,262.0,262.0,0,0.0
4930,1,262.0,262.0,0,0,0.0,1,262.0,262.0,0,0.0
4931,1,262.0,262.0,0,0,0.0,1,262.0,262.0,0,0.0
4932,1,262.0,262.0,0,0,0.0,1,262.0,262.0,0,0.0
4933,1,262.0,262.0,0,0,0.0,1,262.0,262.0,0,0.0
4934,1,262.0,262.0,0,0,0.0,1,262.0,262.0,0,0.0
4935,1,262.0,262.0,0,0,0.0,1,262.0,262.0,0,0.0
4936,1,262.0,262.0,0,0,0.0,1,262.0,262.0,0,0.0
4937,1,262.0,262.0,0,0,0.0,1,262.0,262.0,0,0.0
4938,1,262.0,262.0,0,0,0.0,1,262.0,262.0,0,0.0
4939,1,262.0,262.0,0,0,0.0,1,262.0,262.0,0,0.0
4940,1,262.0,262.0,0,0,0.0,1,262.0,262.0,0,0.0
4941,1,262.0,262.0,0,0,0.0,1,262.0,262.0,0,0.0
4942,1,262.0,262.0,0,0,0.0,1,262.0,262.0,0,0.0
4943,1,263.0,263.0,0,0,0.0,1,263.0,263.0,0,0.0
4944,1,263.0,263.0,0,0,0.0,1,263.0,263.0,0,0.0
4945,1,263.0,263.0,0,0,0.0,1,263.0,263.0,0,0.0
4946,1,263.0,263.0,0,0,0.0,1,263.0,263.0,0,0.0
4947,1,263.0,263.0,0,0,0.0,1,263.0,263.0,0,0.0
4948,1,263.0,263.0,0,0,0.0,1,263.0,263.0,0,0.0
4949,1,263.0,263.0,0,0,0.0,1,263.0,263.0,0,0.0
4950,1,263.0,263.0,0,0,0.0,1,263.0,263.0,0,0.0
4951,1,263.0,263.0,0,0,0.0,1,263.0,263.0,0,0.0
4952,1,263.0,263.0,0,0,0.0,1,263.0,263.0,0,0.0
4953,1,263.0,263.0,0,0,0.0,1,263.0,263.0,0,0.0
4954,1,264.0,264.0,0,0,0.0,1,264.0,264.0,0,0.0
4955,1,264.0,264.0,0,0,0.0,1,264.0,264.0,0,0.0
4956,1,264.0,264.0,0,0,0.0,1,264.0,264.0,0,0.0
4957,1,264.0,264.0,0,0,0.0,1,264.0,264.0,0,0.0
4958,1,264.0,264.0,0,0,0.0,1,264.0,264.0,0,0.0
4959,1,264.0,264.0,0,0,0.0,1,264.0,264.0,0,0.0
4960,1,264.0,264.0,0,0,0.0,1,264.0,264.0,0,0.0
4961,1,264.0,264.0,0,0,0.0,1,264.0,264.0,0,0.0
4962,1,265.0,265.0,0,0,0.0,1,265.0,265.0,0,0.0
4963,1,265.0,265.0,0,0,0.0,1,265.0,265.0,0,0.0
4964,1,265.0,265.0,0,0,0.0,1,265.0,265.0,0,0.0
4965,1,265.0,265.0,0,0,0.0,1,265.0,265.0,0,0.0
4966,1,265.0,265.0,0,0,0.0,1,265.0,265.0,0,0.0
4967,1,265.0,265.0,0,0,0.0,1,265.0,265.0,0,0.0
4968,1,265.0,265.0,0,0,0.0,1,265.0,265.0,0,0.0
4969,1,266.0,266.0,0,0,0.0,1,266.0,266.0,0,0.0
4970,1,266.0,266.0,0,0,0.0,1,266.0,266.0,0,0.0
4971,1,266.0,266.0,0,0,0.0,1,266.0,266.0,0,0.0
4972,1,266.0,266.0,0,0,0.0,1,266.0,266.0,0,0.0
4973,1,266.0,266.0,0,0,0.0,1,266.0,266.0,0,0.0
4974,1,266.0,266.0,0,0,0.0,1,266.0,266.0,0,0.0
4975,1,266.0,266.0,0,0,0.0,1,266.0,266.0,0,0.0
4976,1,266.0,266.0,0,0,0.0,1,266.0,266.0,0,0.0
4977,1,266.0,266.0,0,0,0.0,1,266.0,266.0,0,0.0
4978,1,266.0,266.0,0,0,0.0,1,266.0,266.0,0,0.0
4979,1,266.0,266.0,0,0,0.0,1,266.0,266.0,0,0.0
4980,1,266.0,266.0,0,0,0.0,1,266.0,266.0,0,0.0
4981,1,266.0,266.0,0,0,0.0,1,266.0,266.0,0,0.0
4982,1,266.0,266.0,0,0,0.0,1,266.0,266.0,0,0.0
4983,1,266.0,266.0,0,0,0.0,1,266.0,266.0,0,0.0
4984,1,267.0,267.0,0,0,0.0,1,267.0,267.0,0,0.0
4985,1,267.0,267.0,0,0,0.0,1,267.0,267.0,0,0.0
4986,1,267.0,267.0,0,0,0.0,1,267.0,267.0,0,0.0
4987,1,267.0,267.0,0,0,0.0,1,267.0,267.0,0,0.0
4988,1,267.0,267.0,0,0,0.0,1,267.0,267.0,0,0.0
4989,1,267.0,267.0,0,0,0.0,1,267.0,267.0,0,0.0
4990,1,267.0,267.0,0,0,0.0,1,267.0,267.0,0,0.0
4991,1,267.0,267.0,0,0,0.0,1,267.0,267.0,0,0.0
4992,1,267.0,267.0,0,0,0.0,1,267.0,267.0,0,0.0
4993,1,267.0,267.0,0,0,0.0,1,267.0,267.0,0,0.0
4994,1,267.0,267.0,0,0,0.0,1,267.0,267.0,0,0.0
4995,1,267.0,267.0,0,0,0.0,1,267.0,267.0,0,0.0
4996,1,267.0,267.0,0,0,0.0,1,267.0,267.0,0,0.0
4997,1,267.0,267.0,0,0,0.0,1,267.0,267.0,0,0.0
4998,1,267.0,267.0,0,0,0.0,1,267.0,267.0,0,0.0
4999,1,267.0,267.0,0,0,0.0,1,267.0,267.0,0,0.0
5000,1,267.0,267.0,0,0,0.0,1,267.0,267.0,0,0.0
5001,1,267.0,267.0,0,0,0.0,1,267.0,267.0,0,0.0
5002,1,267.0,267.0,0,0,0.0,1,267.0,267.0,0,0.0
5003,1,267.0,267.0,0,0,0.0,1,267.0,267.0,0,0.0
5004,1,267.0,267.0,0,0,0.0,1,267.0,267.0,0,0.0
5005,1,267.0,267.0,0,0,0.0,1,267.0,267.0,0,0.0
5006,1,267.0,267.0,0,0,0.0,1,267.0,267.0,0,0.0
5007,1,267.0,267.0,0,0,0.0,1,267.0,267.0,0,0.0
5008,1,267.0,267.0,0,0,0.0,1,267.0,267.0,0,0.0
5009,1,267.0,267.0,0,0,0.0,1,267.0,267.0,0,0.0
5010,1,267.0,267.0,0,0,0.0,1,267.0,267.0,0,0.0
5011,1,267.0,267.0,0,0,0.0,1,267.0,267.0,0,0.0
5012,1,267.0,267.0,0,0,0.0,1,267.0,267.0,0,0.0
5013,1,267.0,267.0,0,0,0.0,1,267.0,267.0,0,0.0
5014,1,267.0,267.0,0,0,0.0,1,267.0,267.0,0,0.0
5015,1,267.0,267.0,0,0,0.0,1,267.0,267.0,0,0.0
5016,1,267.0,267.0,0,0,0.0,1,267.0,267.0,0,0.0
5017,1,268.0,268.0,0,0,0.0,1,268.0,268.0,0,0.0
5018,1,268.0,268.0,0,0,0.0,1,268.0,268.0,0,0.0
5019,1,268.0,268.0,0,0,0.0,1,268.0,268.0,0,0.0
5020,1,268.0,268.0,0,0,0.0,1,268.0,268.0,0,0.0
5021,1,268.0,268.0,0,0,0.0,1,268.0,268.0,0,0.0
5022,1,268.0,268.0,0,0,0.0,1,268.0,268.0,0,0.0
5023,1,268.0,268.0,0,0,0.0,1,268.0,268.0,0,0.0
5024,1,268.0,268.0,0,0,0.0,1,268.0,268.0,0,0.0
5025,1,268.0,268.0,0,0,0.0,1,268.0,268.0,0,0.0
5026,1,268.0,268.0,0,0,0.0,1,268.0,268.0,0,0.0
5027,1,268.0,268.0,0,0,0.0,1,268.0,268.0,0,0.0
5028,1,268.0,268.0,0,0,0.0,1,268.0,268.0,0,0.0
5029,1,268.0,268.0,0,0,0.0,1,268.0,268.0,0,0.0
5030,1,268.0,268.0,0,0,0.0,1,268.0,268.0,0,0.0
5031,1,268.0,268.0,0,0,0.0,1,268.0,268.0,0,0.0
5032,1,268.0,268.0,0,0,0.0,1,268.0,268.0,0,0.0
5033,1,268.0,268.0,0,0,0.0,1,268.0,268.0,0,0.0
5034,1,268.0,268.0,0,0,0.0,1,268.0,268.0,0,0.0
5035,1,268.0,268.0,0,0,0.0,1,268.0,268.0,0,0.0
5036,1,268.0,268.0,0,0,0.0,1,268.0,268.0,0,0.0
5037,1,268.0,268.0,0,0,0.0,1,268.0,268.0,0,0.0
5038,1,268.0,268.0,0,0,0.0,1,268.0,268.0,0,0.0
5039,1,268.0,268.0,0,0,0.0,1,268.0,268.0,0,0.0
5040,1,268.0,268.0,0,0,0.0,1,268.0,268.0,0,0.0
5041,1,268.0,268.0,0,0,0.0,1,268.0,268.0,0,0.0
5042,1,268.0,268.0,0,0,0.0,1,268.0,268.0,0,0.0
5043,1,268.0,268.0,0,0,0.0,1,268.0,268.0,0,0.0
5044,1,268.0,268.0,0,0,0.0,1,268.0,268.0,0,0.0
5045,1,268.0,268.0,0,0,0.0,1,268.0,268.0,0,0.0
5046,1,268.0,268.0,0,0,0.0,1,268.0,268.0,0,0.0
5047,1,268.0,268.0,0,0,0.0,1,268.0,268.0,0,0.0
5048,1,268.0,268.0,0,0,0.0,1,268.0,268.0,0,0.0
5049,1,269.0,269.0,0,0,0.0,1,269.0,269.0,0,0.0
5050,1,269.0,269.0,0,0,0.0,1,269.0,269.0,0,0.0
5051,1,269.0,269.0,0,0,0.0,1,269.0,269.0,0,0.0
5052,1,269.0,269.0,0,0,0.0,1,269.0,269.0,0,0.0
5053,1,269.0,269.0,0,0,0.0,1,269.0,269.0,0,0.0
5054,1,269.0,269.0,0,0,0.0,1,269.0,269.0,0,0.0
5055,1,269.0,269.0,0,0,0.0,1,269.0,269.0,0,0.0
5056,1,269.0,269.0,0,0,0.0,1,269.0,269.0,0,0.0
5057,1,269.0,269.0,0,0,0.0,1,269.0,269.0,0,0.0
5058,1,269.0,269.0,0,0,0.0,1,269.0,269.0,0,0.0
5059,1,269.0,269.0,0,0,0.0,1,269.0,269.0,0,0.0
5060,1,269.0,269.0,0,0,0.0,1,269.0,269.0,0,0.0
5061,1,269.0,269.0,0,0,0.0,1,269.0,269.0,0,0.0
5062,1,269.0,269.0,0,0,0.0,1,269.0,269.0,0,0.0
5063,1,269.0,269.0,0,0,0.0,1,269.0,269.0,0,0.0
5064,1,269.0,269.0,0,0,0.0,1,269.0,269.0,0,0.0
5065,1,269.0,269.0,0,0,0.0,1,269.0,269.0,0,0.0
5066,1,269.0,269.0,0,0,0.0,1,269.0,269.0,0,0.0
5067,1,269.0,269.0,0,0,0.0,1,269.0,269.0,0,0.0
5068,1,269.0,269.0,0,0,0.0,1,269.0,269.0,0,0.0
5069,1,270.0,270.0,0,0,0.0,1,270.0,270.0,0,0.0
5070,1,270.0,270.0,0,0,0.0,1,270.0,270.0,0,0.0
5071,1,270.0,270.0,0,0,0.0,1,270.0,270.0,0,0.0
5072,1,270.0,270.0,0,0,0.0,1,270.0,270.0,0,0.0
5073,1,270.0,270.0,0,0,0.0,1,270.0,270.0,0,0.0
5074,1,270.0,270.0,0,0,0.0,1,270.0,270.0,0,0.0
5075,1,270.0,270.0,0,0,0.0,1,270.0,270.0,0,0.0
5076,1,270.0,270.0,0,0,0.0,1,270.0,270.0,0,0.0
5077,1,270.0,270.0,0,0,0.0,1,270.0,270.0,0,0.0
5078,1,270.0,270.0,0,0,0.0,1,270.0,270.0,0,0.0
5079,1,270.0,270.0,0,0,0.0,1,270.0,270.0,0,0.0
5080,1,270.0,270.0,0,0,0.0,1,270.0,270.0,0,0.0
5081,1,270.0,270.0,0,0,0.0,1,270.0,270.0,0,0.0
5082,1,270.0,270.0,0,0,0.0,1,270.0,270.0,0,0.0
5083,1,270.0,270.0,0,0,0.0,1,270.0,270.0,0,0.0
5084,1,271.0,271.0,0,0,0.0,1,271.0,271.0,0,0.0
5085,1,271.0,271.0,0,0,0.0,1,271.0,271.0,0,0.0
5086,1,271.0,271.0,0,0,0.0,1,271.0,271.0,0,0.0
5087,1,271.0,271.0,0,0,0.0,1,271.0,271.0,0,0.0
5088,1,271.0,271.0,0,0,0.0,1,271.0,271.0,0,0.0
5089,1,271.0,271.0,0,0,0.0,1,271.0,271.0,0,0.0
5090,1,271.0,271.0,0,0,0.0,1,271.0,271.0,0,0.0
5091,1,271.0,271.0,0,0,0.0,1,271.0,271.0,0,0.0
5092,1,271.0,271.0,0,0,0.0,1,271.0,271.0,0,0.0
5093,1,271.0,271.0,0,0,0.0,1,271.0,271.0,0,0.0
5094,1,271.0,271.0,0,0,0.0,1,271.0,271.0,0,0.0
5095,1,271.0,271.0,0,0,0.0,1,271.0,271.0,0,0.0
5096,1,272.0,272.0,0,0,0.0,1,272.0,272.0,0,0.0
5097,1,272.0,272.0,0,0,0.0,1,272.0,272.0,0,0.0
5098,1,272.0,272.0,0,0,0.0,1,272.0,272.0,0,0.0
5099,1,272.0,272.0,0,0,0.0,1,272.0,272.0,0,0.0
5100,1,272.0,272.0,0,0,0.0,1,272.0,272.0,0,0.0
5101,1,272.0,272.0,0,0,0.0,1,272.0,272.0,0,0.0
5102,1,273.0,273.0,0,0,0.0,1,273.0,273.0,0,0.0
5103,1,273.0,273.0,0,0,0.0,1,273.0,273.0,0,0.0
5104,1,273.0,273.0,0,0,0.0,1,273.0,273.0,0,0.0
5105,1,273.0,273.0,0,0,0.0,1,273.0,273.0,0,0.0
5106,1,273.0,273.0,0,0,0.0,1,273.0,273.0,0,0.0
5107,1,273.0,273.0,0,0,0.0,1,273.0,273.0,0,0.0
5108,1,273.0,273.0,0,0,0.0,1,273.0,273.0,0,0.0
5109,1,273.0,273.0,0,0,0.0,1,273.0,273.0,0,0.0
5110,1,273.0,273.0,0,0,0.0,1,273.0,273.0,0,0.0
5111,1,273.0,273.0,0,0,0.0,1,273.0,273.0,0,0.0
5112,1,273.0,273.0,0,0,0.0,1,273.0,273.0,0,0.0
5113,1,273.0,273.0,0,0,0.0,1,273.0,273.0,0,0.0
5114,1,273.0,273.0,0,0,0.0,1,273.0,273.0,0,0.0
5115,1,273.0,273.0,0,0,0.0,1,273.0,273.0,0,0.0
5116,1,273.0,273.0,0,0,0.0,1,273.0,273.0,0,0.0
5117,1,273.0,273.0,0,0,0.0,1,273.0,273.0,0,0.0
5118,1,273.0,273.0,0,0,0.0,1,273.0,273.0,0,0.0
5119,1,273.0,273.0,0,0,0.0,1,273.0,273.0,0,0.0
5120,1,273.0,273.0,0,0,0.0,1,273.0,273.0,0,0.0
5121,1,273.0,273.0,0,0,0.0,1,273.0,273.0,0,0.0
5122,1,273.0,273.0,0,0,0.0,1,273.0,273.0,0,0.0
5123,1,273.0,273.0,0,0,0.0,1,273.0,273.0,0,0.0
5124,1,273.0,273.0,0,0,0.0,1,273.0,273.0,0,0.0
5125,1,273.0,273.0,0,0,0.0,1,273.0,273.0,0,0.0
5126,1,273.0,273.0,0,0,0.0,1,273.0,273.0,0,0.0
5127,1,273.0,273.0,0,0,0.0,1,273.0,273.0,0,0.0
5128,1,273.0,273.0,0,0,0.0,1,273.0,273.0,0,0.0
5129,1,274.0,274.0,0,0,0.0,1,274.0,274.0,0,0.0
5130,1,274.0,274.0,0,0,0.0,1,274.0,274.0,0,0.0
5131,1,274.0,274.0,0,0,0.0,1,274.0,274.0,0,0.0
5132,1,274.0,274.0,0,0,0.0,1,274.0,274.0,0,0.0
5133,1,274.0,274.0,0,0,0.0,1,274.0,274.0,0,0.0
5134,1,274.0,274.0,0,0,0.0,1,274.0,274.0,0,0.0
5135,1,274.0,274.0,0,0,0.0,1,274.0,274.0,0,0.0
5136,1,274.0,274.0,0,0,0.0,1,274.0,274.0,0,0.0
5137,1,274.0,274.0,0,0,0.0,1,274.0,274.0,0,0.0
5138,1,274.0,274.0,0,0,0.0,1,274.0,274.0,0,0.0
5139,1,274.0,274.0,0,0,0.0,1,274.0,274.0,0,0.0
5140,1,274.0,274.0,0,0,0.0,1,274.0,274.0,0,0.0
5141,1,274.0,274.0,0,0,0.0,1,274.0,274.0,0,0.0
5142,1,274.0,274.0,0,0,0.0,1,274.0,274.0,0,0.0
5143,1,274.0,274.0,0,0,0.0,1,274.0,274.0,0,0.0
5144,1,274.0,274.0,0,0,0.0,1,274.0,274.0,0,0.0
5145,1,274.0,274.0,0,0,0.0,1,274.0,274.0,0,0.0
5146,1,274.0,274.0,0,0,0.0,1,274.0,274.0,0,0.0
5147,1,274.0,274.0,0,0,0.0,1,274.0,274.0,0,0.0
5148,1,274.0,274.0,0,0,0.0,1,274.0,274.0,0,0.0
5149,1,274.0,274.0,0,0,0.0,1,274.0,274.0,0,0.0
5150,1,274.0,274.0,0,0,0.0,1,274.0,274.0,0,0.0
5151,1,274.0,274.0,0,0,0.0,1,274.0,274.0,0,0.0
5152,1,274.0,274.0,0,0,0.0,1,274.0,274.0,0,0.0
5153,1,274.0,274.0,0,0,0.0,1,274.0,274.0,0,0.0
5154,1,274.0,274.0,0,0,0.0,1,274.0,274.0,0,0.0
5155,1,274.0,274.0,0,0,0.0,1,274.0,274.0,0,0.0
5156,1,274.0,274.0,0,0,0.0,1,274.0,274.0,0,0.0
5157,1,274.0,274.0,0,0,0.0,1,274.0,274.0,0,0.0
5158,1,274.0,274.0,0,0,0.0,1,274.0,274.0,0,0.0
5159,1,274.0,274.0,0,0,0.0,1,274.0,274.0,0,0.0
5160,1,274.0,274.0,0,0,0.0,1,274.0,274.0,0,0.0
5161,1,274.0,274.0,0,0,0.0,1,274.0,274.0,0,0.0
5162,1,274.0,274.0,0,0,0.0,1,274.0,274.0,0,0.0
5163,1,274.0,274.0,0,0,0.0,1,274.0,274.0,0,0.0
5164,1,274.0,274.0,0,0,0.0,1,274.0,274.0,0,0.0
5165,1,274.0,274.0,0,0,0.0,1,274.0,274.0,0,0.0
5166,1,274.0,274.0,0,0,0.0,1,274.0,274.0,0,0.0
5167,1,274.0,274.0,0,0,0.0,1,274.0,274.0,0,0.0
5168,1,274.0,274.0,0,0,0.0,1,274.0,274.0,0,0.0
5169,1,274.0,274.0,0,0,0.0,1,274.0,274.0,0,0.0
5170,1,274.0,274.0,0,0,0.0,1,274.0,274.0,0,0.0
5171,1,275.0,275.0,0,0,0.0,1,275.0,275.0,0,0.0
5172,1,275.0,275.0,0,0,0.0,1,275.0,275.0,0,0.0
5173,1,275.0,275.0,0,0,0.0,1,275.0,275.0,0,0.0
5174,1,275.0,275.0,0,0,0.0,1,275.0,275.0,0,0.0
5175,1,275.0,275.0,0,0,0.0,1,275.0,275.0,0,0.0
5176,1,275.0,275.0,0,0,0.0,1,275.0,275.0,0,0.0
5177,1,275.0,275.0,0,0,0.0,1,275.0,275.0,0,0.0
5178,1,275.0,275.0,0,0,0.0,1,275.0,275.0,0,0.0
5179,1,275.0,275.0,0,0,0.0,1,275.0,275.0,0,0.0
5180,1,275.0,275.0,0,0,0.0,1,275.0,275.0,0,0.0
5181,1,275.0,275.0,0,0,0.0,1,275.0,275.0,0,0.0
5182,1,275.0,275.0,0,0,0.0,1,275.0,275.0,0,0.0
5183,1,275.0,275.0,0,0,0.0,1,275.0,275.0,0,0.0
5184,1,275.0,275.0,0,0,0.0,1,275.0,275.0,0,0.0
5185,1,275.0,275.0,0,0,0.0,1,275.0,275.0,0,0.0
5186,1,275.0,275.0,0,0,0.0,1,275.0,275.0,0,0.0
5187,1,275.0,275.0,0,0,0.0,1,275.0,275.0,0,0.0
5188,1,275.0,275.0,0,0,0.0,1,275.0,275.0,0,0.0
5189,1,275.0,275.0,0,0,0.0,1,275.0,275.0,0,0.0
5190,1,276.0,276.0,0,0,0.0,1,276.0,276.0,0,0.0
5191,1,276.0,276.0,0,0,0.0,1,276.0,276.0,0,0.0
5192,1,276.0,276.0,0,0,0.0,1,276.0,276.0,0,0.0
5193,1,276.0,276.0,0,0,0.0,1,276.0,276.0,0,0.0
5194,1,276.0,276.0,0,0,0.0,1,276.0,276.0,0,0.0
5195,1,276.0,276.0,0,0,0.0,1,276.0,276.0,0,0.0
5196,1,276.0,276.0,0,0,0.0,1,276.0,276.0,0,0.0
5197,1,276.0,276.0,0,0,0.0,1,276.0,276.0,0,0.0
5198,1,276.0,276.0,0,0,0.0,1,276.0,276.0,0,0.0
5199,1,276.0,276.0,0,0,0.0,1,276.0,276.0,0,0.0
5200,1,276.0,276.0,0,0,0.0,1,276.0,276.0,0,0.0
5201,1,276.0,276.0,0,0,0.0,1,276.0,276.0,0,0.0
5202,1,276.0,276.0,0,0,0.0,1,276.0,276.0,0,0.0
5203,1,276.0,276.0,0,0,0.0,1,276.0,276.0,0,0.0
5204,1,276.0,276.0,0,0,0.0,1,276.0,276.0,0,0.0
5205,1,276.0,276.0,0,0,0.0,1,276.0,276.0,0,0.0
5206,1,276.0,276.0,0,0,0.0,1,276.0,276.0,0,0.0
5207,1,276.0,276.0,0,0,0.0,1,276.0,276.0,0,0.0
5208,1,276.0,276.0,0,0,0.0,1,276.0,276.0,0,0.0
5209,1,276.0,276.0,0,0,0.0,1,276.0,276.0,0,0.0
5210,1,276.0,276.0,0,0,0.0,1,276.0,276.0,0,0.0
5211,1,276.0,276.0,0,0,0.0,1,276.0,276.0,0,0.0
5212,1,276.0,276.0,0,0,0.0,1,276.0,276.0,0,0.0
5213,1,276.0,276.0,0,0,0.0,1,276.0,276.0,0,0.0
5214,1,276.0,276.0,0,0,0.0,1,276.0,276.0,0,0.0
5215,1,276.0,276.0,0,0,0.0,1,276.0,276.0,0,0.0
5216,1,276.0,276.0,0,0,0.0,1,276.0,276.0,0,0.0
5217,1,277.0,277.0,0,0,0.0,1,277.0,277.0,0,0.0
5218,1,277.0,277.0,0,0,0.0,1,277.0,277.0,0,0.0
5219,1,277.0,277.0,0,0,0.0,1,277.0,277.0,0,0.0
5220,1,277.0,277.0,0,0,0.0,1,277.0,277.0,0,0.0
5221,1,277.0,277.0,0,0,0.0,1,277.0,277.0,0,0.0
5222,1,277.0,277.0,0,0,0.0,1,277.0,277.0,0,0.0
5223,1,277.0,277.0,0,0,0.0,1,277.0,277.0,0,0.0
5224,1,277.0,277.0,0,0,0.0,1,277.0,277.0,0,0.0
5225,1,277.0,277.0,0,0,0.0,1,277.0,277.0,0,0.0
5226,1,277.0,277.0,0,0,0.0,1,277.0,277.0,0,0.0
5227,1,277.0,277.0,0,0,0.0,1,277.0,277.0,0,0.0
5228,1,277.0,277.0,0,0,0.0,1,277.0,277.0,0,0.0
5229,1,277.0,277.0,0,0,0.0,1,277.0,277.0,0,0.0
5230,1,278.0,278.0,0,0,0.0,1,278.0,278.0,0,0.0
5231,1,278.0,278.0,0,0,0.0,1,278.0,278.0,0,0.0
5232,1,278.0,278.0,0,0,0.0,1,278.0,278.0,0,0.0
5233,1,278.0,278.0,0,0,0.0,1,278.0,278.0,0,0.0
5234,1,278.0,278.0,0,0,0.0,1,278.0,278.0,0,0.0
5235,1,278.0,278.0,0,0,0.0,1,278.0,278.0,0,0.0
5236,1,278.0,278.0,0,0,0.0,1,278.0,278.0,0,0.0
5237,1,278.0,278.0,0,0,0.0,1,278.0,278.0,0,0.0
5238,1,278.0,278.0,0,0,0.0,1,278.0,278.0,0,0.0
5239,1,278.0,278.0,0,0,0.0,1,278.0,278.0,0,0.0
5240,1,278.0,278.0,0,0,0.0,1,278.0,278.0,0,0.0
5241,1,278.0,278.0,0,0,0.0,1,278.0,278.0,0,0.0
5242,1,279.0,279.0,0,0,0.0,1,279.0,279.0,0,0.0
5243,1,279.0,279.0,0,0,0.0,1,279.0,279.0,0,0.0
5244,1,279.0,279.0,0,0,0.0,1,279.0,279.0,0,0.0
5245,1,279.0,279.0,0,0,0.0,1,279.0,279.0,0,0.0
5246,1,279.0,279.0,0,0,0.0,1,279.0,279.0,0,0.0
5247,1,279.0,279.0,0,0,0.0,1,279.0,279.0,0,0.0
5248,1,279.0,279.0,0,0,0.0,1,279.0,279.0,0,0.0
5249,1,279.0,279.0,0,0,0.0,1,279.0,279.0,0,0.0
5250,1,279.0,279.0,0,0,0.0,1,279.0,279.0,0,0.0
5251,1,279.0,279.0,0,0,0.0,1,279.0,279.0,0,0.0
5252,1,280.0,280.0,0,0,0.0,1,280.0,280.0,0,0.0
5253,1,280.0,280.0,0,0,0.0,1,280.0,280.0,0,0.0
5254,1,280.0,280.0,0,0,0.0,1,280.0,280.0,0,0.0
5255,1,280.0,280.0,0,0,0.0,1,280.0,280.0,0,0.0
5256,1,280.0,280.0,0,0,0.0,1,280.0,280.0,0,0.0
5257,1,280.0,280.0,0,0,0.0,1,280.0,280.0,0,0.0
5258,1,280.0,280.0,0,0,0.0,1,280.0,280.0,0,0.0
5259,1,280.0,280.0,0,0,0.0,1,280.0,280.0,0,0.0
5260,1,280.0,280.0,0,0,0.0,1,280.0,280.0,0,0.0
5261,1,280.0,280.0,0,0,0.0,1,280.0,280.0,0,0.0
5262,1,280.0,280.0,0,0,0.0,1,280.0,280.0,0,0.0
5263,1,280.0,280.0,0,0,0.0,1,280.0,280.0,0,0.0
5264,1,280.0,280.0,0,0,0.0,1,280.0,280.0,0,0.0
5265,1,280.0,280.0,0,0,0.0,1,280.0,280.0,0,0.0
5266,1,280.0,280.0,0,0,0.0,1,280.0,280.0,0,0.0
5267,1,280.0,280.0,0,0,0.0,1,280.0,280.0,0,0.0
5268,1,281.0,281.0,0,0,0.0,1,281.0,281.0,0,0.0
5269,1,281.0,281.0,0,0,0.0,1,281.0,281.0,0,0.0
5270,1,281.0,281.0,0,0,0.0,1,281.0,281.0,0,0.0
5271,1,281.0,281.0,0,0,0.0,1,281.0,281.0,0,0.0
5272,1,281.0,281.0,0,0,0.0,1,281.0,281.0,0,0.0
5273,1,281.0,281.0,0,0,0.0,1,281.0,281.0,0,0.0
5274,1,281.0,281.0,0,0,0.0,1,281.0,281.0,0,0.0
5275,1,281.0,281.0,0,0,0.0,1,281.0,281.0,0,0.0
5276,1,281.0,281.0,0,0,0.0,1,281.0,281.0,0,0.0
5277,1,281.0,281.0,0,0,0.0,1,281.0,281.0,0,0.0
5278,1,281.0,281.0,0,0,0.0,1,281.0,281.0,0,0.0
5279,1,281.0,281.0,0,0,0.0,1,281.0,281.0,0,0.0
5280,1,281.0,281.0,0,0,0.0,1,281.0,281.0,0,0.0
5281,1,281.0,281.0,0,0,0.0,1,281.0,281.0,0,0.0
5282,1,281.0,281.0,0,0,0.0,1,281.0,281.0,0,0.0
5283,1,281.0,281.0,0,0,0.0,1,281.0,281.0,0,0.0
5284,1,281.0,281.0,0,0,0.0,1,281.0,281.0,0,0.0
5285,1,281.0,281.0,0,0,0.0,1,281.0,281.0,0,0.0
5286,1,281.0,281.0,0,0,0.0,1,281.0,281.0,0,0.0
5287,1,281.0,281.0,0,0,0.0,1,281.0,281.0,0,0.0
5288,1,281.0,281.0,0,0,0.0,1,281.0,281.0,0,0.0
5289,1,281.0,281.0,0,0,0.0,1,281.0,281.0,0,0.0
5290,1,281.0,281.0,0,0,0.0,1,281.0,281.0,0,0.0
5291,1,281.0,281.0,0,0,0.0,1,281.0,281.0,0,0.0
5292,1,281.0,281.0,0,0,0.0,1,281.0,281.0,0,0.0
5293,1,281.0,281.0,0,0,0.0,1,281.0,281.0,0,0.0
5294,1,281.0,281.0,0,0,0.0,1,281.0,281.0,0,0.0
5295,1,281.0,281.0,0,0,0.0,1,281.0,281.0,0,0.0
5296,1,281.0,281.0,0,0,0.0,1,281.0,281.0,0,0.0
5297,1,281.0,281.0,0,0,0.0,1,281.0,281.0,0,0.0
5298,1,281.0,281.0,0,0,0.0,1,281.0,281.0,0,0.0
5299,1,281.0,281.0,0,0,0.0,1,281.0,281.0,0,0.0
5300,1,281.0,281.0,0,0,0.0,1,281.0,281.0,0,0.0
5301,1,281.0,281.0,0,0,0.0,1,281.0,281.0,0,0.0
5302,1,281.0,281.0,0,0,0.0,1,281.0,281.0,0,0.0
5303,1,281.0,281.0,0,0,0.0,1,281.0,281.0,0,0.0
5304,1,281.0,281.0,0,0,0.0,1,281.0,281.0,0,0.0
5305,1,281.0,281.0,0,0,0.0,1,281.0,281.0,0,0.0
5306,1,281.0,281.0,0,0,0.0,1,281.0,281.0,0,0.0
5307,1,281.0,281.0,0,0,0.0,1,281.0,281.0,0,0.0
5308,1,281.0,281.0,0,0,0.0,1,281.0,281.0,0,0.0
5309,1,281.0,281.0,0,0,0.0,1,281.0,281.0,0,0.0
5310,1,281.0,281.0,0,0,0.0,1,281.0,281.0,0,0.0
5311,1,281.0,281.0,0,0,0.0,1,281.0,281.0,0,0.0
5312,1,281.0,281.0,0,0,0.0,1,281.0,281.0,0,0.0
5313,1,281.0,281.0,0,0,0.0,1,281.0,281.0,0,0.0
5314,1,281.0,281.0,0,0,0.0,1,281.0,281.0,0,0.0
5315,1,281.0,281.0,0,0,0.0,1,281.0,281.0,0,0.0
5316,1,281.0,281.0,0,0,0.0,1,281.0,281.0,0,0.0
5317,1,281.0,281.0,0,0,0.0,1,281.0,281.0,0,0.0
5318,1,282.0,282.0,0,0,0.0,1,282.0,282.0,0,0.0
5319,1,282.0,282.0,0,0,0.0,1,282.0,282.0,0,0.0
5320,1,282.0,282.0,0,0,0.0,1,282.0,282.0,0,0.0
5321,1,282.0,282.0,0,0,0.0,1,282.0,282.0,0,0.0
5322,1,282.0,282.0,0,0,0.0,1,282.0,282.0,0,0.0
5323,1,282.0,282.0,0,0,0.0,1,282.0,282.0,0,0.0
5324,1,282.0,282.0,0,0,0.0,1,282.0,282.0,0,0.0
5325,1,282.0,282.0,0,0,0.0,1,282.0,282.0,0,0.0
5326,1,282.0,282.0,0,0,0.0,1,282.0,282.0,0,0.0
5327,1,282.0,282.0,0,0,0.0,1,282.0,282.0,0,0.0
5328,1,282.0,282.0,0,0,0.0,1,282.0,282.0,0,0.0
5329,1,282.0,282.0,0,0,0.0,1,282.0,282.0,0,0.0
5330,1,282.0,282.0,0,0,0.0,1,282.0,282.0,0,0.0
5331,1,282.0,282.0,0,0,0.0,1,282.0,282.0,0,0.0
5332,1,282.0,282.0,0,0,0.0,1,282.0,282.0,0,0.0
5333,1,282.0,282.0,0,0,0.0,1,282.0,282.0,0,0.0
5334,1,282.0,282.0,0,0,0.0,1,282.0,282.0,0,0.0
5335,1,282.0,282.0,0,0,0.0,1,282.0,282.0,0,0.0
5336,1,282.0,282.0,0,0,0.0,1,282.0,282.0,0,0.0
5337,1,282.0,282.0,0,0,0.0,1,282.0,282.0,0,0.0
5338,1,283.0,283.0,0,0,0.0,1,283.0,283.0,0,0.0
5339,1,283.0,283.0,0,0,0.0,1,283.0,283.0,0,0.0
5340,1,283.0,283.0,0,0,0.0,1,283.0,283.0,0,0.0
5341,1,283.0,283.0,0,0,0.0,1,283.0,283.0,0,0.0
5342,1,283.0,283.0,0,0,0.0,1,283.0,283.0,0,0.0
5343,1,283.0,283.0,0,0,0.0,1,283.0,283.0,0,0.0
5344,1,283.0,283.0,0,0,0.0,1,283.0,283.0,0,0.0
5345,1,283.0,283.0,0,0,0.0,1,283.0,283.0,0,0.0
5346,1,283.0,283.0,0,0,0.0,1,283.0,283.0,0,0.0
5347,1,283.0,283.0,0,0,0.0,1,283.0,283.0,0,0.0
5348,1,283.0,283.0,0,0,0.0,1,283.0,283.0,0,0.0
5349,1,283.0,283.0,0,0,0.0,1,283.0,283.0,0,0.0
5350,1,283.0,283.0,0,0,0.0,1,283.0,283.0,0,0.0
5351,1,283.0,283.0,0,0,0.0,1,283.0,283.0,0,0.0
5352,1,283.0,283.0,0,0,0.0,1,283.0,283.0,0,0.0
5353,1,283.0,283.0,0,0,0.0,1,283.0,283.0,0,0.0
5354,1,284.0,284.0,0,0,0.0,1,284.0,284.0,0,0.0
5355,1,284.0,284.0,0,0,0.0,1,284.0,284.0,0,0.0
5356,1,284.0,284.0,0,0,0.0,1,284.0,284.0,0,0.0
5357,1,284.0,284.0,0,0,0.0,1,284.0,284.0,0,0.0
5358,1,284.0,284.0,0,0,0.0,1,284.0,284.0,0,0.0
5359,1,284.0,284.0,0,0,0.0,1,284.0,284.0,0,0.0
5360,1,284.0,284.0,0,0,0.0,1,284.0,284.0,0,0.0
5361,1,284.0,284.0,0,0,0.0,1,284.0,284.0,0,0.0
5362,1,284.0,284.0,0,0,0.0,1,284.0,284.0,0,0.0
5363,1,284.0,284.0,0,0,0.0,1,284.0,284.0,0,0.0
5364,1,284.0,284.0,0,0,0.0,1,284.0,284.0,0,0.0
5365,1,284.0,284.0,0,0,0.0,1,284.0,284.0,0,0.0
5366,1,284.0,284.0,0,0,0.0,1,284.0,284.0,0,0.0
5367,1,284.0,284.0,0,0,0.0,1,284.0,284.0,0,0.0
5368,1,284.0,284.0,0,0,0.0,1,284.0,284.0,0,0.0
5369,1,284.0,284.0,0,0,0.0,1,284.0,284.0,0,0.0
5370,1,284.0,284.0,0,0,0.0,1,284.0,284.0,0,0.0
5371,1,284.0,284.0,0,0,0.0,1,284.0,284.0,0,0.0
5372,1,284.0,284.0,0,0,0.0,1,284.0,284.0,0,0.0
5373,1,284.0,284.0,0,0,0.0,1,284.0,284.0,0,0.0
5374,1,284.0,284.0,0,0,0.0,1,284.0,284.0,0,0.0
5375,1,284.0,284.0,0,0,0.0,1,284.0,284.0,0,0.0
5376,1,284.0,284.0,0,0,0.0,1,284.0,284.0,0,0.0
5377,1,284.0,284.0,0,0,0.0,1,284.0,284.0,0,0.0
5378,1,284.0,284.0,0,0,0.0,1,284.0,284.0,0,0.0
5379,1,284.0,284.0,0,0,0.0,1,284.0,284.0,0,0.0
5380,1,284.0,284.0,0,0,0.0,1,284.0,284.0,0,0.0
5381,1,284.0,284.0,0,0,0.0,1,284.0,284.0,0,0.0
5382,1,284.0,284.0,0,0,0.0,1,284.0,284.0,0,0.0
5383,1,285.0,285.0,0,0,0.0,1,285.0,285.0,0,0.0
5384,1,285.0,285.0,0,0,0.0,1,285.0,285.0,0,0.0
5385,1,285.0,285.0,0,0,0.0,1,285.0,285.0,0,0.0
5386,1,285.0,285.0,0,0,0.0,1,285.0,285.0,0,0.0
5387,1,285.0,285.0,0,0,0.0,1,285.0,285.0,0,0.0
5388,1,285.0,285.0,0,0,0.0,1,285.0,285.0,0,0.0
5389,1,285.0,285.0,0,0,0.0,1,285.0,285.0,0,0.0
5390,1,285.0,285.0,0,0,0.0,1,285.0,285.0,0,0.0
5391,1,285.0,285.0,0,0,0.0,1,285.0,285.0,0,0.0
5392,1,286.0,286.0,0,0,0.0,1,286.0,286.0,0,0.0
5393,1,286.0,286.0,0,0,0.0,1,286.0,286.0,0,0.0
5394,1,286.0,286.0,0,0,0.0,1,286.0,286.0,0,0.0
5395,1,286.0,286.0,0,0,0.0,1,286.0,286.0,0,0.0
5396,1,286.0,286.0,0,0,0.0,1,286.0,286.0,0,0.0
5397,1,286.0,286.0,0,0,0.0,1,286.0,286.0,0,0.0
5398,1,286.0,286.0,0,0,0.0,1,286.0,286.0,0,0.0
5399,1,286.0,286.0,0,0,0.0,1,286.0,286.0,0,0.0
5400,1,286.0,286.0,0,0,0.0,1,286.0,286.0,0,0.0
5401,1,286.0,286.0,0,0,0.0,1,286.0,286.0,0,0.0
5402,1,286.0,286.0,0,0,0.0,1,286.0,286.0,0,0.0
5403,1,286.0,286.0,0,0,0.0,1,286.0,286.0,0,0.0
5404,1,286.0,286.0,0,0,0.0,1,286.0,286.0,0,0.0
5405,1,286.0,286.0,0,0,0.0,1,286.0,286.0,0,0.0
5406,1,286.0,286.0,0,0,0.0,1,286.0,286.0,0,0.0
5407,1,286.0,286.0,0,0,0.0,1,286.0,286.0,0,0.0
5408,1,287.0,287.0,0,0,0.0,1,287.0,287.0,0,0.0
5409,1,287.0,287.0,0,0,0.0,1,287.0,287.0,0,0.0
5410,1,287.0,287.0,0,0,0.0,1,287.0,287.0,0,0.0
5411,1,287.0,287.0,0,0,0.0,1,287.0,287.0,0,0.0
5412,1,287.0,287.0,0,0,0.0,1,287.0,287.0,0,0.0
5413,1,287.0,287.0,0,0,0.0,1,287.0,287.0,0,0.0
5414,1,287.0,287.0,0,0,0.0,1,287.0,287.0,0,0.0
5415,1,287.0,287.0,0,0,0.0,1,287.0,287.0,0,0.0
5416,1,287.0,287.0,0,0,0.0,1,287.0,287.0,0,0.0
5417,1,287.0,287.0,0,0,0.0,1,287.0,287.0,0,0.0
5418,1,287.0,287.0,0,0,0.0,1,287.0,287.0,0,0.0
5419,1,287.0,287.0,0,0,0.0,1,287.0,287.0,0,0.0
5420,1,287.0,287.0,0,0,0.0,1,287.0,287.0,0,0.0
5421,1,287.0,287.0,0,0,0.0,1,287.0,287.0,0,0.0
5422,1,287.0,287.0,0,0,0.0,1,287.0,287.0,0,0.0
5423,1,287.0,287.0,0,0,0.0,1,287.0,287.0,0,0.0
5424,1,287.0,287.0,0,0,0.0,1,287.0,287.0,0,0.0
5425,1,287.0,287.0,0,0,0.0,1,287.0,287.0,0,0.0
5426,1,287.0,287.0,0,0,0.0,1,287.0,287.0,0,0.0
5427,1,287.0,287.0,0,0,0.0,1,287.0,287.0,0,0.0
5428,1,287.0,287.0,0,0,0.0,1,287.0,287.0,0,0.0
5429,1,287.0,287.0,0,0,0.0,1,287.0,287.0,0,0.0
5430,1,288.0,288.0,0,0,0.0,1,288.0,288.0,0,0.0
5431,1,288.0,288.0,0,0,0.0,1,288.0,288.0,0,0.0
5432,1,288.0,288.0,0,0,0.0,1,288.0,288.0,0,0.0
5433,1,288.0,288.0,0,0,0.0,1,288.0,288.0,0,0.0
5434,1,288.0,288.0,0,0,0.0,1,288.0,288.0,0,0.0
5435,1,288.0,288.0,0,0,0.0,1,288.0,288.0,0,0.0
5436,1,288.0,288.0,0,0,0.0,1,288.0,288.0,0,0.0
5437,1,288.0,288.0,0,0,0.0,1,288.0,288.0,0,0.0
5438,1,288.0,288.0,0,0,0.0,1,288.0,288.0,0,0.0
5439,1,288.0,288.0,0,0,0.0,1,288.0,288.0,0,0.0
5440,1,288.0,288.0,0,0,0.0,1,288.0,288.0,0,0.0
5441,1,288.0,288.0,0,0,0.0,1,288.0,288.0,0,0.0
5442,1,288.0,288.0,0,0,0.0,1,288.0,288.0,0,0.0
5443,1,288.0,288.0,0,0,0.0,1,288.0,288.0,0,0.0
5444,1,288.0,288.0,0,0,0.0,1,288.0,288.0,0,0.0
5445,1,288.0,288.0,0,0,0.0,1,288.0,288.0,0,0.0
5446,1,288.0,288.0,0,0,0.0,1,288.0,288.0,0,0.0
5447,1,288.0,288.0,0,0,0.0,1,288.0,288.0,0,0.0
5448,1,288.0,288.0,0,0,0.0,1,288.0,288.0,0,0.0
5449,1,288.0,288.0,0,0,0.0,1,288.0,288.0,0,0.0
5450,1,288.0,288.0,0,0,0.0,1,288.0,288.0,0,0.0
5451,1,288.0,288.0,0,0,0.0,1,288.0,288.0,0,0.0
5452,1,288.0,288.0,0,0,0.0,1,288.0,288.0,0,0.0
5453,1,288.0,288.0,0,0,0.0,1,288.0,288.0,0,0.0
5454,1,288.0,288.0,0,0,0.0,1,288.0,288.0,0,0.0
5455,1,288.0,288.0,0,0,0.0,1,288.0,288.0,0,0.0
5456,1,288.0,288.0,0,0,0.0,1,288.0,288.0,0,0.0
5457,1,288.0,288.0,0,0,0.0,1,288.0,288.0,0,0.0
5458,1,288.0,288.0,0,0,0.0,1,288.0,288.0,0,0.0
5459,1,288.0,288.0,0,0,0.0,1,288.0,288.0,0,0.0
5460,1,288.0,288.0,0,0,0.0,1,288.0,288.0,0,0.0
5461,1,288.0,288.0,0,0,0.0,1,288.0,288.0,0,0.0
5462,1,288.0,288.0,0,0,0.0,1,288.0,288.0,0,0.0
5463,1,288.0,288.0,0,0,0.0,1,288.0,288.0,0,0.0
5464,1,288.0,288.0,0,0,0.0,1,288.0,288.0,0,0.0
5465,1,289.0,289.0,0,0,0.0,1,289.0,289.0,0,0.0
5466,1,289.0,289.0,0,0,0.0,1,289.0,289.0,0,0.0
5467,1,289.0,289.0,0,0,0.0,1,289.0,289.0,0,0.0
5468,1,289.0,289.0,0,0,0.0,1,289.0,289.0,0,0.0
5469,1,289.0,289.0,0,0,0.0,1,289.0,289.0,0,0.0
5470,1,289.0,289.0,0,0,0.0,1,289.0,289.0,0,0.0
5471,1,289.0,289.0,0,0,0.0,1,289.0,289.0,0,0.0
5472,1,289.0,289.0,0,0,0.0,1,289.0,289.0,0,0.0
5473,1,289.0,289.0,0,0,0.0,1,289.0,289.0,0,0.0
5474,1,289.0,289.0,0,0,0.0,1,289.0,289.0,0,0.0
5475,1,289.0,289.0,0,0,0.0,1,289.0,289.0,0,0.0
5476,1,289.0,289.0,0,0,0.0,1,289.0,289.0,0,0.0
5477,1,289.0,289.0,0,0,0.0,1,289.0,289.0,0,0.0
5478,1,290.0,290.0,0,0,0.0,1,290.0,290.0,0,0.0
5479,1,290.0,290.0,0,0,0.0,1,290.0,290.0,0,0.0
5480,1,290.0,290.0,0,0,0.0,1,290.0,290.0,0,0.0
5481,1,290.0,290.0,0,0,0.0,1,290.0,290.0,0,0.0
5482,1,290.0,290.0,0,0,0.0,1,290.0,290.0,0,0.0
5483,1,290.0,290.0,0,0,0.0,1,290.0,290.0,0,0.0
5484,1,290.0,290.0,0,0,0.0,1,290.0,290.0,0,0.0
5485,1,290.0,290.0,0,0,0.0,1,290.0,290.0,0,0.0
5486,1,290.0,290.0,0,0,0.0,1,290.0,290.0,0,0.0
5487,1,290.0,290.0,0,0,0.0,1,290.0,290.0,0,0.0
5488,1,290.0,290.0,0,0,0.0,1,290.0,290.0,0,0.0
5489,1,290.0,290.0,0,0,0.0,1,290.0,290.0,0,0.0
5490,1,290.0,290.0,0,0,0.0,1,290.0,290.0,0,0.0
5491,1,290.0,290.0,0,0,0.0,1,290.0,290.0,0,0.0
5492,1,290.0,290.0,0,0,0.0,1,290.0,290.0,0,0.0
5493,1,290.0,290.0,0,0,0.0,1,290.0,290.0,0,0.0
5494,1,290.0,290.0,0,0,0.0,1,290.0,290.0,0,0.0
5495,1,290.0,290.0,0,0,0.0,1,290.0,290.0,0,0.0
5496,1,290.0,290.0,0,0,0.0,1,290.0,290.0,0,0.0
5497,1,290.0,290.0,0,0,0.0,1,290.0,290.0,0,0.0
5498,1,290.0,290.0,0,0,0.0,1,290.0,290.0,0,0.0
5499,1,290.0,290.0,0,0,0.0,1,290.0,290.0,0,0.0
5500,1,290.0,290.0,0,0,0.0,1,290.0,290.0,0,0.0
5501,1,290.0,290.0,0,0,0.0,1,290.0,290.0,0,0.0
5502,1,291.0,291.0,0,0,0.0,1,291.0,291.0,0,0.0
5503,1,291.0,291.0,0,0,0.0,1,291.0,291.0,0,0.0
5504,1,291.0,291.0,0,0,0.0,1,291.0,291.0,0,0.0
5505,1,291.0,291.0,0,0,0.0,1,291.0,291.0,0,0.0
5506,1,291.0,291.0,0,0,0.0,1,291.0,291.0,0,0.0
5507,1,291.0,291.0,0,0,0.0,1,291.0,291.0,0,0.0
5508,1,291.0,291.0,0,0,0.0,1,291.0,291.0,0,0.0
5509,1,291.0,291.0,0,0,0.0,1,291.0,291.0,0,0.0
5510,1,291.0,291.0,0,0,0.0,1,291.0,291.0,0,0.0
5511,1,291.0,291.0,0,0,0.0,1,291.0,291.0,0,0.0
5512,1,291.0,291.0,0,0,0.0,1,291.0,291.0,0,0.0
5513,1,291.0,291.0,0,0,0.0,1,291.0,291.0,0,0.0
5514,1,291.0,291.0,0,0,0.0,1,291.0,291.0,0,0.0
5515,1,291.0,291.0,0,0,0.0,1,291.0,291.0,0,0.0
5516,1,291.0,291.0,0,0,0.0,1,291.0,291.0,0,0.0
5517,1,291.0,291.0,0,0,0.0,1,291.0,291.0,0,0.0
5518,1,291.0,291.0,0,0,0.0,1,291.0,291.0,0,0.0
5519,1,291.0,291.0,0,0,0.0,1,291.0,291.0,0,0.0
5520,1,291.0,291.0,0,0,0.0,1,291.0,291.0,0,0.0
5521,1,291.0,291.0,0,0,0.0,1,291.0,291.0,0,0.0
5522,1,291.0,291.0,0,0,0.0,1,291.0,291.0,0,0.0
5523,1,291.0,291.0,0,0,0.0,1,291.0,291.0,0,0.0
5524,1,291.0,291.0,0,0,0.0,1,291.0,291.0,0,0.0
5525,1,291.0,291.0,0,0,0.0,1,291.0,291.0,0,0.0
5526,1,291.0,291.0,0,0,0.0,1,291.0,291.0,0,0.0
5527,1,291.0,291.0,0,0,0.0,1,291.0,291.0,0,0.0
5528,1,292.0,292.0,0,0,0.0,1,292.0,292.0,0,0.0
5529,1,292.0,292.0,0,0,0.0,1,292.0,292.0,0,0.0
5530,1,292.0,292.0,0,0,0.0,1,292.0,292.0,0,0.0
5531,1,292.0,292.0,0,0,0.0,1,292.0,292.0,0,0.0
5532,1,292.0,292.0,0,0,0.0,1,292.0,292.0,0,0.0
5533,1,292.0,292.0,0,0,0.0,1,292.0,292.0,0,0.0
5534,1,292.0,292.0,0,0,0.0,1,292.0,292.0,0,0.0
5535,1,292.0,292.0,0,0,0.0,1,292.0,292.0,0,0.0
5536,1,292.0,292.0,0,0,0.0,1,292.0,292.0,0,0.0
5537,1,293.0,293.0,0,0,0.0,1,293.0,293.0,0,0.0
5538,1,293.0,293.0,0,0,0.0,1,293.0,293.0,0,0.0
5539,1,293.0,293.0,0,0,0.0,1,293.0,293.0,0,0.0
5540,1,293.0,293.0,0,0,0.0,1,293.0,293.0,0,0.0
5541,1,293.0,293.0,0,0,0.0,1,293.0,293.0,0,0.0
5542,1,293.0,293.0,0,0,0.0,1,293.0,293.0,0,0.0
5543,1,293.0,293.0,0,0,0.0,1,293.0,293.0,0,0.0
5544,1,293.0,293.0,0,0,0.0,1,293.0,293.0,0,0.0
5545,1,293.0,293.0,0,0,0.0,1,293.0,293.0,0,0.0
5546,1,293.0,293.0,0,0,0.0,1,293.0,293.0,0,0.0
5547,1,293.0,293.0,0,0,0.0,1,293.0,293.0,0,0.0
5548,1,294.0,294.0,0,0,0.0,1,294.0,294.0,0,0.0
5549,1,294.0,294.0,0,0,0.0,1,294.0,294.0,0,0.0
5550,1,294.0,294.0,0,0,0.0,1,294.0,294.0,0,0.0
5551,1,294.0,294.0,0,0,0.0,1,294.0,294.0,0,0.0
5552,1,294.0,294.0,0,0,0.0,1,294.0,294.0,0,0.0
5553,1,294.0,294.0,0,0,0.0,1,294.0,294.0,0,0.0
5554,1,294.0,294.0,0,0,0.0,1,294.0,294.0,0,0.0
5555,1,294.0,294.0,0,0,0.0,1,294.0,294.0,0,0.0
5556,1,294.0,294.0,0,0,0.0,1,294.0,294.0,0,0.0
5557,1,294.0,294.0,0,0,0.0,1,294.0,294.0,0,0.0
5558,1,294.0,294.0,0,0,0.0,1,294.0,294.0,0,0.0
5559,1,294.0,294.0,0,0,0.0,1,294.0,294.0,0,0.0
5560,1,294.0,294.0,0,0,0.0,1,294.0,294.0,0,0.0
5561,1,294.0,294.0,0,0,0.0,1,294.0,294.0,0,0.0
5562,1,294.0,294.0,0,0,0.0,1,294.0,294.0,0,0.0
5563,1,294.0,294.0,0,0,0.0,1,294.0,294.0,0,0.0
5564,1,294.0,294.0,0,0,0.0,1,294.0,294.0,0,0.0
5565,1,294.0,294.0,0,0,0.0,1,294.0,294.0,0,0.0
5566,1,294.0,294.0,0,0,0.0,1,294.0,294.0,0,0.0
5567,1,294.0,294.0,0,0,0.0,1,294.0,294.0,0,0.0
5568,1,294.0,294.0,0,0,0.0,1,294.0,294.0,0,0.0
5569,1,294.0,294.0,0,0,0.0,1,294.0,294.0,0,0.0
5570,1,294.0,294.0,0,0,0.0,1,294.0,294.0,0,0.0
5571,1,294.0,294.0,0,0,0.0,1,294.0,294.0,0,0.0
5572,1,294.0,294.0,0,0,0.0,1,294.0,294.0,0,0.0
5573,1,294.0,294.0,0,0,0.0,1,294.0,294.0,0,0.0
5574,1,294.0,294.0,0,0,0.0,1,294.0,294.0,0,0.0
5575,1,294.0,294.0,0,0,0.0,1,294.0,294.0,0,0.0
5576,1,294.0,294.0,0,0,0.0,1,294.0,294.0,0,0.0
5577,1,294.0,294.0,0,0,0.0,1,294.0,294.0,0,0.0
5578,1,294.0,294.0,0,0,0.0,1,294.0,294.0,0,0.0
5579,1,294.0,294.0,0,0,0.0,1,294.0,294.0,0,0.0
5580,1,294.0,294.0,0,0,0.0,1,294.0,294.0,0,0.0
5581,1,294.0,294.0,0,0,0.0,1,294.0,294.0,0,0.0
5582,1,294.0,294.0,0,0,0.0,1,294.0,294.0,0,0.0
5583,1,294.0,294.0,0,0,0.0,1,294.0,294.0,0,0.0
5584,1,294.0,294.0,0,0,0.0,1,294.0,294.0,0,0.0
5585,1,294.0,294.0,0,0,0.0,1,294.0,294.0,0,0.0
5586,1,294.0,294.0,0,0,0.0,1,294.0,294.0,0,0.0
5587,1,294.0,294.0,0,0,0.0,1,294.0,294.0,0,0.0
5588,1,295.0,295.0,0,0,0.0,1,295.0,295.0,0,0.0
5589,1,295.0,295.0,0,0,0.0,1,295.0,295.0,0,0.0
5590,1,295.0,295.0,0,0,0.0,1,295.0,295.0,0,0.0
5591,1,295.0,295.0,0,0,0.0,1,295.0,295.0,0,0.0
5592,1,295.0,295.0,0,0,0.0,1,295.0,295.0,0,0.0
5593,1,295.0,295.0,0,0,0.0,1,295.0,295.0,0,0.0
5594,1,295.0,295.0,0,0,0.0,1,295.0,295.0,0,0.0
5595,1,295.0,295.0,0,0,0.0,1,295.0,295.0,0,0.0
5596,1,295.0,295.0,0,0,0.0,1,295.0,295.0,0,0.0
5597,1,295.0,295.0,0,0,0.0,1,295.0,295.0,0,0.0
5598,1,295.0,295.0,0,0,0.0,1,295.0,295.0,0,0.0
5599,1,295.0,295.0,0,0,0.0,1,295.0,295.0,0,0.0
5600,1,295.0,295.0,0,0,0.0,1,295.0,295.0,0,0.0
5601,1,295.0,295.0,0,0,0.0,1,295.0,295.0,0,0.0
5602,1,295.0,295.0,0,0,0.0,1,295.0,295.0,0,0.0
5603,1,295.0,295.0,0,0,0.0,1,295.0,295.0,0,0.0
5604,1,295.0,295.0,0,0,0.0,1,295.0,295.0,0,0.0
5605,1,295.0,295.0,0,0,0.0,1,295.0,295.0,0,0.0
5606,1,295.0,295.0,0,0,0.0,1,295.0,295.0,0,0.0
5607,1,295.0,295.0,0,0,0.0,1,295.0,295.0,0,0.0
5608,1,295.0,295.0,0,0,0.0,1,295.0,295.0,0,0.0
5609,1,295.0,295.0,0,0,0.0,1,295.0,295.0,0,0.0
5610,1,295.0,295.0,0,0,0.0,1,295.0,295.0,0,0.0
5611,1,295.0,295.0,0,0,0.0,1,295.0,295.0,0,0.0
5612,1,295.0,295.0,0,0,0.0,1,295.0,295.0,0,0.0
5613,1,295.0,295.0,0,0,0.0,1,295.0,295.0,0,0.0
5614,1,295.0,295.0,0,0,0.0,1,295.0,295.0,0,0.0
5615,1,295.0,295.0,0,0,0.0,1,295.0,295.0,0,0.0
5616,1,295.0,295.0,0,0,0.0,1,295.0,295.0,0,0.0
5617,1,295.0,295.0,0,0,0.0,1,295.0,295.0,0,0.0
5618,1,295.0,295.0,0,0,0.0,1,295.0,295.0,0,0.0
5619,1,295.0,295.0,0,0,0.0,1,295.0,295.0,0,0.0
5620,1,295.0,295.0,0,0,0.0,1,295.0,295.0,0,0.0
5621,1,295.0,295.0,0,0,0.0,1,295.0,295.0,0,0.0
5622,1,296.0,296.0,0,0,0.0,1,296.0,296.0,0,0.0
5623,1,296.0,296.0,0,0,0.0,1,296.0,296.0,0,0.0
5624,1,296.0,296.0,0,0,0.0,1,296.0,296.0,0,0.0
5625,1,296.0,296.0,0,0,0.0,1,296.0,296.0,0,0.0
5626,1,296.0,296.0,0,0,0.0,1,296.0,296.0,0,0.0
5627,1,296.0,296.0,0,0,0.0,1,296.0,296.0,0,0.0
5628,1,296.0,296.0,0,0,0.0,1,296.0,296.0,0,0.0
5629,1,296.0,296.0,0,0,0.0,1,296.0,296.0,0,0.0
5630,1,296.0,296.0,0,0,0.0,1,296.0,296.0,0,0.0
5631,1,296.0,296.0,0,0,0.0,1,296.0,296.0,0,0.0
5632,1,296.0,296.0,0,0,0.0,1,296.0,296.0,0,0.0
5633,1,296.0,296.0,0,0,0.0,1,296.0,296.0,0,0.0
5634,1,296.0,296.0,0,0,0.0,1,296.0,296.0,0,0.0
5635,1,296.0,296.0,0,0,0.0,1,296.0,296.0,0,0.0
5636,1,296.0,296.0,0,0,0.0,1,296.0,296.0,0,0.0
5637,1,296.0,296.0,0,0,0.0,1,296.0,296.0,0,0.0
5638,1,296.0,296.0,0,0,0.0,1,296.0,296.0,0,0.0
5639,1,296.0,296.0,0,0,0.0,1,296.0,296.0,0,0.0
5640,1,296.0,296.0,0,0,0.0,1,296.0,296.0,0,0.0
5641,1,297.0,297.0,0,0,0.0,1,297.0,297.0,0,0.0
5642,1,297.0,297.0,0,0,0.0,1,297.0,297.0,0,0.0
5643,1,297.0,297.0,0,0,0.0,1,297.0,297.0,0,0.0
5644,1,297.0,297.0,0,0,0.0,1,297.0,297.0,0,0.0
5645,1,297.0,297.0,0,0,0.0,1,297.0,297.0,0,0.0
5646,1,297.0,297.0,0,0,0.0,1,297.0,297.0,0,0.0
5647,1,297.0,297.0,0,0,0.0,1,297.0,297.0,0,0.0
5648,1,297.0,297.0,0,0,0.0,1,297.0,297.0,0,0.0
5649,1,297.0,297.0,0,0,0.0,1,297.0,297.0,0,0.0
5650,1,297.0,297.0,0,0,0.0,1,297.0,297.0,0,0.0
5651,1,297.0,297.0,0,0,0.0,1,297.0,297.0,0,0.0
5652,1,297.0,297.0,0,0,0.0,1,297.0,297.0,0,0.0
5653,1,297.0,297.0,0,0,0.0,1,297.0,297.0,0,0.0
5654,1,297.0,297.0,0,0,0.0,1,297.0,297.0,0,0.0
5655,1,298.0,298.0,0,0,0.0,1,298.0,298.0,0,0.0
5656,1,298.0,298.0,0,0,0.0,1,298.0,298.0,0,0.0
5657,1,298.0,298.0,0,0,0.0,1,298.0,298.0,0,0.0
5658,1,298.0,298.0,0,0,0.0,1,298.0,298.0,0,0.0
5659,1,298.0,298.0,0,0,0.0,1,298.0,298.0,0,0.0
5660,1,298.0,298.0,0,0,0.0,1,298.0,298.0,0,0.0
5661,1,298.0,298.0,0,0,0.0,1,298.0,298.0,0,0.0
5662,1,298.0,298.0,0,0,0.0,1,298.0,298.0,0,0.0
5663,1,298.0,298.0,0,0,0.0,1,298.0,298.0,0,0.0
5664,1,298.0,298.0,0,0,0.0,1,298.0,298.0,0,0.0
5665,1,298.0,298.0,0,0,0.0,1,298.0,298.0,0,0.0
5666,1,298.0,298.0,0,0,0.0,1,298.0,298.0,0,0.0
5667,1,298.0,298.0,0,0,0.0,1,298.0,298.0,0,0.0
5668,1,298.0,298.0,0,0,0.0,1,298.0,298.0,0,0.0
5669,1,298.0,298.0,0,0,0.0,1,298.0,298.0,0,0.0
5670,1,299.0,299.0,0,0,0.0,1,299.0,299.0,0,0.0
5671,1,299.0,299.0,0,0,0.0,1,299.0,299.0,0,0.0
5672,1,299.0,299.0,0,0,0.0,1,299.0,299.0,0,0.0
5673,1,299.0,299.0,0,0,0.0,1,299.0,299.0,0,0.0
5674,1,299.0,299.0,0,0,0.0,1,299.0,299.0,0,0.0
5675,1,299.0,299.0,0,0,0.0,1,299.0,299.0,0,0.0
5676,1,300.0,300.0,0,0,0.0,1,300.0,300.0,0,0.0
5677,1,300.0,300.0,0,0,0.0,1,300.0,300.0,0,0.0
5678,1,300.0,300.0,0,0,0.0,1,300.0,300.0,0,0.0
5679,1,300.0,300.0,0,0,0.0,1,300.0,300.0,0,0.0
5680,1,300.0,300.0,0,0,0.0,1,300.0,300.0,0,0.0
5681,1,300.0,300.0,0,0,0.0,1,300.0,300.0,0,0.0
5682,1,300.0,300.0,0,0,0.0,1,300.0,300.0,0,0.0
5683,1,300.0,300.0,0,0,0.0,1,300.0,300.0,0,0.0
5684,1,300.0,300.0,0,0,0.0,1,300.0,300.0,0,0.0
5685,1,301.0,301.0,0,0,0.0,1,301.0,301.0,0,0.0
5686,1,301.0,301.0,0,0,0.0,1,301.0,301.0,0,0.0
5687,1,301.0,301.0,0,0,0.0,1,301.0,301.0,0,0.0
5688,1,301.0,301.0,0,0,0.0,1,301.0,301.0,0,0.0
5689,1,301.0,301.0,0,0,0.0,1,301.0,301.0,0,0.0
5690,1,301.0,301.0,0,0,0.0,1,301.0,301.0,0,0.0
5691,1,301.0,301.0,0,0,0.0,1,301.0,301.0,0,0.0
5692,1,301.0,301.0,0,0,0.0,1,301.0,301.0,0,0.0
5693,1,301.0,301.0,0,0,0.0,1,301.0,301.0,0,0.0
5694,1,301.0,301.0,0,0,0.0,1,301.0,301.0,0,0.0
5695,1,301.0,301.0,0,0,0.0,1,301.0,301.0,0,0.0
5696,1,301.0,301.0,0,0,0.0,1,301.0,301.0,0,0.0
5697,1,301.0,301.0,0,0,0.0,1,301.0,301.0,0,0.0
5698,1,301.0,301.0,0,0,0.0,1,301.0,301.0,0,0.0
5699,1,301.0,301.0,0,0,0.0,1,301.0,301.0,0,0.0
5700,1,301.0,301.0,0,0,0.0,1,301.0,301.0,0,0.0
5701,1,301.0,301.0,0,0,0.0,1,301.0,301.0,0,0.0
5702,1,301.0,301.0,0,0,0.0,1,301.0,301.0,0,0.0
5703,1,301.0,301.0,0,0,0.0,1,301.0,301.0,0,0.0
5704,1,301.0,301.0,0,0,0.0,1,301.0,301.0,0,0.0
5705,1,301.0,301.0,0,0,0.0,1,301.0,301.0,0,0.0
5706,1,301.0,301.0,0,0,0.0,1,301.0,301.0,0,0.0
5707,1,301.0,301.0,0,0,0.0,1,301.0,301.0,0,0.0
5708,1,302.0,302.0,0,0,0.0,1,302.0,302.0,0,0.0
5709,1,302.0,302.0,0,0,0.0,1,302.0,302.0,0,0.0
5710,1,302.0,302.0,0,0,0.0,1,302.0,302.0,0,0.0
5711,1,302.0,302.0,0,0,0.0,1,302.0,302.0,0,0.0
5712,1,302.0,302.0,0,0,0.0,1,302.0,302.0,0,0.0
5713,1,302.0,302.0,0,0,0.0,1,302.0,302.0,0,0.0
5714,1,302.0,302.0,0,0,0.0,1,302.0,302.0,0,0.0
5715,1,302.0,302.0,0,0,0.0,1,302.0,302.0,0,0.0
5716,1,302.0,302.0,0,0,0.0,1,302.0,302.0,0,0.0
5717,1,302.0,302.0,0,0,0.0,1,302.0,302.0,0,0.0
5718,1,302.0,302.0,0,0,0.0,1,302.0,302.0,0,0.0
5719,1,302.0,302.0,0,0,0.0,1,302.0,302.0,0,0.0
5720,1,302.0,302.0,0,0,0.0,1,302.0,302.0,0,0.0
5721,1,302.0,302.0,0,0,0.0,1,302.0,302.0,0,0.0
5722,1,302.0,302.0,0,0,0.0,1,302.0,302.0,0,0.0
5723,1,302.0,302.0,0,0,0.0,1,302.0,302.0,0,0.0
5724,1,302.0,302.0,0,0,0.0,1,302.0,302.0,0,0.0
5725,1,302.0,302.0,0,0,0.0,1,302.0,302.0,0,0.0
5726,1,302.0,302.0,0,0,0.0,1,302.0,302.0,0,0.0
5727,1,302.0,302.0,0,0,0.0,1,302.0,302.0,0,0.0
5728,1,302.0,302.0,0,0,0.0,1,302.0,302.0,0,0.0
5729,1,302.0,302.0,0,0,0.0,1,302.0,302.0,0,0.0
5730,1,302.0,302.0,0,0,0.0,1,302.0,302.0,0,0.0
5731,1,302.0,302.0,0,0,0.0,1,302.0,302.0,0,0.0
5732,1,302.0,302.0,0,0,0.0,1,302.0,302.0,0,0.0
5733,1,302.0,302.0,0,0,0.0,1,302.0,302.0,0,0.0
5734,1,302.0,302.0,0,0,0.0,1,302.0,302.0,0,0.0
5735,1,302.0,302.0,0,0,0.0,1,302.0,302.0,0,0.0
5736,1,302.0,302.0,0,0,0.0,1,302.0,302.0,0,0.0
5737,1,302.0,302.0,0,0,0.0,1,302.0,302.0,0,0.0
5738,1,302.0,302.0,0,0,0.0,1,302.0,302.0,0,0.0
5739,1,302.0,302.0,0,0,0.0,1,302.0,302.0,0,0.0
5740,1,302.0,302.0,0,0,0.0,1,302.0,302.0,0,0.0
5741,1,302.0,302.0,0,0,0.0,1,302.0,302.0,0,0.0
5742,1,302.0,302.0,0,0,0.0,1,302.0,302.0,0,0.0
5743,1,302.0,302.0,0,0,0.0,1,302.0,302.0,0,0.0
5744,1,302.0,302.0,0,0,0.0,1,302.0,302.0,0,0.0
5745,1,302.0,302.0,0,0,0.0,1,302.0,302.0,0,0.0
5746,1,302.0,302.0,0,0,0.0,1,302.0,302.0,0,0.0
5747,1,302.0,302.0,0,0,0.0,1,302.0,302.0,0,0.0
5748,1,303.0,303.0,0,0,0.0,1,303.0,303.0,0,0.0
5749,1,303.0,303.0,0,0,0.0,1,303.0,303.0,0,0.0
5750,1,303.0,303.0,0,0,0.0,1,303.0,303.0,0,0.0
5751,1,303.0,303.0,0,0,0.0,1,303.0,303.0,0,0.0
5752,1,303.0,303.0,0,0,0.0,1,303.0,303.0,0,0.0
5753,1,303.0,303.0,0,0,0.0,1,303.0,303.0,0,0.0
5754,1,303.0,303.0,0,0,0.0,1,303.0,303.0,0,0.0
5755,1,303.0,303.0,0,0,0.0,1,303.0,303.0,0,0.0
5756,1,303.0,303.0,0,0,0.0,1,303.0,303.0,0,0.0
5757,1,303.0,303.0,0,0,0.0,1,303.0,303.0,0,0.0
5758,1,303.0,303.0,0,0,0.0,1,303.0,303.0,0,0.0
5759,1,303.0,303.0,0,0,0.0,1,303.0,303.0,0,0.0
5760,1,303.0,303.0,0,0,0.0,1,303.0,303.0,0,0.0
5761,1,303.0,303.0,0,0,0.0,1,303.0,303.0,0,0.0
5762,1,303.0,303.0,0,0,0.0,1,303.0,303.0,0,0.0
5763,1,303.0,303.0,0,0,0.0,1,303.0,303.0,0,0.0
5764,1,303.0,303.0,0,0,0.0,1,303.0,303.0,0,0.0
5765,1,303.0,303.0,0,0,0.0,1,303.0,303.0,0,0.0
5766,1,303.0,303.0,0,0,0.0,1,303.0,303.0,0,0.0
5767,1,303.0,303.0,0,0,0.0,1,303.0,303.0,0,0.0
5768,1,303.0,303.0,0,0,0.0,1,303.0,303.0,0,0.0
5769,1,303.0,303.0,0,0,0.0,1,303.0,303.0,0,0.0
5770,1,303.0,303.0,0,0,0.0,1,303.0,303.0,0,0.0
5771,1,303.0,303.0,0,0,0.0,1,303.0,303.0,0,0.0
5772,1,303.0,303.0,0,0,0.0,1,303.0,303.0,0,0.0
5773,1,304.0,304.0,0,0,0.0,1,304.0,304.0,0,0.0
5774,1,304.0,304.0,0,0,0.0,1,304.0,304.0,0,0.0
5775,1,304.0,304.0,0,0,0.0,1,304.0,304.0,0,0.0
5776,1,304.0,304.0,0,0,0.0,1,304.0,304.0,0,0.0
5777,1,304.0,304.0,0,0,0.0,1,304.0,304.0,0,0.0
5778,1,304.0,304.0,0,0,0.0,1,304.0,304.0,0,0.0
5779,1,304.0,304.0,0,0,0.0,1,304.0,304.0,0,0.0
5780,1,304.0,304.0,0,0,0.0,1,304.0,304.0,0,0.0
5781,1,304.0,304.0,0,0,0.0,1,304.0,304.0,0,0.0
5782,1,304.0,304.0,0,0,0.0,1,304.0,304.0,0,0.0
5783,1,305.0,305.0,0,0,0.0,1,305.0,305.0,0,0.0
5784,1,305.0,305.0,0,0,0.0,1,305.0,305.0,0,0.0
5785,1,305.0,305.0,0,0,0.0,1,305.0,305.0,0,0.0
5786,1,305.0,305.0,0,0,0.0,1,305.0,305.0,0,0.0
5787,1,305.0,305.0,0,0,0.0,1,305.0,305.0,0,0.0
5788,1,305.0,305.0,0,0,0.0,1,305.0,305.0,0,0.0
5789,1,305.0,305.0,0,0,0.0,1,305.0,305.0,0,0.0
5790,1,305.0,305.0,0,0,0.0,1,305.0,305.0,0,0.0
5791,1,305.0,305.0,0,0,0.0,1,305.0,305.0,0,0.0
5792,1,305.0,305.0,0,0,0.0,1,305.0,305.0,0,0.0
5793,1,305.0,305.0,0,0,0.0,1,305.0,305.0,0,0.0
5794,1,305.0,305.0,0,0,0.0,1,305.0,305.0,0,0.0
5795,1,305.0,305.0,0,0,0.0,1,305.0,305.0,0,0.0
5796,1,305.0,305.0,0,0,0.0,1,305.0,305.0,0,0.0
5797,1,305.0,305.0,0,0,0.0,1,305.0,305.0,0,0.0
5798,1,305.0,305.0,0,0,0.0,1,305.0,305.0,0,0.0
5799,1,305.0,305.0,0,0,0.0,1,305.0,305.0,0,0.0
5800,1,306.0,306.0,0,0,0.0,1,306.0,306.0,0,0.0
5801,1,306.0,306.0,0,0,0.0,1,306.0,306.0,0,0.0
5802,1,306.0,306.0,0,0,0.0,1,306.0,306.0,0,0.0
5803,1,306.0,306.0,0,0,0.0,1,306.0,306.0,0,0.0
5804,1,306.0,306.0,0,0,0.0,1,306.0,306.0,0,0.0
5805,1,306.0,306.0,0,0,0.0,1,306.0,306.0,0,0.0
5806,1,306.0,306.0,0,0,0.0,1,306.0,306.0,0,0.0
5807,1,306.0,306.0,0,0,0.0,1,306.0,306.0,0,0.0
5808,1,306.0,306.0,0,0,0.0,1,306.0,306.0,0,0.0
5809,1,306.0,306.0,0,0,0.0,1,306.0,306.0,0,0.0
5810,1,306.0,306.0,0,0,0.0,1,306.0,306.0,0,0.0
5811,1,307.0,307.0,0,0,0.0,1,307.0,307.0,0,0.0
5812,1,307.0,307.0,0,0,0.0,1,307.0,307.0,0,0.0
5813,1,307.0,307.0,0,0,0.0,1,307.0,307.0,0,0.0
5814,1,307.0,307.0,0,0,0.0,1,307.0,307.0,0,0.0
5815,1,307.0,307.0,0,0,0.0,1,307.0,307.0,0,0.0
5816,1,307.0,307.0,0,0,0.0,1,307.0,307.0,0,0.0
5817,1,307.0,307.0,0,0,0.0,1,307.0,307.0,0,0.0
5818,1,307.0,307.0,0,0,0.0,1,307.0,307.0,0,0.0
5819,1,307.0,307.0,0,0,0.0,1,307.0,307.0,0,0.0
5820,1,308.0,308.0,0,0,0.0,1,308.0,308.0,0,0.0
5821,1,308.0,308.0,0,0,0.0,1,308.0,308.0,0,0.0
5822,1,308.0,308.0,0,0,0.0,1,308.0,308.0,0,0.0
5823,1,308.0,308.0,0,0,0.0,1,308.0,308.0,0,0.0
5824,1,308.0,308.0,0,0,0.0,1,308.0,308.0,0,0.0
5825,1,308.0,308.0,0,0,0.0,1,308.0,308.0,0,0.0
5826,1,308.0,308.0,0,0,0.0,1,308.0,308.0,0,0.0
5827,1,308.0,308.0,0,0,0.0,1,308.0,308.0,0,0.0
5828,1,308.0,308.0,0,0,0.0,1,308.0,308.0,0,0.0
5829,1,308.0,308.0,0,0,0.0,1,308.0,308.0,0,0.0
5830,1,308.0,308.0,0,0,0.0,1,308.0,308.0,0,0.0
5831,1,308.0,308.0,0,0,0.0,1,308.0,308.0,0,0.0
5832,1,308.0,308.0,0,0,0.0,1,308.0,308.0,0,0.0
5833,1,308.0,308.0,0,0,0.0,1,308.0,308.0,0,0.0
5834,1,308.0,308.0,0,0,0.0,1,308.0,308.0,0,0.0
5835,1,308.0,308.0,0,0,0.0,1,308.0,308.0,0,0.0
5836,1,308.0,308.0,0,0,0.0,1,308.0,308.0,0,0.0
5837,1,308.0,308.0,0,0,0.0,1,308.0,308.0,0,0.0
5838,1,308.0,308.0,0,0,0.0,1,308.0,308.0,0,0.0
5839,1,308.0,308.0,0,0,0.0,1,308.0,308.0,0,0.0
5840,1,308.0,308.0,0,0,0.0,1,308.0,308.0,0,0.0
5841,1,308.0,308.0,0,0,0.0,1,308.0,308.0,0,0.0
5842,1,308.0,308.0,0,0,0.0,1,308.0,308.0,0,0.0
5843,1,308.0,308.0,0,0,0.0,1,308.0,308.0,0,0.0
5844,1,308.0,308.0,0,0,0.0,1,308.0,308.0,0,0.0
5845,1,308.0,308.0,0,0,0.0,1,308.0,308.0,0,0.0
5846,1,308.0,308.0,0,0,0.0,1,308.0,308.0,0,0.0
5847,1,308.0,308.0,0,0,0.0,1,308.0,308.0,0,0.0
5848,1,308.0,308.0,0,0,0.0,1,308.0,308.0,0,0.0
5849,1,308.0,308.0,0,0,0.0,1,308.0,308.0,0,0.0
5850,1,308.0,308.0,0,0,0.0,1,308.0,308.0,0,0.0
5851,1,308.0,308.0,0,0,0.0,1,308.0,308.0,0,0.0
5852,1,308.0,308.0,0,0,0.0,1,308.0,308.0,0,0.0
5853,1,308.0,308.0,0,0,0.0,1,308.0,308.0,0,0.0
5854,1,308.0,308.0,0,0,0.0,1,308.0,308.0,0,0.0
5855,1,308.0,308.0,0,0,0.0,1,308.0,308.0,0,0.0
5856,1,308.0,308.0,0,0,0.0,1,308.0,308.0,0,0.0
5857,1,308.0,308.0,0,0,0.0,1,308.0,308.0,0,0.0
5858,1,308.0,308.0,0,0,0.0,1,308.0,308.0,0,0.0
5859,1,309.0,309.0,0,0,0.0,1,309.0,309.0,0,0.0
5860,1,309.0,309.0,0,0,0.0,1,309.0,309.0,0,0.0
5861,1,309.0,309.0,0,0,0.0,1,309.0,309.0,0,0.0
5862,1,309.0,309.0,0,0,0.0,1,309.0,309.0,0,0.0
5863,1,309.0,309.0,0,0,0.0,1,309.0,309.0,0,0.0
5864,1,309.0,309.0,0,0,0.0,1,309.0,309.0,0,0.0
5865,1,309.0,309.0,0,0,0.0,1,309.0,309.0,0,0.0
5866,1,309.0,309.0,0,0,0.0,1,309.0,309.0,0,0.0
5867,1,309.0,309.0,0,0,0.0,1,309.0,309.0,0,0.0
5868,1,309.0,309.0,0,0,0.0,1,309.0,309.0,0,0.0
5869,1,309.0,309.0,0,0,0.0,1,309.0,309.0,0,0.0
5870,1,309.0,309.0,0,0,0.0,1,309.0,309.0,0,0.0
5871,1,309.0,309.0,0,0,0.0,1,309.0,309.0,0,0.0
5872,1,309.0,309.0,0,0,0.0,1,309.0,309.0,0,0.0
5873,1,309.0,309.0,0,0,0.0,1,309.0,309.0,0,0.0
5874,1,309.0,309.0,0,0,0.0,1,309.0,309.0,0,0.0
5875,1,309.0,309.0,0,0,0.0,1,309.0,309.0,0,0.0
5876,1,309.0,309.0,0,0,0.0,1,309.0,309.0,0,0.0
5877,1,309.0,309.0,0,0,0.0,1,309.0,309.0,0,0.0
5878,1,309.0,309.0,0,0,0.0,1,309.0,309.0,0,0.0
5879,1,309.0,309.0,0,0,0.0,1,309.0,309.0,0,0.0
5880,1,309.0,309.0,0,0,0.0,1,309.0,309.0,0,0.0
5881,1,309.0,309.0,0,0,0.0,1,309.0,309.0,0,0.0
5882,1,309.0,309.0,0,0,0.0,1,309.0,309.0,0,0.0
5883,1,309.0,309.0,0,0,0.0,1,309.0,309.0,0,0.0
5884,1,309.0,309.0,0,0,0.0,1,309.0,309.0,0,0.0
5885,1,309.0,309.0,0,0,0.0,1,309.0,309.0,0,0.0
5886,1,309.0,309.0,0,0,0.0,1,309.0,309.0,0,0.0
5887,1,309.0,309.0,0,0,0.0,1,309.0,309.0,0,0.0
5888,1,309.0,309.0,0,0,0.0,1,309.0,309.0,0,0.0
5889,1,309.0,309.0,0,0,0.0,1,309.0,309.0,0,0.0
5890,1,309.0,309.0,0,0,0.0,1,309.0,309.0,0,0.0
5891,1,309.0,309.0,0,0,0.0,1,309.0,309.0,0,0.0
5892,1,309.0,309.0,0,0,0.0,1,309.0,309.0,0,0.0
5893,1,309.0,309.0,0,0,0.0,1,309.0,309.0,0,0.0
5894,1,309.0,309.0,0,0,0.0,1,309.0,309.0,0,0.0
5895,1,309.0,309.0,0,0,0.0,1,309.0,309.0,0,0.0
5896,1,309.0,309.0,0,0,0.0,1,309.0,309.0,0,0.0
5897,1,309.0,309.0,0,0,0.0,1,309.0,309.0,0,0.0
5898,1,309.0,309.0,0,0,0.0,1,309.0,309.0,0,0.0
5899,1,309.0,309.0,0,0,0.0,1,309.0,309.0,0,0.0
5900,1,309.0,309.0,0,0,0.0,1,309.0,309.0,0,0.0
5901,1,309.0,309.0,0,0,0.0,1,309.0,309.0,0,0.0
5902,1,309.0,309.0,0,0,0.0,1,309.0,309.0,0,0.0
5903,1,309.0,309.0,0,0,0.0,1,309.0,309.0,0,0.0
5904,1,309.0,309.0,0,0,0.0,1,309.0,309.0,0,0.0
5905,1,310.0,310.0,0,0,0.0,1,310.0,310.0,0,0.0
5906,1,310.0,310.0,0,0,0.0,1,310.0,310.0,0,0.0
5907,1,310.0,310.0,0,0,0.0,1,310.0,310.0,0,0.0
5908,1,310.0,310.0,0,0,0.0,1,310.0,310.0,0,0.0
5909,1,310.0,310.0,0,0,0.0,1,310.0,310.0,0,0.0
5910,1,310.0,310.0,0,0,0.0,1,310.0,310.0,0,0.0
5911,1,310.0,310.0,0,0,0.0,1,310.0,310.0,0,0.0
5912,1,310.0,310.0,0,0,0.0,1,310.0,310.0,0,0.0
5913,1,310.0,310.0,0,0,0.0,1,310.0,310.0,0,0.0
5914,1,310.0,310.0,0,0,0.0,1,310.0,310.0,0,0.0
5915,1,310.0,310.0,0,0,0.0,1,310.0,310.0,0,0.0
5916,1,310.0,310.0,0,0,0.0,1,310.0,310.0,0,0.0
5917,1,310.0,310.0,0,0,0.0,1,310.0,310.0,0,0.0
5918,1,310.0,310.0,0,0,0.0,1,310.0,310.0,0,0.0
5919,1,310.0,310.0,0,0,0.0,1,310.0,310.0,0,0.0
5920,1,310.0,310.0,0,0,0.0,1,310.0,310.0,0,0.0
5921,1,310.0,310.0,0,0,0.0,1,310.0,310.0,0,0.0
5922,1,310.0,310.0,0,0,0.0,1,310.0,310.0,0,0.0
5923,1,310.0,310.0,0,0,0.0,1,310.0,310.0,0,0.0
5924,1,311.0,311.0,0,0,0.0,1,311.0,311.0,0,0.0
5925,1,311.0,311.0,0,0,0.0,1,311.0,311.0,0,0.0
5926,1,311.0,311.0,0,0,0.0,1,311.0,311.0,0,0.0
5927,1,311.0,311.0,0,0,0.0,1,311.0,311.0,0,0.0
5928,1,311.0,311.0,0,0,0.0,1,311.0,311.0,0,0.0
5929,1,311.0,311.0,0,0,0.0,1,311.0,311.0,0,0.0
5930,1,311.0,311.0,0,0,0.0,1,311.0,311.0,0,0.0
5931,1,311.0,311.0,0,0,0.0,1,311.0,311.0,0,0.0
5932,1,311.0,311.0,0,0,0.0,1,311.0,311.0,0,0.0
5933,1,311.0,311.0,0,0,0.0,1,311.0,311.0,0,0.0
5934,1,311.0,311.0,0,0,0.0,1,311.0,311.0,0,0.0
5935,1,311.0,311.0,0,0,0.0,1,311.0,311.0,0,0.0
5936,1,312.0,312.0,0,0,0.0,1,312.0,312.0,0,0.0
5937,1,312.0,312.0,0,0,0.0,1,312.0,312.0,0,0.0
5938,1,312.0,312.0,0,0,0.0,1,312.0,312.0,0,0.0
5939,1,312.0,312.0,0,0,0.0,1,312.0,312.0,0,0.0
5940,1,312.0,312.0,0,0,0.0,1,312.0,312.0,0,0.0
5941,1,312.0,312.0,0,0,0.0,1,312.0,312.0,0,0.0
5942,1,312.0,312.0,0,0,0.0,1,312.0,312.0,0,0.0
5943,1,312.0,312.0,0,0,0.0,1,312.0,312.0,0,0.0
5944,1,312.0,312.0,0,0,0.0,1,312.0,312.0,0,0.0
5945,1,312.0,312.0,0,0,0.0,1,312.0,312.0,0,0.0
5946,1,312.0,312.0,0,0,0.0,1,312.0,312.0,0,0.0
5947,1,312.0,312.0,0,0,0.0,1,312.0,312.0,0,0.0
5948,1,312.0,312.0,0,0,0.0,1,312.0,312.0,0,0.0
5949,1,312.0,312.0,0,0,0.0,1,312.0,312.0,0,0.0
5950,1,312.0,312.0,0,0,0.0,1,312.0,312.0,0,0.0
5951,1,312.0,312.0,0,0,0.0,1,312.0,312.0,0,0.0
5952,1,313.0,313.0,0,0,0.0,1,313.0,313.0,0,0.0
5953,1,313.0,313.0,0,0,0.0,1,313.0,313.0,0,0.0
5954,1,313.0,313.0,0,0,0.0,1,313.0,313.0,0,0.0
5955,1,313.0,313.0,0,0,0.0,1,313.0,313.0,0,0.0
5956,1,313.0,313.0,0,0,0.0,1,313.0,313.0,0,0.0
5957,1,313.0,313.0,0,0,0.0,1,313.0,313.0,0,0.0
5958,1,314.0,314.0,0,0,0.0,1,314.0,314.0,0,0.0
5959,1,314.0,314.0,0,0,0.0,1,314.0,314.0,0,0.0
5960,1,314.0,314.0,0,0,0.0,1,314.0,314.0,0,0.0
5961,1,314.0,314.0,0,0,0.0,1,314.0,314.0,0,0.0
5962,1,314.0,314.0,0,0,0.0,1,314.0,314.0,0,0.0
5963,1,315.0,315.0,0,0,0.0,1,315.0,315.0,0,0.0
5964,1,315.0,315.0,0,0,0.0,1,315.0,315.0,0,0.0
5965,1,315.0,315.0,0,0,0.0,1,315.0,315.0,0,0.0
5966,1,315.0,315.0,0,0,0.0,1,315.0,315.0,0,0.0
5967,1,315.0,315.0,0,0,0.0,1,315.0,315.0,0,0.0
5968,1,315.0,315.0,0,0,0.0,1,315.0,315.0,0,0.0
5969,1,315.0,315.0,0,0,0.0,1,315.0,315.0,0,0.0
5970,1,315.0,315.0,0,0,0.0,1,315.0,315.0,0,0.0
5971,1,315.0,315.0,0,0,0.0,1,315.0,315.0,0,0.0
5972,1,315.0,315.0,0,0,0.0,1,315.0,315.0,0,0.0
5973,1,315.0,315.0,0,0,0.0,1,315.0,315.0,0,0.0
5974,1,315.0,315.0,0,0,0.0,1,315.0,315.0,0,0.0
5975,1,315.0,315.0,0,0,0.0,1,315.0,315.0,0,0.0
5976,1,315.0,315.0,0,0,0.0,1,315.0,315.0,0,0.0
5977,1,315.0,315.0,0,0,0.0,1,315.0,315.0,0,0.0
5978,1,315.0,315.0,0,0,0.0,1,315.0,315.0,0,0.0
5979,1,315.0,315.0,0,0,0.0,1,315.0,315.0,0,0.0
5980,1,315.0,315.0,0,0,0.0,1,315.0,315.0,0,0.0
5981,1,315.0,315.0,0,0,0.0,1,315.0,315.0,0,0.0
5982,1,316.0,316.0,0,0,0.0,1,316.0,316.0,0,0.0
5983,1,316.0,316.0,0,0,0.0,1,316.0,316.0,0,0.0
5984,1,316.0,316.0,0,0,0.0,1,316.0,316.0,0,0.0
5985,1,316.0,316.0,0,0,0.0,1,316.0,316.0,0,0.0
5986,1,316.0,316.0,0,0,0.0,1,316.0,316.0,0,0.0
5987,1,316.0,316.0,0,0,0.0,1,316.0,316.0,0,0.0
5988,1,316.0,316.0,0,0,0.0,1,316.0,316.0,0,0.0
5989,1,316.0,316.0,0,0,0.0,1,316.0,316.0,0,0.0
5990,1,316.0,316.0,0,0,0.0,1,316.0,316.0,0,0.0
5991,1,316.0,316.0,0,0,0.0,1,316.0,316.0,0,0.0
5992,1,316.0,316.0,0,0,0.0,1,316.0,316.0,0,0.0
5993,1,316.0,316.0,0,0,0.0,1,316.0,316.0,0,0.0
5994,1,316.0,316.0,0,0,0.0,1,316.0,316.0,0,0.0
5995,1,316.0,316.0,0,0,0.0,1,316.0,316.0,0,0.0
5996,1,317.0,317.0,0,0,0.0,1,317.0,317.0,0,0.0
5997,1,317.0,317.0,0,0,0.0,1,317.0,317.0,0,0.0
5998,1,317.0,317.0,0,0,0.0,1,317.0,317.0,0,0.0
5999,1,317.0,317.0,0,0,0.0,1,317.0,317.0,0,0.0
6000,1,317.0,317.0,0,0,0.0,1,317.0,317.0,0,0.0
6001,1,317.0,317.0,0,0,0.0,1,317.0,317.0,0,0.0
6002,1,317.0,317.0,0,0,0.0,1,317.0,317.0,0,0.0
6003,1,317.0,317.0,0,0,0.0,1,317.0,317.0,0,0.0
6004,1,317.0,317.0,0,0,0.0,1,317.0,317.0,0,0.0
6005,1,317.0,317.0,0,0,0.0,1,317.0,317.0,0,0.0
6006,1,317.0,317.0,0,0,0.0,1,317.0,317.0,0,0.0
6007,1,317.0,317.0,0,0,0.0,1,317.0,317.0,0,0.0
6008,1,317.0,317.0,0,0,0.0,1,317.0,317.0,0,0.0
6009,1,317.0,317.0,0,0,0.0,1,317.0,317.0,0,0.0
6010,1,317.0,317.0,0,0,0.0,1,317.0,317.0,0,0.0
6011,1,317.0,317.0,0,0,0.0,1,317.0,317.0,0,0.0
6012,1,317.0,317.0,0,0,0.0,1,317.0,317.0,0,0.0
6013,1,317.0,317.0,0,0,0.0,1,317.0,317.0,0,0.0
6014,1,317.0,317.0,0,0,0.0,1,317.0,317.0,0,0.0
6015,1,317.0,317.0,0,0,0.0,1,317.0,317.0,0,0.0
6016,1,317.0,317.0,0,0,0.0,1,317.0,317.0,0,0.0
6017,1,317.0,317.0,0,0,0.0,1,317.0,317.0,0,0.0
6018,1,317.0,317.0,0,0,0.0,1,317.0,317.0,0,0.0
6019,1,317.0,317.0,0,0,0.0,1,317.0,317.0,0,0.0
6020,1,317.0,317.0,0,0,0.0,1,317.0,317.0,0,0.0
6021,1,317.0,317.0,0,0,0.0,1,317.0,317.0,0,0.0
6022,1,317.0,317.0,0,0,0.0,1,317.0,317.0,0,0.0
6023,1,317.0,317.0,0,0,0.0,1,317.0,317.0,0,0.0
6024,1,317.0,317.0,0,0,0.0,1,317.0,317.0,0,0.0
6025,1,317.0,317.0,0,0,0.0,1,317.0,317.0,0,0.0
6026,1,317.0,317.0,0,0,0.0,1,317.0,317.0,0,0.0
6027,1,317.0,317.0,0,0,0.0,1,317.0,317.0,0,0.0
6028,1,317.0,317.0,0,0,0.0,1,317.0,317.0,0,0.0
6029,1,317.0,317.0,0,0,0.0,1,317.0,317.0,0,0.0
6030,1,317.0,317.0,0,0,0.0,1,317.0,317.0,0,0.0
6031,1,317.0,317.0,0,0,0.0,1,317.0,317.0,0,0.0
6032,1,318.0,318.0,0,0,0.0,1,318.0,318.0,0,0.0
6033,1,318.0,318.0,0,0,0.0,1,318.0,318.0,0,0.0
6034,1,318.0,318.0,0,0,0.0,1,318.0,318.0,0,0.0
6035,1,318.0,318.0,0,0,0.0,1,318.0,318.0,0,0.0
6036,1,318.0,318.0,0,0,0.0,1,318.0,318.0,0,0.0
6037,1,318.0,318.0,0,0,0.0,1,318.0,318.0,0,0.0
6038,1,318.0,318.0,0,0,0.0,1,318.0,318.0,0,0.0
6039,1,318.0,318.0,0,0,0.0,1,318.0,318.0,0,0.0
6040,1,318.0,318.0,0,0,0.0,1,318.0,318.0,0,0.0
6041,1,318.0,318.0,0,0,0.0,1,318.0,318.0,0,0.0
6042,1,318.0,318.0,0,0,0.0,1,318.0,318.0,0,0.0
6043,1,318.0,318.0,0,0,0.0,1,318.0,318.0,0,0.0
6044,1,318.0,318.0,0,0,0.0,1,318.0,318.0,0,0.0
6045,1,318.0,318.0,0,0,0.0,1,318.0,318.0,0,0.0
6046,1,318.0,318.0,0,0,0.0,1,318.0,318.0,0,0.0
6047,1,318.0,318.0,0,0,0.0,1,318.0,318.0,0,0.0
6048,1,318.0,318.0,0,0,0.0,1,318.0,318.0,0,0.0
6049,1,318.0,318.0,0,0,0.0,1,318.0,318.0,0,0.0
6050,1,318.0,318.0,0,0,0.0,1,318.0,318.0,0,0.0
6051,1,318.0,318.0,0,0,0.0,1,318.0,318.0,0,0.0
6052,1,318.0,318.0,0,0,0.0,1,318.0,318.0,0,0.0
6053,1,318.0,318.0,0,0,0.0,1,318.0,318.0,0,0.0
6054,1,318.0,318.0,0,0,0.0,1,318.0,318.0,0,0.0
6055,1,318.0,318.0,0,0,0.0,1,318.0,318.0,0,0.0
6056,1,318.0,318.0,0,0,0.0,1,318.0,318.0,0,0.0
6057,1,318.0,318.0,0,0,0.0,1,318.0,318.0,0,0.0
6058,1,318.0,318.0,0,0,0.0,1,318.0,318.0,0,0.0
6059,1,318.0,318.0,0,0,0.0,1,318.0,318.0,0,0.0
6060,1,318.0,318.0,0,0,0.0,1,318.0,318.0,0,0.0
6061,1,318.0,318.0,0,0,0.0,1,318.0,318.0,0,0.0
6062,1,319.0,319.0,0,0,0.0,1,319.0,319.0,0,0.0
6063,1,319.0,319.0,0,0,0.0,1,319.0,319.0,0,0.0
6064,1,319.0,319.0,0,0,0.0,1,319.0,319.0,0,0.0
6065,1,319.0,319.0,0,0,0.0,1,319.0,319.0,0,0.0
6066,1,319.0,319.0,0,0,0.0,1,319.0,319.0,0,0.0
6067,1,319.0,319.0,0,0,0.0,1,319.0,319.0,0,0.0
6068,1,319.0,319.0,0,0,0.0,1,319.0,319.0,0,0.0
6069,1,319.0,319.0,0,0,0.0,1,319.0,319.0,0,0.0
6070,1,319.0,319.0,0,0,0.0,1,319.0,319.0,0,0.0
6071,1,319.0,319.0,0,0,0.0,1,319.0,319.0,0,0.0
6072,1,319.0,319.0,0,0,0.0,1,319.0,319.0,0,0.0
6073,1,319.0,319.0,0,0,0.0,1,319.0,319.0,0,0.0
6074,1,319.0,319.0,0,0,0.0,1,319.0,319.0,0,0.0
6075,1,319.0,319.0,0,0,0.0,1,319.0,319.0,0,0.0
6076,1,319.0,319.0,0,0,0.0,1,319.0,319.0,0,0.0
6077,1,319.0,319.0,0,0,0.0,1,319.0,319.0,0,0.0
6078,1,319.0,319.0,0,0,0.0,1,319.0,319.0,0,0.0
6079,1,319.0,319.0,0,0,0.0,1,319.0,319.0,0,0.0
6080,1,319.0,319.0,0,0,0.0,1,319.0,319.0,0,0.0
6081,1,319.0,319.0,0,0,0.0,1,319.0,319.0,0,0.0
6082,1,319.0,319.0,0,0,0.0,1,319.0,319.0,0,0.0
6083,1,319.0,319.0,0,0,0.0,1,319.0,319.0,0,0.0
6084,1,319.0,319.0,0,0,0.0,1,319.0,319.0,0,0.0
6085,1,319.0,319.0,0,0,0.0,1,319.0,319.0,0,0.0
6086,1,319.0,319.0,0,0,0.0,1,319.0,319.0,0,0.0
6087,1,320.0,320.0,0,0,0.0,1,320.0,320.0,0,0.0
6088,1,320.0,320.0,0,0,0.0,1,320.0,320.0,0,0.0
6089,1,320.0,320.0,0,0,0.0,1,320.0,320.0,0,0.0
6090,1,320.0,320.0,0,0,0.0,1,320.0,320.0,0,0.0
6091,1,320.0,320.0,0,0,0.0,1,320.0,320.0,0,0.0
6092,1,320.0,320.0,0,0,0.0,1,320.0,320.0,0,0.0
6093,1,320.0,320.0,0,0,0.0,1,320.0,320.0,0,0.0
6094,1,321.0,321.0,0,0,0.0,1,321.0,321.0,0,0.0
6095,1,321.0,321.0,0,0,0.0,1,321.0,321.0,0,0.0
6096,1,321.0,321.0,0,0,0.0,1,321.0,321.0,0,0.0
6097,1,321.0,321.0,0,0,0.0,1,321.0,321.0,0,0.0
6098,1,321.0,321.0,0,0,0.0,1,321.0,321.0,0,0.0
6099,1,322.0,322.0,0,0,0.0,1,322.0,322.0,0,0.0
6100,1,322.0,322.0,0,0,0.0,1,322.0,322.0,0,0.0
6101,1,322.0,322.0,0,0,0.0,1,322.0,322.0,0,0.0
6102,1,322.0,322.0,0,0,0.0,1,322.0,322.0,0,0.0
6103,1,322.0,322.0,0,0,0.0,1,322.0,322.0,0,0.0
6104,1,322.0,322.0,0,0,0.0,1,322.0,322.0,0,0.0
6105,1,322.0,322.0,0,0,0.0,1,322.0,322.0,0,0.0
6106,1,322.0,322.0,0,0,0.0,1,322.0,322.0,0,0.0
6107,1,322.0,322.0,0,0,0.0,1,322.0,322.0,0,0.0
6108,1,322.0,322.0,0,0,0.0,1,322.0,322.0,0,0.0
6109,1,322.0,322.0,0,0,0.0,1,322.0,322.0,0,0.0
6110,1,322.0,322.0,0,0,0.0,1,322.0,322.0,0,0.0
6111,1,322.0,322.0,0,0,0.0,1,322.0,322.0,0,0.0
6112,1,322.0,322.0,0,0,0.0,1,322.0,322.0,0,0.0
6113,1,322.0,322.0,0,0,0.0,1,322.0,322.0,0,0.0
6114,1,322.0,322.0,0,0,0.0,1,322.0,322.0,0,0.0
6115,1,322.0,322.0,0,0,0.0,1,322.0,322.0,0,0.0
6116,1,322.0,322.0,0,0,0.0,1,322.0,322.0,0,0.0
6117,1,322.0,322.0,0,0,0.0,1,322.0,322.0,0,0.0
6118,1,323.0,323.0,0,0,0.0,1,323.0,323.0,0,0.0
6119,1,323.0,323.0,0,0,0.0,1,323.0,323.0,0,0.0
6120,1,323.0,323.0,0,0,0.0,1,323.0,323.0,0,0.0
6121,1,323.0,323.0,0,0,0.0,1,323.0,323.0,0,0.0
6122,1,323.0,323.0,0,0,0.0,1,323.0,323.0,0,0.0
6123,1,323.0,323.0,0,0,0.0,1,323.0,323.0,0,0.0
6124,1,323.0,323.0,0,0,0.0,1,323.0,323.0,0,0.0
6125,1,323.0,323.0,0,0,0.0,1,323.0,323.0,0,0.0
6126,1,323.0,323.0,0,0,0.0,1,323.0,323.0,0,0.0
6127,1,323.0,323.0,0,0,0.0,1,323.0,323.0,0,0.0
6128,1,323.0,323.0,0,0,0.0,1,323.0,323.0,0,0.0
6129,1,323.0,323.0,0,0,0.0,1,323.0,323.0,0,0.0
6130,1,323.0,323.0,0,0,0.0,1,323.0,323.0,0,0.0
6131,1,323.0,323.0,0,0,0.0,1,323.0,323.0,0,0.0
6132,1,323.0,323.0,0,0,0.0,1,323.0,323.0,0,0.0
6133,1,323.0,323.0,0,0,0.0,1,323.0,323.0,0,0.0
6134,1,323.0,323.0,0,0,0.0,1,323.0,323.0,0,0.0
6135,1,323.0,323.0,0,0,0.0,1,323.0,323.0,0,0.0
6136,1,323.0,323.0,0,0,0.0,1,323.0,323.0,0,0.0
6137,1,323.0,323.0,0,0,0.0,1,323.0,323.0,0,0.0
6138,1,323.0,323.0,0,0,0.0,1,323.0,323.0,0,0.0
6139,1,323.0,323.0,0,0,0.0,1,323.0,323.0,0,0.0
6140,1,323.0,323.0,0,0,0.0,1,323.0,323.0,0,0.0
6141,1,323.0,323.0,0,0,0.0,1,323.0,323.0,0,0.0
6142,1,323.0,323.0,0,0,0.0,1,323.0,323.0,0,0.0
6143,1,323.0,323.0,0,0,0.0,1,323.0,323.0,0,0.0
6144,1,323.0,323.0,0,0,0.0,1,323.0,323.0,0,0.0
6145,1,323.0,323.0,0,0,0.0,1,323.0,323.0,0,0.0
6146,1,323.0,323.0,0,0,0.0,1,323.0,323.0,0,0.0
6147,1,323.0,323.0,0,0,0.0,1,323.0,323.0,0,0.0
6148,1,323.0,323.0,0,0,0.0,1,323.0,323.0,0,0.0
6149,1,324.0,324.0,0,0,0.0,1,324.0,324.0,0,0.0
6150,1,324.0,324.0,0,0,0.0,1,324.0,324.0,0,0.0
6151,1,324.0,324.0,0,0,0.0,1,324.0,324.0,0,0.0
6152,1,324.0,324.0,0,0,0.0,1,324.0,324.0,0,0.0
6153,1,324.0,324.0,0,0,0.0,1,324.0,324.0,0,0.0
6154,1,324.0,324.0,0,0,0.0,1,324.0,324.0,0,0.0
6155,1,324.0,324.0,0,0,0.0,1,324.0,324.0,0,0.0
6156,1,324.0,324.0,0,0,0.0,1,324.0,324.0,0,0.0
6157,1,324.0,324.0,0,0,0.0,1,324.0,324.0,0,0.0
6158,1,324.0,324.0,0,0,0.0,1,324.0,324.0,0,0.0
6159,1,324.0,324.0,0,0,0.0,1,324.0,324.0,0,0.0
6160,1,324.0,324.0,0,0,0.0,1,324.0,324.0,0,0.0
6161,1,324.0,324.0,0,0,0.0,1,324.0,324.0,0,0.0
6162,1,324.0,324.0,0,0,0.0,1,324.0,324.0,0,0.0
6163,1,324.0,324.0,0,0,0.0,1,324.0,324.0,0,0.0
6164,1,324.0,324.0,0,0,0.0,1,324.0,324.0,0,0.0
6165,1,324.0,324.0,0,0,0.0,1,324.0,324.0,0,0.0
6166,1,324.0,324.0,0,0,0.0,1,324.0,324.0,0,0.0
6167,1,324.0,324.0,0,0,0.0,1,324.0,324.0,0,0.0
6168,1,324.0,324.0,0,0,0.0,1,324.0,324.0,0,0.0
6169,1,324.0,324.0,0,0,0.0,1,324.0,324.0,0,0.0
6170,1,324.0,324.0,0,0,0.0,1,324.0,324.0,0,0.0
6171,1,325.0,325.0,0,0,0.0,1,325.0,325.0,0,0.0
6172,1,325.0,325.0,0,0,0.0,1,325.0,325.0,0,0.0
6173,1,325.0,325.0,0,0,0.0,1,325.0,325.0,0,0.0
6174,1,325.0,325.0,0,0,0.0,1,325.0,325.0,0,0.0
6175,1,325.0,325.0,0,0,0.0,1,325.0,325.0,0,0.0
6176,1,325.0,325.0,0,0,0.0,1,325.0,325.0,0,0.0
6177,1,325.0,325.0,0,0,0.0,1,325.0,325.0,0,0.0
6178,1,325.0,325.0,0,0,0.0,1,325.0,325.0,0,0.0
6179,1,325.0,325.0,0,0,0.0,1,325.0,325.0,0,0.0
6180,1,325.0,325.0,0,0,0.0,1,325.0,325.0,0,0.0
6181,1,325.0,325.0,0,0,0.0,1,325.0,325.0,0,0.0
6182,1,325.0,325.0,0,0,0.0,1,325.0,325.0,0,0.0
6183,1,325.0,325.0,0,0,0.0,1,325.0,325.0,0,0.0
6184,1,325.0,325.0,0,0,0.0,1,325.0,325.0,0,0.0
6185,1,325.0,325.0,0,0,0.0,1,325.0,325.0,0,0.0
6186,1,325.0,325.0,0,0,0.0,1,325.0,325.0,0,0.0
6187,1,325.0,325.0,0,0,0.0,1,325.0,325.0,0,0.0
6188,1,325.0,325.0,0,0,0.0,1,325.0,325.0,0,0.0
6189,1,325.0,325.0,0,0,0.0,1,325.0,325.0,0,0.0
6190,1,325.0,325.0,0,0,0.0,1,325.0,325.0,0,0.0
6191,1,325.0,325.0,0,0,0.0,1,325.0,325.0,0,0.0
6192,1,325.0,325.0,0,0,0.0,1,325.0,325.0,0,0.0
6193,1,325.0,325.0,0,0,0.0,1,325.0,325.0,0,0.0
6194,1,326.0,326.0,0,0,0.0,1,326.0,326.0,0,0.0
6195,1,326.0,326.0,0,0,0.0,1,326.0,326.0,0,0.0
6196,1,326.0,326.0,0,0,0.0,1,326.0,326.0,0,0.0
6197,1,326.0,326.0,0,0,0.0,1,326.0,326.0,0,0.0
6198,1,326.0,326.0,0,0,0.0,1,326.0,326.0,0,0.0
6199,1,326.0,326.0,0,0,0.0,1,326.0,326.0,0,0.0
6200,1,326.0,326.0,0,0,0.0,1,326.0,326.0,0,0.0
6201,1,326.0,326.0,0,0,0.0,1,326.0,326.0,0,0.0
6202,1,326.0,326.0,0,0,0.0,1,326.0,326.0,0,0.0
6203,1,326.0,326.0,0,0,0.0,1,326.0,326.0,0,0.0
6204,1,326.0,326.0,0,0,0.0,1,326.0,326.0,0,0.0
6205,1,327.0,327.0,0,0,0.0,1,327.0,327.0,0,0.0
6206,1,327.0,327.0,0,0,0.0,1,327.0,327.0,0,0.0
6207,1,327.0,327.0,0,0,0.0,1,327.0,327.0,0,0.0
6208,1,327.0,327.0,0,0,0.0,1,327.0,327.0,0,0.0
6209,1,327.0,327.0,0,0,0.0,1,327.0,327.0,0,0.0
6210,1,327.0,327.0,0,0,0.0,1,327.0,327.0,0,0.0
6211,1,327.0,327.0,0,0,0.0,1,327.0,327.0,0,0.0
6212,1,327.0,327.0,0,0,0.0,1,327.0,327.0,0,0.0
6213,1,327.0,327.0,0,0,0.0,1,327.0,327.0,0,0.0
6214,1,327.0,327.0,0,0,0.0,1,327.0,327.0,0,0.0
6215,1,327.0,327.0,0,0,0.0,1,327.0,327.0,0,0.0
6216,1,327.0,327.0,0,0,0.0,1,327.0,327.0,0,0.0
6217,1,327.0,327.0,0,0,0.0,1,327.0,327.0,0,0.0
6218,1,327.0,327.0,0,0,0.0,1,327.0,327.0,0,0.0
6219,1,327.0,327.0,0,0,0.0,1,327.0,327.0,0,0.0
6220,1,328.0,328.0,0,0,0.0,1,328.0,328.0,0,0.0
6221,1,328.0,328.0,0,0,0.0,1,328.0,328.0,0,0.0
6222,1,328.0,328.0,0,0,0.0,1,328.0,328.0,0,0.0
6223,1,328.0,328.0,0,0,0.0,1,328.0,328.0,0,0.0
6224,1,328.0,328.0,0,0,0.0,1,328.0,328.0,0,0.0
6225,1,328.0,328.0,0,0,0.0,1,328.0,328.0,0,0.0
6226,1,328.0,328.0,0,0,0.0,1,328.0,328.0,0,0.0
6227,1,328.0,328.0,0,0,0.0,1,328.0,328.0,0,0.0
6228,1,328.0,328.0,0,0,0.0,1,328.0,328.0,0,0.0
6229,1,328.0,328.0,0,0,0.0,1,328.0,328.0,0,0.0
6230,1,328.0,328.0,0,0,0.0,1,328.0,328.0,0,0.0
6231,1,328.0,328.0,0,0,0.0,1,328.0,328.0,0,0.0
6232,1,328.0,328.0,0,0,0.0,1,328.0,328.0,0,0.0
6233,1,328.0,328.0,0,0,0.0,1,328.0,328.0,0,0.0
6234,1,328.0,328.0,0,0,0.0,1,328.0,328.0,0,0.0
6235,1,328.0,328.0,0,0,0.0,1,328.0,328.0,0,0.0
6236,1,328.0,328.0,0,0,0.0,1,328.0,328.0,0,0.0
6237,1,329.0,329.0,0,0,0.0,1,329.0,329.0,0,0.0
6238,1,329.0,329.0,0,0,0.0,1,329.0,329.0,0,0.0
6239,1,329.0,329.0,0,0,0.0,1,329.0,329.0,0,0.0
6240,1,329.0,329.0,0,0,0.0,1,329.0,329.0,0,0.0
6241,1,329.0,329.0,0,0,0.0,1,329.0,329.0,0,0.0
6242,1,329.0,329.0,0,0,0.0,1,329.0,329.0,0,0.0
6243,1,329.0,329.0,0,0,0.0,1,329.0,329.0,0,0.0
6244,1,329.0,329.0,0,0,0.0,1,329.0,329.0,0,0.0
6245,1,329.0,329.0,0,0,0.0,1,329.0,329.0,0,0.0
6246,1,329.0,329.0,0,0,0.0,1,329.0,329.0,0,0.0
6247,1,329.0,329.0,0,0,0.0,1,329.0,329.0,0,0.0
6248,1,329.0,329.0,0,0,0.0,1,329.0,329.0,0,0.0
6249,1,329.0,329.0,0,0,0.0,1,329.0,329.0,0,0.0
6250,1,329.0,329.0,0,0,0.0,1,329.0,329.0,0,0.0
6251,1,329.0,329.0,0,0,0.0,1,329.0,329.0,0,0.0
6252,1,329.0,329.0,0,0,0.0,1,329.0,329.0,0,0.0
6253,1,329.0,329.0,0,0,0.0,1,329.0,329.0,0,0.0
6254,1,329.0,329.0,0,0,0.0,1,329.0,329.0,0,0.0
6255,1,329.0,329.0,0,0,0.0,1,329.0,329.0,0,0.0
6256,1,329.0,329.0,0,0,0.0,1,329.0,329.0,0,0.0
6257,1,329.0,329.0,0,0,0.0,1,329.0,329.0,0,0.0
6258,1,329.0,329.0,0,0,0.0,1,329.0,329.0,0,0.0
6259,1,329.0,329.0,0,0,0.0,1,329.0,329.0,0,0.0
6260,1,329.0,329.0,0,0,0.0,1,329.0,329.0,0,0.0
6261,1,329.0,329.0,0,0,0.0,1,329.0,329.0,0,0.0
6262,1,330.0,330.0,0,0,0.0,1,330.0,330.0,0,0.0
6263,1,330.0,330.0,0,0,0.0,1,330.0,330.0,0,0.0
6264,1,330.0,330.0,0,0,0.0,1,330.0,330.0,0,0.0
6265,1,330.0,330.0,0,0,0.0,1,330.0,330.0,0,0.0
6266,1,330.0,330.0,0,0,0.0,1,330.0,330.0,0,0.0
6267,1,330.0,330.0,0,0,0.0,1,330.0,330.0,0,0.0
6268,1,330.0,330.0,0,0,0.0,1,330.0,330.0,0,0.0
6269,1,330.0,330.0,0,0,0.0,1,330.0,330.0,0,0.0
6270,1,330.0,330.0,0,0,0.0,1,330.0,330.0,0,0.0
6271,1,330.0,330.0,0,0,0.0,1,330.0,330.0,0,0.0
6272,1,330.0,330.0,0,0,0.0,1,330.0,330.0,0,0.0
6273,1,330.0,330.0,0,0,0.0,1,330.0,330.0,0,0.0
6274,1,330.0,330.0,0,0,0.0,1,330.0,330.0,0,0.0
6275,1,330.0,330.0,0,0,0.0,1,330.0,330.0,0,0.0
6276,1,331.0,331.0,0,0,0.0,1,331.0,331.0,0,0.0
6277,1,331.0,331.0,0,0,0.0,1,331.0,331.0,0,0.0
6278,1,331.0,331.0,0,0,0.0,1,331.0,331.0,0,0.0
6279,1,331.0,331.0,0,0,0.0,1,331.0,331.0,0,0.0
6280,1,331.0,331.0,0,0,0.0,1,331.0,331.0,0,0.0
6281,1,331.0,331.0,0,0,0.0,1,331.0,331.0,0,0.0
6282,1,331.0,331.0,0,0,0.0,1,331.0,331.0,0,0.0
6283,1,331.0,331.0,0,0,0.0,1,331.0,331.0,0,0.0
6284,1,331.0,331.0,0,0,0.0,1,331.0,331.0,0,0.0
6285,1,331.0,331.0,0,0,0.0,1,331.0,331.0,0,0.0
6286,1,331.0,331.0,0,0,0.0,1,331.0,331.0,0,0.0
6287,1,331.0,331.0,0,0,0.0,1,331.0,331.0,0,0.0
6288,1,331.0,331.0,0,0,0.0,1,331.0,331.0,0,0.0
6289,1,331.0,331.0,0,0,0.0,1,331.0,331.0,0,0.0
6290,1,331.0,331.0,0,0,0.0,1,331.0,331.0,0,0.0
6291,1,331.0,331.0,0,0,0.0,1,331.0,331.0,0,0.0
6292,1,331.0,331.0,0,0,0.0,1,331.0,331.0,0,0.0
6293,1,331.0,331.0,0,0,0.0,1,331.0,331.0,0,0.0
6294,1,331.0,331.0,0,0,0.0,1,331.0,331.0,0,0.0
6295,1,331.0,331.0,0,0,0.0,1,331.0,331.0,0,0.0
6296,1,331.0,331.0,0,0,0.0,1,331.0,331.0,0,0.0
6297,1,331.0,331.0,0,0,0.0,1,331.0,331.0,0,0.0
6298,1,331.0,331.0,0,0,0.0,1,331.0,331.0,0,0.0
6299,1,331.0,331.0,0,0,0.0,1,331.0,331.0,0,0.0
6300,1,331.0,331.0,0,0,0.0,1,331.0,331.0,0,0.0
6301,1,332.0,332.0,0,0,0.0,1,332.0,332.0,0,0.0
6302,1,332.0,332.0,0,0,0.0,1,332.0,332.0,0,0.0
6303,1,332.0,332.0,0,0,0.0,1,332.0,332.0,0,0.0
6304,1,332.0,332.0,0,0,0.0,1,332.0,332.0,0,0.0
6305,1,332.0,332.0,0,0,0.0,1,332.0,332.0,0,0.0
6306,1,332.0,332.0,0,0,0.0,1,332.0,332.0,0,0.0
6307,1,332.0,332.0,0,0,0.0,1,332.0,332.0,0,0.0
6308,1,332.0,332.0,0,0,0.0,1,332.0,332.0,0,0.0
6309,1,332.0,332.0,0,0,0.0,1,332.0,332.0,0,0.0
6310,1,332.0,332.0,0,0,0.0,1,332.0,332.0,0,0.0
6311,1,332.0,332.0,0,0,0.0,1,332.0,332.0,0,0.0
6312,1,332.0,332.0,0,0,0.0,1,332.0,332.0,0,0.0
6313,1,332.0,332.0,0,0,0.0,1,332.0,332.0,0,0.0
6314,1,332.0,332.0,0,0,0.0,1,332.0,332.0,0,0.0
6315,1,332.0,332.0,0,0,0.0,1,332.0,332.0,0,0.0
6316,1,332.0,332.0,0,0,0.0,1,332.0,332.0,0,0.0
6317,1,332.0,332.0,0,0,0.0,1,332.0,332.0,0,0.0
6318,1,332.0,332.0,0,0,0.0,1,332.0,332.0,0,0.0
6319,1,332.0,332.0,0,0,0.0,1,332.0,332.0,0,0.0
6320,1,332.0,332.0,0,0,0.0,1,332.0,332.0,0,0.0
6321,1,332.0,332.0,0,0,0.0,1,332.0,332.0,0,0.0
6322,1,332.0,332.0,0,0,0.0,1,332.0,332.0,0,0.0
6323,1,332.0,332.0,0,0,0.0,1,332.0,332.0,0,0.0
6324,1,332.0,332.0,0,0,0.0,1,332.0,332.0,0,0.0
6325,1,333.0,333.0,0,0,0.0,1,333.0,333.0,0,0.0
6326,1,333.0,333.0,0,0,0.0,1,333.0,333.0,0,0.0
6327,1,333.0,333.0,0,0,0.0,1,333.0,333.0,0,0.0
6328,1,333.0,333.0,0,0,0.0,1,333.0,333.0,0,0.0
6329,1,333.0,333.0,0,0,0.0,1,333.0,333.0,0,0.0
6330,1,333.0,333.0,0,0,0.0,1,333.0,333.0,0,0.0
6331,1,333.0,333.0,0,0,0.0,1,333.0,333.0,0,0.0
6332,1,333.0,333.0,0,0,0.0,1,333.0,333.0,0,0.0
6333,1,333.0,333.0,0,0,0.0,1,333.0,333.0,0,0.0
6334,1,333.0,333.0,0,0,0.0,1,333.0,333.0,0,0.0
6335,1,333.0,333.0,0,0,0.0,1,333.0,333.0,0,0.0
6336,1,333.0,333.0,0,0,0.0,1,333.0,333.0,0,0.0
6337,1,333.0,333.0,0,0,0.0,1,333.0,333.0,0,0.0
6338,1,333.0,333.0,0,0,0.0,1,333.0,333.0,0,0.0
6339,1,333.0,333.0,0,0,0.0,1,333.0,333.0,0,0.0
6340,1,333.0,333.0,0,0,0.0,1,333.0,333.0,0,0.0
6341,1,333.0,333.0,0,0,0.0,1,333.0,333.0,0,0.0
6342,1,333.0,333.0,0,0,0.0,1,333.0,333.0,0,0.0
6343,1,333.0,333.0,0,0,0.0,1,333.0,333.0,0,0.0
6344,1,333.0,333.0,0,0,0.0,1,333.0,333.0,0,0.0
6345,1,333.0,333.0,0,0,0.0,1,333.0,333.0,0,0.0
6346,1,333.0,333.0,0,0,0.0,1,333.0,333.0,0,0.0
6347,1,333.0,333.0,0,0,0.0,1,333.0,333.0,0,0.0
6348,1,333.0,333.0,0,0,0.0,1,333.0,333.0,0,0.0
6349,1,333.0,333.0,0,0,0.0,1,333.0,333.0,0,0.0
6350,1,333.0,333.0,0,0,0.0,1,333.0,333.0,0,0.0
6351,1,333.0,333.0,0,0,0.0,1,333.0,333.0,0,0.0
6352,1,333.0,333.0,0,0,0.0,1,333.0,333.0,0,0.0
6353,1,333.0,333.0,0,0,0.0,1,333.0,333.0,0,0.0
6354,1,334.0,334.0,0,0,0.0,1,334.0,334.0,0,0.0
6355,1,334.0,334.0,0,0,0.0,1,334.0,334.0,0,0.0
6356,1,334.0,334.0,0,0,0.0,1,334.0,334.0,0,0.0
6357,1,334.0,334.0,0,0,0.0,1,334.0,334.0,0,0.0
6358,1,334.0,334.0,0,0,0.0,1,334.0,334.0,0,0.0
6359,1,334.0,334.0,0,0,0.0,1,334.0,334.0,0,0.0
6360,1,334.0,334.0,0,0,0.0,1,334.0,334.0,0,0.0
6361,1,334.0,334.0,0,0,0.0,1,334.0,334.0,0,0.0
6362,1,334.0,334.0,0,0,0.0,1,334.0,334.0,0,0.0
6363,1,334.0,334.0,0,0,0.0,1,334.0,334.0,0,0.0
6364,1,334.0,334.0,0,0,0.0,1,334.0,334.0,0,0.0
6365,1,334.0,334.0,0,0,0.0,1,334.0,334.0,0,0.0
6366,1,334.0,334.0,0,0,0.0,1,334.0,334.0,0,0.0
6367,1,334.0,334.0,0,0,0.0,1,334.0,334.0,0,0.0
6368,1,334.0,334.0,0,0,0.0,1,334.0,334.0,0,0.0
6369,1,334.0,334.0,0,0,0.0,1,334.0,334.0,0,0.0
6370,1,334.0,334.0,0,0,0.0,1,334.0,334.0,0,0.0
6371,1,334.0,334.0,0,0,0.0,1,334.0,334.0,0,0.0
6372,1,334.0,334.0,0,0,0.0,1,334.0,334.0,0,0.0
6373,1,334.0,334.0,0,0,0.0,1,334.0,334.0,0,0.0
6374,1,334.0,334.0,0,0,0.0,1,334.0,334.0,0,0.0
6375,1,334.0,334.0,0,0,0.0,1,334.0,334.0,0,0.0
6376,1,334.0,334.0,0,0,0.0,1,334.0,334.0,0,0.0
6377,1,334.0,334.0,0,0,0.0,1,334.0,334.0,0,0.0
6378,1,334.0,334.0,0,0,0.0,1,334.0,334.0,0,0.0
6379,1,335.0,335.0,0,0,0.0,1,335.0,335.0,0,0.0
6380,1,335.0,335.0,0,0,0.0,1,335.0,335.0,0,0.0
6381,1,335.0,335.0,0,0,0.0,1,335.0,335.0,0,0.0
6382,1,335.0,335.0,0,0,0.0,1,335.0,335.0,0,0.0
6383,1,335.0,335.0,0,0,0.0,1,335.0,335.0,0,0.0
6384,1,335.0,335.0,0,0,0.0,1,335.0,335.0,0,0.0
6385,1,335.0,335.0,0,0,0.0,1,335.0,335.0,0,0.0
6386,1,335.0,335.0,0,0,0.0,1,335.0,335.0,0,0.0
6387,1,335.0,335.0,0,0,0.0,1,335.0,335.0,0,0.0
6388,1,335.0,335.0,0,0,0.0,1,335.0,335.0,0,0.0
6389,1,335.0,335.0,0,0,0.0,1,335.0,335.0,0,0.0
6390,1,335.0,335.0,0,0,0.0,1,335.0,335.0,0,0.0
6391,1,335.0,335.0,0,0,0.0,1,335.0,335.0,0,0.0
6392,1,335.0,335.0,0,0,0.0,1,335.0,335.0,0,0.0
6393,1,336.0,336.0,0,0,0.0,1,336.0,336.0,0,0.0
6394,1,336.0,336.0,0,0,0.0,1,336.0,336.0,0,0.0
6395,1,336.0,336.0,0,0,0.0,1,336.0,336.0,0,0.0
6396,1,336.0,336.0,0,0,0.0,1,336.0,336.0,0,0.0
6397,1,336.0,336.0,0,0,0.0,1,336.0,336.0,0,0.0
6398,1,336.0,336.0,0,0,0.0,1,336.0,336.0,0,0.0
6399,1,336.0,336.0,0,0,0.0,1,336.0,336.0,0,0.0
6400,1,336.0,336.0,0,0,0.0,1,336.0,336.0,0,0.0
6401,1,336.0,336.0,0,0,0.0,1,336.0,336.0,0,0.0
6402,1,336.0,336.0,0,0,0.0,1,336.0,336.0,0,0.0
6403,1,336.0,336.0,0,0,0.0,1,336.0,336.0,0,0.0
6404,1,336.0,336.0,0,0,0.0,1,336.0,336.0,0,0.0
6405,1,336.0,336.0,0,0,0.0,1,336.0,336.0,0,0.0
6406,1,336.0,336.0,0,0,0.0,1,336.0,336.0,0,0.0
6407,1,336.0,336.0,0,0,0.0,1,336.0,336.0,0,0.0
6408,1,336.0,336.0,0,0,0.0,1,336.0,336.0,0,0.0
6409,1,336.0,336.0,0,0,0.0,1,336.0,336.0,0,0.0
6410,1,336.0,336.0,0,0,0.0,1,336.0,336.0,0,0.0
6411,1,336.0,336.0,0,0,0.0,1,336.0,336.0,0,0.0
6412,1,336.0,336.0,0,0,0.0,1,336.0,336.0,0,0.0
6413,1,336.0,336.0,0,0,0.0,1,336.0,336.0,0,0.0
6414,1,336.0,336.0,0,0,0.0,1,336.0,336.0,0,0.0
6415,1,337.0,337.0,0,0,0.0,1,337.0,337.0,0,0.0
6416,1,337.0,337.0,0,0,0.0,1,337.0,337.0,0,0.0
6417,1,337.0,337.0,0,0,0.0,1,337.0,337.0,0,0.0
6418,1,337.0,337.0,0,0,0.0,1,337.0,337.0,0,0.0
6419,1,337.0,337.0,0,0,0.0,1,337.0,337.0,0,0.0
6420,1,337.0,337.0,0,0,0.0,1,337.0,337.0,0,0.0
6421,1,337.0,337.0,0,0,0.0,1,337.0,337.0,0,0.0
6422,1,337.0,337.0,0,0,0.0,1,337.0,337.0,0,0.0
6423,1,337.0,337.0,0,0,0.0,1,337.0,337.0,0,0.0
6424,1,337.0,337.0,0,0,0.0,1,337.0,337.0,0,0.0
6425,1,338.0,338.0,0,0,0.0,1,338.0,338.0,0,0.0
6426,1,338.0,338.0,0,0,0.0,1,338.0,338.0,0,0.0
6427,1,338.0,338.0,0,0,0.0,1,338.0,338.0,0,0.0
6428,1,338.0,338.0,0,0,0.0,1,338.0,338.0,0,0.0
6429,1,338.0,338.0,0,0,0.0,1,338.0,338.0,0,0.0
6430,1,338.0,338.0,0,0,0.0,1,338.0,338.0,0,0.0
6431,1,338.0,338.0,0,0,0.0,1,338.0,338.0,0,0.0
6432,1,338.0,338.0,0,0,0.0,1,338.0,338.0,0,0.0
6433,1,338.0,338.0,0,0,0.0,1,338.0,338.0,0,0.0
6434,1,338.0,338.0,0,0,0.0,1,338.0,338.0,0,0.0
6435,1,338.0,338.0,0,0,0.0,1,338.0,338.0,0,0.0
6436,1,338.0,338.0,0,0,0.0,1,338.0,338.0,0,0.0
6437,1,338.0,338.0,0,0,0.0,1,338.0,338.0,0,0.0
6438,1,338.0,338.0,0,0,0.0,1,338.0,338.0,0,0.0
6439,1,338.0,338.0,0,0,0.0,1,338.0,338.0,0,0.0
6440,1,338.0,338.0,0,0,0.0,1,338.0,338.0,0,0.0
6441,1,338.0,338.0,0,0,0.0,1,338.0,338.0,0,0.0
6442,1,338.0,338.0,0,0,0.0,1,338.0,338.0,0,0.0
6443,1,338.0,338.0,0,0,0.0,1,338.0,338.0,0,0.0
6444,1,338.0,338.0,0,0,0.0,1,338.0,338.0,0,0.0
6445,1,338.0,338.0,0,0,0.0,1,338.0,338.0,0,0.0
6446,1,338.0,338.0,0,0,0.0,1,338.0,338.0,0,0.0
6447,1,338.0,338.0,0,0,0.0,1,338.0,338.0,0,0.0
6448,1,338.0,338.0,0,0,0.0,1,338.0,338.0,0,0.0
6449,1,338.0,338.0,0,0,0.0,1,338.0,338.0,0,0.0
6450,1,339.0,339.0,0,0,0.0,1,339.0,339.0,0,0.0
6451,1,339.0,339.0,0,0,0.0,1,339.0,339.0,0,0.0
6452,1,339.0,339.0,0,0,0.0,1,339.0,339.0,0,0.0
6453,1,339.0,339.0,0,0,0.0,1,339.0,339.0,0,0.0
6454,1,339.0,339.0,0,0,0.0,1,339.0,339.0,0,0.0
6455,1,339.0,339.0,0,0,0.0,1,339.0,339.0,0,0.0
6456,1,339.0,339.0,0,0,0.0,1,339.0,339.0,0,0.0
6457,1,339.0,339.0,0,0,0.0,1,339.0,339.0,0,0.0
6458,1,339.0,339.0,0,0,0.0,1,339.0,339.0,0,0.0
6459,1,339.0,339.0,0,0,0.0,1,339.0,339.0,0,0.0
6460,1,339.0,339.0,0,0,0.0,1,339.0,339.0,0,0.0
6461,1,339.0,339.0,0,0,0.0,1,339.0,339.0,0,0.0
6462,1,339.0,339.0,0,0,0.0,1,339.0,339.0,0,0.0
6463,1,339.0,339.0,0,0,0.0,1,339.0,339.0,0,0.0
6464,1,339.0,339.0,0,0,0.0,1,339.0,339.0,0,0.0
6465,1,339.0,339.0,0,0,0.0,1,339.0,339.0,0,0.0
6466,1,339.0,339.0,0,0,0.0,1,339.0,339.0,0,0.0
6467,1,340.0,340.0,0,0,0.0,1,340.0,340.0,0,0.0
6468,1,340.0,340.0,0,0,0.0,1,340.0,340.0,0,0.0
6469,1,340.0,340.0,0,0,0.0,1,340.0,340.0,0,0.0
6470,1,340.0,340.0,0,0,0.0,1,340.0,340.0,0,0.0
6471,1,340.0,340.0,0,0,0.0,1,340.0,340.0,0,0.0
6472,1,340.0,340.0,0,0,0.0,1,340.0,340.0,0,0.0
6473,1,340.0,340.0,0,0,0.0,1,340.0,340.0,0,0.0
6474,1,340.0,340.0,0,0,0.0,1,340.0,340.0,0,0.0
6475,1,340.0,340.0,0,0,0.0,1,340.0,340.0,0,0.0
6476,1,340.0,340.0,0,0,0.0,1,340.0,340.0,0,0.0
6477,1,340.0,340.0,0,0,0.0,1,340.0,340.0,0,0.0
6478,1,340.0,340.0,0,0,0.0,1,340.0,340.0,0,0.0
6479,1,340.0,340.0,0,0,0.0,1,340.0,340.0,0,0.0
6480,1,340.0,340.0,0,0,0.0,1,340.0,340.0,0,0.0
6481,1,340.0,340.0,0,0,0.0,1,340.0,340.0,0,0.0
6482,1,340.0,340.0,0,0,0.0,1,340.0,340.0,0,0.0
6483,1,340.0,340.0,0,0,0.0,1,340.0,340.0,0,0.0
6484,1,341.0,341.0,0,0,0.0,1,341.0,341.0,0,0.0
6485,1,341.0,341.0,0,0,0.0,1,341.0,341.0,0,0.0
6486,1,341.0,341.0,0,0,0.0,1,341.0,341.0,0,0.0
6487,1,341.0,341.0,0,0,0.0,1,341.0,341.0,0,0.0
6488,1,341.0,341.0,0,0,0.0,1,341.0,341.0,0,0.0
6489,1,341.0,341.0,0,0,0.0,1,341.0,341.0,0,0.0
6490,1,341.0,341.0,0,0,0.0,1,341.0,341.0,0,0.0
6491,1,341.0,341.0,0,0,0.0,1,341.0,341.0,0,0.0
6492,1,341.0,341.0,0,0,0.0,1,341.0,341.0,0,0.0
6493,1,342.0,342.0,0,0,0.0,1,342.0,342.0,0,0.0
6494,1,342.0,342.0,0,0,0.0,1,342.0,342.0,0,0.0
6495,1,342.0,342.0,0,0,0.0,1,342.0,342.0,0,0.0
6496,1,342.0,342.0,0,0,0.0,1,342.0,342.0,0,0.0
6497,1,342.0,342.0,0,0,0.0,1,342.0,342.0,0,0.0
6498,1,342.0,342.0,0,0,0.0,1,342.0,342.0,0,0.0
6499,1,342.0,342.0,0,0,0.0,1,342.0,342.0,0,0.0
6500,1,342.0,342.0,0,0,0.0,1,342.0,342.0,0,0.0
6501,1,342.0,342.0,0,0,0.0,1,342.0,342.0,0,0.0
6502,1,342.0,342.0,0,0,0.0,1,342.0,342.0,0,0.0
6503,1,342.0,342.0,0,0,0.0,1,342.0,342.0,0,0.0
6504,1,342.0,342.0,0,0,0.0,1,342.0,342.0,0,0.0
6505,1,342.0,342.0,0,0,0.0,1,342.0,342.0,0,0.0
6506,1,342.0,342.0,0,0,0.0,1,342.0,342.0,0,0.0
6507,1,342.0,342.0,0,0,0.0,1,342.0,342.0,0,0.0
6508,1,342.0,342.0,0,0,0.0,1,342.0,342.0,0,0.0
6509,1,342.0,342.0,0,0,0.0,1,342.0,342.0,0,0.0
6510,1,342.0,342.0,0,0,0.0,1,342.0,342.0,0,0.0
6511,1,342.0,342.0,0,0,0.0,1,342.0,342.0,0,0.0
6512,1,343.0,343.0,0,0,0.0,1,343.0,343.0,0,0.0
6513,1,343.0,343.0,0,0,0.0,1,343.0,343.0,0,0.0
6514,1,343.0,343.0,0,0,0.0,1,343.0,343.0,0,0.0
6515,1,343.0,343.0,0,0,0.0,1,343.0,343.0,0,0.0
6516,1,343.0,343.0,0,0,0.0,1,343.0,343.0,0,0.0
6517,1,343.0,343.0,0,0,0.0,1,343.0,343.0,0,0.0
6518,1,343.0,343.0,0,0,0.0,1,343.0,343.0,0,0.0
6519,1,343.0,343.0,0,0,0.0,1,343.0,343.0,0,0.0
6520,1,343.0,343.0,0,0,0.0,1,343.0,343.0,0,0.0
6521,1,343.0,343.0,0,0,0.0,1,343.0,343.0,0,0.0
6522,1,343.0,343.0,0,0,0.0,1,343.0,343.0,0,0.0
6523,1,343.0,343.0,0,0,0.0,1,343.0,343.0,0,0.0
6524,1,343.0,343.0,0,0,0.0,1,343.0,343.0,0,0.0
6525,1,343.0,343.0,0,0,0.0,1,343.0,343.0,0,0.0
6526,1,343.0,343.0,0,0,0.0,1,343.0,343.0,0,0.0
6527,1,343.0,343.0,0,0,0.0,1,343.0,343.0,0,0.0
6528,1,343.0,343.0,0,0,0.0,1,343.0,343.0,0,0.0
6529,1,343.0,343.0,0,0,0.0,1,343.0,343.0,0,0.0
6530,1,343.0,343.0,0,0,0.0,1,343.0,343.0,0,0.0
6531,1,343.0,343.0,0,0,0.0,1,343.0,343.0,0,0.0
6532,1,343.0,343.0,0,0,0.0,1,343.0,343.0,0,0.0
6533,1,343.0,343.0,0,0,0.0,1,343.0,343.0,0,0.0
6534,1,343.0,343.0,0,0,0.0,1,343.0,343.0,0,0.0
6535,1,344.0,344.0,0,0,0.0,1,344.0,344.0,0,0.0
6536,1,344.0,344.0,0,0,0.0,1,344.0,344.0,0,0.0
6537,1,344.0,344.0,0,0,0.0,1,344.0,344.0,0,0.0
6538,1,344.0,344.0,0,0,0.0,1,344.0,344.0,0,0.0
6539,1,344.0,344.0,0,0,0.0,1,344.0,344.0,0,0.0
6540,1,344.0,344.0,0,0,0.0,1,344.0,344.0,0,0.0
6541,1,344.0,344.0,0,0,0.0,1,344.0,344.0,0,0.0
6542,1,344.0,344.0,0,0,0.0,1,344.0,344.0,0,0.0
6543,1,344.0,344.0,0,0,0.0,1,344.0,344.0,0,0.0
6544,1,344.0,344.0,0,0,0.0,1,344.0,344.0,0,0.0
6545,1,344.0,344.0,0,0,0.0,1,344.0,344.0,0,0.0
6546,1,344.0,344.0,0,0,0.0,1,344.0,344.0,0,0.0
6547,1,344.0,344.0,0,0,0.0,1,344.0,344.0,0,0.0
6548,1,344.0,344.0,0,0,0.0,1,344.0,344.0,0,0.0
6549,1,344.0,344.0,0,0,0.0,1,344.0,344.0,0,0.0
6550,1,344.0,344.0,0,0,0.0,1,344.0,344.0,0,0.0
6551,1,344.0,344.0,0,0,0.0,1,344.0,344.0,0,0.0
6552,1,344.0,344.0,0,0,0.0,1,344.0,344.0,0,0.0
6553,1,344.0,344.0,0,0,0.0,1,344.0,344.0,0,0.0
6554,1,344.0,344.0,0,0,0.0,1,344.0,344.0,0,0.0
6555,1,344.0,344.0,0,0,0.0,1,344.0,344.0,0,0.0
6556,1,344.0,344.0,0,0,0.0,1,344.0,344.0,0,0.0
6557,1,344.0,344.0,0,0,0.0,1,344.0,344.0,0,0.0
6558,1,344.0,344.0,0,0,0.0,1,344.0,344.0,0,0.0
6559,1,344.0,344.0,0,0,0.0,1,344.0,344.0,0,0.0
6560,1,345.0,345.0,0,0,0.0,1,345.0,345.0,0,0.0
6561,1,345.0,345.0,0,0,0.0,1,345.0,345.0,0,0.0
6562,1,345.0,345.0,0,0,0.0,1,345.0,345.0,0,0.0
6563,1,345.0,345.0,0,0,0.0,1,345.0,345.0,0,0.0
6564,1,345.0,345.0,0,0,0.0,1,345.0,345.0,0,0.0
6565,1,345.0,345.0,0,0,0.0,1,345.0,345.0,0,0.0
6566,1,345.0,345.0,0,0,0.0,1,345.0,345.0,0,0.0
6567,1,345.0,345.0,0,0,0.0,1,345.0,345.0,0,0.0
6568,1,345.0,345.0,0,0,0.0,1,345.0,345.0,0,0.0
6569,1,345.0,345.0,0,0,0.0,1,345.0,345.0,0,0.0
6570,1,345.0,345.0,0,0,0.0,1,345.0,345.0,0,0.0
6571,1,345.0,345.0,0,0,0.0,1,345.0,345.0,0,0.0
6572,1,345.0,345.0,0,0,0.0,1,345.0,345.0,0,0.0
6573,1,345.0,345.0,0,0,0.0,1,345.0,345.0,0,0.0
6574,1,345.0,345.0,0,0,0.0,1,345.0,345.0,0,0.0
6575,1,345.0,345.0,0,0,0.0,1,345.0,345.0,0,0.0
6576,1,345.0,345.0,0,0,0.0,1,345.0,345.0,0,0.0
6577,1,345.0,345.0,0,0,0.0,1,345.0,345.0,0,0.0
6578,1,345.0,345.0,0,0,0.0,1,345.0,345.0,0,0.0
6579,1,345.0,345.0,0,0,0.0,1,345.0,345.0,0,0.0
6580,1,345.0,345.0,0,0,0.0,1,345.0,345.0,0,0.0
6581,1,345.0,345.0,0,0,0.0,1,345.0,345.0,0,0.0
6582,1,345.0,345.0,0,0,0.0,1,345.0,345.0,0,0.0
6583,1,345.0,345.0,0,0,0.0,1,345.0,345.0,0,0.0
6584,1,345.0,345.0,0,0,0.0,1,345.0,345.0,0,0.0
6585,1,345.0,345.0,0,0,0.0,1,345.0,345.0,0,0.0
6586,1,345.0,345.0,0,0,0.0,1,345.0,345.0,0,0.0
6587,1,346.0,346.0,0,0,0.0,1,346.0,346.0,0,0.0
6588,1,346.0,346.0,0,0,0.0,1,346.0,346.0,0,0.0
6589,1,346.0,346.0,0,0,0.0,1,346.0,346.0,0,0.0
6590,1,346.0,346.0,0,0,0.0,1,346.0,346.0,0,0.0
6591,1,346.0,346.0,0,0,0.0,1,346.0,346.0,0,0.0
6592,1,346.0,346.0,0,0,0.0,1,346.0,346.0,0,0.0
6593,1,346.0,346.0,0,0,0.0,1,346.0,346.0,0,0.0
6594,1,346.0,346.0,0,0,0.0,1,346.0,346.0,0,0.0
6595,1,346.0,346.0,0,0,0.0,1,346.0,346.0,0,0.0
6596,1,346.0,346.0,0,0,0.0,1,346.0,346.0,0,0.0
6597,1,346.0,346.0,0,0,0.0,1,346.0,346.0,0,0.0
6598,1,346.0,346.0,0,0,0.0,1,346.0,346.0,0,0.0
6599,1,346.0,346.0,0,0,0.0,1,346.0,346.0,0,0.0
6600,1,346.0,346.0,0,0,0.0,1,346.0,346.0,0,0.0
6601,1,346.0,346.0,0,0,0.0,1,346.0,346.0,0,0.0
6602,1,346.0,346.0,0,0,0.0,1,346.0,346.0,0,0.0
6603,1,346.0,346.0,0,0,0.0,1,346.0,346.0,0,0.0
6604,1,346.0,346.0,0,0,0.0,1,346.0,346.0,0,0.0
6605,1,346.0,346.0,0,0,0.0,1,346.0,346.0,0,0.0
6606,1,346.0,346.0,0,0,0.0,1,346.0,346.0,0,0.0
6607,1,346.0,346.0,0,0,0.0,1,346.0,346.0,0,0.0
6608,1,346.0,346.0,0,0,0.0,1,346.0,346.0,0,0.0
6609,1,346.0,346.0,0,0,0.0,1,346.0,346.0,0,0.0
6610,1,346.0,346.0,0,0,0.0,1,346.0,346.0,0,0.0
6611,1,346.0,346.0,0,0,0.0,1,346.0,346.0,0,0.0
6612,1,347.0,347.0,0,0,0.0,1,347.0,347.0,0,0.0
6613,1,347.0,347.0,0,0,0.0,1,347.0,347.0,0,0.0
6614,1,347.0,347.0,0,0,0.0,1,347.0,347.0,0,0.0
6615,1,347.0,347.0,0,0,0.0,1,347.0,347.0,0,0.0
6616,1,347.0,347.0,0,0,0.0,1,347.0,347.0,0,0.0
6617,1,347.0,347.0,0,0,0.0,1,347.0,347.0,0,0.0
6618,1,348.0,348.0,0,0,0.0,1,348.0,348.0,0,0.0
6619,1,348.0,348.0,0,0,0.0,1,348.0,348.0,0,0.0
6620,1,348.0,348.0,0,0,0.0,1,348.0,348.0,0,0.0
6621,1,348.0,348.0,0,0,0.0,1,348.0,348.0,0,0.0
6622,1,348.0,348.0,0,0,0.0,1,348.0,348.0,0,0.0
6623,1,348.0,348.0,0,0,0.0,1,348.0,348.0,0,0.0
6624,1,348.0,348.0,0,0,0.0,1,348.0,348.0,0,0.0
6625,1,348.0,348.0,0,0,0.0,1,348.0,348.0,0,0.0
6626,1,348.0,348.0,0,0,0.0,1,348.0,348.0,0,0.0
6627,1,348.0,348.0,0,0,0.0,1,348.0,348.0,0,0.0
6628,1,348.0,348.0,0,0,0.0,1,348.0,348.0,0,0.0
6629,1,348.0,348.0,0,0,0.0,1,348.0,348.0,0,0.0
6630,1,348.0,348.0,0,0,0.0,1,348.0,348.0,0,0.0
6631,1,348.0,348.0,0,0,0.0,1,348.0,348.0,0,0.0
6632,1,349.0,349.0,0,0,0.0,1,349.0,349.0,0,0.0
6633,1,349.0,349.0,0,0,0.0,1,349.0,349.0,0,0.0
6634,1,349.0,349.0,0,0,0.0,1,349.0,349.0,0,0.0
6635,1,349.0,349.0,0,0,0.0,1,349.0,349.0,0,0.0
6636,1,349.0,349.0,0,0,0.0,1,349.0,349.0,0,0.0
6637,1,350.0,350.0,0,0,0.0,1,350.0,350.0,0,0.0
6638,1,350.0,350.0,0,0,0.0,1,350.0,350.0,0,0.0
6639,1,350.0,350.0,0,0,0.0,1,350.0,350.0,0,0.0
6640,1,350.0,350.0,0,0,0.0,1,350.0,350.0,0,0.0
6641,1,350.0,350.0,0,0,0.0,1,350.0,350.0,0,0.0
6642,1,350.0,350.0,0,0,0.0,1,350.0,350.0,0,0.0
6643,1,350.0,350.0,0,0,0.0,1,350.0,350.0,0,0.0
6644,1,350.0,350.0,0,0,0.0,1,350.0,350.0,0,0.0
6645,1,350.0,350.0,0,0,0.0,1,350.0,350.0,0,0.0
6646,1,350.0,350.0,0,0,0.0,1,350.0,350.0,0,0.0
6647,1,350.0,350.0,0,0,0.0,1,350.0,350.0,0,0.0
6648,1,350.0,350.0,0,0,0.0,1,350.0,350.0,0,0.0
6649,1,350.0,350.0,0,0,0.0,1,350.0,350.0,0,0.0
6650,1,350.0,350.0,0,0,0.0,1,350.0,350.0,0,0.0
6651,1,350.0,350.0,0,0,0.0,1,350.0,350.0,0,0.0
6652,1,350.0,350.0,0,0,0.0,1,350.0,350.0,0,0.0
6653,1,350.0,350.0,0,0,0.0,1,350.0,350.0,0,0.0
6654,1,350.0,350.0,0,0,0.0,1,350.0,350.0,0,0.0
6655,1,350.0,350.0,0,0,0.0,1,350.0,350.0,0,0.0
6656,1,351.0,351.0,0,0,0.0,1,351.0,351.0,0,0.0
6657,1,351.0,351.0,0,0,0.0,1,351.0,351.0,0,0.0
6658,1,351.0,351.0,0,0,0.0,1,351.0,351.0,0,0.0
6659,1,351.0,351.0,0,0,0.0,1,351.0,351.0,0,0.0
6660,1,351.0,351.0,0,0,0.0,1,351.0,351.0,0,0.0
6661,1,351.0,351.0,0,0,0.0,1,351.0,351.0,0,0.0
6662,1,351.0,351.0,0,0,0.0,1,351.0,351.0,0,0.0
6663,1,351.0,351.0,0,0,0.0,1,351.0,351.0,0,0.0
6664,1,351.0,351.0,0,0,0.0,1,351.0,351.0,0,0.0
6665,1,351.0,351.0,0,0,0.0,1,351.0,351.0,0,0.0
6666,1,351.0,351.0,0,0,0.0,1,351.0,351.0,0,0.0
6667,1,351.0,351.0,0,0,0.0,1,351.0,351.0,0,0.0
6668,1,351.0,351.0,0,0,0.0,1,351.0,351.0,0,0.0
6669,1,351.0,351.0,0,0,0.0,1,351.0,351.0,0,0.0
6670,1,351.0,351.0,0,0,0.0,1,351.0,351.0,0,0.0
6671,1,351.0,351.0,0,0,0.0,1,351.0,351.0,0,0.0
6672,1,351.0,351.0,0,0,0.0,1,351.0,351.0,0,0.0
6673,1,351.0,351.0,0,0,0.0,1,351.0,351.0,0,0.0
6674,1,351.0,351.0,0,0,0.0,1,351.0,351.0,0,0.0
6675,1,351.0,351.0,0,0,0.0,1,351.0,351.0,0,0.0
6676,1,351.0,351.0,0,0,0.0,1,351.0,351.0,0,0.0
6677,1,351.0,351.0,0,0,0.0,1,351.0,351.0,0,0.0
6678,1,351.0,351.0,0,0,0.0,1,351.0,351.0,0,0.0
6679,1,351.0,351.0,0,0,0.0,1,351.0,351.0,0,0.0
6680,1,351.0,351.0,0,0,0.0,1,351.0,351.0,0,0.0
6681,1,351.0,351.0,0,0,0.0,1,351.0,351.0,0,0.0
6682,1,351.0,351.0,0,0,0.0,1,351.0,351.0,0,0.0
6683,1,351.0,351.0,0,0,0.0,1,351.0,351.0,0,0.0
6684,1,351.0,351.0,0,0,0.0,1,351.0,351.0,0,0.0
6685,1,351.0,351.0,0,0,0.0,1,351.0,351.0,0,0.0
6686,1,351.0,351.0,0,0,0.0,1,351.0,351.0,0,0.0
6687,1,351.0,351.0,0,0,0.0,1,351.0,351.0,0,0.0
6688,1,352.0,352.0,0,0,0.0,1,352.0,352.0,0,0.0
6689,1,352.0,352.0,0,0,0.0,1,352.0,352.0,0,0.0
6690,1,352.0,352.0,0,0,0.0,1,352.0,352.0,0,0.0
6691,1,352.0,352.0,0,0,0.0,1,352.0,352.0,0,0.0
6692,1,352.0,352.0,0,0,0.0,1,352.0,352.0,0,0.0
6693,1,352.0,352.0,0,0,0.0,1,352.0,352.0,0,0.0
6694,1,352.0,352.0,0,0,0.0,1,352.0,352.0,0,0.0
6695,1,352.0,352.0,0,0,0.0,1,352.0,352.0,0,0.0
6696,1,352.0,352.0,0,0,0.0,1,352.0,352.0,0,0.0
6697,1,352.0,352.0,0,0,0.0,1,352.0,352.0,0,0.0
6698,1,352.0,352.0,0,0,0.0,1,352.0,352.0,0,0.0
6699,1,352.0,352.0,0,0,0.0,1,352.0,352.0,0,0.0
6700,1,352.0,352.0,0,0,0.0,1,352.0,352.0,0,0.0
6701,1,352.0,352.0,0,0,0.0,1,352.0,352.0,0,0.0
6702,1,352.0,352.0,0,0,0.0,1,352.0,352.0,0,0.0
6703,1,352.0,352.0,0,0,0.0,1,352.0,352.0,0,0.0
6704,1,352.0,352.0,0,0,0.0,1,352.0,352.0,0,0.0
6705,1,352.0,352.0,0,0,0.0,1,352.0,352.0,0,0.0
6706,1,352.0,352.0,0,0,0.0,1,352.0,352.0,0,0.0
6707,1,352.0,352.0,0,0,0.0,1,352.0,352.0,0,0.0
6708,1,352.0,352.0,0,0,0.0,1,352.0,352.0,0,0.0
6709,1,352.0,352.0,0,0,0.0,1,352.0,352.0,0,0.0
6710,1,353.0,353.0,0,0,0.0,1,353.0,353.0,0,0.0
6711,1,353.0,353.0,0,0,0.0,1,353.0,353.0,0,0.0
6712,1,353.0,353.0,0,0,0.0,1,353.0,353.0,0,0.0
6713,1,353.0,353.0,0,0,0.0,1,353.0,353.0,0,0.0
6714,1,353.0,353.0,0,0,0.0,1,353.0,353.0,0,0.0
6715,1,353.0,353.0,0,0,0.0,1,353.0,353.0,0,0.0
6716,1,353.0,353.0,0,0,0.0,1,353.0,353.0,0,0.0
6717,1,353.0,353.0,0,0,0.0,1,353.0,353.0,0,0.0
6718,1,353.0,353.0,0,0,0.0,1,353.0,353.0,0,0.0
6719,1,353.0,353.0,0,0,0.0,1,353.0,353.0,0,0.0
6720,1,353.0,353.0,0,0,0.0,1,353.0,353.0,0,0.0
6721,1,353.0,353.0,0,0,0.0,1,353.0,353.0,0,0.0
6722,1,353.0,353.0,0,0,0.0,1,353.0,353.0,0,0.0
6723,1,353.0,353.0,0,0,0.0,1,353.0,353.0,0,0.0
6724,1,353.0,353.0,0,0,0.0,1,353.0,353.0,0,0.0
6725,1,353.0,353.0,0,0,0.0,1,353.0,353.0,0,0.0
6726,1,353.0,353.0,0,0,0.0,1,353.0,353.0,0,0.0
6727,1,353.0,353.0,0,0,0.0,1,353.0,353.0,0,0.0
6728,1,353.0,353.0,0,0,0.0,1,353.0,353.0,0,0.0
6729,1,353.0,353.0,0,0,0.0,1,353.0,353.0,0,0.0
6730,1,353.0,353.0,0,0,0.0,1,353.0,353.0,0,0.0
6731,1,353.0,353.0,0,0,0.0,1,353.0,353.0,0,0.0
6732,1,353.0,353.0,0,0,0.0,1,353.0,353.0,0,0.0
6733,1,353.0,353.0,0,0,0.0,1,353.0,353.0,0,0.0
6734,1,353.0,353.0,0,0,0.0,1,353.0,353.0,0,0.0
6735,1,353.0,353.0,0,0,0.0,1,353.0,353.0,0,0.0
6736,1,353.0,353.0,0,0,0.0,1,353.0,353.0,0,0.0
6737,1,353.0,353.0,0,0,0.0,1,353.0,353.0,0,0.0
6738,1,354.0,354.0,0,0,0.0,1,354.0,354.0,0,0.0
6739,1,354.0,354.0,0,0,0.0,1,354.0,354.0,0,0.0
6740,1,354.0,354.0,0,0,0.0,1,354.0,354.0,0,0.0
6741,1,354.0,354.0,0,0,0.0,1,354.0,354.0,0,0.0
6742,1,354.0,354.0,0,0,0.0,1,354.0,354.0,0,0.0
6743,1,354.0,354.0,0,0,0.0,1,354.0,354.0,0,0.0
6744,1,354.0,354.0,0,0,0.0,1,354.0,354.0,0,0.0
6745,1,354.0,354.0,0,0,0.0,1,354.0,354.0,0,0.0
6746,1,354.0,354.0,0,0,0.0,1,354.0,354.0,0,0.0
6747,1,354.0,354.0,0,0,0.0,1,354.0,354.0,0,0.0
6748,1,354.0,354.0,0,0,0.0,1,354.0,354.0,0,0.0
6749,1,354.0,354.0,0,0,0.0,1,354.0,354.0,0,0.0
6750,1,354.0,354.0,0,0,0.0,1,354.0,354.0,0,0.0
6751,1,354.0,354.0,0,0,0.0,1,354.0,354.0,0,0.0
6752,1,354.0,354.0,0,0,0.0,1,354.0,354.0,0,0.0
6753,1,354.0,354.0,0,0,0.0,1,354.0,354.0,0,0.0
6754,1,354.0,354.0,0,0,0.0,1,354.0,354.0,0,0.0
6755,1,354.0,354.0,0,0,0.0,1,354.0,354.0,0,0.0
6756,1,354.0,354.0,0,0,0.0,1,354.0,354.0,0,0.0
6757,1,354.0,354.0,0,0,0.0,1,354.0,354.0,0,0.0
6758,1,354.0,354.0,0,0,0.0,1,354.0,354.0,0,0.0
6759,1,355.0,355.0,0,0,0.0,1,355.0,355.0,0,0.0
6760,1,355.0,355.0,0,0,0.0,1,355.0,355.0,0,0.0
6761,1,355.0,355.0,0,0,0.0,1,355.0,355.0,0,0.0
6762,1,355.0,355.0,0,0,0.0,1,355.0,355.0,0,0.0
6763,1,355.0,355.0,0,0,0.0,1,355.0,355.0,0,0.0
6764,1,355.0,355.0,0,0,0.0,1,355.0,355.0,0,0.0
6765,1,355.0,355.0,0,0,0.0,1,355.0,355.0,0,0.0
6766,1,356.0,356.0,0,0,0.0,1,356.0,356.0,0,0.0
6767,1,356.0,356.0,0,0,0.0,1,356.0,356.0,0,0.0
6768,1,357.0,357.0,0,0,0.0,1,357.0,357.0,0,0.0
6769,1,357.0,357.0,0,0,0.0,1,357.0,357.0,0,0.0
6770,1,357.0,357.0,0,0,0.0,1,357.0,357.0,0,0.0
6771,1,357.0,357.0,0,0,0.0,1,357.0,357.0,0,0.0
6772,1,357.0,357.0,0,0,0.0,1,357.0,357.0,0,0.0
6773,1,357.0,357.0,0,0,0.0,1,357.0,357.0,0,0.0
6774,1,357.0,357.0,0,0,0.0,1,357.0,357.0,0,0.0
6775,1,357.0,357.0,0,0,0.0,1,357.0,357.0,0,0.0
6776,1,357.0,357.0,0,0,0.0,1,357.0,357.0,0,0.0
6777,1,357.0,357.0,0,0,0.0,1,357.0,357.0,0,0.0
6778,1,357.0,357.0,0,0,0.0,1,357.0,357.0,0,0.0
6779,1,357.0,357.0,0,0,0.0,1,357.0,357.0,0,0.0
6780,1,357.0,357.0,0,0,0.0,1,357.0,357.0,0,0.0
6781,1,357.0,357.0,0,0,0.0,1,357.0,357.0,0,0.0
6782,1,357.0,357.0,0,0,0.0,1,357.0,357.0,0,0.0
6783,1,357.0,357.0,0,0,0.0,1,357.0,357.0,0,0.0
6784,1,357.0,357.0,0,0,0.0,1,357.0,357.0,0,0.0
6785,1,357.0,357.0,0,0,0.0,1,357.0,357.0,0,0.0
6786,1,358.0,358.0,0,0,0.0,1,358.0,358.0,0,0.0
6787,1,358.0,358.0,0,0,0.0,1,358.0,358.0,0,0.0
6788,1,358.0,358.0,0,0,0.0,1,358.0,358.0,0,0.0
6789,1,358.0,358.0,0,0,0.0,1,358.0,358.0,0,0.0
6790,1,358.0,358.0,0,0,0.0,1,358.0,358.0,0,0.0
6791,1,358.0,358.0,0,0,0.0,1,358.0,358.0,0,0.0
6792,1,358.0,358.0,0,0,0.0,1,358.0,358.0,0,0.0
6793,1,358.0,358.0,0,0,0.0,1,358.0,358.0,0,0.0
6794,1,358.0,358.0,0,0,0.0,1,358.0,358.0,0,0.0
6795,1,358.0,358.0,0,0,0.0,1,358.0,358.0,0,0.0
6796,1,358.0,358.0,0,0,0.0,1,358.0,358.0,0,0.0
6797,1,358.0,358.0,0,0,0.0,1,358.0,358.0,0,0.0
6798,1,358.0,358.0,0,0,0.0,1,358.0,358.0,0,0.0
6799,1,358.0,358.0,0,0,0.0,1,358.0,358.0,0,0.0
6800,1,358.0,358.0,0,0,0.0,1,358.0,358.0,0,0.0
6801,1,358.0,358.0,0,0,0.0,1,358.0,358.0,0,0.0
6802,1,358.0,358.0,0,0,0.0,1,358.0,358.0,0,0.0
6803,1,358.0,358.0,0,0,0.0,1,358.0,358.0,0,0.0
6804,1,358.0,358.0,0,0,0.0,1,358.0,358.0,0,0.0
6805,1,358.0,358.0,0,0,0.0,1,358.0,358.0,0,0.0
6806,1,358.0,358.0,0,0,0.0,1,358.0,358.0,0,0.0
6807,1,358.0,358.0,0,0,0.0,1,358.0,358.0,0,0.0
6808,1,358.0,358.0,0,0,0.0,1,358.0,358.0,0,0.0
6809,1,358.0,358.0,0,0,0.0,1,358.0,358.0,0,0.0
6810,1,358.0,358.0,0,0,0.0,1,358.0,358.0,0,0.0
6811,1,358.0,358.0,0,0,0.0,1,358.0,358.0,0,0.0
6812,1,358.0,358.0,0,0,0.0,1,358.0,358.0,0,0.0
6813,1,359.0,359.0,0,0,0.0,1,359.0,359.0,0,0.0
6814,1,359.0,359.0,0,0,0.0,1,359.0,359.0,0,0.0
6815,1,359.0,359.0,0,0,0.0,1,359.0,359.0,0,0.0
6816,1,359.0,359.0,0,0,0.0,1,359.0,359.0,0,0.0
6817,1,359.0,359.0,0,0,0.0,1,359.0,359.0,0,0.0
6818,1,359.0,359.0,0,0,0.0,1,359.0,359.0,0,0.0
6819,1,359.0,359.0,0,0,0.0,1,359.0,359.0,0,0.0
6820,1,359.0,359.0,0,0,0.0,1,359.0,359.0,0,0.0
6821,1,359.0,359.0,0,0,0.0,1,359.0,359.0,0,0.0
6822,1,359.0,359.0,0,0,0.0,1,359.0,359.0,0,0.0
6823,1,359.0,359.0,0,0,0.0,1,359.0,359.0,0,0.0
6824,1,359.0,359.0,0,0,0.0,1,359.0,359.0,0,0.0
6825,1,359.0,359.0,0,0,0.0,1,359.0,359.0,0,0.0
6826,1,359.0,359.0,0,0,0.0,1,359.0,359.0,0,0.0
6827,1,359.0,359.0,0,0,0.0,1,359.0,359.0,0,0.0
6828,1,359.0,359.0,0,0,0.0,1,359.0,359.0,0,0.0
6829,1,359.0,359.0,0,0,0.0,1,359.0,359.0,0,0.0
6830,1,359.0,359.0,0,0,0.0,1,359.0,359.0,0,0.0
6831,1,359.0,359.0,0,0,0.0,1,359.0,359.0,0,0.0
6832,1,359.0,359.0,0,0,0.0,1,359.0,359.0,0,0.0
6833,1,359.0,359.0,0,0,0.0,1,359.0,359.0,0,0.0
6834,1,359.0,359.0,0,0,0.0,1,359.0,359.0,0,0.0
6835,1,360.0,360.0,0,0,0.0,1,360.0,360.0,0,0.0
6836,1,360.0,360.0,0,0,0.0,1,360.0,360.0,0,0.0
6837,1,360.0,360.0,0,0,0.0,1,360.0,360.0,0,0.0
6838,1,360.0,360.0,0,0,0.0,1,360.0,360.0,0,0.0
6839,1,361.0,361.0,0,0,0.0,1,361.0,361.0,0,0.0
6840,1,361.0,361.0,0,0,0.0,1,361.0,361.0,0,0.0
6841,1,361.0,361.0,0,0,0.0,1,361.0,361.0,0,0.0
6842,1,361.0,361.0,0,0,0.0,1,361.0,361.0,0,0.0
6843,1,361.0,361.0,0,0,0.0,1,361.0,361.0,0,0.0
6844,1,361.0,361.0,0,0,0.0,1,361.0,361.0,0,0.0
6845,1,361.0,361.0,0,0,0.0,1,361.0,361.0,0,0.0
6846,1,361.0,361.0,0,0,0.0,1,361.0,361.0,0,0.0
6847,1,361.0,361.0,0,0,0.0,1,361.0,361.0,0,0.0
6848,1,361.0,361.0,0,0,0.0,1,361.0,361.0,0,0.0
6849,1,361.0,361.0,0,0,0.0,1,361.0,361.0,0,0.0
6850,1,361.0,361.0,0,0,0.0,1,361.0,361.0,0,0.0
6851,1,361.0,361.0,0,0,0.0,1,361.0,361.0,0,0.0
6852,1,361.0,361.0,0,0,0.0,1,361.0,361.0,0,0.0
6853,1,361.0,361.0,0,0,0.0,1,361.0,361.0,0,0.0
6854,1,361.0,361.0,0,0,0.0,1,361.0,361.0,0,0.0
6855,1,361.0,361.0,0,0,0.0,1,361.0,361.0,0,0.0
6856,1,361.0,361.0,0,0,0.0,1,361.0,361.0,0,0.0
6857,1,361.0,361.0,0,0,0.0,1,361.0,361.0,0,0.0
6858,1,361.0,361.0,0,0,0.0,1,361.0,361.0,0,0.0
6859,1,361.0,361.0,0,0,0.0,1,361.0,361.0,0,0.0
6860,1,361.0,361.0,0,0,0.0,1,361.0,361.0,0,0.0
6861,1,361.0,361.0,0,0,0.0,1,361.0,361.0,0,0.0
6862,1,361.0,361.0,0,0,0.0,1,361.0,361.0,0,0.0
6863,1,361.0,361.0,0,0,0.0,1,361.0,361.0,0,0.0
6864,1,361.0,361.0,0,0,0.0,1,361.0,361.0,0,0.0
6865,1,361.0,361.0,0,0,0.0,1,361.0,361.0,0,0.0
6866,1,361.0,361.0,0,0,0.0,1,361.0,361.0,0,0.0
6867,1,361.0,361.0,0,0,0.0,1,361.0,361.0,0,0.0
6868,1,361.0,361.0,0,0,0.0,1,361.0,361.0,0,0.0
6869,1,361.0,361.0,0,0,0.0,1,361.0,361.0,0,0.0
6870,1,361.0,361.0,0,0,0.0,1,361.0,361.0,0,0.0
6871,1,361.0,361.0,0,0,0.0,1,361.0,361.0,0,0.0
6872,1,361.0,361.0,0,0,0.0,1,361.0,361.0,0,0.0
6873,1,362.0,362.0,0,0,0.0,1,362.0,362.0,0,0.0
6874,1,362.0,362.0,0,0,0.0,1,362.0,362.0,0,0.0
6875,1,362.0,362.0,0,0,0.0,1,362.0,362.0,0,0.0
6876,1,362.0,362.0,0,0,0.0,1,362.0,362.0,0,0.0
6877,1,362.0,362.0,0,0,0.0,1,362.0,362.0,0,0.0
6878,1,362.0,362.0,0,0,0.0,1,362.0,362.0,0,0.0
6879,1,363.0,363.0,0,0,0.0,1,363.0,363.0,0,0.0
6880,1,363.0,363.0,0,0,0.0,1,363.0,363.0,0,0.0
6881,1,363.0,363.0,0,0,0.0,1,363.0,363.0,0,0.0
6882,1,363.0,363.0,0,0,0.0,1,363.0,363.0,0,0.0
6883,1,363.0,363.0,0,0,0.0,1,363.0,363.0,0,0.0
6884,1,363.0,363.0,0,0,0.0,1,363.0,363.0,0,0.0
6885,1,363.0,363.0,0,0,0.0,1,363.0,363.0,0,0.0
6886,1,363.0,363.0,0,0,0.0,1,363.0,363.0,0,0.0
6887,1,363.0,363.0,0,0,0.0,1,363.0,363.0,0,0.0
6888,1,363.0,363.0,0,0,0.0,1,363.0,363.0,0,0.0
6889,1,363.0,363.0,0,0,0.0,1,363.0,363.0,0,0.0
6890,1,363.0,363.0,0,0,0.0,1,363.0,363.0,0,0.0
6891,1,364.0,364.0,0,0,0.0,1,364.0,364.0,0,0.0
6892,1,364.0,364.0,0,0,0.0,1,364.0,364.0,0,0.0
6893,1,364.0,364.0,0,0,0.0,1,364.0,364.0,0,0.0
6894,1,364.0,364.0,0,0,0.0,1,364.0,364.0,0,0.0
6895,1,364.0,364.0,0,0,0.0,1,364.0,364.0,0,0.0
6896,1,364.0,364.0,0,0,0.0,1,364.0,364.0,0,0.0
6897,1,364.0,364.0,0,0,0.0,1,364.0,364.0,0,0.0
6898,1,364.0,364.0,0,0,0.0,1,364.0,364.0,0,0.0
6899,1,364.0,364.0,0,0,0.0,1,364.0,364.0,0,0.0
6900,1,364.0,364.0,0,0,0.0,1,364.0,364.0,0,0.0
6901,1,364.0,364.0,0,0,0.0,1,364.0,364.0,0,0.0
6902,1,364.0,364.0,0,0,0.0,1,364.0,364.0,0,0.0
6903,1,364.0,364.0,0,0,0.0,1,364.0,364.0,0,0.0
6904,1,364.0,364.0,0,0,0.0,1,364.0,364.0,0,0.0
6905,1,364.0,364.0,0,0,0.0,1,364.0,364.0,0,0.0
6906,1,364.0,364.0,0,0,0.0,1,364.0,364.0,0,0.0
6907,1,364.0,364.0,0,0,0.0,1,364.0,364.0,0,0.0
6908,1,364.0,364.0,0,0,0.0,1,364.0,364.0,0,0.0
6909,1,364.0,364.0,0,0,0.0,1,364.0,364.0,0,0.0
6910,1,364.0,364.0,0,0,0.0,1,364.0,364.0,0,0.0
6911,1,364.0,364.0,0,0,0.0,1,364.0,364.0,0,0.0
6912,1,364.0,364.0,0,0,0.0,1,364.0,364.0,0,0.0
6913,1,364.0,364.0,0,0,0.0,1,364.0,364.0,0,0.0
6914,1,364.0,364.0,0,0,0.0,1,364.0,364.0,0,0.0
6915,1,364.0,364.0,0,0,0.0,1,364.0,364.0,0,0.0
6916,1,364.0,364.0,0,0,0.0,1,364.0,364.0,0,0.0
6917,1,365.0,365.0,0,0,0.0,1,365.0,365.0,0,0.0
6918,1,365.0,365.0,0,0,0.0,1,365.0,365.0,0,0.0
6919,1,365.0,365.0,0,0,0.0,1,365.0,365.0,0,0.0
6920,1,365.0,365.0,0,0,0.0,1,365.0,365.0,0,0.0
6921,1,365.0,365.0,0,0,0.0,1,365.0,365.0,0,0.0
6922,1,365.0,365.0,0,0,0.0,1,365.0,365.0,0,0.0
6923,1,365.0,365.0,0,0,0.0,1,365.0,365.0,0,0.0
6924,1,365.0,365.0,0,0,0.0,1,365.0,365.0,0,0.0
6925,1,365.0,365.0,0,0,0.0,1,365.0,365.0,0,0.0
6926,1,365.0,365.0,0,0,0.0,1,365.0,365.0,0,0.0
6927,1,365.0,365.0,0,0,0.0,1,365.0,365.0,0,0.0
6928,1,365.0,365.0,0,0,0.0,1,365.0,365.0,0,0.0
6929,1,365.0,365.0,0,0,0.0,1,365.0,365.0,0,0.0
6930,1,365.0,365.0,0,0,0.0,1,365.0,365.0,0,0.0
6931,1,365.0,365.0,0,0,0.0,1,365.0,365.0,0,0.0
6932,1,365.0,365.0,0,0,0.0,1,365.0,365.0,0,0.0
6933,1,365.0,365.0,0,0,0.0,1,365.0,365.0,0,0.0
6934,1,365.0,365.0,0,0,0.0,1,365.0,365.0,0,0.0
6935,1,365.0,365.0,0,0,0.0,1,365.0,365.0,0,0.0
6936,1,365.0,365.0,0,0,0.0,1,365.0,365.0,0,0.0
6937,1,365.0,365.0,0,0,0.0,1,365.0,365.0,0,0.0
6938,1,365.0,365.0,0,0,0.0,1,365.0,365.0,0,0.0
6939,1,365.0,365.0,0,0,0.0,1,365.0,365.0,0,0.0
6940,1,365.0,365.0,0,0,0.0,1,365.0,365.0,0,0.0
6941,1,365.0,365.0,0,0,0.0,1,365.0,365.0,0,0.0
6942,1,365.0,365.0,0,0,0.0,1,365.0,365.0,0,0.0
6943,1,365.0,365.0,0,0,0.0,1,365.0,365.0,0,0.0
6944,1,365.0,365.0,0,0,0.0,1,365.0,365.0,0,0.0
6945,1,365.0,365.0,0,0,0.0,1,365.0,365.0,0,0.0
6946,1,365.0,365.0,0,0,0.0,1,365.0,365.0,0,0.0
6947,1,365.0,365.0,0,0,0.0,1,365.0,365.0,0,0.0
6948,1,365.0,365.0,0,0,0.0,1,365.0,365.0,0,0.0
6949,1,365.0,365.0,0,0,0.0,1,365.0,365.0,0,0.0
6950,1,365.0,365.0,0,0,0.0,1,365.0,365.0,0,0.0
6951,1,365.0,365.0,0,0,0.0,1,365.0,365.0,0,0.0
6952,1,365.0,365.0,0,0,0.0,1,365.0,365.0,0,0.0
6953,1,365.0,365.0,0,0,0.0,1,365.0,365.0,0,0.0
6954,1,365.0,365.0,0,0,0.0,1,365.0,365.0,0,0.0
6955,1,365.0,365.0,0,0,0.0,1,365.0,365.0,0,0.0
6956,1,365.0,365.0,0,0,0.0,1,365.0,365.0,0,0.0
6957,1,365.0,365.0,0,0,0.0,1,365.0,365.0,0,0.0
6958,1,365.0,365.0,0,0,0.0,1,365.0,365.0,0,0.0
6959,1,365.0,365.0,0,0,0.0,1,365.0,365.0,0,0.0
6960,1,365.0,365.0,0,0,0.0,1,365.0,365.0,0,0.0
6961,1,365.0,365.0,0,0,0.0,1,365.0,365.0,0,0.0
6962,1,365.0,365.0,0,0,0.0,1,365.0,365.0,0,0.0
6963,1,365.0,365.0,0,0,0.0,1,365.0,365.0,0,0.0
6964,1,365.0,365.0,0,0,0.0,1,365.0,365.0,0,0.0
6965,1,365.0,365.0,0,0,0.0,1,365.0,365.0,0,0.0
6966,1,365.0,365.0,0,0,0.0,1,365.0,365.0,0,0.0
6967,1,366.0,366.0,0,0,0.0,1,366.0,366.0,0,0.0
6968,1,366.0,366.0,0,0,0.0,1,366.0,366.0,0,0.0
6969,1,366.0,366.0,0,0,0.0,1,366.0,366.0,0,0.0
6970,1,366.0,366.0,0,0,0.0,1,366.0,366.0,0,0.0
6971,1,366.0,366.0,0,0,0.0,1,366.0,366.0,0,0.0
6972,1,366.0,366.0,0,0,0.0,1,366.0,366.0,0,0.0
6973,1,366.0,366.0,0,0,0.0,1,366.0,366.0,0,0.0
6974,1,366.0,366.0,0,0,0.0,1,366.0,366.0,0,0.0
6975,1,366.0,366.0,0,0,0.0,1,366.0,366.0,0,0.0
6976,1,366.0,366.0,0,0,0.0,1,366.0,366.0,0,0.0
6977,1,366.0,366.0,0,0,0.0,1,366.0,366.0,0,0.0
6978,1,366.0,366.0,0,0,0.0,1,366.0,366.0,0,0.0
6979,1,366.0,366.0,0,0,0.0,1,366.0,366.0,0,0.0
6980,1,366.0,366.0,0,0,0.0,1,366.0,366.0,0,0.0
6981,1,366.0,366.0,0,0,0.0,1,366.0,366.0,0,0.0
6982,1,366.0,366.0,0,0,0.0,1,366.0,366.0,0,0.0
6983,1,366.0,366.0,0,0,0.0,1,366.0,366.0,0,0.0
6984,1,366.0,366.0,0,0,0.0,1,366.0,366.0,0,0.0
6985,1,366.0,366.0,0,0,0.0,1,366.0,366.0,0,0.0
6986,1,366.0,366.0,0,0,0.0,1,366.0,366.0,0,0.0
6987,1,366.0,366.0,0,0,0.0,1,366.0,366.0,0,0.0
6988,1,366.0,366.0,0,0,0.0,1,366.0,366.0,0,0.0
6989,1,366.0,366.0,0,0,0.0,1,366.0,366.0,0,0.0
6990,1,366.0,366.0,0,0,0.0,1,366.0,366.0,0,0.0
6991,1,366.0,366.0,0,0,0.0,1,366.0,366.0,0,0.0
6992,1,366.0,366.0,0,0,0.0,1,366.0,366.0,0,0.0
6993,1,366.0,366.0,0,0,0.0,1,366.0,366.0,0,0.0
6994,1,366.0,366.0,0,0,0.0,1,366.0,366.0,0,0.0
6995,1,366.0,366.0,0,0,0.0,1,366.0,366.0,0,0.0
6996,1,366.0,366.0,0,0,0.0,1,366.0,366.0,0,0.0
6997,1,366.0,366.0,0,0,0.0,1,366.0,366.0,0,0.0
6998,1,366.0,366.0,0,0,0.0,1,366.0,366.0,0,0.0
6999,1,366.0,366.0,0,0,0.0,1,366.0,366.0,0,0.0
7000,1,366.0,366.0,0,0,0.0,1,366.0,366.0,0,0.0
7001,1,366.0,366.0,0,0,0.0,1,366.0,366.0,0,0.0
7002,1,366.0,366.0,0,0,0.0,1,366.0,366.0,0,0.0
7003,1,366.0,366.0,0,0,0.0,1,366.0,366.0,0,0.0
7004,1,366.0,366.0,0,0,0.0,1,366.0,366.0,0,0.0
7005,1,366.0,366.0,0,0,0.0,1,366.0,366.0,0,0.0
7006,1,366.0,366.0,0,0,0.0,1,366.0,366.0,0,0.0
7007,1,366.0,366.0,0,0,0.0,1,366.0,366.0,0,0.0
7008,1,366.0,366.0,0,0,0.0,1,366.0,366.0,0,0.0
7009,1,366.0,366.0,0,0,0.0,1,366.0,366.0,0,0.0
7010,1,366.0,366.0,0,0,0.0,1,366.0,366.0,0,0.0
7011,1,366.0,366.0,0,0,0.0,1,366.0,366.0,0,0.0
7012,1,366.0,366.0,0,0,0.0,1,366.0,366.0,0,0.0
7013,1,366.0,366.0,0,0,0.0,1,366.0,366.0,0,0.0
7014,1,366.0,366.0,0,0,0.0,1,366.0,366.0,0,0.0
7015,1,366.0,366.0,0,0,0.0,1,366.0,366.0,0,0.0
7016,1,366.0,366.0,0,0,0.0,1,366.0,366.0,0,0.0
7017,1,366.0,366.0,0,0,0.0,1,366.0,366.0,0,0.0
7018,1,366.0,366.0,0,0,0.0,1,366.0,366.0,0,0.0
7019,1,366.0,366.0,0,0,0.0,1,366.0,366.0,0,0.0
7020,1,366.0,366.0,0,0,0.0,1,366.0,366.0,0,0.0
7021,1,366.0,366.0,0,0,0.0,1,366.0,366.0,0,0.0
7022,1,366.0,366.0,0,0,0.0,1,366.0,366.0,0,0.0
7023,1,366.0,366.0,0,0,0.0,1,366.0,366.0,0,0.0
7024,1,366.0,366.0,0,0,0.0,1,366.0,366.0,0,0.0
7025,1,366.0,366.0,0,0,0.0,1,366.0,366.0,0,0.0
7026,1,366.0,366.0,0,0,0.0,1,366.0,366.0,0,0.0
7027,1,366.0,366.0,0,0,0.0,1,366.0,366.0,0,0.0
7028,1,366.0,366.0,0,0,0.0,1,366.0,366.0,0,0.0
7029,1,366.0,366.0,0,0,0.0,1,366.0,366.0,0,0.0
7030,1,366.0,366.0,0,0,0.0,1,366.0,366.0,0,0.0
7031,1,366.0,366.0,0,0,0.0,1,366.0,366.0,0,0.0
7032,1,366.0,366.0,0,0,0.0,1,366.0,366.0,0,0.0
7033,1,366.0,366.0,0,0,0.0,1,366.0,366.0,0,0.0
7034,1,366.0,366.0,0,0,0.0,1,366.0,366.0,0,0.0
7035,1,366.0,366.0,0,0,0.0,1,366.0,366.0,0,0.0
7036,1,366.0,366.0,0,0,0.0,1,366.0,366.0,0,0.0
7037,1,366.0,366.0,0,0,0.0,1,366.0,366.0,0,0.0
7038,1,366.0,366.0,0,0,0.0,1,366.0,366.0,0,0.0
7039,1,367.0,367.0,0,0,0.0,1,367.0,367.0,0,0.0
7040,1,367.0,367.0,0,0,0.0,1,367.0,367.0,0,0.0
7041,1,367.0,367.0,0,0,0.0,1,367.0,367.0,0,0.0
7042,1,367.0,367.0,0,0,0.0,1,367.0,367.0,0,0.0
7043,1,367.0,367.0,0,0,0.0,1,367.0,367.0,0,0.0
7044,1,367.0,367.0,0,0,0.0,1,367.0,367.0,0,0.0
7045,1,367.0,367.0,0,0,0.0,1,367.0,367.0,0,0.0
7046,1,367.0,367.0,0,0,0.0,1,367.0,367.0,0,0.0
7047,1,367.0,367.0,0,0,0.0,1,367.0,367.0,0,0.0
7048,1,367.0,367.0,0,0,0.0,1,367.0,367.0,0,0.0
7049,1,367.0,367.0,0,0,0.0,1,367.0,367.0,0,0.0
7050,1,367.0,367.0,0,0,0.0,1,367.0,367.0,0,0.0
7051,1,367.0,367.0,0,0,0.0,1,367.0,367.0,0,0.0
7052,1,367.0,367.0,0,0,0.0,1,367.0,367.0,0,0.0
7053,1,367.0,367.0,0,0,0.0,1,367.0,367.0,0,0.0
7054,1,367.0,367.0,0,0,0.0,1,367.0,367.0,0,0.0
7055,1,367.0,367.0,0,0,0.0,1,367.0,367.0,0,0.0
7056,1,367.0,367.0,0,0,0.0,1,367.0,367.0,0,0.0
7057,1,367.0,367.0,0,0,0.0,1,367.0,367.0,0,0.0
7058,1,367.0,367.0,0,0,0.0,1,367.0,367.0,0,0.0
7059,1,367.0,367.0,0,0,0.0,1,367.0,367.0,0,0.0
7060,1,368.0,368.0,0,0,0.0,1,368.0,368.0,0,0.0
7061,1,368.0,368.0,0,0,0.0,1,368.0,368.0,0,0.0
7062,1,368.0,368.0,0,0,0.0,1,368.0,368.0,0,0.0
7063,1,368.0,368.0,0,0,0.0,1,368.0,368.0,0,0.0
7064,1,368.0,368.0,0,0,0.0,1,368.0,368.0,0,0.0
7065,1,368.0,368.0,0,0,0.0,1,368.0,368.0,0,0.0
7066,1,368.0,368.0,0,0,0.0,1,368.0,368.0,0,0.0
7067,1,368.0,368.0,0,0,0.0,1,368.0,368.0,0,0.0
7068,1,368.0,368.0,0,0,0.0,1,368.0,368.0,0,0.0
7069,1,368.0,368.0,0,0,0.0,1,368.0,368.0,0,0.0
7070,1,368.0,368.0,0,0,0.0,1,368.0,368.0,0,0.0
7071,1,368.0,368.0,0,0,0.0,1,368.0,368.0,0,0.0
7072,1,368.0,368.0,0,0,0.0,1,368.0,368.0,0,0.0
7073,1,368.0,368.0,0,0,0.0,1,368.0,368.0,0,0.0
7074,1,368.0,368.0,0,0,0.0,1,368.0,368.0,0,0.0
7075,1,368.0,368.0,0,0,0.0,1,368.0,368.0,0,0.0
7076,1,368.0,368.0,0,0,0.0,1,368.0,368.0,0,0.0
7077,1,368.0,368.0,0,0,0.0,1,368.0,368.0,0,0.0
7078,1,368.0,368.0,0,0,0.0,1,368.0,368.0,0,0.0
7079,1,368.0,368.0,0,0,0.0,1,368.0,368.0,0,0.0
7080,1,368.0,368.0,0,0,0.0,1,368.0,368.0,0,0.0
7081,1,368.0,368.0,0,0,0.0,1,368.0,368.0,0,0.0
7082,1,368.0,368.0,0,0,0.0,1,368.0,368.0,0,0.0
7083,1,368.0,368.0,0,0,0.0,1,368.0,368.0,0,0.0
7084,1,368.0,368.0,0,0,0.0,1,368.0,368.0,0,0.0
7085,1,368.0,368.0,0,0,0.0,1,368.0,368.0,0,0.0
7086,1,369.0,369.0,0,0,0.0,1,369.0,369.0,0,0.0
7087,1,369.0,369.0,0,0,0.0,1,369.0,369.0,0,0.0
7088,1,369.0,369.0,0,0,0.0,1,369.0,369.0,0,0.0
7089,1,369.0,369.0,0,0,0.0,1,369.0,369.0,0,0.0
7090,1,369.0,369.0,0,0,0.0,1,369.0,369.0,0,0.0
7091,1,369.0,369.0,0,0,0.0,1,369.0,369.0,0,0.0
7092,1,369.0,369.0,0,0,0.0,1,369.0,369.0,0,0.0
7093,1,369.0,369.0,0,0,0.0,1,369.0,369.0,0,0.0
7094,1,369.0,369.0,0,0,0.0,1,369.0,369.0,0,0.0
7095,1,369.0,369.0,0,0,0.0,1,369.0,369.0,0,0.0
7096,1,369.0,369.0,0,0,0.0,1,369.0,369.0,0,0.0
7097,1,369.0,369.0,0,0,0.0,1,369.0,369.0,0,0.0
7098,1,369.0,369.0,0,0,0.0,1,369.0,369.0,0,0.0
7099,1,370.0,370.0,0,0,0.0,1,370.0,370.0,0,0.0
7100,1,370.0,370.0,0,0,0.0,1,370.0,370.0,0,0.0
7101,1,370.0,370.0,0,0,0.0,1,370.0,370.0,0,0.0
7102,1,370.0,370.0,0,0,0.0,1,370.0,370.0,0,0.0
7103,1,370.0,370.0,0,0,0.0,1,370.0,370.0,0,0.0
7104,1,370.0,370.0,0,0,0.0,1,370.0,370.0,0,0.0
7105,1,370.0,370.0,0,0,0.0,1,370.0,370.0,0,0.0
7106,1,370.0,370.0,0,0,0.0,1,370.0,370.0,0,0.0
7107,1,370.0,370.0,0,0,0.0,1,370.0,370.0,0,0.0
7108,1,371.0,371.0,0,0,0.0,1,371.0,371.0,0,0.0
7109,1,371.0,371.0,0,0,0.0,1,371.0,371.0,0,0.0
7110,1,371.0,371.0,0,0,0.0,1,371.0,371.0,0,0.0
7111,1,371.0,371.0,0,0,0.0,1,371.0,371.0,0,0.0
7112,1,371.0,371.0,0,0,0.0,1,371.0,371.0,0,0.0
7113,1,371.0,371.0,0,0,0.0,1,371.0,371.0,0,0.0
7114,1,371.0,371.0,0,0,0.0,1,371.0,371.0,0,0.0
7115,1,371.0,371.0,0,0,0.0,1,371.0,371.0,0,0.0
7116,1,371.0,371.0,0,0,0.0,1,371.0,371.0,0,0.0
7117,1,371.0,371.0,0,0,0.0,1,371.0,371.0,0,0.0
7118,1,371.0,371.0,0,0,0.0,1,371.0,371.0,0,0.0
7119,1,371.0,371.0,0,0,0.0,1,371.0,371.0,0,0.0
7120,1,371.0,371.0,0,0,0.0,1,371.0,371.0,0,0.0
7121,1,371.0,371.0,0,0,0.0,1,371.0,371.0,0,0.0
7122,1,371.0,371.0,0,0,0.0,1,371.0,371.0,0,0.0
7123,1,371.0,371.0,0,0,0.0,1,371.0,371.0,0,0.0
7124,1,371.0,371.0,0,0,0.0,1,371.0,371.0,0,0.0
7125,1,371.0,371.0,0,0,0.0,1,371.0,371.0,0,0.0
7126,1,371.0,371.0,0,0,0.0,1,371.0,371.0,0,0.0
7127,1,371.0,371.0,0,0,0.0,1,371.0,371.0,0,0.0
7128,1,371.0,371.0,0,0,0.0,1,371.0,371.0,0,0.0
7129,1,371.0,371.0,0,0,0.0,1,371.0,371.0,0,0.0
7130,1,371.0,371.0,0,0,0.0,1,371.0,371.0,0,0.0
7131,1,371.0,371.0,0,0,0.0,1,371.0,371.0,0,0.0
7132,1,371.0,371.0,0,0,0.0,1,371.0,371.0,0,0.0
7133,1,371.0,371.0,0,0,0.0,1,371.0,371.0,0,0.0
7134,1,371.0,371.0,0,0,0.0,1,371.0,371.0,0,0.0
7135,1,371.0,371.0,0,0,0.0,1,371.0,371.0,0,0.0
7136,1,371.0,371.0,0,0,0.0,1,371.0,371.0,0,0.0
7137,1,371.0,371.0,0,0,0.0,1,371.0,371.0,0,0.0
7138,1,371.0,371.0,0,0,0.0,1,371.0,371.0,0,0.0
7139,1,371.0,371.0,0,0,0.0,1,371.0,371.0,0,0.0
7140,1,371.0,371.0,0,0,0.0,1,371.0,371.0,0,0.0
7141,1,371.0,371.0,0,0,0.0,1,371.0,371.0,0,0.0
7142,1,371.0,371.0,0,0,0.0,1,371.0,371.0,0,0.0
7143,1,371.0,371.0,0,0,0.0,1,371.0,371.0,0,0.0
7144,1,371.0,371.0,0,0,0.0,1,371.0,371.0,0,0.0
7145,1,371.0,371.0,0,0,0.0,1,371.0,371.0,0,0.0
7146,1,371.0,371.0,0,0,0.0,1,371.0,371.0,0,0.0
7147,1,371.0,371.0,0,0,0.0,1,371.0,371.0,0,0.0
7148,1,371.0,371.0,0,0,0.0,1,371.0,371.0,0,0.0
7149,1,372.0,372.0,0,0,0.0,1,372.0,372.0,0,0.0
7150,1,372.0,372.0,0,0,0.0,1,372.0,372.0,0,0.0
7151,1,372.0,372.0,0,0,0.0,1,372.0,372.0,0,0.0
7152,1,372.0,372.0,0,0,0.0,1,372.0,372.0,0,0.0
7153,1,372.0,372.0,0,0,0.0,1,372.0,372.0,0,0.0
7154,1,372.0,372.0,0,0,0.0,1,372.0,372.0,0,0.0
7155,1,372.0,372.0,0,0,0.0,1,372.0,372.0,0,0.0
7156,1,372.0,372.0,0,0,0.0,1,372.0,372.0,0,0.0
7157,1,372.0,372.0,0,0,0.0,1,372.0,372.0,0,0.0
7158,1,372.0,372.0,0,0,0.0,1,372.0,372.0,0,0.0
7159,1,372.0,372.0,0,0,0.0,1,372.0,372.0,0,0.0
7160,1,372.0,372.0,0,0,0.0,1,372.0,372.0,0,0.0
7161,1,372.0,372.0,0,0,0.0,1,372.0,372.0,0,0.0
7162,1,372.0,372.0,0,0,0.0,1,372.0,372.0,0,0.0
7163,1,372.0,372.0,0,0,0.0,1,372.0,372.0,0,0.0
7164,1,372.0,372.0,0,0,0.0,1,372.0,372.0,0,0.0
7165,1,372.0,372.0,0,0,0.0,1,372.0,372.0,0,0.0
7166,1,372.0,372.0,0,0,0.0,1,372.0,372.0,0,0.0
7167,1,372.0,372.0,0,0,0.0,1,372.0,372.0,0,0.0
7168,1,372.0,372.0,0,0,0.0,1,372.0,372.0,0,0.0
7169,1,372.0,372.0,0,0,0.0,1,372.0,372.0,0,0.0
7170,1,372.0,372.0,0,0,0.0,1,372.0,372.0,0,0.0
7171,1,372.0,372.0,0,0,0.0,1,372.0,372.0,0,0.0
7172,1,372.0,372.0,0,0,0.0,1,372.0,372.0,0,0.0
7173,1,372.0,372.0,0,0,0.0,1,372.0,372.0,0,0.0
7174,1,372.0,372.0,0,0,0.0,1,372.0,372.0,0,0.0
7175,1,372.0,372.0,0,0,0.0,1,372.0,372.0,0,0.0
7176,1,372.0,372.0,0,0,0.0,1,372.0,372.0,0,0.0
7177,1,372.0,372.0,0,0,0.0,1,372.0,372.0,0,0.0
7178,1,372.0,372.0,0,0,0.0,1,372.0,372.0,0,0.0
7179,1,372.0,372.0,0,0,0.0,1,372.0,372.0,0,0.0
7180,1,372.0,372.0,0,0,0.0,1,372.0,372.0,0,0.0
7181,1,372.0,372.0,0,0,0.0,1,372.0,372.0,0,0.0
7182,1,372.0,372.0,0,0,0.0,1,372.0,372.0,0,0.0
7183,1,372.0,372.0,0,0,0.0,1,372.0,372.0,0,0.0
7184,1,372.0,372.0,0,0,0.0,1,372.0,372.0,0,0.0
7185,1,372.0,372.0,0,0,0.0,1,372.0,372.0,0,0.0
7186,1,372.0,372.0,0,0,0.0,1,372.0,372.0,0,0.0
7187,1,372.0,372.0,0,0,0.0,1,372.0,372.0,0,0.0
7188,1,372.0,372.0,0,0,0.0,1,372.0,372.0,0,0.0
7189,1,372.0,372.0,0,0,0.0,1,372.0,372.0,0,0.0
7190,1,372.0,372.0,0,0,0.0,1,372.0,372.0,0,0.0
7191,1,372.0,372.0,0,0,0.0,1,372.0,372.0,0,0.0
7192,1,372.0,372.0,0,0,0.0,1,372.0,372.0,0,0.0
7193,1,373.0,373.0,0,0,0.0,1,373.0,373.0,0,0.0
7194,1,373.0,373.0,0,0,0.0,1,373.0,373.0,0,0.0
7195,1,373.0,373.0,0,0,0.0,1,373.0,373.0,0,0.0
7196,1,373.0,373.0,0,0,0.0,1,373.0,373.0,0,0.0
7197,1,373.0,373.0,0,0,0.0,1,373.0,373.0,0,0.0
7198,1,373.0,373.0,0,0,0.0,1,373.0,373.0,0,0.0
7199,1,373.0,373.0,0,0,0.0,1,373.0,373.0,0,0.0
7200,1,373.0,373.0,0,0,0.0,1,373.0,373.0,0,0.0
7201,1,373.0,373.0,0,0,0.0,1,373.0,373.0,0,0.0
7202,1,373.0,373.0,0,0,0.0,1,373.0,373.0,0,0.0
7203,1,373.0,373.0,0,0,0.0,1,373.0,373.0,0,0.0
7204,1,373.0,373.0,0,0,0.0,1,373.0,373.0,0,0.0
7205,1,373.0,373.0,0,0,0.0,1,373.0,373.0,0,0.0
7206,1,373.0,373.0,0,0,0.0,1,373.0,373.0,0,0.0
7207,1,373.0,373.0,0,0,0.0,1,373.0,373.0,0,0.0
7208,1,373.0,373.0,0,0,0.0,1,373.0,373.0,0,0.0
7209,1,373.0,373.0,0,0,0.0,1,373.0,373.0,0,0.0
7210,1,373.0,373.0,0,0,0.0,1,373.0,373.0,0,0.0
7211,1,373.0,373.0,0,0,0.0,1,373.0,373.0,0,0.0
7212,1,373.0,373.0,0,0,0.0,1,373.0,373.0,0,0.0
7213,1,373.0,373.0,0,0,0.0,1,373.0,373.0,0,0.0
7214,1,373.0,373.0,0,0,0.0,1,373.0,373.0,0,0.0
7215,1,373.0,373.0,0,0,0.0,1,373.0,373.0,0,0.0
7216,1,373.0,373.0,0,0,0.0,1,373.0,373.0,0,0.0
7217,1,373.0,373.0,0,0,0.0,1,373.0,373.0,0,0.0
7218,1,373.0,373.0,0,0,0.0,1,373.0,373.0,0,0.0
7219,1,373.0,373.0,0,0,0.0,1,373.0,373.0,0,0.0
7220,1,373.0,373.0,0,0,0.0,1,373.0,373.0,0,0.0
7221,1,373.0,373.0,0,0,0.0,1,373.0,373.0,0,0.0
7222,1,373.0,373.0,0,0,0.0,1,373.0,373.0,0,0.0
7223,1,374.0,374.0,0,0,0.0,1,374.0,374.0,0,0.0
7224,1,374.0,374.0,0,0,0.0,1,374.0,374.0,0,0.0
7225,1,374.0,374.0,0,0,0.0,1,374.0,374.0,0,0.0
7226,1,374.0,374.0,0,0,0.0,1,374.0,374.0,0,0.0
7227,1,374.0,374.0,0,0,0.0,1,374.0,374.0,0,0.0
7228,1,374.0,374.0,0,0,0.0,1,374.0,374.0,0,0.0
7229,1,374.0,374.0,0,0,0.0,1,374.0,374.0,0,0.0
7230,1,374.0,374.0,0,0,0.0,1,374.0,374.0,0,0.0
7231,1,374.0,374.0,0,0,0.0,1,374.0,374.0,0,0.0
7232,1,374.0,374.0,0,0,0.0,1,374.0,374.0,0,0.0
7233,1,374.0,374.0,0,0,0.0,1,374.0,374.0,0,0.0
7234,1,374.0,374.0,0,0,0.0,1,374.0,374.0,0,0.0
7235,1,374.0,374.0,0,0,0.0,1,374.0,374.0,0,0.0
7236,1,374.0,374.0,0,0,0.0,1,374.0,374.0,0,0.0
7237,1,374.0,374.0,0,0,0.0,1,374.0,374.0,0,0.0
7238,1,374.0,374.0,0,0,0.0,1,374.0,374.0,0,0.0
7239,1,374.0,374.0,0,0,0.0,1,374.0,374.0,0,0.0
7240,1,374.0,374.0,0,0,0.0,1,374.0,374.0,0,0.0
7241,1,374.0,374.0,0,0,0.0,1,374.0,374.0,0,0.0
7242,1,374.0,374.0,0,0,0.0,1,374.0,374.0,0,0.0
7243,1,374.0,374.0,0,0,0.0,1,374.0,374.0,0,0.0
7244,1,374.0,374.0,0,0,0.0,1,374.0,374.0,0,0.0
7245,1,374.0,374.0,0,0,0.0,1,374.0,374.0,0,0.0
7246,1,374.0,374.0,0,0,0.0,1,374.0,374.0,0,0.0
7247,1,374.0,374.0,0,0,0.0,1,374.0,374.0,0,0.0
7248,1,374.0,374.0,0,0,0.0,1,374.0,374.0,0,0.0
7249,1,375.0,375.0,0,0,0.0,1,375.0,375.0,0,0.0
7250,1,375.0,375.0,0,0,0.0,1,375.0,375.0,0,0.0
7251,1,375.0,375.0,0,0,0.0,1,375.0,375.0,0,0.0
7252,1,375.0,375.0,0,0,0.0,1,375.0,375.0,0,0.0
7253,1,375.0,375.0,0,0,0.0,1,375.0,375.0,0,0.0
7254,1,375.0,375.0,0,0,0.0,1,375.0,375.0,0,0.0
7255,1,375.0,375.0,0,0,0.0,1,375.0,375.0,0,0.0
7256,1,375.0,375.0,0,0,0.0,1,375.0,375.0,0,0.0
7257,1,375.0,375.0,0,0,0.0,1,375.0,375.0,0,0.0
7258,1,375.0,375.0,0,0,0.0,1,375.0,375.0,0,0.0
7259,1,375.0,375.0,0,0,0.0,1,375.0,375.0,0,0.0
7260,1,375.0,375.0,0,0,0.0,1,375.0,375.0,0,0.0
7261,1,375.0,375.0,0,0,0.0,1,375.0,375.0,0,0.0
7262,1,375.0,375.0,0,0,0.0,1,375.0,375.0,0,0.0
7263,1,375.0,375.0,0,0,0.0,1,375.0,375.0,0,0.0
7264,1,375.0,375.0,0,0,0.0,1,375.0,375.0,0,0.0
7265,1,375.0,375.0,0,0,0.0,1,375.0,375.0,0,0.0
7266,1,375.0,375.0,0,0,0.0,1,375.0,375.0,0,0.0
7267,1,375.0,375.0,0,0,0.0,1,375.0,375.0,0,0.0
7268,1,375.0,375.0,0,0,0.0,1,375.0,375.0,0,0.0
7269,1,376.0,376.0,0,0,0.0,1,376.0,376.0,0,0.0
7270,1,376.0,376.0,0,0,0.0,1,376.0,376.0,0,0.0
7271,1,376.0,376.0,0,0,0.0,1,376.0,376.0,0,0.0
7272,1,376.0,376.0,0,0,0.0,1,376.0,376.0,0,0.0
7273,1,376.0,376.0,0,0,0.0,1,376.0,376.0,0,0.0
7274,1,376.0,376.0,0,0,0.0,1,376.0,376.0,0,0.0
7275,1,376.0,376.0,0,0,0.0,1,376.0,376.0,0,0.0
7276,1,376.0,376.0,0,0,0.0,1,376.0,376.0,0,0.0
7277,1,376.0,376.0,0,0,0.0,1,376.0,376.0,0,0.0
7278,1,376.0,376.0,0,0,0.0,1,376.0,376.0,0,0.0
7279,1,377.0,377.0,0,0,0.0,1,377.0,377.0,0,0.0
7280,1,377.0,377.0,0,0,0.0,1,377.0,377.0,0,0.0
7281,1,377.0,377.0,0,0,0.0,1,377.0,377.0,0,0.0
7282,1,377.0,377.0,0,0,0.0,1,377.0,377.0,0,0.0
7283,1,377.0,377.0,0,0,0.0,1,377.0,377.0,0,0.0
7284,1,377.0,377.0,0,0,0.0,1,377.0,377.0,0,0.0
7285,1,378.0,378.0,0,0,0.0,1,378.0,378.0,0,0.0
7286,1,378.0,378.0,0,0,0.0,1,378.0,378.0,0,0.0
7287,1,378.0,378.0,0,0,0.0,1,378.0,378.0,0,0.0
7288,1,378.0,378.0,0,0,0.0,1,378.0,378.0,0,0.0
7289,1,378.0,378.0,0,0,0.0,1,378.0,378.0,0,0.0
7290,1,378.0,378.0,0,0,0.0,1,378.0,378.0,0,0.0
7291,1,378.0,378.0,0,0,0.0,1,378.0,378.0,0,0.0
7292,1,378.0,378.0,0,0,0.0,1,378.0,378.0,0,0.0
7293,1,378.0,378.0,0,0,0.0,1,378.0,378.0,0,0.0
7294,1,378.0,378.0,0,0,0.0,1,378.0,378.0,0,0.0
7295,1,378.0,378.0,0,0,0.0,1,378.0,378.0,0,0.0
7296,1,378.0,378.0,0,0,0.0,1,378.0,378.0,0,0.0
7297,1,378.0,378.0,0,0,0.0,1,378.0,378.0,0,0.0
7298,1,378.0,378.0,0,0,0.0,1,378.0,378.0,0,0.0
7299,1,378.0,378.0,0,0,0.0,1,378.0,378.0,0,0.0
7300,1,378.0,378.0,0,0,0.0,1,378.0,378.0,0,0.0
7301,1,378.0,378.0,0,0,0.0,1,378.0,378.0,0,0.0
7302,1,378.0,378.0,0,0,0.0,1,378.0,378.0,0,0.0
7303,1,378.0,378.0,0,0,0.0,1,378.0,378.0,0,0.0
7304,1,378.0,378.0,0,0,0.0,1,378.0,378.0,0,0.0
7305,1,378.0,378.0,0,0,0.0,1,378.0,378.0,0,0.0
7306,1,378.0,378.0,0,0,0.0,1,378.0,378.0,0,0.0
7307,1,378.0,378.0,0,0,0.0,1,378.0,378.0,0,0.0
7308,1,378.0,378.0,0,0,0.0,1,378.0,378.0,0,0.0
7309,1,378.0,378.0,0,0,0.0,1,378.0,378.0,0,0.0
7310,1,378.0,378.0,0,0,0.0,1,378.0,378.0,0,0.0
7311,1,378.0,378.0,0,0,0.0,1,378.0,378.0,0,0.0
7312,1,378.0,378.0,0,0,0.0,1,378.0,378.0,0,0.0
7313,1,378.0,378.0,0,0,0.0,1,378.0,378.0,0,0.0
7314,1,378.0,378.0,0,0,0.0,1,378.0,378.0,0,0.0
7315,1,378.0,378.0,0,0,0.0,1,378.0,378.0,0,0.0
7316,1,378.0,378.0,0,0,0.0,1,378.0,378.0,0,0.0
7317,1,378.0,378.0,0,0,0.0,1,378.0,378.0,0,0.0
7318,1,378.0,378.0,0,0,0.0,1,378.0,378.0,0,0.0
7319,1,378.0,378.0,0,0,0.0,1,378.0,378.0,0,0.0
7320,1,378.0,378.0,0,0,0.0,1,378.0,378.0,0,0.0
7321,1,378.0,378.0,0,0,0.0,1,378.0,378.0,0,0.0
7322,1,378.0,378.0,0,0,0.0,1,378.0,378.0,0,0.0
7323,1,378.0,378.0,0,0,0.0,1,378.0,378.0,0,0.0
7324,1,378.0,378.0,0,0,0.0,1,378.0,378.0,0,0.0
7325,1,378.0,378.0,0,0,0.0,1,378.0,378.0,0,0.0
7326,1,378.0,378.0,0,0,0.0,1,378.0,378.0,0,0.0
7327,1,378.0,378.0,0,0,0.0,1,378.0,378.0,0,0.0
7328,1,378.0,378.0,0,0,0.0,1,378.0,378.0,0,0.0
7329,1,378.0,378.0,0,0,0.0,1,378.0,378.0,0,0.0
7330,1,378.0,378.0,0,0,0.0,1,378.0,378.0,0,0.0
7331,1,378.0,378.0,0,0,0.0,1,378.0,378.0,0,0.0
7332,1,378.0,378.0,0,0,0.0,1,378.0,378.0,0,0.0
7333,1,378.0,378.0,0,0,0.0,1,378.0,378.0,0,0.0
7334,1,378.0,378.0,0,0,0.0,1,378.0,378.0,0,0.0
7335,1,378.0,378.0,0,0,0.0,1,378.0,378.0,0,0.0
7336,1,379.0,379.0,0,0,0.0,1,379.0,379.0,0,0.0
7337,1,379.0,379.0,0,0,0.0,1,379.0,379.0,0,0.0
7338,1,379.0,379.0,0,0,0.0,1,379.0,379.0,0,0.0
7339,1,379.0,379.0,0,0,0.0,1,379.0,379.0,0,0.0
7340,1,379.0,379.0,0,0,0.0,1,379.0,379.0,0,0.0
7341,1,379.0,379.0,0,0,0.0,1,379.0,379.0,0,0.0
7342,1,379.0,379.0,0,0,0.0,1,379.0,379.0,0,0.0
7343,1,379.0,379.0,0,0,0.0,1,379.0,379.0,0,0.0
7344,1,379.0,379.0,0,0,0.0,1,379.0,379.0,0,0.0
7345,1,379.0,379.0,0,0,0.0,1,379.0,379.0,0,0.0
7346,1,379.0,379.0,0,0,0.0,1,379.0,379.0,0,0.0
7347,1,379.0,379.0,0,0,0.0,1,379.0,379.0,0,0.0
7348,1,379.0,379.0,0,0,0.0,1,379.0,379.0,0,0.0
7349,1,379.0,379.0,0,0,0.0,1,379.0,379.0,0,0.0
7350,1,379.0,379.0,0,0,0.0,1,379.0,379.0,0,0.0
7351,1,379.0,379.0,0,0,0.0,1,379.0,379.0,0,0.0
7352,1,379.0,379.0,0,0,0.0,1,379.0,379.0,0,0.0
7353,1,379.0,379.0,0,0,0.0,1,379.0,379.0,0,0.0
7354,1,379.0,379.0,0,0,0.0,1,379.0,379.0,0,0.0
7355,1,379.0,379.0,0,0,0.0,1,379.0,379.0,0,0.0
7356,1,379.0,379.0,0,0,0.0,1,379.0,379.0,0,0.0
7357,1,379.0,379.0,0,0,0.0,1,379.0,379.0,0,0.0
7358,1,379.0,379.0,0,0,0.0,1,379.0,379.0,0,0.0
7359,1,379.0,379.0,0,0,0.0,1,379.0,379.0,0,0.0
7360,1,379.0,379.0,0,0,0.0,1,379.0,379.0,0,0.0
7361,1,380.0,380.0,0,0,0.0,1,380.0,380.0,0,0.0
7362,1,380.0,380.0,0,0,0.0,1,380.0,380.0,0,0.0
7363,1,380.0,380.0,0,0,0.0,1,380.0,380.0,0,0.0
7364,1,380.0,380.0,0,0,0.0,1,380.0,380.0,0,0.0
7365,1,380.0,380.0,0,0,0.0,1,380.0,380.0,0,0.0
7366,1,380.0,380.0,0,0,0.0,1,380.0,380.0,0,0.0
7367,1,380.0,380.0,0,0,0.0,1,380.0,380.0,0,0.0
7368,1,380.0,380.0,0,0,0.0,1,380.0,380.0,0,0.0
7369,1,380.0,380.0,0,0,0.0,1,380.0,380.0,0,0.0
7370,1,380.0,380.0,0,0,0.0,1,380.0,380.0,0,0.0
7371,1,380.0,380.0,0,0,0.0,1,380.0,380.0,0,0.0
7372,1,380.0,380.0,0,0,0.0,1,380.0,380.0,0,0.0
7373,1,380.0,380.0,0,0,0.0,1,380.0,380.0,0,0.0
7374,1,380.0,380.0,0,0,0.0,1,380.0,380.0,0,0.0
7375,1,380.0,380.0,0,0,0.0,1,380.0,380.0,0,0.0
7376,1,380.0,380.0,0,0,0.0,1,380.0,380.0,0,0.0
7377,1,380.0,380.0,0,0,0.0,1,380.0,380.0,0,0.0
7378,1,380.0,380.0,0,0,0.0,1,380.0,380.0,0,0.0
7379,1,380.0,380.0,0,0,0.0,1,380.0,380.0,0,0.0
7380,1,380.0,380.0,0,0,0.0,1,380.0,380.0,0,0.0
7381,1,380.0,380.0,0,0,0.0,1,380.0,380.0,0,0.0
7382,1,380.0,380.0,0,0,0.0,1,380.0,380.0,0,0.0
7383,1,380.0,380.0,0,0,0.0,1,380.0,380.0,0,0.0
7384,1,380.0,380.0,0,0,0.0,1,380.0,380.0,0,0.0
7385,1,380.0,380.0,0,0,0.0,1,380.0,380.0,0,0.0
7386,1,381.0,381.0,0,0,0.0,1,381.0,381.0,0,0.0
7387,1,381.0,381.0,0,0,0.0,1,381.0,381.0,0,0.0
7388,1,381.0,381.0,0,0,0.0,1,381.0,381.0,0,0.0
7389,1,381.0,381.0,0,0,0.0,1,381.0,381.0,0,0.0
7390,1,381.0,381.0,0,0,0.0,1,381.0,381.0,0,0.0
7391,1,381.0,381.0,0,0,0.0,1,381.0,381.0,0,0.0
7392,1,381.0,381.0,0,0,0.0,1,381.0,381.0,0,0.0
7393,1,381.0,381.0,0,0,0.0,1,381.0,381.0,0,0.0
7394,1,381.0,381.0,0,0,0.0,1,381.0,381.0,0,0.0
7395,1,381.0,381.0,0,0,0.0,1,381.0,381.0,0,0.0
7396,1,381.0,381.0,0,0,0.0,1,381.0,381.0,0,0.0
7397,1,381.0,381.0,0,0,0.0,1,381.0,381.0,0,0.0
7398,1,381.0,381.0,0,0,0.0,1,381.0,381.0,0,0.0
7399,1,382.0,382.0,0,0,0.0,1,382.0,382.0,0,0.0
7400,1,382.0,382.0,0,0,0.0,1,382.0,382.0,0,0.0
7401,1,382.0,382.0,0,0,0.0,1,382.0,382.0,0,0.0
7402,1,382.0,382.0,0,0,0.0,1,382.0,382.0,0,0.0
7403,1,382.0,382.0,0,0,0.0,1,382.0,382.0,0,0.0
7404,1,382.0,382.0,0,0,0.0,1,382.0,382.0,0,0.0
7405,1,382.0,382.0,0,0,0.0,1,382.0,382.0,0,0.0
7406,1,382.0,382.0,0,0,0.0,1,382.0,382.0,0,0.0
7407,1,382.0,382.0,0,0,0.0,1,382.0,382.0,0,0.0
7408,1,382.0,382.0,0,0,0.0,1,382.0,382.0,0,0.0
7409,1,382.0,382.0,0,0,0.0,1,382.0,382.0,0,0.0
7410,1,382.0,382.0,0,0,0.0,1,382.0,382.0,0,0.0
7411,1,382.0,382.0,0,0,0.0,1,382.0,382.0,0,0.0
7412,1,382.0,382.0,0,0,0.0,1,382.0,382.0,0,0.0
7413,1,383.0,383.0,0,0,0.0,1,383.0,383.0,0,0.0
7414,1,383.0,383.0,0,0,0.0,1,383.0,383.0,0,0.0
7415,1,383.0,383.0,0,0,0.0,1,383.0,383.0,0,0.0
7416,1,383.0,383.0,0,0,0.0,1,383.0,383.0,0,0.0
7417,1,383.0,383.0,0,0,0.0,1,383.0,383.0,0,0.0
7418,1,384.0,384.0,0,0,0.0,1,384.0,384.0,0,0.0
7419,1,384.0,384.0,0,0,0.0,1,384.0,384.0,0,0.0
7420,1,384.0,384.0,0,0,0.0,1,384.0,384.0,0,0.0
7421,1,384.0,384.0,0,0,0.0,1,384.0,384.0,0,0.0
7422,1,384.0,384.0,0,0,0.0,1,384.0,384.0,0,0.0
7423,1,384.0,384.0,0,0,0.0,1,384.0,384.0,0,0.0
7424,1,384.0,384.0,0,0,0.0,1,384.0,384.0,0,0.0
7425,1,384.0,384.0,0,0,0.0,1,384.0,384.0,0,0.0
7426,1,384.0,384.0,0,0,0.0,1,384.0,384.0,0,0.0
7427,1,385.0,385.0,0,0,0.0,1,385.0,385.0,0,0.0
7428,1,385.0,385.0,0,0,0.0,1,385.0,385.0,0,0.0
7429,1,385.0,385.0,0,0,0.0,1,385.0,385.0,0,0.0
7430,1,385.0,385.0,0,0,0.0,1,385.0,385.0,0,0.0
7431,1,385.0,385.0,0,0,0.0,1,385.0,385.0,0,0.0
7432,1,385.0,385.0,0,0,0.0,1,385.0,385.0,0,0.0
7433,1,385.0,385.0,0,0,0.0,1,385.0,385.0,0,0.0
7434,1,385.0,385.0,0,0,0.0,1,385.0,385.0,0,0.0
7435,1,385.0,385.0,0,0,0.0,1,385.0,385.0,0,0.0
7436,1,385.0,385.0,0,0,0.0,1,385.0,385.0,0,0.0
7437,1,385.0,385.0,0,0,0.0,1,385.0,385.0,0,0.0
7438,1,385.0,385.0,0,0,0.0,1,385.0,385.0,0,0.0
7439,1,386.0,386.0,0,0,0.0,1,386.0,386.0,0,0.0
7440,1,386.0,386.0,0,0,0.0,1,386.0,386.0,0,0.0
7441,1,386.0,386.0,0,0,0.0,1,386.0,386.0,0,0.0
7442,1,386.0,386.0,0,0,0.0,1,386.0,386.0,0,0.0
7443,1,386.0,386.0,0,0,0.0,1,386.0,386.0,0,0.0
7444,1,386.0,386.0,0,0,0.0,1,386.0,386.0,0,0.0
7445,1,386.0,386.0,0,0,0.0,1,386.0,386.0,0,0.0
7446,1,386.0,386.0,0,0,0.0,1,386.0,386.0,0,0.0
7447,1,386.0,386.0,0,0,0.0,1,386.0,386.0,0,0.0
7448,1,386.0,386.0,0,0,0.0,1,386.0,386.0,0,0.0
7449,1,386.0,386.0,0,0,0.0,1,386.0,386.0,0,0.0
7450,1,386.0,386.0,0,0,0.0,1,386.0,386.0,0,0.0
7451,1,386.0,386.0,0,0,0.0,1,386.0,386.0,0,0.0
7452,1,386.0,386.0,0,0,0.0,1,386.0,386.0,0,0.0
7453,1,387.0,387.0,0,0,0.0,1,387.0,387.0,0,0.0
7454,1,387.0,387.0,0,0,0.0,1,387.0,387.0,0,0.0
7455,1,387.0,387.0,0,0,0.0,1,387.0,387.0,0,0.0
7456,1,387.0,387.0,0,0,0.0,1,387.0,387.0,0,0.0
7457,1,387.0,387.0,0,0,0.0,1,387.0,387.0,0,0.0
7458,1,387.0,387.0,0,0,0.0,1,387.0,387.0,0,0.0
7459,1,387.0,387.0,0,0,0.0,1,387.0,387.0,0,0.0
7460,1,387.0,387.0,0,0,0.0,1,387.0,387.0,0,0.0
7461,1,387.0,387.0,0,0,0.0,1,387.0,387.0,0,0.0
7462,1,387.0,387.0,0,0,0.0,1,387.0,387.0,0,0.0
7463,1,387.0,387.0,0,0,0.0,1,387.0,387.0,0,0.0
7464,1,387.0,387.0,0,0,0.0,1,387.0,387.0,0,0.0
7465,1,387.0,387.0,0,0,0.0,1,387.0,387.0,0,0.0
7466,1,387.0,387.0,0,0,0.0,1,387.0,387.0,0,0.0
7467,1,387.0,387.0,0,0,0.0,1,387.0,387.0,0,0.0
7468,1,388.0,388.0,0,0,0.0,1,388.0,388.0,0,0.0
7469,1,388.0,388.0,0,0,0.0,1,388.0,388.0,0,0.0
7470,1,388.0,388.0,0,0,0.0,1,388.0,388.0,0,0.0
7471,1,388.0,388.0,0,0,0.0,1,388.0,388.0,0,0.0
7472,1,388.0,388.0,0,0,0.0,1,388.0,388.0,0,0.0
7473,1,388.0,388.0,0,0,0.0,1,388.0,388.0,0,0.0
7474,1,388.0,388.0,0,0,0.0,1,388.0,388.0,0,0.0
7475,1,390.0,390.0,0,0,0.0,1,390.0,390.0,0,0.0
7476,1,391.0,391.0,0,0,0.0,1,391.0,391.0,0,0.0
7477,1,391.0,391.0,0,0,0.0,1,391.0,391.0,0,0.0
7478,1,391.0,391.0,0,0,0.0,1,391.0,391.0,0,0.0
7479,1,391.0,391.0,0,0,0.0,1,391.0,391.0,0,0.0
7480,1,391.0,391.0,0,0,0.0,1,391.0,391.0,0,0.0
7481,1,391.0,391.0,0,0,0.0,1,391.0,391.0,0,0.0
7482,1,391.0,391.0,0,0,0.0,1,391.0,391.0,0,0.0
7483,1,391.0,391.0,0,0,0.0,1,391.0,391.0,0,0.0
7484,1,391.0,391.0,0,0,0.0,1,391.0,391.0,0,0.0
7485,1,391.0,391.0,0,0,0.0,1,391.0,391.0,0,0.0
7486,1,391.0,391.0,0,0,0.0,1,391.0,391.0,0,0.0
7487,1,392.0,392.0,0,0,0.0,1,392.0,392.0,0,0.0
7488,1,392.0,392.0,0,0,0.0,1,392.0,392.0,0,0.0
7489,1,392.0,392.0,0,0,0.0,1,392.0,392.0,0,0.0
7490,1,392.0,392.0,0,0,0.0,1,392.0,392.0,0,0.0
7491,1,392.0,392.0,0,0,0.0,1,392.0,392.0,0,0.0
7492,1,392.0,392.0,0,0,0.0,1,392.0,392.0,0,0.0
7493,1,392.0,392.0,0,0,0.0,1,392.0,392.0,0,0.0
7494,1,393.0,393.0,0,0,0.0,1,393.0,393.0,0,0.0
7495,1,393.0,393.0,0,0,0.0,1,393.0,393.0,0,0.0
7496,1,393.0,393.0,0,0,0.0,1,393.0,393.0,0,0.0
7497,1,393.0,393.0,0,0,0.0,1,393.0,393.0,0,0.0
7498,1,393.0,393.0,0,0,0.0,1,393.0,393.0,0,0.0
7499,1,393.0,393.0,0,0,0.0,1,393.0,393.0,0,0.0
7500,1,393.0,393.0,0,0,0.0,1,393.0,393.0,0,0.0
7501,1,394.0,394.0,0,0,0.0,1,394.0,394.0,0,0.0
7502,1,394.0,394.0,0,0,0.0,1,394.0,394.0,0,0.0
7503,1,394.0,394.0,0,0,0.0,1,394.0,394.0,0,0.0
7504,1,394.0,394.0,0,0,0.0,1,394.0,394.0,0,0.0
7505,1,394.0,394.0,0,0,0.0,1,394.0,394.0,0,0.0
7506,1,395.0,395.0,0,0,0.0,1,395.0,395.0,0,0.0
7507,1,395.0,395.0,0,0,0.0,1,395.0,395.0,0,0.0
7508,1,395.0,395.0,0,0,0.0,1,395.0,395.0,0,0.0
7509,1,395.0,395.0,0,0,0.0,1,395.0,395.0,0,0.0
7510,1,395.0,395.0,0,0,0.0,1,395.0,395.0,0,0.0
7511,1,396.0,396.0,0,0,0.0,1,396.0,396.0,0,0.0
7512,1,396.0,396.0,0,0,0.0,1,396.0,396.0,0,0.0
7513,1,397.0,397.0,0,0,0.0,1,397.0,397.0,0,0.0
7514,1,398.0,398.0,0,0,0.0,1,398.0,398.0,0,0.0
7515,1,398.0,398.0,0,0,0.0,1,398.0,398.0,0,0.0
7516,1,398.0,398.0,0,0,0.0,1,398.0,398.0,0,0.0
7517,1,398.0,398.0,0,0,0.0,1,398.0,398.0,0,0.0
7518,1,398.0,398.0,0,0,0.0,1,398.0,398.0,0,0.0
7519,1,399.0,399.0,0,0,0.0,1,399.0,399.0,0,0.0
7520,1,399.0,399.0,0,0,0.0,1,399.0,399.0,0,0.0
7521,1,399.0,399.0,0,0,0.0,1,399.0,399.0,0,0.0
7522,1,399.0,399.0,0,0,0.0,1,399.0,399.0,0,0.0
7523,1,399.0,399.0,0,0,0.0,1,399.0,399.0,0,0.0
7524,1,399.0,399.0,0,0,0.0,1,399.0,399.0,0,0.0
7525,1,399.0,399.0,0,0,0.0,1,399.0,399.0,0,0.0
7526,1,400.0,400.0,0,0,0.0,1,400.0,400.0,0,0.0
7527,1,400.0,400.0,0,0,0.0,1,400.0,400.0,0,0.0
7528,1,400.0,400.0,0,0,0.0,1,400.0,400.0,0,0.0
7529,1,400.0,400.0,0,0,0.0,1,400.0,400.0,0,0.0
7530,1,401.0,401.0,0,0,0.0,1,401.0,401.0,0,0.0
7531,1,401.0,401.0,0,0,0.0,1,401.0,401.0,0,0.0
7532,1,401.0,401.0,0,0,0.0,1,401.0,401.0,0,0.0
7533,1,402.0,402.0,0,0,0.0,1,402.0,402.0,0,0.0
7534,1,402.0,402.0,0,0,0.0,1,402.0,402.0,0,0.0
7535,1,403.0,403.0,0,0,0.0,1,403.0,403.0,0,0.0
7536,1,403.0,403.0,0,0,0.0,1,403.0,403.0,0,0.0
7537,1,403.0,403.0,0,0,0.0,1,403.0,403.0,0,0.0
7538,1,404.0,404.0,0,0,0.0,1,404.0,404.0,0,0.0
7539,1,404.0,404.0,0,0,0.0,1,404.0,404.0,0,0.0
7540,1,405.0,405.0,0,0,0.0,1,405.0,405.0,0,0.0
7541,1,406.0,406.0,0,0,0.0,1,406.0,406.0,0,0.0
7542,1,407.0,407.0,0,0,0.0,1,407.0,407.0,0,0.0
7543,1,408.0,408.0,0,0,0.0,1,408.0,408.0,0,0.0
7544,1,409.0,409.0,0,0,0.0,1,409.0,409.0,0,0.0
7545,1,421.0,421.0,0,0,0.0,1,421.0,421.0,0,0.0
7546,1,422.0,422.0,0,0,0.0,1,422.0,422.0,0,0.0
7547,1,427.0,427.0,0,0,0.0,0,,,0,
7548,1,491.0,491.0,0,0,0.0,0,,,0,
7549,1,569.0,569.0,0,0,0.0,0,,,0,
