node,chain_a,chain_b,num_date,n_tips_a,n_tips_b,min_tick_a,min_tick_b,chain_a_earliest_tick,chain_b_earliest_tick,a_is_earliest,b_is_earliest
NODE_0000007,230,3049,2021.439,2,1,294.0,368.0,294,368,1.0,1.0
NODE_0000078,460,551,2021.44,4,2,239.0,244.0,239,244,1.0,1.0
NODE_0000075,460,3049,2021.423,6,3,239.0,368.0,239,368,1.0,1.0
NODE_0000075,551,3049,2021.423,6,3,244.0,368.0,244,368,1.0,1.0
NODE_0000075,230,460,2021.423,3,6,294.0,239.0,294,239,1.0,1.0
NODE_0000075,230,551,2021.423,3,6,294.0,244.0,294,244,1.0,1.0
NODE_0000074,1049,3049,2021.407,1,9,322.0,,322,368,1.0,
NODE_0000074,460,1049,2021.407,9,1,,322.0,239,322,,1.0
NODE_0000074,230,1049,2021.407,9,1,,322.0,294,322,,1.0
NODE_0000074,551,1049,2021.407,9,1,,322.0,244,322,,1.0
NODE_0000062,517,3667,2021.597,11,1,,421.0,278,421,,1.0
NODE_0000077,562,3690,2021.999,1,1,391.0,423.0,254,423,0.0,1.0
NODE_0000073,562,3690,2021.979,1,2,396.0,423.0,254,423,0.0,1.0
NODE_0000072,562,3690,2021.923,1,3,388.0,423.0,254,423,0.0,1.0
NODE_0000071,562,3690,2021.908,1,4,391.0,423.0,254,423,0.0,1.0
NODE_0000070,562,3690,2021.896,7,5,370.0,423.0,254,423,0.0,1.0
NODE_0000069,562,3690,2021.889,1,12,354.0,,254,423,0.0,
NODE_0000067,562,3690,2021.861,2,13,355.0,,254,423,0.0,
NODE_0000065,562,3690,2021.838,2,15,347.0,,254,423,0.0,
NODE_0000064,562,3690,2021.812,1,17,322.0,,254,423,0.0,
NODE_0000061,562,3690,2021.785,1,18,341.0,,254,423,0.0,
NODE_0000060,562,3690,2021.777,1,19,310.0,,254,423,0.0,
NODE_0000059,562,3690,2021.757,1,20,311.0,,254,423,0.0,
NODE_0000058,562,3690,2021.748,1,21,300.0,,254,423,0.0,
NODE_0000053,562,3690,2021.702,5,22,305.0,,254,423,0.0,
NODE_0000052,562,3690,2021.7,1,27,282.0,,254,423,0.0,
NODE_0000050,562,3690,2021.681,2,28,286.0,,254,423,0.0,
NODE_0000045,562,3690,2021.669,5,30,279.0,,254,423,0.0,
NODE_0000044,562,3690,2021.656,1,35,272.0,,254,423,0.0,
NODE_0000038,562,3690,2021.639,6,36,271.0,,254,423,0.0,
NODE_0000035,562,3690,2021.634,3,42,263.0,,254,423,0.0,
NODE_0000034,562,3690,2021.629,1,45,270.0,,254,423,0.0,
NODE_0000032,562,3690,2021.625,2,46,264.0,,254,423,0.0,
NODE_0000030,562,3690,2021.617,2,48,275.0,,254,423,0.0,
NODE_0000029,562,3690,2021.614,1,50,256.0,,254,423,0.0,
NODE_0000051,562,3690,2021.604,1,51,266.0,,254,423,0.0,
NODE_0000005,562,3690,2021.593,1,52,260.0,,254,423,0.0,
NODE_0000005,562,3690,2021.593,4,52,254.0,,254,423,1.0,
NODE_0000025,562,935,2021.43,57,1,,294.0,254,294,,1.0
NODE_0000025,935,3690,2021.43,1,57,294.0,,294,423,1.0,
NODE_0000015,562,3667,2021.415,58,12,,,254,421,,
NODE_0000015,3667,3690,2021.415,12,58,,,421,423,,
NODE_0000015,935,3667,2021.415,58,12,,,294,421,,
NODE_0000015,517,562,2021.415,12,58,,,278,254,,
NODE_0000015,517,3690,2021.415,12,58,,,278,423,,
NODE_0000015,517,935,2021.415,12,58,,,278,294,,
NODE_0000092,1561,3571,2021.682,1,2,302.0,383.0,302,383,1.0,1.0
NODE_0000084,504,1561,2021.506,67,3,,302.0,257,302,,1.0
NODE_0000084,504,3571,2021.506,67,3,,383.0,257,383,,1.0
NODE_0000014,504,562,2021.405,70,70,,,257,254,,
NODE_0000014,562,1561,2021.405,70,70,,,254,302,,
NODE_0000014,562,3571,2021.405,70,70,,,254,383,,
NODE_0000014,504,3667,2021.405,70,70,,,257,421,,
NODE_0000014,1561,3667,2021.405,70,70,,,302,421,,
NODE_0000014,3571,3667,2021.405,70,70,,,383,421,,
NODE_0000014,504,517,2021.405,70,70,,,257,278,,
NODE_0000014,517,1561,2021.405,70,70,,,278,302,,
NODE_0000014,517,3571,2021.405,70,70,,,278,383,,
NODE_0000014,504,935,2021.405,70,70,,,257,294,,
NODE_0000014,935,1561,2021.405,70,70,,,294,302,,
NODE_0000014,935,3571,2021.405,70,70,,,294,383,,
NODE_0000014,504,3690,2021.405,70,70,,,257,423,,
NODE_0000014,1561,3690,2021.405,70,70,,,302,423,,
NODE_0000014,3571,3690,2021.405,70,70,,,383,423,,
NODE_0000004,230,517,2021.398,10,140,,,294,278,,
NODE_0000004,230,935,2021.398,10,140,,,294,294,,
NODE_0000004,230,3690,2021.398,10,140,,,294,423,,
NODE_0000004,230,562,2021.398,10,140,,,294,254,,
NODE_0000004,230,3667,2021.398,10,140,,,294,421,,
NODE_0000004,230,3571,2021.398,10,140,,,294,383,,
NODE_0000004,230,504,2021.398,10,140,,,294,257,,
NODE_0000004,230,1561,2021.398,10,140,,,294,302,,
NODE_0000004,517,551,2021.398,140,10,,,278,244,,
NODE_0000004,551,935,2021.398,10,140,,,244,294,,
NODE_0000004,551,3690,2021.398,10,140,,,244,423,,
NODE_0000004,551,562,2021.398,10,140,,,244,254,,
NODE_0000004,551,3667,2021.398,10,140,,,244,421,,
NODE_0000004,551,3571,2021.398,10,140,,,244,383,,
NODE_0000004,504,551,2021.398,140,10,,,257,244,,
NODE_0000004,551,1561,2021.398,10,140,,,244,302,,
NODE_0000004,517,1049,2021.398,140,10,,,278,322,,
NODE_0000004,935,1049,2021.398,140,10,,,294,322,,
NODE_0000004,1049,3690,2021.398,10,140,,,322,423,,
NODE_0000004,562,1049,2021.398,140,10,,,254,322,,
NODE_0000004,1049,3667,2021.398,10,140,,,322,421,,
NODE_0000004,1049,3571,2021.398,10,140,,,322,383,,
NODE_0000004,504,1049,2021.398,140,10,,,257,322,,
NODE_0000004,1049,1561,2021.398,10,140,,,322,302,,
NODE_0000004,460,517,2021.398,10,140,,,239,278,,
NODE_0000004,460,935,2021.398,10,140,,,239,294,,
NODE_0000004,460,3690,2021.398,10,140,,,239,423,,
NODE_0000004,460,562,2021.398,10,140,,,239,254,,
NODE_0000004,460,3667,2021.398,10,140,,,239,421,,
NODE_0000004,460,3571,2021.398,10,140,,,239,383,,
NODE_0000004,460,504,2021.398,10,140,,,239,257,,
NODE_0000004,460,1561,2021.398,10,140,,,239,302,,
NODE_0000004,517,3049,2021.398,140,10,,,278,368,,
NODE_0000004,935,3049,2021.398,140,10,,,294,368,,
NODE_0000004,3049,3690,2021.398,10,140,,,368,423,,
NODE_0000004,562,3049,2021.398,140,10,,,254,368,,
NODE_0000004,3049,3667,2021.398,10,140,,,368,421,,
NODE_0000004,3049,3571,2021.398,10,140,,,368,383,,
NODE_0000004,504,3049,2021.398,140,10,,,257,368,,
NODE_0000004,1561,3049,2021.398,140,10,,,302,368,,
NODE_0000153,276,429,2021.107,94,348,,,172,203,,
NODE_0000003,276,517,2020.898,442,150,,,172,278,,
NODE_0000003,429,517,2020.898,442,150,,,203,278,,
NODE_0000003,230,276,2020.898,150,442,,,294,172,,
NODE_0000003,230,429,2020.898,150,442,,,294,203,,
NODE_0000003,276,551,2020.898,442,150,,,172,244,,
NODE_0000003,429,551,2020.898,442,150,,,203,244,,
NODE_0000003,276,935,2020.898,442,150,,,172,294,,
NODE_0000003,429,935,2020.898,442,150,,,203,294,,
NODE_0000003,276,3049,2020.898,442,150,,,172,368,,
NODE_0000003,429,3049,2020.898,442,150,,,203,368,,
NODE_0000003,276,3690,2020.898,442,150,,,172,423,,
NODE_0000003,429,3690,2020.898,442,150,,,203,423,,
NODE_0000003,276,460,2020.898,442,150,,,172,239,,
NODE_0000003,429,460,2020.898,442,150,,,203,239,,
NODE_0000003,276,1561,2020.898,442,150,,,172,302,,
NODE_0000003,429,1561,2020.898,442,150,,,203,302,,
NODE_0000003,276,562,2020.898,442,150,,,172,254,,
NODE_0000003,429,562,2020.898,442,150,,,203,254,,
NODE_0000003,276,3667,2020.898,442,150,,,172,421,,
NODE_0000003,429,3667,2020.898,442,150,,,203,421,,
NODE_0000003,276,3571,2020.898,442,150,,,172,383,,
NODE_0000003,429,3571,2020.898,442,150,,,203,383,,
NODE_0000003,276,504,2020.898,442,150,,,172,257,,
NODE_0000003,429,504,2020.898,442,150,,,203,257,,
NODE_0000003,276,1049,2020.898,442,150,,,172,322,,
NODE_0000003,429,1049,2020.898,442,150,,,203,322,,
NODE_0000598,534,548,2021.426,10,7,,268.0,260,268,,1.0
NODE_0000617,511,748,2021.464,9,1,,259.0,269,259,,1.0
NODE_0000616,675,1604,2021.604,1,1,281.0,339.0,281,339,1.0,1.0
NODE_0000626,474,767,2021.479,83,3,,251.0,228,251,,1.0
NODE_0000789,474,675,2021.429,86,2,,281.0,228,281,,1.0
NODE_0000789,675,767,2021.429,2,86,281.0,,281,251,1.0,
NODE_0000789,474,1604,2021.429,86,2,,339.0,228,339,,1.0
NODE_0000789,767,1604,2021.429,86,2,,339.0,251,339,,1.0
NODE_0000614,474,748,2021.421,88,10,,,228,259,,
NODE_0000614,675,748,2021.421,88,10,,,281,259,,
NODE_0000614,748,1604,2021.421,10,88,,,259,339,,
NODE_0000614,748,767,2021.421,10,88,,,259,251,,
NODE_0000614,474,511,2021.421,88,10,,,228,269,,
NODE_0000614,511,675,2021.421,10,88,,,269,281,,
NODE_0000614,511,1604,2021.421,10,88,,,269,339,,
NODE_0000614,511,767,2021.421,10,88,,,269,251,,
NODE_0000597,548,675,2021.398,17,98,,,268,281,,
NODE_0000597,548,1604,2021.398,17,98,,,268,339,,
NODE_0000597,548,767,2021.398,17,98,,,268,251,,
NODE_0000597,474,548,2021.398,98,17,,,228,268,,
NODE_0000597,548,748,2021.398,17,98,,,268,259,,
NODE_0000597,511,548,2021.398,98,17,,,269,268,,
NODE_0000597,534,675,2021.398,17,98,,,260,281,,
NODE_0000597,534,1604,2021.398,17,98,,,260,339,,
NODE_0000597,534,767,2021.398,17,98,,,260,251,,
NODE_0000597,474,534,2021.398,98,17,,,228,260,,
NODE_0000597,534,748,2021.398,17,98,,,260,259,,
NODE_0000597,511,534,2021.398,98,17,,,269,260,,
NODE_0000907,673,691,2021.521,5,1,284.0,293.0,284,293,1.0,1.0
NODE_0000906,579,673,2021.455,22,6,,284.0,259,284,,1.0
NODE_0000906,579,691,2021.455,22,6,,293.0,259,293,,1.0
NODE_0001288,673,754,2021.404,28,1,,247.0,284,247,,1.0
NODE_0001288,579,754,2021.404,28,1,,247.0,259,247,,1.0
NODE_0001288,691,754,2021.404,28,1,,247.0,293,247,,1.0
NODE_0000933,1199,2914,2021.758,2,1,391.0,417.0,391,417,1.0,1.0
NODE_0000932,866,2914,2021.615,1,3,286.0,417.0,286,417,1.0,1.0
NODE_0000932,866,1199,2021.615,1,3,286.0,391.0,286,391,1.0,1.0
NODE_0001284,866,1074,2021.579,4,1,286.0,330.0,286,330,1.0,1.0
NODE_0001284,1074,2914,2021.579,1,4,330.0,417.0,330,417,1.0,1.0
NODE_0001284,1074,1199,2021.579,1,4,330.0,391.0,330,391,1.0,1.0
NODE_0001283,616,2914,2021.409,1,5,248.0,417.0,248,417,1.0,1.0
NODE_0001283,616,1074,2021.409,1,5,248.0,330.0,248,330,1.0,1.0
NODE_0001283,616,866,2021.409,1,5,248.0,286.0,248,286,1.0,1.0
NODE_0001283,616,1199,2021.409,1,5,248.0,391.0,248,391,1.0,1.0
NODE_0000941,629,676,2021.46,2,20,268.0,,268,264,1.0,
NODE_0000938,676,840,2021.423,22,1,,335.0,264,335,,1.0
NODE_0000938,629,840,2021.423,22,1,,335.0,268,335,,1.0
NODE_0000937,840,914,2021.405,23,1,,290.0,335,290,,1.0
NODE_0000937,676,914,2021.405,23,1,,290.0,264,290,,1.0
NODE_0000937,629,914,2021.405,23,1,,290.0,268,290,,1.0
NODE_0000993,136,1859,2021.871,2,1,362.0,422.0,170,343,0.0,0.0
NODE_0000992,136,1859,2021.862,3,1,362.0,343.0,170,343,0.0,1.0
NODE_0000991,136,1859,2021.705,1,4,284.0,343.0,170,343,0.0,1.0
NODE_0000987,136,1859,2021.576,3,5,243.0,343.0,170,343,0.0,1.0
NODE_0001592,136,1859,2021.574,1,8,236.0,343.0,170,343,0.0,1.0
NODE_0000985,136,1859,2021.499,12,9,,,170,343,,
NODE_0000984,136,1859,2021.497,1,21,208.0,,170,343,0.0,
NODE_0000983,136,1859,2021.451,1,22,191.0,,170,343,0.0,
NODE_0001545,136,1859,2021.391,1,23,181.0,,170,343,0.0,
NODE_0001545,136,1859,2021.391,1,23,179.0,,170,343,0.0,
NODE_0001545,136,1859,2021.391,1,23,176.0,,170,343,0.0,
NODE_0001545,136,1859,2021.391,1,23,175.0,,170,343,0.0,
NODE_0001545,136,1859,2021.391,1,23,175.0,,170,343,0.0,
NODE_0001545,136,1859,2021.391,1,23,173.0,,170,343,0.0,
NODE_0001545,136,1859,2021.391,1,23,172.0,,170,343,0.0,
NODE_0001545,136,1859,2021.391,1,23,171.0,,170,343,0.0,
NODE_0001545,136,1859,2021.391,1,23,171.0,,170,343,0.0,
NODE_0001545,136,1859,2021.391,1,23,171.0,,170,343,0.0,
NODE_0001545,136,1859,2021.391,1,23,171.0,,170,343,0.0,
NODE_0001545,136,1859,2021.391,1,23,171.0,,170,343,0.0,
NODE_0001545,136,1859,2021.391,1,23,170.0,,170,343,1.0,
NODE_0001545,136,1859,2021.391,6,23,173.0,,170,343,0.0,
NODE_0001545,136,1859,2021.391,25,23,,,170,343,,
NODE_0001340,136,1859,2021.386,1,67,187.0,,170,343,0.0,
NODE_0001340,136,1859,2021.386,1,67,180.0,,170,343,0.0,
NODE_0001340,136,1859,2021.386,1,67,176.0,,170,343,0.0,
NODE_0001340,136,1859,2021.386,1,67,174.0,,170,343,0.0,
NODE_0001340,136,1859,2021.386,1,67,172.0,,170,343,0.0,
NODE_0001340,136,1859,2021.386,1,67,171.0,,170,343,0.0,
NODE_0001340,136,1859,2021.386,4,67,172.0,,170,343,0.0,
NODE_0001340,136,1859,2021.386,11,67,,,170,343,,
NODE_0001340,136,1859,2021.386,83,67,,,170,343,,
NODE_0001340,136,1859,2021.386,101,67,,,170,343,,
NODE_0001316,136,840,2021.347,272,24,,,170,335,,
NODE_0001316,840,1859,2021.347,24,272,,,335,343,,
NODE_0001316,136,914,2021.347,272,24,,,170,290,,
NODE_0001316,914,1859,2021.347,24,272,,,290,343,,
NODE_0001316,136,676,2021.347,272,24,,,170,264,,
NODE_0001316,676,1859,2021.347,24,272,,,264,343,,
NODE_0001316,136,629,2021.347,272,24,,,170,268,,
NODE_0001316,629,1859,2021.347,24,272,,,268,343,,
NODE_0000929,914,2914,2021.33,296,6,,417.0,290,417,,1.0
NODE_0000929,1859,2914,2021.33,296,6,,417.0,343,417,,1.0
NODE_0000929,676,2914,2021.33,296,6,,417.0,264,417,,1.0
NODE_0000929,629,2914,2021.33,296,6,,417.0,268,417,,1.0
NODE_0000929,840,2914,2021.33,296,6,,417.0,335,417,,1.0
NODE_0000929,136,2914,2021.33,296,6,,417.0,170,417,,1.0
NODE_0000929,914,1074,2021.33,296,6,,330.0,290,330,,1.0
NODE_0000929,1074,1859,2021.33,6,296,330.0,,330,343,1.0,
NODE_0000929,676,1074,2021.33,296,6,,330.0,264,330,,1.0
NODE_0000929,629,1074,2021.33,296,6,,330.0,268,330,,1.0
NODE_0000929,840,1074,2021.33,296,6,,330.0,335,330,,1.0
NODE_0000929,136,1074,2021.33,296,6,,330.0,170,330,,1.0
NODE_0000929,866,914,2021.33,6,296,286.0,,286,290,1.0,
NODE_0000929,866,1859,2021.33,6,296,286.0,,286,343,1.0,
NODE_0000929,676,866,2021.33,296,6,,286.0,264,286,,1.0
NODE_0000929,629,866,2021.33,296,6,,286.0,268,286,,1.0
NODE_0000929,840,866,2021.33,296,6,,286.0,335,286,,1.0
NODE_0000929,136,866,2021.33,296,6,,286.0,170,286,,1.0
NODE_0000929,616,914,2021.33,6,296,248.0,,248,290,1.0,
NODE_0000929,616,1859,2021.33,6,296,248.0,,248,343,1.0,
NODE_0000929,616,676,2021.33,6,296,248.0,,248,264,1.0,
NODE_0000929,616,629,2021.33,6,296,248.0,,248,268,1.0,
NODE_0000929,616,840,2021.33,6,296,248.0,,248,335,1.0,
NODE_0000929,136,616,2021.33,296,6,,248.0,170,248,,1.0
NODE_0000929,914,1199,2021.33,296,6,,391.0,290,391,,1.0
NODE_0000929,1199,1859,2021.33,6,296,391.0,,391,343,1.0,
NODE_0000929,676,1199,2021.33,296,6,,391.0,264,391,,1.0
NODE_0000929,629,1199,2021.33,296,6,,391.0,268,391,,1.0
NODE_0000929,840,1199,2021.33,296,6,,391.0,335,391,,1.0
NODE_0000929,136,1199,2021.33,296,6,,391.0,170,391,,1.0
NODE_0001281,673,2914,2021.321,29,302,,,284,417,,
NODE_0001281,673,866,2021.321,29,302,,,284,286,,
NODE_0001281,673,1859,2021.321,29,302,,,284,343,,
NODE_0001281,673,676,2021.321,29,302,,,284,264,,
NODE_0001281,616,673,2021.321,302,29,,,248,284,,
NODE_0001281,673,840,2021.321,29,302,,,284,335,,
NODE_0001281,136,673,2021.321,302,29,,,170,284,,
NODE_0001281,673,1199,2021.321,29,302,,,284,391,,
NODE_0001281,673,1074,2021.321,29,302,,,284,330,,
NODE_0001281,673,914,2021.321,29,302,,,284,290,,
NODE_0001281,629,673,2021.321,302,29,,,268,284,,
NODE_0001281,754,2914,2021.321,29,302,,,247,417,,
NODE_0001281,754,866,2021.321,29,302,,,247,286,,
NODE_0001281,754,1859,2021.321,29,302,,,247,343,,
NODE_0001281,676,754,2021.321,302,29,,,264,247,,
NODE_0001281,616,754,2021.321,302,29,,,248,247,,
NODE_0001281,754,840,2021.321,29,302,,,247,335,,
NODE_0001281,136,754,2021.321,302,29,,,170,247,,
NODE_0001281,754,1199,2021.321,29,302,,,247,391,,
NODE_0001281,754,1074,2021.321,29,302,,,247,330,,
NODE_0001281,754,914,2021.321,29,302,,,247,290,,
NODE_0001281,629,754,2021.321,302,29,,,268,247,,
NODE_0001281,579,2914,2021.321,29,302,,,259,417,,
NODE_0001281,579,866,2021.321,29,302,,,259,286,,
NODE_0001281,579,1859,2021.321,29,302,,,259,343,,
NODE_0001281,579,676,2021.321,29,302,,,259,264,,
NODE_0001281,579,616,2021.321,29,302,,,259,248,,
NODE_0001281,579,840,2021.321,29,302,,,259,335,,
NODE_0001281,136,579,2021.321,302,29,,,170,259,,
NODE_0001281,579,1199,2021.321,29,302,,,259,391,,
NODE_0001281,579,1074,2021.321,29,302,,,259,330,,
NODE_0001281,579,914,2021.321,29,302,,,259,290,,
NODE_0001281,579,629,2021.321,29,302,,,259,268,,
NODE_0001281,691,2914,2021.321,29,302,,,293,417,,
NODE_0001281,691,866,2021.321,29,302,,,293,286,,
NODE_0001281,691,1859,2021.321,29,302,,,293,343,,
NODE_0001281,676,691,2021.321,302,29,,,264,293,,
NODE_0001281,616,691,2021.321,302,29,,,248,293,,
NODE_0001281,691,840,2021.321,29,302,,,293,335,,
NODE_0001281,136,691,2021.321,302,29,,,170,293,,
NODE_0001281,691,1199,2021.321,29,302,,,293,391,,
NODE_0001281,691,1074,2021.321,29,302,,,293,330,,
NODE_0001281,691,914,2021.321,29,302,,,293,290,,
NODE_0001281,629,691,2021.321,302,29,,,268,293,,
NODE_0001220,787,1013,2021.46,1,3,333.0,258.0,333,258,1.0,1.0
NODE_0000713,599,628,2021.577,1,3,291.0,268.0,291,268,1.0,1.0
NODE_0000712,628,3418,2021.522,4,1,268.0,404.0,268,404,1.0,1.0
NODE_0000712,599,3418,2021.522,4,1,291.0,404.0,291,404,1.0,1.0
NODE_0001219,787,3418,2021.406,4,5,333.0,404.0,333,404,1.0,1.0
NODE_0001219,628,787,2021.406,5,4,268.0,333.0,268,333,1.0,1.0
NODE_0001219,599,787,2021.406,5,4,291.0,333.0,291,333,1.0,1.0
NODE_0001219,1013,3418,2021.406,4,5,258.0,404.0,258,404,1.0,1.0
NODE_0001219,628,1013,2021.406,5,4,268.0,258.0,268,258,1.0,1.0
NODE_0001219,599,1013,2021.406,5,4,291.0,258.0,291,258,1.0,1.0
NODE_0000805,746,917,2021.533,1,1,268.0,396.0,268,396,1.0,1.0
NODE_0000804,620,746,2021.47,1,2,259.0,268.0,259,268,1.0,1.0
NODE_0000804,620,917,2021.47,1,2,259.0,396.0,259,396,1.0,1.0
NODE_0001236,665,2041,2021.578,5,2,283.0,363.0,283,363,1.0,1.0
NODE_0000818,1056,2041,2021.543,4,7,275.0,363.0,275,363,1.0,1.0
NODE_0000818,665,1056,2021.543,7,4,283.0,275.0,283,275,1.0,1.0
NODE_0001245,931,3099,2021.759,1,1,413.0,367.0,413,367,1.0,1.0
NODE_0001244,1708,3099,2021.635,1,2,339.0,367.0,339,367,1.0,1.0
NODE_0001244,931,1708,2021.635,2,1,413.0,339.0,413,339,1.0,1.0
NODE_0000813,590,687,2021.674,3,2,325.0,297.0,325,297,1.0,1.0
NODE_0000810,590,3099,2021.596,5,3,325.0,367.0,325,367,1.0,1.0
NODE_0000810,687,3099,2021.596,5,3,297.0,367.0,297,367,1.0,1.0
NODE_0000810,590,1708,2021.596,5,3,325.0,339.0,325,339,1.0,1.0
NODE_0000810,687,1708,2021.596,5,3,297.0,339.0,297,339,1.0,1.0
NODE_0000810,590,931,2021.596,5,3,325.0,413.0,325,413,1.0,1.0
NODE_0000810,687,931,2021.596,5,3,297.0,413.0,297,413,1.0,1.0
NODE_0001256,508,1190,2021.604,1,1,332.0,328.0,332,328,1.0,1.0
NODE_0001255,508,2246,2021.594,2,1,332.0,348.0,332,348,1.0,1.0
NODE_0001255,1190,2246,2021.594,2,1,328.0,348.0,328,348,1.0,1.0
NODE_0001254,508,1244,2021.572,3,1,332.0,344.0,332,344,1.0,1.0
NODE_0001254,1244,2246,2021.572,1,3,344.0,348.0,344,348,1.0,1.0
NODE_0001254,1190,1244,2021.572,3,1,328.0,344.0,328,344,1.0,1.0
NODE_0001253,1244,1288,2021.547,4,1,344.0,279.0,344,279,1.0,1.0
NODE_0001253,508,1288,2021.547,4,1,332.0,279.0,332,279,1.0,1.0
NODE_0001253,1288,2246,2021.547,1,4,279.0,348.0,279,348,1.0,1.0
NODE_0001253,1190,1288,2021.547,4,1,328.0,279.0,328,279,1.0,1.0
NODE_0001250,634,2246,2021.522,3,5,274.0,348.0,274,348,1.0,1.0
NODE_0001250,634,1190,2021.522,3,5,274.0,328.0,274,328,1.0,1.0
NODE_0001250,634,1288,2021.522,3,5,274.0,279.0,274,279,1.0,1.0
NODE_0001250,634,1244,2021.522,3,5,274.0,344.0,274,344,1.0,1.0
NODE_0001250,508,634,2021.522,5,3,332.0,274.0,332,274,1.0,1.0
NODE_0001242,931,2246,2021.499,8,8,413.0,348.0,413,348,1.0,1.0
NODE_0001242,931,1190,2021.499,8,8,413.0,328.0,413,328,1.0,1.0
NODE_0001242,931,1288,2021.499,8,8,413.0,279.0,413,279,1.0,1.0
NODE_0001242,634,931,2021.499,8,8,274.0,413.0,274,413,1.0,1.0
NODE_0001242,931,1244,2021.499,8,8,413.0,344.0,413,344,1.0,1.0
NODE_0001242,508,931,2021.499,8,8,332.0,413.0,332,413,1.0,1.0
NODE_0001242,2246,3099,2021.499,8,8,348.0,367.0,348,367,1.0,1.0
NODE_0001242,1190,3099,2021.499,8,8,328.0,367.0,328,367,1.0,1.0
NODE_0001242,1288,3099,2021.499,8,8,279.0,367.0,279,367,1.0,1.0
NODE_0001242,634,3099,2021.499,8,8,274.0,367.0,274,367,1.0,1.0
NODE_0001242,1244,3099,2021.499,8,8,344.0,367.0,344,367,1.0,1.0
NODE_0001242,508,3099,2021.499,8,8,332.0,367.0,332,367,1.0,1.0
NODE_0001242,1708,2246,2021.499,8,8,339.0,348.0,339,348,1.0,1.0
NODE_0001242,1190,1708,2021.499,8,8,328.0,339.0,328,339,1.0,1.0
NODE_0001242,1288,1708,2021.499,8,8,279.0,339.0,279,339,1.0,1.0
NODE_0001242,634,1708,2021.499,8,8,274.0,339.0,274,339,1.0,1.0
NODE_0001242,1244,1708,2021.499,8,8,344.0,339.0,344,339,1.0,1.0
NODE_0001242,508,1708,2021.499,8,8,332.0,339.0,332,339,1.0,1.0
NODE_0001242,590,2246,2021.499,8,8,325.0,348.0,325,348,1.0,1.0
NODE_0001242,590,1190,2021.499,8,8,325.0,328.0,325,328,1.0,1.0
NODE_0001242,590,1288,2021.499,8,8,325.0,279.0,325,279,1.0,1.0
NODE_0001242,590,634,2021.499,8,8,325.0,274.0,325,274,1.0,1.0
NODE_0001242,590,1244,2021.499,8,8,325.0,344.0,325,344,1.0,1.0
NODE_0001242,508,590,2021.499,8,8,332.0,325.0,332,325,1.0,1.0
NODE_0001242,687,2246,2021.499,8,8,297.0,348.0,297,348,1.0,1.0
NODE_0001242,687,1190,2021.499,8,8,297.0,328.0,297,328,1.0,1.0
NODE_0001242,687,1288,2021.499,8,8,297.0,279.0,297,279,1.0,1.0
NODE_0001242,634,687,2021.499,8,8,274.0,297.0,274,297,1.0,1.0
NODE_0001242,687,1244,2021.499,8,8,297.0,344.0,297,344,1.0,1.0
NODE_0001242,508,687,2021.499,8,8,332.0,297.0,332,297,1.0,1.0
NODE_0001231,931,1056,2021.451,16,11,,,413,275,,
NODE_0001231,1056,2246,2021.451,11,16,,,275,348,,
NODE_0001231,1056,1190,2021.451,11,16,,,275,328,,
NODE_0001231,1056,1288,2021.451,11,16,,,275,279,,
NODE_0001231,1056,1708,2021.451,11,16,,,275,339,,
NODE_0001231,508,1056,2021.451,16,11,,,332,275,,
NODE_0001231,590,1056,2021.451,16,11,,,325,275,,
NODE_0001231,687,1056,2021.451,16,11,,,297,275,,
NODE_0001231,634,1056,2021.451,16,11,,,274,275,,
NODE_0001231,1056,3099,2021.451,11,16,,,275,367,,
NODE_0001231,1056,1244,2021.451,11,16,,,275,344,,
NODE_0001231,931,2041,2021.451,16,11,,,413,363,,
NODE_0001231,2041,2246,2021.451,11,16,,,363,348,,
NODE_0001231,1190,2041,2021.451,16,11,,,328,363,,
NODE_0001231,1288,2041,2021.451,16,11,,,279,363,,
NODE_0001231,1708,2041,2021.451,16,11,,,339,363,,
NODE_0001231,508,2041,2021.451,16,11,,,332,363,,
NODE_0001231,590,2041,2021.451,16,11,,,325,363,,
NODE_0001231,687,2041,2021.451,16,11,,,297,363,,
NODE_0001231,634,2041,2021.451,16,11,,,274,363,,
NODE_0001231,2041,3099,2021.451,11,16,,,363,367,,
NODE_0001231,1244,2041,2021.451,16,11,,,344,363,,
NODE_0001231,665,931,2021.451,11,16,,,283,413,,
NODE_0001231,665,2246,2021.451,11,16,,,283,348,,
NODE_0001231,665,1190,2021.451,11,16,,,283,328,,
NODE_0001231,665,1288,2021.451,11,16,,,283,279,,
NODE_0001231,665,1708,2021.451,11,16,,,283,339,,
NODE_0001231,508,665,2021.451,16,11,,,332,283,,
NODE_0001231,590,665,2021.451,16,11,,,325,283,,
NODE_0001231,665,687,2021.451,11,16,,,283,297,,
NODE_0001231,634,665,2021.451,16,11,,,274,283,,
NODE_0001231,665,3099,2021.451,11,16,,,283,367,,
NODE_0001231,665,1244,2021.451,11,16,,,283,344,,
NODE_0001230,432,1056,2021.419,437,27,,,209,275,,
NODE_0001230,432,931,2021.419,437,27,,,209,413,,
NODE_0001230,432,2246,2021.419,437,27,,,209,348,,
NODE_0001230,432,1190,2021.419,437,27,,,209,328,,
NODE_0001230,432,1288,2021.419,437,27,,,209,279,,
NODE_0001230,432,1708,2021.419,437,27,,,209,339,,
NODE_0001230,432,590,2021.419,437,27,,,209,325,,
NODE_0001230,432,687,2021.419,437,27,,,209,297,,
NODE_0001230,432,665,2021.419,437,27,,,209,283,,
NODE_0001230,432,1244,2021.419,437,27,,,209,344,,
NODE_0001230,432,2041,2021.419,437,27,,,209,363,,
NODE_0001230,432,634,2021.419,437,27,,,209,274,,
NODE_0001230,432,3099,2021.419,437,27,,,209,367,,
NODE_0001230,432,508,2021.419,437,27,,,209,332,,
NODE_0000801,746,1056,2021.407,3,464,268.0,,268,275,1.0,
NODE_0000801,746,931,2021.407,3,464,268.0,,268,413,1.0,
NODE_0000801,746,2246,2021.407,3,464,268.0,,268,348,1.0,
NODE_0000801,746,1190,2021.407,3,464,268.0,,268,328,1.0,
NODE_0000801,746,1288,2021.407,3,464,268.0,,268,279,1.0,
NODE_0000801,746,1708,2021.407,3,464,268.0,,268,339,1.0,
NODE_0000801,590,746,2021.407,464,3,,268.0,325,268,,1.0
NODE_0000801,687,746,2021.407,464,3,,268.0,297,268,,1.0
NODE_0000801,432,746,2021.407,464,3,,268.0,209,268,,1.0
NODE_0000801,665,746,2021.407,464,3,,268.0,283,268,,1.0
NODE_0000801,746,1244,2021.407,3,464,268.0,,268,344,1.0,
NODE_0000801,746,2041,2021.407,3,464,268.0,,268,363,1.0,
NODE_0000801,634,746,2021.407,464,3,,268.0,274,268,,1.0
NODE_0000801,746,3099,2021.407,3,464,268.0,,268,367,1.0,
NODE_0000801,508,746,2021.407,464,3,,268.0,332,268,,1.0
NODE_0000801,620,1056,2021.407,3,464,259.0,,259,275,1.0,
NODE_0000801,620,931,2021.407,3,464,259.0,,259,413,1.0,
NODE_0000801,620,2246,2021.407,3,464,259.0,,259,348,1.0,
NODE_0000801,620,1190,2021.407,3,464,259.0,,259,328,1.0,
NODE_0000801,620,1288,2021.407,3,464,259.0,,259,279,1.0,
NODE_0000801,620,1708,2021.407,3,464,259.0,,259,339,1.0,
NODE_0000801,590,620,2021.407,464,3,,259.0,325,259,,1.0
NODE_0000801,620,687,2021.407,3,464,259.0,,259,297,1.0,
NODE_0000801,432,620,2021.407,464,3,,259.0,209,259,,1.0
NODE_0000801,620,665,2021.407,3,464,259.0,,259,283,1.0,
NODE_0000801,620,1244,2021.407,3,464,259.0,,259,344,1.0,
NODE_0000801,620,2041,2021.407,3,464,259.0,,259,363,1.0,
NODE_0000801,620,634,2021.407,3,464,259.0,,259,274,1.0,
NODE_0000801,620,3099,2021.407,3,464,259.0,,259,367,1.0,
NODE_0000801,508,620,2021.407,464,3,,259.0,332,259,,1.0
NODE_0000801,917,1056,2021.407,3,464,396.0,,396,275,1.0,
NODE_0000801,917,931,2021.407,3,464,396.0,,396,413,1.0,
NODE_0000801,917,2246,2021.407,3,464,396.0,,396,348,1.0,
NODE_0000801,917,1190,2021.407,3,464,396.0,,396,328,1.0,
NODE_0000801,917,1288,2021.407,3,464,396.0,,396,279,1.0,
NODE_0000801,917,1708,2021.407,3,464,396.0,,396,339,1.0,
NODE_0000801,590,917,2021.407,464,3,,396.0,325,396,,1.0
NODE_0000801,687,917,2021.407,464,3,,396.0,297,396,,1.0
NODE_0000801,432,917,2021.407,464,3,,396.0,209,396,,1.0
NODE_0000801,665,917,2021.407,464,3,,396.0,283,396,,1.0
NODE_0000801,917,1244,2021.407,3,464,396.0,,396,344,1.0,
NODE_0000801,917,2041,2021.407,3,464,396.0,,396,363,1.0,
NODE_0000801,634,917,2021.407,464,3,,396.0,274,396,,1.0
NODE_0000801,917,3099,2021.407,3,464,396.0,,396,367,1.0,
NODE_0000801,508,917,2021.407,464,3,,396.0,332,396,,1.0
NODE_0001218,787,2246,2021.398,9,467,,,333,348,,
NODE_0001218,787,1288,2021.398,9,467,,,333,279,,
NODE_0001218,590,787,2021.398,467,9,,,325,333,,
NODE_0001218,787,917,2021.398,9,467,,,333,396,,
NODE_0001218,665,787,2021.398,467,9,,,283,333,,
NODE_0001218,787,3099,2021.398,9,467,,,333,367,,
NODE_0001218,787,1244,2021.398,9,467,,,333,344,,
NODE_0001218,787,1056,2021.398,9,467,,,333,275,,
NODE_0001218,787,931,2021.398,9,467,,,333,413,,
NODE_0001218,787,1190,2021.398,9,467,,,333,328,,
NODE_0001218,746,787,2021.398,467,9,,,268,333,,
NODE_0001218,620,787,2021.398,467,9,,,259,333,,
NODE_0001218,787,1708,2021.398,9,467,,,333,339,,
NODE_0001218,687,787,2021.398,467,9,,,297,333,,
NODE_0001218,432,787,2021.398,467,9,,,209,333,,
NODE_0001218,787,2041,2021.398,9,467,,,333,363,,
NODE_0001218,634,787,2021.398,467,9,,,274,333,,
NODE_0001218,508,787,2021.398,467,9,,,332,333,,
NODE_0001218,628,2246,2021.398,9,467,,,268,348,,
NODE_0001218,628,1288,2021.398,9,467,,,268,279,,
NODE_0001218,590,628,2021.398,467,9,,,325,268,,
NODE_0001218,628,917,2021.398,9,467,,,268,396,,
NODE_0001218,628,665,2021.398,9,467,,,268,283,,
NODE_0001218,628,3099,2021.398,9,467,,,268,367,,
NODE_0001218,628,1244,2021.398,9,467,,,268,344,,
NODE_0001218,628,1056,2021.398,9,467,,,268,275,,
NODE_0001218,628,931,2021.398,9,467,,,268,413,,
NODE_0001218,628,1190,2021.398,9,467,,,268,328,,
NODE_0001218,628,746,2021.398,9,467,,,268,268,,
NODE_0001218,620,628,2021.398,467,9,,,259,268,,
NODE_0001218,628,1708,2021.398,9,467,,,268,339,,
NODE_0001218,628,687,2021.398,9,467,,,268,297,,
NODE_0001218,432,628,2021.398,467,9,,,209,268,,
NODE_0001218,628,2041,2021.398,9,467,,,268,363,,
NODE_0001218,628,634,2021.398,9,467,,,268,274,,
NODE_0001218,508,628,2021.398,467,9,,,332,268,,
NODE_0001218,1013,2246,2021.398,9,467,,,258,348,,
NODE_0001218,1013,1288,2021.398,9,467,,,258,279,,
NODE_0001218,590,1013,2021.398,467,9,,,325,258,,
NODE_0001218,917,1013,2021.398,467,9,,,396,258,,
NODE_0001218,665,1013,2021.398,467,9,,,283,258,,
NODE_0001218,1013,3099,2021.398,9,467,,,258,367,,
NODE_0001218,1013,1244,2021.398,9,467,,,258,344,,
NODE_0001218,1013,1056,2021.398,9,467,,,258,275,,
NODE_0001218,931,1013,2021.398,467,9,,,413,258,,
NODE_0001218,1013,1190,2021.398,9,467,,,258,328,,
NODE_0001218,746,1013,2021.398,467,9,,,268,258,,
NODE_0001218,620,1013,2021.398,467,9,,,259,258,,
NODE_0001218,1013,1708,2021.398,9,467,,,258,339,,
NODE_0001218,687,1013,2021.398,467,9,,,297,258,,
NODE_0001218,432,1013,2021.398,467,9,,,209,258,,
NODE_0001218,1013,2041,2021.398,9,467,,,258,363,,
NODE_0001218,634,1013,2021.398,467,9,,,274,258,,
NODE_0001218,508,1013,2021.398,467,9,,,332,258,,
NODE_0001218,599,2246,2021.398,9,467,,,291,348,,
NODE_0001218,599,1288,2021.398,9,467,,,291,279,,
NODE_0001218,590,599,2021.398,467,9,,,325,291,,
NODE_0001218,599,917,2021.398,9,467,,,291,396,,
NODE_0001218,599,665,2021.398,9,467,,,291,283,,
NODE_0001218,599,3099,2021.398,9,467,,,291,367,,
NODE_0001218,599,1244,2021.398,9,467,,,291,344,,
NODE_0001218,599,1056,2021.398,9,467,,,291,275,,
NODE_0001218,599,931,2021.398,9,467,,,291,413,,
NODE_0001218,599,1190,2021.398,9,467,,,291,328,,
NODE_0001218,599,746,2021.398,9,467,,,291,268,,
NODE_0001218,599,620,2021.398,9,467,,,291,259,,
NODE_0001218,599,1708,2021.398,9,467,,,291,339,,
NODE_0001218,599,687,2021.398,9,467,,,291,297,,
NODE_0001218,432,599,2021.398,467,9,,,209,291,,
NODE_0001218,599,2041,2021.398,9,467,,,291,363,,
NODE_0001218,599,634,2021.398,9,467,,,291,274,,
NODE_0001218,508,599,2021.398,467,9,,,332,291,,
NODE_0001218,2246,3418,2021.398,467,9,,,348,404,,
NODE_0001218,1288,3418,2021.398,467,9,,,279,404,,
NODE_0001218,590,3418,2021.398,467,9,,,325,404,,
NODE_0001218,917,3418,2021.398,467,9,,,396,404,,
NODE_0001218,665,3418,2021.398,467,9,,,283,404,,
NODE_0001218,3099,3418,2021.398,467,9,,,367,404,,
NODE_0001218,1244,3418,2021.398,467,9,,,344,404,,
NODE_0001218,1056,3418,2021.398,467,9,,,275,404,,
NODE_0001218,931,3418,2021.398,467,9,,,413,404,,
NODE_0001218,1190,3418,2021.398,467,9,,,328,404,,
NODE_0001218,746,3418,2021.398,467,9,,,268,404,,
NODE_0001218,620,3418,2021.398,467,9,,,259,404,,
NODE_0001218,1708,3418,2021.398,467,9,,,339,404,,
NODE_0001218,687,3418,2021.398,467,9,,,297,404,,
NODE_0001218,432,3418,2021.398,467,9,,,209,404,,
NODE_0001218,2041,3418,2021.398,467,9,,,363,404,,
NODE_0001218,634,3418,2021.398,467,9,,,274,404,,
NODE_0001218,508,3418,2021.398,467,9,,,332,404,,
NODE_0000903,673,2246,2021.293,331,476,,,284,348,,
NODE_0000903,673,1288,2021.293,331,476,,,284,279,,
NODE_0000903,590,673,2021.293,476,331,,,325,284,,
NODE_0000903,673,787,2021.293,331,476,,,284,333,,
NODE_0000903,673,917,2021.293,331,476,,,284,396,,
NODE_0000903,599,673,2021.293,476,331,,,291,284,,
NODE_0000903,665,673,2021.293,476,331,,,283,284,,
NODE_0000903,673,3418,2021.293,331,476,,,284,404,,
NODE_0000903,673,3099,2021.293,331,476,,,284,367,,
NODE_0000903,673,1244,2021.293,331,476,,,284,344,,
NODE_0000903,673,1056,2021.293,331,476,,,284,275,,
NODE_0000903,673,931,2021.293,331,476,,,284,413,,
NODE_0000903,673,1190,2021.293,331,476,,,284,328,,
NODE_0000903,673,746,2021.293,331,476,,,284,268,,
NODE_0000903,620,673,2021.293,476,331,,,259,284,,
NODE_0000903,673,1708,2021.293,331,476,,,284,339,,
NODE_0000903,673,687,2021.293,331,476,,,284,297,,
NODE_0000903,432,673,2021.293,476,331,,,209,284,,
NODE_0000903,628,673,2021.293,476,331,,,268,284,,
NODE_0000903,673,1013,2021.293,331,476,,,284,258,,
NODE_0000903,673,2041,2021.293,331,476,,,284,363,,
NODE_0000903,634,673,2021.293,476,331,,,274,284,,
NODE_0000903,508,673,2021.293,476,331,,,332,284,,
NODE_0000903,2246,2914,2021.293,476,331,,,348,417,,
NODE_0000903,1288,2914,2021.293,476,331,,,279,417,,
NODE_0000903,590,2914,2021.293,476,331,,,325,417,,
NODE_0000903,787,2914,2021.293,476,331,,,333,417,,
NODE_0000903,917,2914,2021.293,476,331,,,396,417,,
NODE_0000903,599,2914,2021.293,476,331,,,291,417,,
NODE_0000903,665,2914,2021.293,476,331,,,283,417,,
NODE_0000903,2914,3418,2021.293,331,476,,,417,404,,
NODE_0000903,2914,3099,2021.293,331,476,,,417,367,,
NODE_0000903,1244,2914,2021.293,476,331,,,344,417,,
NODE_0000903,1056,2914,2021.293,476,331,,,275,417,,
NODE_0000903,931,2914,2021.293,476,331,,,413,417,,
NODE_0000903,1190,2914,2021.293,476,331,,,328,417,,
NODE_0000903,746,2914,2021.293,476,331,,,268,417,,
NODE_0000903,620,2914,2021.293,476,331,,,259,417,,
NODE_0000903,1708,2914,2021.293,476,331,,,339,417,,
NODE_0000903,687,2914,2021.293,476,331,,,297,417,,
NODE_0000903,432,2914,2021.293,476,331,,,209,417,,
NODE_0000903,628,2914,2021.293,476,331,,,268,417,,
NODE_0000903,1013,2914,2021.293,476,331,,,258,417,,
NODE_0000903,2041,2914,2021.293,476,331,,,363,417,,
NODE_0000903,634,2914,2021.293,476,331,,,274,417,,
NODE_0000903,508,2914,2021.293,476,331,,,332,417,,
NODE_0000903,579,2246,2021.293,331,476,,,259,348,,
NODE_0000903,579,1288,2021.293,331,476,,,259,279,,
NODE_0000903,579,590,2021.293,331,476,,,259,325,,
NODE_0000903,579,787,2021.293,331,476,,,259,333,,
NODE_0000903,579,917,2021.293,331,476,,,259,396,,
NODE_0000903,579,599,2021.293,331,476,,,259,291,,
NODE_0000903,579,665,2021.293,331,476,,,259,283,,
NODE_0000903,579,3418,2021.293,331,476,,,259,404,,
NODE_0000903,579,3099,2021.293,331,476,,,259,367,,
NODE_0000903,579,1244,2021.293,331,476,,,259,344,,
NODE_0000903,579,1056,2021.293,331,476,,,259,275,,
NODE_0000903,579,931,2021.293,331,476,,,259,413,,
NODE_0000903,579,1190,2021.293,331,476,,,259,328,,
NODE_0000903,579,746,2021.293,331,476,,,259,268,,
NODE_0000903,579,620,2021.293,331,476,,,259,259,,
NODE_0000903,579,1708,2021.293,331,476,,,259,339,,
NODE_0000903,579,687,2021.293,331,476,,,259,297,,
NODE_0000903,432,579,2021.293,476,331,,,209,259,,
NODE_0000903,579,628,2021.293,331,476,,,259,268,,
NODE_0000903,579,1013,2021.293,331,476,,,259,258,,
NODE_0000903,579,2041,2021.293,331,476,,,259,363,,
NODE_0000903,579,634,2021.293,331,476,,,259,274,,
NODE_0000903,508,579,2021.293,476,331,,,332,259,,
NODE_0000903,866,2246,2021.293,331,476,,,286,348,,
NODE_0000903,866,1288,2021.293,331,476,,,286,279,,
NODE_0000903,590,866,2021.293,476,331,,,325,286,,
NODE_0000903,787,866,2021.293,476,331,,,333,286,,
NODE_0000903,866,917,2021.293,331,476,,,286,396,,
NODE_0000903,599,866,2021.293,476,331,,,291,286,,
NODE_0000903,665,866,2021.293,476,331,,,283,286,,
NODE_0000903,866,3418,2021.293,331,476,,,286,404,,
NODE_0000903,866,3099,2021.293,331,476,,,286,367,,
NODE_0000903,866,1244,2021.293,331,476,,,286,344,,
NODE_0000903,866,1056,2021.293,331,476,,,286,275,,
NODE_0000903,866,931,2021.293,331,476,,,286,413,,
NODE_0000903,866,1190,2021.293,331,476,,,286,328,,
NODE_0000903,746,866,2021.293,476,331,,,268,286,,
NODE_0000903,620,866,2021.293,476,331,,,259,286,,
NODE_0000903,866,1708,2021.293,331,476,,,286,339,,
NODE_0000903,687,866,2021.293,476,331,,,297,286,,
NODE_0000903,432,866,2021.293,476,331,,,209,286,,
NODE_0000903,628,866,2021.293,476,331,,,268,286,,
NODE_0000903,866,1013,2021.293,331,476,,,286,258,,
NODE_0000903,866,2041,2021.293,331,476,,,286,363,,
NODE_0000903,634,866,2021.293,476,331,,,274,286,,
NODE_0000903,508,866,2021.293,476,331,,,332,286,,
NODE_0000903,1859,2246,2021.293,331,476,,,343,348,,
NODE_0000903,1288,1859,2021.293,476,331,,,279,343,,
NODE_0000903,590,1859,2021.293,476,331,,,325,343,,
NODE_0000903,787,1859,2021.293,476,331,,,333,343,,
NODE_0000903,917,1859,2021.293,476,331,,,396,343,,
NODE_0000903,599,1859,2021.293,476,331,,,291,343,,
NODE_0000903,665,1859,2021.293,476,331,,,283,343,,
NODE_0000903,1859,3418,2021.293,331,476,,,343,404,,
NODE_0000903,1859,3099,2021.293,331,476,,,343,367,,
NODE_0000903,1244,1859,2021.293,476,331,,,344,343,,
NODE_0000903,1056,1859,2021.293,476,331,,,275,343,,
NODE_0000903,931,1859,2021.293,476,331,,,413,343,,
NODE_0000903,1190,1859,2021.293,476,331,,,328,343,,
NODE_0000903,746,1859,2021.293,476,331,,,268,343,,
NODE_0000903,620,1859,2021.293,476,331,,,259,343,,
NODE_0000903,1708,1859,2021.293,476,331,,,339,343,,
NODE_0000903,687,1859,2021.293,476,331,,,297,343,,
NODE_0000903,432,1859,2021.293,476,331,,,209,343,,
NODE_0000903,628,1859,2021.293,476,331,,,268,343,,
NODE_0000903,1013,1859,2021.293,476,331,,,258,343,,
NODE_0000903,1859,2041,2021.293,331,476,,,343,363,,
NODE_0000903,634,1859,2021.293,476,331,,,274,343,,
NODE_0000903,508,1859,2021.293,476,331,,,332,343,,
NODE_0000903,676,2246,2021.293,331,476,,,264,348,,
NODE_0000903,676,1288,2021.293,331,476,,,264,279,,
NODE_0000903,590,676,2021.293,476,331,,,325,264,,
NODE_0000903,676,787,2021.293,331,476,,,264,333,,
NODE_0000903,676,917,2021.293,331,476,,,264,396,,
NODE_0000903,599,676,2021.293,476,331,,,291,264,,
NODE_0000903,665,676,2021.293,476,331,,,283,264,,
NODE_0000903,676,3418,2021.293,331,476,,,264,404,,
NODE_0000903,676,3099,2021.293,331,476,,,264,367,,
NODE_0000903,676,1244,2021.293,331,476,,,264,344,,
NODE_0000903,676,1056,2021.293,331,476,,,264,275,,
NODE_0000903,676,931,2021.293,331,476,,,264,413,,
NODE_0000903,676,1190,2021.293,331,476,,,264,328,,
NODE_0000903,676,746,2021.293,331,476,,,264,268,,
NODE_0000903,620,676,2021.293,476,331,,,259,264,,
NODE_0000903,676,1708,2021.293,331,476,,,264,339,,
NODE_0000903,676,687,2021.293,331,476,,,264,297,,
NODE_0000903,432,676,2021.293,476,331,,,209,264,,
NODE_0000903,628,676,2021.293,476,331,,,268,264,,
NODE_0000903,676,1013,2021.293,331,476,,,264,258,,
NODE_0000903,676,2041,2021.293,331,476,,,264,363,,
NODE_0000903,634,676,2021.293,476,331,,,274,264,,
NODE_0000903,508,676,2021.293,476,331,,,332,264,,
NODE_0000903,616,2246,2021.293,331,476,,,248,348,,
NODE_0000903,616,1288,2021.293,331,476,,,248,279,,
NODE_0000903,590,616,2021.293,476,331,,,325,248,,
NODE_0000903,616,787,2021.293,331,476,,,248,333,,
NODE_0000903,616,917,2021.293,331,476,,,248,396,,
NODE_0000903,599,616,2021.293,476,331,,,291,248,,
NODE_0000903,616,665,2021.293,331,476,,,248,283,,
NODE_0000903,616,3418,2021.293,331,476,,,248,404,,
NODE_0000903,616,3099,2021.293,331,476,,,248,367,,
NODE_0000903,616,1244,2021.293,331,476,,,248,344,,
NODE_0000903,616,1056,2021.293,331,476,,,248,275,,
NODE_0000903,616,931,2021.293,331,476,,,248,413,,
NODE_0000903,616,1190,2021.293,331,476,,,248,328,,
NODE_0000903,616,746,2021.293,331,476,,,248,268,,
NODE_0000903,616,620,2021.293,331,476,,,248,259,,
NODE_0000903,616,1708,2021.293,331,476,,,248,339,,
NODE_0000903,616,687,2021.293,331,476,,,248,297,,
NODE_0000903,432,616,2021.293,476,331,,,209,248,,
NODE_0000903,616,628,2021.293,331,476,,,248,268,,
NODE_0000903,616,1013,2021.293,331,476,,,248,258,,
NODE_0000903,616,2041,2021.293,331,476,,,248,363,,
NODE_0000903,616,634,2021.293,331,476,,,248,274,,
NODE_0000903,508,616,2021.293,476,331,,,332,248,,
NODE_0000903,840,2246,2021.293,331,476,,,335,348,,
NODE_0000903,840,1288,2021.293,331,476,,,335,279,,
NODE_0000903,590,840,2021.293,476,331,,,325,335,,
NODE_0000903,787,840,2021.293,476,331,,,333,335,,
NODE_0000903,840,917,2021.293,331,476,,,335,396,,
NODE_0000903,599,840,2021.293,476,331,,,291,335,,
NODE_0000903,665,840,2021.293,476,331,,,283,335,,
NODE_0000903,840,3418,2021.293,331,476,,,335,404,,
NODE_0000903,840,3099,2021.293,331,476,,,335,367,,
NODE_0000903,840,1244,2021.293,331,476,,,335,344,,
NODE_0000903,840,1056,2021.293,331,476,,,335,275,,
NODE_0000903,840,931,2021.293,331,476,,,335,413,,
NODE_0000903,840,1190,2021.293,331,476,,,335,328,,
NODE_0000903,746,840,2021.293,476,331,,,268,335,,
NODE_0000903,620,840,2021.293,476,331,,,259,335,,
NODE_0000903,840,1708,2021.293,331,476,,,335,339,,
NODE_0000903,687,840,2021.293,476,331,,,297,335,,
NODE_0000903,432,840,2021.293,476,331,,,209,335,,
NODE_0000903,628,840,2021.293,476,331,,,268,335,,
NODE_0000903,840,1013,2021.293,331,476,,,335,258,,
NODE_0000903,840,2041,2021.293,331,476,,,335,363,,
NODE_0000903,634,840,2021.293,476,331,,,274,335,,
NODE_0000903,508,840,2021.293,476,331,,,332,335,,
NODE_0000903,136,2246,2021.293,331,476,,,170,348,,
NODE_0000903,136,1288,2021.293,331,476,,,170,279,,
NODE_0000903,136,590,2021.293,331,476,,,170,325,,
NODE_0000903,136,787,2021.293,331,476,,,170,333,,
NODE_0000903,136,917,2021.293,331,476,,,170,396,,
NODE_0000903,136,599,2021.293,331,476,,,170,291,,
NODE_0000903,136,665,2021.293,331,476,,,170,283,,
NODE_0000903,136,3418,2021.293,331,476,,,170,404,,
NODE_0000903,136,3099,2021.293,331,476,,,170,367,,
NODE_0000903,136,1244,2021.293,331,476,,,170,344,,
NODE_0000903,136,1056,2021.293,331,476,,,170,275,,
NODE_0000903,136,931,2021.293,331,476,,,170,413,,
NODE_0000903,136,1190,2021.293,331,476,,,170,328,,
NODE_0000903,136,746,2021.293,331,476,,,170,268,,
NODE_0000903,136,620,2021.293,331,476,,,170,259,,
NODE_0000903,136,1708,2021.293,331,476,,,170,339,,
NODE_0000903,136,687,2021.293,331,476,,,170,297,,
NODE_0000903,136,432,2021.293,331,476,,,170,209,,
NODE_0000903,136,628,2021.293,331,476,,,170,268,,
NODE_0000903,136,1013,2021.293,331,476,,,170,258,,
NODE_0000903,136,2041,2021.293,331,476,,,170,363,,
NODE_0000903,136,634,2021.293,331,476,,,170,274,,
NODE_0000903,136,508,2021.293,331,476,,,170,332,,
NODE_0000903,1199,2246,2021.293,331,476,,,391,348,,
NODE_0000903,1199,1288,2021.293,331,476,,,391,279,,
NODE_0000903,590,1199,2021.293,476,331,,,325,391,,
NODE_0000903,787,1199,2021.293,476,331,,,333,391,,
NODE_0000903,917,1199,2021.293,476,331,,,396,391,,
NODE_0000903,599,1199,2021.293,476,331,,,291,391,,
NODE_0000903,665,1199,2021.293,476,331,,,283,391,,
NODE_0000903,1199,3418,2021.293,331,476,,,391,404,,
NODE_0000903,1199,3099,2021.293,331,476,,,391,367,,
NODE_0000903,1199,1244,2021.293,331,476,,,391,344,,
NODE_0000903,1056,1199,2021.293,476,331,,,275,391,,
NODE_0000903,931,1199,2021.293,476,331,,,413,391,,
NODE_0000903,1190,1199,2021.293,476,331,,,328,391,,
NODE_0000903,746,1199,2021.293,476,331,,,268,391,,
NODE_0000903,620,1199,2021.293,476,331,,,259,391,,
NODE_0000903,1199,1708,2021.293,331,476,,,391,339,,
NODE_0000903,687,1199,2021.293,476,331,,,297,391,,
NODE_0000903,432,1199,2021.293,476,331,,,209,391,,
NODE_0000903,628,1199,2021.293,476,331,,,268,391,,
NODE_0000903,1013,1199,2021.293,476,331,,,258,391,,
NODE_0000903,1199,2041,2021.293,331,476,,,391,363,,
NODE_0000903,634,1199,2021.293,476,331,,,274,391,,
NODE_0000903,508,1199,2021.293,476,331,,,332,391,,
NODE_0000903,754,2246,2021.293,331,476,,,247,348,,
NODE_0000903,754,1288,2021.293,331,476,,,247,279,,
NODE_0000903,590,754,2021.293,476,331,,,325,247,,
NODE_0000903,754,787,2021.293,331,476,,,247,333,,
NODE_0000903,754,917,2021.293,331,476,,,247,396,,
NODE_0000903,599,754,2021.293,476,331,,,291,247,,
NODE_0000903,665,754,2021.293,476,331,,,283,247,,
NODE_0000903,754,3418,2021.293,331,476,,,247,404,,
NODE_0000903,754,3099,2021.293,331,476,,,247,367,,
NODE_0000903,754,1244,2021.293,331,476,,,247,344,,
NODE_0000903,754,1056,2021.293,331,476,,,247,275,,
NODE_0000903,754,931,2021.293,331,476,,,247,413,,
NODE_0000903,754,1190,2021.293,331,476,,,247,328,,
NODE_0000903,746,754,2021.293,476,331,,,268,247,,
NODE_0000903,620,754,2021.293,476,331,,,259,247,,
NODE_0000903,754,1708,2021.293,331,476,,,247,339,,
NODE_0000903,687,754,2021.293,476,331,,,297,247,,
NODE_0000903,432,754,2021.293,476,331,,,209,247,,
NODE_0000903,628,754,2021.293,476,331,,,268,247,,
NODE_0000903,754,1013,2021.293,331,476,,,247,258,,
NODE_0000903,754,2041,2021.293,331,476,,,247,363,,
NODE_0000903,634,754,2021.293,476,331,,,274,247,,
NODE_0000903,508,754,2021.293,476,331,,,332,247,,
NODE_0000903,691,2246,2021.293,331,476,,,293,348,,
NODE_0000903,691,1288,2021.293,331,476,,,293,279,,
NODE_0000903,590,691,2021.293,476,331,,,325,293,,
NODE_0000903,691,787,2021.293,331,476,,,293,333,,
NODE_0000903,691,917,2021.293,331,476,,,293,396,,
NODE_0000903,599,691,2021.293,476,331,,,291,293,,
NODE_0000903,665,691,2021.293,476,331,,,283,293,,
NODE_0000903,691,3418,2021.293,331,476,,,293,404,,
NODE_0000903,691,3099,2021.293,331,476,,,293,367,,
NODE_0000903,691,1244,2021.293,331,476,,,293,344,,
NODE_0000903,691,1056,2021.293,331,476,,,293,275,,
NODE_0000903,691,931,2021.293,331,476,,,293,413,,
NODE_0000903,691,1190,2021.293,331,476,,,293,328,,
NODE_0000903,691,746,2021.293,331,476,,,293,268,,
NODE_0000903,620,691,2021.293,476,331,,,259,293,,
NODE_0000903,691,1708,2021.293,331,476,,,293,339,,
NODE_0000903,687,691,2021.293,476,331,,,297,293,,
NODE_0000903,432,691,2021.293,476,331,,,209,293,,
NODE_0000903,628,691,2021.293,476,331,,,268,293,,
NODE_0000903,691,1013,2021.293,331,476,,,293,258,,
NODE_0000903,691,2041,2021.293,331,476,,,293,363,,
NODE_0000903,634,691,2021.293,476,331,,,274,293,,
NODE_0000903,508,691,2021.293,476,331,,,332,293,,
NODE_0000903,1074,2246,2021.293,331,476,,,330,348,,
NODE_0000903,1074,1288,2021.293,331,476,,,330,279,,
NODE_0000903,590,1074,2021.293,476,331,,,325,330,,
NODE_0000903,787,1074,2021.293,476,331,,,333,330,,
NODE_0000903,917,1074,2021.293,476,331,,,396,330,,
NODE_0000903,599,1074,2021.293,476,331,,,291,330,,
NODE_0000903,665,1074,2021.293,476,331,,,283,330,,
NODE_0000903,1074,3418,2021.293,331,476,,,330,404,,
NODE_0000903,1074,3099,2021.293,331,476,,,330,367,,
NODE_0000903,1074,1244,2021.293,331,476,,,330,344,,
NODE_0000903,1056,1074,2021.293,476,331,,,275,330,,
NODE_0000903,931,1074,2021.293,476,331,,,413,330,,
NODE_0000903,1074,1190,2021.293,331,476,,,330,328,,
NODE_0000903,746,1074,2021.293,476,331,,,268,330,,
NODE_0000903,620,1074,2021.293,476,331,,,259,330,,
NODE_0000903,1074,1708,2021.293,331,476,,,330,339,,
NODE_0000903,687,1074,2021.293,476,331,,,297,330,,
NODE_0000903,432,1074,2021.293,476,331,,,209,330,,
NODE_0000903,628,1074,2021.293,476,331,,,268,330,,
NODE_0000903,1013,1074,2021.293,476,331,,,258,330,,
NODE_0000903,1074,2041,2021.293,331,476,,,330,363,,
NODE_0000903,634,1074,2021.293,476,331,,,274,330,,
NODE_0000903,508,1074,2021.293,476,331,,,332,330,,
NODE_0000903,914,2246,2021.293,331,476,,,290,348,,
NODE_0000903,914,1288,2021.293,331,476,,,290,279,,
NODE_0000903,590,914,2021.293,476,331,,,325,290,,
NODE_0000903,787,914,2021.293,476,331,,,333,290,,
NODE_0000903,914,917,2021.293,331,476,,,290,396,,
NODE_0000903,599,914,2021.293,476,331,,,291,290,,
NODE_0000903,665,914,2021.293,476,331,,,283,290,,
NODE_0000903,914,3418,2021.293,331,476,,,290,404,,
NODE_0000903,914,3099,2021.293,331,476,,,290,367,,
NODE_0000903,914,1244,2021.293,331,476,,,290,344,,
NODE_0000903,914,1056,2021.293,331,476,,,290,275,,
NODE_0000903,914,931,2021.293,331,476,,,290,413,,
NODE_0000903,914,1190,2021.293,331,476,,,290,328,,
NODE_0000903,746,914,2021.293,476,331,,,268,290,,
NODE_0000903,620,914,2021.293,476,331,,,259,290,,
NODE_0000903,914,1708,2021.293,331,476,,,290,339,,
NODE_0000903,687,914,2021.293,476,331,,,297,290,,
NODE_0000903,432,914,2021.293,476,331,,,209,290,,
NODE_0000903,628,914,2021.293,476,331,,,268,290,,
NODE_0000903,914,1013,2021.293,331,476,,,290,258,,
NODE_0000903,914,2041,2021.293,331,476,,,290,363,,
NODE_0000903,634,914,2021.293,476,331,,,274,290,,
NODE_0000903,508,914,2021.293,476,331,,,332,290,,
NODE_0000903,629,2246,2021.293,331,476,,,268,348,,
NODE_0000903,629,1288,2021.293,331,476,,,268,279,,
NODE_0000903,590,629,2021.293,476,331,,,325,268,,
NODE_0000903,629,787,2021.293,331,476,,,268,333,,
NODE_0000903,629,917,2021.293,331,476,,,268,396,,
NODE_0000903,599,629,2021.293,476,331,,,291,268,,
NODE_0000903,629,665,2021.293,331,476,,,268,283,,
NODE_0000903,629,3418,2021.293,331,476,,,268,404,,
NODE_0000903,629,3099,2021.293,331,476,,,268,367,,
NODE_0000903,629,1244,2021.293,331,476,,,268,344,,
NODE_0000903,629,1056,2021.293,331,476,,,268,275,,
NODE_0000903,629,931,2021.293,331,476,,,268,413,,
NODE_0000903,629,1190,2021.293,331,476,,,268,328,,
NODE_0000903,629,746,2021.293,331,476,,,268,268,,
NODE_0000903,620,629,2021.293,476,331,,,259,268,,
NODE_0000903,629,1708,2021.293,331,476,,,268,339,,
NODE_0000903,629,687,2021.293,331,476,,,268,297,,
NODE_0000903,432,629,2021.293,476,331,,,209,268,,
NODE_0000903,628,629,2021.293,476,331,,,268,268,,
NODE_0000903,629,1013,2021.293,331,476,,,268,258,,
NODE_0000903,629,2041,2021.293,331,476,,,268,363,,
NODE_0000903,629,634,2021.293,331,476,,,268,274,,
NODE_0000903,508,629,2021.293,476,331,,,332,268,,
NODE_0000762,136,675,2021.275,807,115,,,170,281,,
NODE_0000762,675,1288,2021.275,115,807,,,281,279,,
NODE_0000762,675,914,2021.275,115,807,,,281,290,,
NODE_0000762,675,787,2021.275,115,807,,,281,333,,
NODE_0000762,675,917,2021.275,115,807,,,281,396,,
NODE_0000762,665,675,2021.275,807,115,,,283,281,,
NODE_0000762,675,3099,2021.275,115,807,,,281,367,,
NODE_0000762,675,1056,2021.275,115,807,,,281,275,,
NODE_0000762,673,675,2021.275,807,115,,,284,281,,
NODE_0000762,675,931,2021.275,115,807,,,281,413,,
NODE_0000762,675,676,2021.275,115,807,,,281,264,,
NODE_0000762,675,1190,2021.275,115,807,,,281,328,,
NODE_0000762,675,1708,2021.275,115,807,,,281,339,,
NODE_0000762,675,1199,2021.275,115,807,,,281,391,,
NODE_0000762,675,687,2021.275,115,807,,,281,297,,
NODE_0000762,432,675,2021.275,807,115,,,209,281,,
NODE_0000762,675,1074,2021.275,115,807,,,281,330,,
NODE_0000762,675,691,2021.275,115,807,,,281,293,,
NODE_0000762,579,675,2021.275,807,115,,,259,281,,
NODE_0000762,675,1859,2021.275,115,807,,,281,343,,
NODE_0000762,675,2246,2021.275,115,807,,,281,348,,
NODE_0000762,675,840,2021.275,115,807,,,281,335,,
NODE_0000762,590,675,2021.275,807,115,,,325,281,,
NODE_0000762,599,675,2021.275,807,115,,,291,281,,
NODE_0000762,675,3418,2021.275,115,807,,,281,404,,
NODE_0000762,675,1244,2021.275,115,807,,,281,344,,
NODE_0000762,675,2914,2021.275,115,807,,,281,417,,
NODE_0000762,675,866,2021.275,115,807,,,281,286,,
NODE_0000762,616,675,2021.275,807,115,,,248,281,,
NODE_0000762,675,746,2021.275,115,807,,,281,268,,
NODE_0000762,620,675,2021.275,807,115,,,259,281,,
NODE_0000762,675,754,2021.275,115,807,,,281,247,,
NODE_0000762,628,675,2021.275,807,115,,,268,281,,
NODE_0000762,629,675,2021.275,807,115,,,268,281,,
NODE_0000762,675,1013,2021.275,115,807,,,281,258,,
NODE_0000762,675,2041,2021.275,115,807,,,281,363,,
NODE_0000762,634,675,2021.275,807,115,,,274,281,,
NODE_0000762,508,675,2021.275,807,115,,,332,281,,
NODE_0000762,136,548,2021.275,807,115,,,170,268,,
NODE_0000762,548,1288,2021.275,115,807,,,268,279,,
NODE_0000762,548,914,2021.275,115,807,,,268,290,,
NODE_0000762,548,787,2021.275,115,807,,,268,333,,
NODE_0000762,548,917,2021.275,115,807,,,268,396,,
NODE_0000762,548,665,2021.275,115,807,,,268,283,,
NODE_0000762,548,3099,2021.275,115,807,,,268,367,,
NODE_0000762,548,1056,2021.275,115,807,,,268,275,,
NODE_0000762,548,673,2021.275,115,807,,,268,284,,
NODE_0000762,548,931,2021.275,115,807,,,268,413,,
NODE_0000762,548,676,2021.275,115,807,,,268,264,,
NODE_0000762,548,1190,2021.275,115,807,,,268,328,,
NODE_0000762,548,1708,2021.275,115,807,,,268,339,,
NODE_0000762,548,1199,2021.275,115,807,,,268,391,,
NODE_0000762,548,687,2021.275,115,807,,,268,297,,
NODE_0000762,432,548,2021.275,807,115,,,209,268,,
NODE_0000762,548,1074,2021.275,115,807,,,268,330,,
NODE_0000762,548,691,2021.275,115,807,,,268,293,,
NODE_0000762,548,579,2021.275,115,807,,,268,259,,
NODE_0000762,548,1859,2021.275,115,807,,,268,343,,
NODE_0000762,548,2246,2021.275,115,807,,,268,348,,
NODE_0000762,548,840,2021.275,115,807,,,268,335,,
NODE_0000762,548,590,2021.275,115,807,,,268,325,,
NODE_0000762,548,599,2021.275,115,807,,,268,291,,
NODE_0000762,548,3418,2021.275,115,807,,,268,404,,
NODE_0000762,548,1244,2021.275,115,807,,,268,344,,
NODE_0000762,548,2914,2021.275,115,807,,,268,417,,
NODE_0000762,548,866,2021.275,115,807,,,268,286,,
NODE_0000762,548,616,2021.275,115,807,,,268,248,,
NODE_0000762,548,746,2021.275,115,807,,,268,268,,
NODE_0000762,548,620,2021.275,115,807,,,268,259,,
NODE_0000762,548,754,2021.275,115,807,,,268,247,,
NODE_0000762,548,628,2021.275,115,807,,,268,268,,
NODE_0000762,548,629,2021.275,115,807,,,268,268,,
NODE_0000762,548,1013,2021.275,115,807,,,268,258,,
NODE_0000762,548,2041,2021.275,115,807,,,268,363,,
NODE_0000762,548,634,2021.275,115,807,,,268,274,,
NODE_0000762,508,548,2021.275,807,115,,,332,268,,
NODE_0000762,136,1604,2021.275,807,115,,,170,339,,
NODE_0000762,1288,1604,2021.275,807,115,,,279,339,,
NODE_0000762,914,1604,2021.275,807,115,,,290,339,,
NODE_0000762,787,1604,2021.275,807,115,,,333,339,,
NODE_0000762,917,1604,2021.275,807,115,,,396,339,,
NODE_0000762,665,1604,2021.275,807,115,,,283,339,,
NODE_0000762,1604,3099,2021.275,115,807,,,339,367,,
NODE_0000762,1056,1604,2021.275,807,115,,,275,339,,
NODE_0000762,673,1604,2021.275,807,115,,,284,339,,
NODE_0000762,931,1604,2021.275,807,115,,,413,339,,
NODE_0000762,676,1604,2021.275,807,115,,,264,339,,
NODE_0000762,1190,1604,2021.275,807,115,,,328,339,,
NODE_0000762,1604,1708,2021.275,115,807,,,339,339,,
NODE_0000762,1199,1604,2021.275,807,115,,,391,339,,
NODE_0000762,687,1604,2021.275,807,115,,,297,339,,
NODE_0000762,432,1604,2021.275,807,115,,,209,339,,
NODE_0000762,1074,1604,2021.275,807,115,,,330,339,,
NODE_0000762,691,1604,2021.275,807,115,,,293,339,,
NODE_0000762,579,1604,2021.275,807,115,,,259,339,,
NODE_0000762,1604,1859,2021.275,115,807,,,339,343,,
NODE_0000762,1604,2246,2021.275,115,807,,,339,348,,
NODE_0000762,840,1604,2021.275,807,115,,,335,339,,
NODE_0000762,590,1604,2021.275,807,115,,,325,339,,
NODE_0000762,599,1604,2021.275,807,115,,,291,339,,
NODE_0000762,1604,3418,2021.275,115,807,,,339,404,,
NODE_0000762,1244,1604,2021.275,807,115,,,344,339,,
NODE_0000762,1604,2914,2021.275,115,807,,,339,417,,
NODE_0000762,866,1604,2021.275,807,115,,,286,339,,
NODE_0000762,616,1604,2021.275,807,115,,,248,339,,
NODE_0000762,746,1604,2021.275,807,115,,,268,339,,
NODE_0000762,620,1604,2021.275,807,115,,,259,339,,
NODE_0000762,754,1604,2021.275,807,115,,,247,339,,
NODE_0000762,628,1604,2021.275,807,115,,,268,339,,
NODE_0000762,629,1604,2021.275,807,115,,,268,339,,
NODE_0000762,1013,1604,2021.275,807,115,,,258,339,,
NODE_0000762,1604,2041,2021.275,115,807,,,339,363,,
NODE_0000762,634,1604,2021.275,807,115,,,274,339,,
NODE_0000762,508,1604,2021.275,807,115,,,332,339,,
NODE_0000762,136,511,2021.275,807,115,,,170,269,,
NODE_0000762,511,1288,2021.275,115,807,,,269,279,,
NODE_0000762,511,914,2021.275,115,807,,,269,290,,
NODE_0000762,511,787,2021.275,115,807,,,269,333,,
NODE_0000762,511,917,2021.275,115,807,,,269,396,,
NODE_0000762,511,665,2021.275,115,807,,,269,283,,
NODE_0000762,511,3099,2021.275,115,807,,,269,367,,
NODE_0000762,511,1056,2021.275,115,807,,,269,275,,
NODE_0000762,511,673,2021.275,115,807,,,269,284,,
NODE_0000762,511,931,2021.275,115,807,,,269,413,,
NODE_0000762,511,676,2021.275,115,807,,,269,264,,
NODE_0000762,511,1190,2021.275,115,807,,,269,328,,
NODE_0000762,511,1708,2021.275,115,807,,,269,339,,
NODE_0000762,511,1199,2021.275,115,807,,,269,391,,
NODE_0000762,511,687,2021.275,115,807,,,269,297,,
NODE_0000762,432,511,2021.275,807,115,,,209,269,,
NODE_0000762,511,1074,2021.275,115,807,,,269,330,,
NODE_0000762,511,691,2021.275,115,807,,,269,293,,
NODE_0000762,511,579,2021.275,115,807,,,269,259,,
NODE_0000762,511,1859,2021.275,115,807,,,269,343,,
NODE_0000762,511,2246,2021.275,115,807,,,269,348,,
NODE_0000762,511,840,2021.275,115,807,,,269,335,,
NODE_0000762,511,590,2021.275,115,807,,,269,325,,
NODE_0000762,511,599,2021.275,115,807,,,269,291,,
NODE_0000762,511,3418,2021.275,115,807,,,269,404,,
NODE_0000762,511,1244,2021.275,115,807,,,269,344,,
NODE_0000762,511,2914,2021.275,115,807,,,269,417,,
NODE_0000762,511,866,2021.275,115,807,,,269,286,,
NODE_0000762,511,616,2021.275,115,807,,,269,248,,
NODE_0000762,511,746,2021.275,115,807,,,269,268,,
NODE_0000762,511,620,2021.275,115,807,,,269,259,,
NODE_0000762,511,754,2021.275,115,807,,,269,247,,
NODE_0000762,511,628,2021.275,115,807,,,269,268,,
NODE_0000762,511,629,2021.275,115,807,,,269,268,,
NODE_0000762,511,1013,2021.275,115,807,,,269,258,,
NODE_0000762,511,2041,2021.275,115,807,,,269,363,,
NODE_0000762,511,634,2021.275,115,807,,,269,274,,
NODE_0000762,508,511,2021.275,807,115,,,332,269,,
NODE_0000762,136,748,2021.275,807,115,,,170,259,,
NODE_0000762,748,1288,2021.275,115,807,,,259,279,,
NODE_0000762,748,914,2021.275,115,807,,,259,290,,
NODE_0000762,748,787,2021.275,115,807,,,259,333,,
NODE_0000762,748,917,2021.275,115,807,,,259,396,,
NODE_0000762,665,748,2021.275,807,115,,,283,259,,
NODE_0000762,748,3099,2021.275,115,807,,,259,367,,
NODE_0000762,748,1056,2021.275,115,807,,,259,275,,
NODE_0000762,673,748,2021.275,807,115,,,284,259,,
NODE_0000762,748,931,2021.275,115,807,,,259,413,,
NODE_0000762,676,748,2021.275,807,115,,,264,259,,
NODE_0000762,748,1190,2021.275,115,807,,,259,328,,
NODE_0000762,748,1708,2021.275,115,807,,,259,339,,
NODE_0000762,748,1199,2021.275,115,807,,,259,391,,
NODE_0000762,687,748,2021.275,807,115,,,297,259,,
NODE_0000762,432,748,2021.275,807,115,,,209,259,,
NODE_0000762,748,1074,2021.275,115,807,,,259,330,,
NODE_0000762,691,748,2021.275,807,115,,,293,259,,
NODE_0000762,579,748,2021.275,807,115,,,259,259,,
NODE_0000762,748,1859,2021.275,115,807,,,259,343,,
NODE_0000762,748,2246,2021.275,115,807,,,259,348,,
NODE_0000762,748,840,2021.275,115,807,,,259,335,,
NODE_0000762,590,748,2021.275,807,115,,,325,259,,
NODE_0000762,599,748,2021.275,807,115,,,291,259,,
NODE_0000762,748,3418,2021.275,115,807,,,259,404,,
NODE_0000762,748,1244,2021.275,115,807,,,259,344,,
NODE_0000762,748,2914,2021.275,115,807,,,259,417,,
NODE_0000762,748,866,2021.275,115,807,,,259,286,,
NODE_0000762,616,748,2021.275,807,115,,,248,259,,
NODE_0000762,746,748,2021.275,807,115,,,268,259,,
NODE_0000762,620,748,2021.275,807,115,,,259,259,,
NODE_0000762,748,754,2021.275,115,807,,,259,247,,
NODE_0000762,628,748,2021.275,807,115,,,268,259,,
NODE_0000762,629,748,2021.275,807,115,,,268,259,,
NODE_0000762,748,1013,2021.275,115,807,,,259,258,,
NODE_0000762,748,2041,2021.275,115,807,,,259,363,,
NODE_0000762,634,748,2021.275,807,115,,,274,259,,
NODE_0000762,508,748,2021.275,807,115,,,332,259,,
NODE_0000762,136,534,2021.275,807,115,,,170,260,,
NODE_0000762,534,1288,2021.275,115,807,,,260,279,,
NODE_0000762,534,914,2021.275,115,807,,,260,290,,
NODE_0000762,534,787,2021.275,115,807,,,260,333,,
NODE_0000762,534,917,2021.275,115,807,,,260,396,,
NODE_0000762,534,665,2021.275,115,807,,,260,283,,
NODE_0000762,534,3099,2021.275,115,807,,,260,367,,
NODE_0000762,534,1056,2021.275,115,807,,,260,275,,
NODE_0000762,534,673,2021.275,115,807,,,260,284,,
NODE_0000762,534,931,2021.275,115,807,,,260,413,,
NODE_0000762,534,676,2021.275,115,807,,,260,264,,
NODE_0000762,534,1190,2021.275,115,807,,,260,328,,
NODE_0000762,534,1708,2021.275,115,807,,,260,339,,
NODE_0000762,534,1199,2021.275,115,807,,,260,391,,
NODE_0000762,534,687,2021.275,115,807,,,260,297,,
NODE_0000762,432,534,2021.275,807,115,,,209,260,,
NODE_0000762,534,1074,2021.275,115,807,,,260,330,,
NODE_0000762,534,691,2021.275,115,807,,,260,293,,
NODE_0000762,534,579,2021.275,115,807,,,260,259,,
NODE_0000762,534,1859,2021.275,115,807,,,260,343,,
NODE_0000762,534,2246,2021.275,115,807,,,260,348,,
NODE_0000762,534,840,2021.275,115,807,,,260,335,,
NODE_0000762,534,590,2021.275,115,807,,,260,325,,
NODE_0000762,534,599,2021.275,115,807,,,260,291,,
NODE_0000762,534,3418,2021.275,115,807,,,260,404,,
NODE_0000762,534,1244,2021.275,115,807,,,260,344,,
NODE_0000762,534,2914,2021.275,115,807,,,260,417,,
NODE_0000762,534,866,2021.275,115,807,,,260,286,,
NODE_0000762,534,616,2021.275,115,807,,,260,248,,
NODE_0000762,534,746,2021.275,115,807,,,260,268,,
NODE_0000762,534,620,2021.275,115,807,,,260,259,,
NODE_0000762,534,754,2021.275,115,807,,,260,247,,
NODE_0000762,534,628,2021.275,115,807,,,260,268,,
NODE_0000762,534,629,2021.275,115,807,,,260,268,,
NODE_0000762,534,1013,2021.275,115,807,,,260,258,,
NODE_0000762,534,2041,2021.275,115,807,,,260,363,,
NODE_0000762,534,634,2021.275,115,807,,,260,274,,
NODE_0000762,508,534,2021.275,807,115,,,332,260,,
NODE_0000762,136,474,2021.275,807,115,,,170,228,,
NODE_0000762,474,1288,2021.275,115,807,,,228,279,,
NODE_0000762,474,914,2021.275,115,807,,,228,290,,
NODE_0000762,474,787,2021.275,115,807,,,228,333,,
NODE_0000762,474,917,2021.275,115,807,,,228,396,,
NODE_0000762,474,665,2021.275,115,807,,,228,283,,
NODE_0000762,474,3099,2021.275,115,807,,,228,367,,
NODE_0000762,474,1056,2021.275,115,807,,,228,275,,
NODE_0000762,474,673,2021.275,115,807,,,228,284,,
NODE_0000762,474,931,2021.275,115,807,,,228,413,,
NODE_0000762,474,676,2021.275,115,807,,,228,264,,
NODE_0000762,474,1190,2021.275,115,807,,,228,328,,
NODE_0000762,474,1708,2021.275,115,807,,,228,339,,
NODE_0000762,474,1199,2021.275,115,807,,,228,391,,
NODE_0000762,474,687,2021.275,115,807,,,228,297,,
NODE_0000762,432,474,2021.275,807,115,,,209,228,,
NODE_0000762,474,1074,2021.275,115,807,,,228,330,,
NODE_0000762,474,691,2021.275,115,807,,,228,293,,
NODE_0000762,474,579,2021.275,115,807,,,228,259,,
NODE_0000762,474,1859,2021.275,115,807,,,228,343,,
NODE_0000762,474,2246,2021.275,115,807,,,228,348,,
NODE_0000762,474,840,2021.275,115,807,,,228,335,,
NODE_0000762,474,590,2021.275,115,807,,,228,325,,
NODE_0000762,474,599,2021.275,115,807,,,228,291,,
NODE_0000762,474,3418,2021.275,115,807,,,228,404,,
NODE_0000762,474,1244,2021.275,115,807,,,228,344,,
NODE_0000762,474,2914,2021.275,115,807,,,228,417,,
NODE_0000762,474,866,2021.275,115,807,,,228,286,,
NODE_0000762,474,616,2021.275,115,807,,,228,248,,
NODE_0000762,474,746,2021.275,115,807,,,228,268,,
NODE_0000762,474,620,2021.275,115,807,,,228,259,,
NODE_0000762,474,754,2021.275,115,807,,,228,247,,
NODE_0000762,474,628,2021.275,115,807,,,228,268,,
NODE_0000762,474,629,2021.275,115,807,,,228,268,,
NODE_0000762,474,1013,2021.275,115,807,,,228,258,,
NODE_0000762,474,2041,2021.275,115,807,,,228,363,,
NODE_0000762,474,634,2021.275,115,807,,,228,274,,
NODE_0000762,474,508,2021.275,115,807,,,228,332,,
NODE_0000762,136,767,2021.275,807,115,,,170,251,,
NODE_0000762,767,1288,2021.275,115,807,,,251,279,,
NODE_0000762,767,914,2021.275,115,807,,,251,290,,
NODE_0000762,767,787,2021.275,115,807,,,251,333,,
NODE_0000762,767,917,2021.275,115,807,,,251,396,,
NODE_0000762,665,767,2021.275,807,115,,,283,251,,
NODE_0000762,767,3099,2021.275,115,807,,,251,367,,
NODE_0000762,767,1056,2021.275,115,807,,,251,275,,
NODE_0000762,673,767,2021.275,807,115,,,284,251,,
NODE_0000762,767,931,2021.275,115,807,,,251,413,,
NODE_0000762,676,767,2021.275,807,115,,,264,251,,
NODE_0000762,767,1190,2021.275,115,807,,,251,328,,
NODE_0000762,767,1708,2021.275,115,807,,,251,339,,
NODE_0000762,767,1199,2021.275,115,807,,,251,391,,
NODE_0000762,687,767,2021.275,807,115,,,297,251,,
NODE_0000762,432,767,2021.275,807,115,,,209,251,,
NODE_0000762,767,1074,2021.275,115,807,,,251,330,,
NODE_0000762,691,767,2021.275,807,115,,,293,251,,
NODE_0000762,579,767,2021.275,807,115,,,259,251,,
NODE_0000762,767,1859,2021.275,115,807,,,251,343,,
NODE_0000762,767,2246,2021.275,115,807,,,251,348,,
NODE_0000762,767,840,2021.275,115,807,,,251,335,,
NODE_0000762,590,767,2021.275,807,115,,,325,251,,
NODE_0000762,599,767,2021.275,807,115,,,291,251,,
NODE_0000762,767,3418,2021.275,115,807,,,251,404,,
NODE_0000762,767,1244,2021.275,115,807,,,251,344,,
NODE_0000762,767,2914,2021.275,115,807,,,251,417,,
NODE_0000762,767,866,2021.275,115,807,,,251,286,,
NODE_0000762,616,767,2021.275,807,115,,,248,251,,
NODE_0000762,746,767,2021.275,807,115,,,268,251,,
NODE_0000762,620,767,2021.275,807,115,,,259,251,,
NODE_0000762,754,767,2021.275,807,115,,,247,251,,
NODE_0000762,628,767,2021.275,807,115,,,268,251,,
NODE_0000762,629,767,2021.275,807,115,,,268,251,,
NODE_0000762,767,1013,2021.275,115,807,,,251,258,,
NODE_0000762,767,2041,2021.275,115,807,,,251,363,,
NODE_0000762,634,767,2021.275,807,115,,,274,251,,
NODE_0000762,508,767,2021.275,807,115,,,332,251,,
NODE_0001613,638,674,2021.419,10,19,,,265,272,,
NODE_0002410,187,1903,2021.878,4,1,382.0,357.0,169,357,0.0,1.0
NODE_0002404,187,1903,2021.733,4,5,308.0,357.0,169,357,0.0,1.0
NODE_0002403,187,1903,2021.642,1,9,261.0,,169,357,0.0,
NODE_0002402,187,1903,2021.554,1,10,229.0,,169,357,0.0,
NODE_0002401,187,1903,2021.54,1,11,240.0,,169,357,0.0,
NODE_0002140,187,1903,2021.499,1,12,214.0,,169,357,0.0,
NODE_0002389,187,1903,2021.485,10,13,,,169,357,,
NODE_0002129,187,1903,2021.472,1,23,205.0,,169,357,0.0,
NODE_0002376,187,1903,2021.45,11,24,,,169,357,,
NODE_0002375,187,1903,2021.447,1,35,191.0,,169,357,0.0,
NODE_0002372,187,1903,2021.432,2,36,195.0,,169,357,0.0,
NODE_0002369,187,1903,2021.424,3,38,191.0,,169,357,0.0,
NODE_0002361,187,1903,2021.415,6,41,190.0,,169,357,0.0,
NODE_0002360,187,1903,2021.406,1,47,182.0,,169,357,0.0,
NODE_0002359,187,1903,2021.406,1,48,175.0,,169,357,0.0,
NODE_0002358,187,1903,2021.397,266,49,,,169,357,,
NODE_0001644,187,1903,2021.393,1,315,185.0,,169,357,0.0,
NODE_0001644,187,1903,2021.393,1,315,183.0,,169,357,0.0,
NODE_0001644,187,1903,2021.393,1,315,177.0,,169,357,0.0,
NODE_0001644,187,1903,2021.393,1,315,176.0,,169,357,0.0,
NODE_0001644,187,1903,2021.393,1,315,174.0,,169,357,0.0,
NODE_0001644,187,1903,2021.393,1,315,173.0,,169,357,0.0,
NODE_0001644,187,1903,2021.393,1,315,173.0,,169,357,0.0,
NODE_0001644,187,1903,2021.393,1,315,173.0,,169,357,0.0,
NODE_0001644,187,1903,2021.393,1,315,172.0,,169,357,0.0,
NODE_0001644,187,1903,2021.393,1,315,172.0,,169,357,0.0,
NODE_0001644,187,1903,2021.393,1,315,171.0,,169,357,0.0,
NODE_0001644,187,1903,2021.393,1,315,171.0,,169,357,0.0,
NODE_0001644,187,1903,2021.393,1,315,169.0,,169,357,1.0,
NODE_0001644,187,1903,2021.393,2,315,209.0,,169,357,0.0,
NODE_0001644,187,1903,2021.393,2,315,172.0,,169,357,0.0,
NODE_0001644,187,1903,2021.393,3,315,188.0,,169,357,0.0,
NODE_0001644,187,1903,2021.393,4,315,183.0,,169,357,0.0,
NODE_0001644,187,1903,2021.393,5,315,180.0,,169,357,0.0,
NODE_0001644,187,1903,2021.393,8,315,183.0,,169,357,0.0,
NODE_0001644,187,1903,2021.393,13,315,,,169,357,,
NODE_0001644,187,1903,2021.393,21,315,,,169,357,,
NODE_0001644,187,1903,2021.393,39,315,,,169,357,,
NODE_0001644,187,1903,2021.393,40,315,,,169,357,,
NODE_0001644,187,1903,2021.393,80,315,,,169,357,,
NODE_0001644,187,1903,2021.393,83,315,,,169,357,,
NODE_0001644,187,1903,2021.393,114,315,,,169,357,,
NODE_0001644,187,1903,2021.393,418,315,,,169,357,,
NODE_0001642,187,1903,2021.387,2,1160,329.0,,169,357,0.0,
NODE_0001641,187,2059,2021.3,1162,1,,371.0,169,371,,1.0
NODE_0001641,1903,2059,2021.3,1162,1,,371.0,357,371,,1.0
NODE_0001612,674,2059,2021.292,29,1163,,,272,371,,
NODE_0001612,187,674,2021.292,1163,29,,,169,272,,
NODE_0001612,674,1903,2021.292,29,1163,,,272,357,,
NODE_0001612,638,2059,2021.292,29,1163,,,265,371,,
NODE_0001612,187,638,2021.292,1163,29,,,169,265,,
NODE_0001612,638,1903,2021.292,29,1163,,,265,357,,
NODE_0002806,712,1145,2021.478,12,1,,292.0,268,292,,1.0
NODE_0002820,919,3011,2021.658,5,1,292.0,422.0,292,422,1.0,1.0
NODE_0002819,2228,3011,2021.588,1,6,379.0,422.0,379,422,1.0,1.0
NODE_0002819,919,2228,2021.588,6,1,292.0,379.0,292,379,1.0,1.0
NODE_0003102,592,3011,2021.466,17,7,,422.0,271,422,,1.0
NODE_0003102,592,2228,2021.466,17,7,,379.0,271,379,,1.0
NODE_0003102,592,919,2021.466,17,7,,292.0,271,292,,1.0
NODE_0003135,464,3172,2021.459,39,1,,417.0,224,417,,1.0
NODE_0002842,458,464,2021.438,6,40,228.0,,228,224,1.0,
NODE_0002842,458,3172,2021.438,6,40,228.0,,228,417,1.0,
NODE_0002818,464,592,2021.423,46,24,,,224,271,,
NODE_0002818,458,592,2021.423,46,24,,,228,271,,
NODE_0002818,592,3172,2021.423,24,46,,,271,417,,
NODE_0002818,464,3011,2021.423,46,24,,,224,422,,
NODE_0002818,458,3011,2021.423,46,24,,,228,422,,
NODE_0002818,3011,3172,2021.423,24,46,,,422,417,,
NODE_0002818,464,2228,2021.423,46,24,,,224,379,,
NODE_0002818,458,2228,2021.423,46,24,,,228,379,,
NODE_0002818,2228,3172,2021.423,24,46,,,379,417,,
NODE_0002818,464,919,2021.423,46,24,,,224,292,,
NODE_0002818,458,919,2021.423,46,24,,,228,292,,
NODE_0002818,919,3172,2021.423,24,46,,,292,417,,
NODE_0002805,592,712,2021.397,70,13,,,271,268,,
NODE_0002805,464,712,2021.397,70,13,,,224,268,,
NODE_0002805,712,3011,2021.397,13,70,,,268,422,,
NODE_0002805,712,2228,2021.397,13,70,,,268,379,,
NODE_0002805,712,3172,2021.397,13,70,,,268,417,,
NODE_0002805,712,919,2021.397,13,70,,,268,292,,
NODE_0002805,458,712,2021.397,70,13,,,228,268,,
NODE_0002805,592,1145,2021.397,70,13,,,271,292,,
NODE_0002805,464,1145,2021.397,70,13,,,224,292,,
NODE_0002805,1145,3011,2021.397,13,70,,,292,422,,
NODE_0002805,1145,2228,2021.397,13,70,,,292,379,,
NODE_0002805,1145,3172,2021.397,13,70,,,292,417,,
NODE_0002805,919,1145,2021.397,70,13,,,292,292,,
NODE_0002805,458,1145,2021.397,70,13,,,228,292,,
NODE_0003701,240,2268,2021.974,1,1,397.0,382.0,172,382,0.0,1.0
NODE_0003700,240,2268,2021.933,4,2,381.0,382.0,172,382,0.0,1.0
NODE_0003699,240,2268,2021.914,1,6,369.0,382.0,172,382,0.0,1.0
NODE_0003698,240,2268,2021.905,1,7,360.0,382.0,172,382,0.0,1.0
NODE_0003695,240,2268,2021.877,2,8,359.0,382.0,172,382,0.0,1.0
NODE_0003692,240,2268,2021.861,3,10,345.0,,172,382,0.0,
NODE_0003691,240,2268,2021.843,1,13,360.0,,172,382,0.0,
NODE_0003690,240,2268,2021.839,1,14,333.0,,172,382,0.0,
NODE_0003687,240,2268,2021.831,3,15,361.0,,172,382,0.0,
NODE_0003685,240,2268,2021.807,1,18,344.0,,172,382,0.0,
NODE_0003684,240,2268,2021.801,1,19,319.0,,172,382,0.0,
NODE_0003681,240,2268,2021.757,2,20,327.0,,172,382,0.0,
NODE_0003679,240,2268,2021.675,1,22,280.0,,172,382,0.0,
NODE_0003678,240,2268,2021.623,1,23,254.0,,172,382,0.0,
NODE_0003667,240,2268,2021.577,13,24,,,172,382,,
NODE_0003666,240,2268,2021.566,1,37,237.0,,172,382,0.0,
NODE_0003665,240,2268,2021.549,1,38,235.0,,172,382,0.0,
NODE_0003664,240,2268,2021.539,1,39,226.0,,172,382,0.0,
NODE_0003660,240,2268,2021.494,3,40,212.0,,172,382,0.0,
NODE_0003656,240,2268,2021.478,4,43,210.0,,172,382,0.0,
NODE_0003655,240,2268,2021.463,1,47,209.0,,172,382,0.0,
NODE_0003654,240,2268,2021.457,1,48,195.0,,172,382,0.0,
NODE_0003653,240,2268,2021.449,1,49,192.0,,172,382,0.0,
NODE_0003644,240,2268,2021.445,5,50,201.0,,172,382,0.0,
NODE_0003643,240,2268,2021.436,1,55,196.0,,172,382,0.0,
NODE_0003642,240,2268,2021.427,1,56,189.0,,172,382,0.0,
NODE_0003640,240,2268,2021.406,1,57,184.0,,172,382,0.0,
NODE_0003436,240,2268,2021.401,1,58,180.0,,172,382,0.0,
NODE_0003436,240,2268,2021.401,1,58,173.0,,172,382,0.0,
NODE_0003436,240,2268,2021.401,4,58,189.0,,172,382,0.0,
NODE_0003436,240,2268,2021.401,6,58,186.0,,172,382,0.0,
NODE_0003509,240,2182,2021.681,1,1,275.0,407.0,172,407,0.0,1.0
NODE_0004474,240,2182,2021.642,1,2,269.0,407.0,172,407,0.0,1.0
NODE_0004473,240,2182,2021.577,1,3,237.0,407.0,172,407,0.0,1.0
NODE_0005016,240,2182,2021.559,1,4,254.0,407.0,172,407,0.0,1.0
NODE_0003508,240,2182,2021.538,3,5,236.0,407.0,172,407,0.0,1.0
NODE_0004468,240,2182,2021.505,9,8,,407.0,172,407,,1.0
NODE_0004466,240,2182,2021.465,26,17,,,172,407,,
NODE_0004465,240,2182,2021.456,320,43,,,172,407,,
NODE_0004464,240,2182,2021.444,1,363,193.0,,172,407,0.0,
NODE_0004463,240,2182,2021.436,1,364,189.0,,172,407,0.0,
NODE_0004460,240,2182,2021.431,3,365,189.0,,172,407,0.0,
NODE_0004457,240,2182,2021.424,1,368,188.0,,172,407,0.0,
NODE_0004454,240,2182,2021.415,1,369,182.0,,172,407,0.0,
NODE_0004453,240,2182,2021.406,1,370,190.0,,172,407,0.0,
NODE_0004451,240,2182,2021.397,2,371,192.0,,172,407,0.0,
NODE_0004448,240,2182,2021.397,3,373,173.0,,172,407,0.0,
NODE_0002888,240,2268,2021.397,1,70,178.0,,172,382,0.0,
NODE_0002888,240,2182,2021.397,1,376,178.0,,172,407,0.0,
NODE_0002888,240,2268,2021.397,1,70,173.0,,172,382,0.0,
NODE_0002888,240,2182,2021.397,1,376,173.0,,172,407,0.0,
NODE_0002888,240,2268,2021.397,1,70,172.0,,172,382,1.0,
NODE_0002888,240,2182,2021.397,1,376,172.0,,172,407,1.0,
NODE_0002888,240,2268,2021.397,1,70,172.0,,172,382,1.0,
NODE_0002888,240,2182,2021.397,1,376,172.0,,172,407,1.0,
NODE_0002888,240,2268,2021.397,2,70,172.0,,172,382,1.0,
NODE_0002888,240,2182,2021.397,2,376,172.0,,172,407,1.0,
NODE_0002888,240,2268,2021.397,3,70,176.0,,172,382,0.0,
NODE_0002888,240,2182,2021.397,3,376,176.0,,172,407,0.0,
NODE_0002888,240,2268,2021.397,4,70,176.0,,172,382,0.0,
NODE_0002888,240,2182,2021.397,4,376,176.0,,172,407,0.0,
NODE_0002888,240,2268,2021.397,5,70,177.0,,172,382,0.0,
NODE_0002888,240,2182,2021.397,5,376,177.0,,172,407,0.0,
NODE_0002888,240,2268,2021.397,7,70,177.0,,172,382,0.0,
NODE_0002888,240,2182,2021.397,7,376,177.0,,172,407,0.0,
NODE_0002888,240,2268,2021.397,10,70,,,172,382,,
NODE_0002888,240,2182,2021.397,10,376,,,172,407,,
NODE_0002888,240,2268,2021.397,12,70,,,172,382,,
NODE_0002888,240,2182,2021.397,12,376,,,172,407,,
NODE_0002888,240,2268,2021.397,15,70,,,172,382,,
NODE_0002888,240,2182,2021.397,15,376,,,172,407,,
NODE_0002888,240,2268,2021.397,17,70,,,172,382,,
NODE_0002888,240,2182,2021.397,17,376,,,172,407,,
NODE_0002888,240,2268,2021.397,20,70,,,172,382,,
NODE_0002888,240,2182,2021.397,20,376,,,172,407,,
NODE_0002888,240,2268,2021.397,25,70,,,172,382,,
NODE_0002888,240,2182,2021.397,25,376,,,172,407,,
NODE_0002888,240,2268,2021.397,40,70,,,172,382,,
NODE_0002888,240,2182,2021.397,40,376,,,172,407,,
NODE_0002888,240,2268,2021.397,50,70,,,172,382,,
NODE_0002888,240,2182,2021.397,50,376,,,172,407,,
NODE_0002888,240,2268,2021.397,57,70,,,172,382,,
NODE_0002888,240,2182,2021.397,57,376,,,172,407,,
NODE_0002888,240,2268,2021.397,60,70,,,172,382,,
NODE_0002888,240,2182,2021.397,60,376,,,172,407,,
NODE_0002888,240,2268,2021.397,111,70,,,172,382,,
NODE_0002888,240,2268,2021.397,324,70,,,172,382,,
NODE_0002888,240,2268,2021.397,355,70,,,172,382,,
NODE_0002888,240,2182,2021.397,70,376,,,172,407,,
NODE_0002888,240,2268,2021.397,376,70,,,172,382,,
NODE_0002888,2182,2268,2021.397,376,70,,,407,382,,
NODE_0002888,240,2182,2021.397,111,376,,,172,407,,
NODE_0002888,240,2182,2021.397,324,376,,,172,407,,
NODE_0002888,240,2182,2021.397,355,376,,,172,407,,
NODE_0002887,240,1639,2021.327,1567,1,,379.0,172,379,,1.0
NODE_0002887,1639,2268,2021.327,1,1567,379.0,,379,382,1.0,
NODE_0002887,1639,2182,2021.327,1,1567,379.0,,379,407,1.0,
NODE_0002804,240,3011,2021.284,1568,83,,,172,422,,
NODE_0002804,2268,3011,2021.284,1568,83,,,382,422,,
NODE_0002804,2182,3011,2021.284,1568,83,,,407,422,,
NODE_0002804,1639,3011,2021.284,1568,83,,,379,422,,
NODE_0002804,240,3172,2021.284,1568,83,,,172,417,,
NODE_0002804,2268,3172,2021.284,1568,83,,,382,417,,
NODE_0002804,2182,3172,2021.284,1568,83,,,407,417,,
NODE_0002804,1639,3172,2021.284,1568,83,,,379,417,,
NODE_0002804,240,712,2021.284,1568,83,,,172,268,,
NODE_0002804,712,2268,2021.284,83,1568,,,268,382,,
NODE_0002804,712,2182,2021.284,83,1568,,,268,407,,
NODE_0002804,712,1639,2021.284,83,1568,,,268,379,,
NODE_0002804,240,458,2021.284,1568,83,,,172,228,,
NODE_0002804,458,2268,2021.284,83,1568,,,228,382,,
NODE_0002804,458,2182,2021.284,83,1568,,,228,407,,
NODE_0002804,458,1639,2021.284,83,1568,,,228,379,,
NODE_0002804,240,592,2021.284,1568,83,,,172,271,,
NODE_0002804,592,2268,2021.284,83,1568,,,271,382,,
NODE_0002804,592,2182,2021.284,83,1568,,,271,407,,
NODE_0002804,592,1639,2021.284,83,1568,,,271,379,,
NODE_0002804,240,464,2021.284,1568,83,,,172,224,,
NODE_0002804,464,2268,2021.284,83,1568,,,224,382,,
NODE_0002804,464,2182,2021.284,83,1568,,,224,407,,
NODE_0002804,464,1639,2021.284,83,1568,,,224,379,,
NODE_0002804,240,2228,2021.284,1568,83,,,172,379,,
NODE_0002804,2228,2268,2021.284,83,1568,,,379,382,,
NODE_0002804,2182,2228,2021.284,1568,83,,,407,379,,
NODE_0002804,1639,2228,2021.284,1568,83,,,379,379,,
NODE_0002804,240,919,2021.284,1568,83,,,172,292,,
NODE_0002804,919,2268,2021.284,83,1568,,,292,382,,
NODE_0002804,919,2182,2021.284,83,1568,,,292,407,,
NODE_0002804,919,1639,2021.284,83,1568,,,292,379,,
NODE_0002804,240,1145,2021.284,1568,83,,,172,292,,
NODE_0002804,1145,2268,2021.284,83,1568,,,292,382,,
NODE_0002804,1145,2182,2021.284,83,1568,,,292,407,,
NODE_0002804,1145,1639,2021.284,83,1568,,,292,379,,
NODE_0001766,674,3011,2021.275,1192,1651,,,272,422,,
NODE_0001766,674,3172,2021.275,1192,1651,,,272,417,,
NODE_0001766,674,2182,2021.275,1192,1651,,,272,407,,
NODE_0001766,674,1639,2021.275,1192,1651,,,272,379,,
NODE_0001766,674,712,2021.275,1192,1651,,,272,268,,
NODE_0001766,458,674,2021.275,1651,1192,,,228,272,,
NODE_0001766,592,674,2021.275,1651,1192,,,271,272,,
NODE_0001766,464,674,2021.275,1651,1192,,,224,272,,
NODE_0001766,240,674,2021.275,1651,1192,,,172,272,,
NODE_0001766,674,2228,2021.275,1192,1651,,,272,379,,
NODE_0001766,674,919,2021.275,1192,1651,,,272,292,,
NODE_0001766,674,1145,2021.275,1192,1651,,,272,292,,
NODE_0001766,674,2268,2021.275,1192,1651,,,272,382,,
NODE_0001766,2059,3011,2021.275,1192,1651,,,371,422,,
NODE_0001766,2059,3172,2021.275,1192,1651,,,371,417,,
NODE_0001766,2059,2182,2021.275,1192,1651,,,371,407,,
NODE_0001766,1639,2059,2021.275,1651,1192,,,379,371,,
NODE_0001766,712,2059,2021.275,1651,1192,,,268,371,,
NODE_0001766,458,2059,2021.275,1651,1192,,,228,371,,
NODE_0001766,592,2059,2021.275,1651,1192,,,271,371,,
NODE_0001766,464,2059,2021.275,1651,1192,,,224,371,,
NODE_0001766,240,2059,2021.275,1651,1192,,,172,371,,
NODE_0001766,2059,2228,2021.275,1192,1651,,,371,379,,
NODE_0001766,919,2059,2021.275,1651,1192,,,292,371,,
NODE_0001766,1145,2059,2021.275,1651,1192,,,292,371,,
NODE_0001766,2059,2268,2021.275,1192,1651,,,371,382,,
NODE_0001766,187,3011,2021.275,1192,1651,,,169,422,,
NODE_0001766,187,3172,2021.275,1192,1651,,,169,417,,
NODE_0001766,187,2182,2021.275,1192,1651,,,169,407,,
NODE_0001766,187,1639,2021.275,1192,1651,,,169,379,,
NODE_0001766,187,712,2021.275,1192,1651,,,169,268,,
NODE_0001766,187,458,2021.275,1192,1651,,,169,228,,
NODE_0001766,187,592,2021.275,1192,1651,,,169,271,,
NODE_0001766,187,464,2021.275,1192,1651,,,169,224,,
NODE_0001766,187,240,2021.275,1192,1651,,,169,172,,
NODE_0001766,187,2228,2021.275,1192,1651,,,169,379,,
NODE_0001766,187,919,2021.275,1192,1651,,,169,292,,
NODE_0001766,187,1145,2021.275,1192,1651,,,169,292,,
NODE_0001766,187,2268,2021.275,1192,1651,,,169,382,,
NODE_0001766,638,3011,2021.275,1192,1651,,,265,422,,
NODE_0001766,638,3172,2021.275,1192,1651,,,265,417,,
NODE_0001766,638,2182,2021.275,1192,1651,,,265,407,,
NODE_0001766,638,1639,2021.275,1192,1651,,,265,379,,
NODE_0001766,638,712,2021.275,1192,1651,,,265,268,,
NODE_0001766,458,638,2021.275,1651,1192,,,228,265,,
NODE_0001766,592,638,2021.275,1651,1192,,,271,265,,
NODE_0001766,464,638,2021.275,1651,1192,,,224,265,,
NODE_0001766,240,638,2021.275,1651,1192,,,172,265,,
NODE_0001766,638,2228,2021.275,1192,1651,,,265,379,,
NODE_0001766,638,919,2021.275,1192,1651,,,265,292,,
NODE_0001766,638,1145,2021.275,1192,1651,,,265,292,,
NODE_0001766,638,2268,2021.275,1192,1651,,,265,382,,
NODE_0001766,1903,3011,2021.275,1192,1651,,,357,422,,
NODE_0001766,1903,3172,2021.275,1192,1651,,,357,417,,
NODE_0001766,1903,2182,2021.275,1192,1651,,,357,407,,
NODE_0001766,1639,1903,2021.275,1651,1192,,,379,357,,
NODE_0001766,712,1903,2021.275,1651,1192,,,268,357,,
NODE_0001766,458,1903,2021.275,1651,1192,,,228,357,,
NODE_0001766,592,1903,2021.275,1651,1192,,,271,357,,
NODE_0001766,464,1903,2021.275,1651,1192,,,224,357,,
NODE_0001766,240,1903,2021.275,1651,1192,,,172,357,,
NODE_0001766,1903,2228,2021.275,1192,1651,,,357,379,,
NODE_0001766,919,1903,2021.275,1651,1192,,,292,357,,
NODE_0001766,1145,1903,2021.275,1651,1192,,,292,357,,
NODE_0001766,1903,2268,2021.275,1192,1651,,,357,382,,
NODE_0000760,136,3011,2021.267,922,2843,,,170,422,,
NODE_0000760,136,2182,2021.267,922,2843,,,170,407,,
NODE_0000760,136,712,2021.267,922,2843,,,170,268,,
NODE_0000760,136,458,2021.267,922,2843,,,170,228,,
NODE_0000760,136,2059,2021.267,922,2843,,,170,371,,
NODE_0000760,136,592,2021.267,922,2843,,,170,271,,
NODE_0000760,136,464,2021.267,922,2843,,,170,224,,
NODE_0000760,136,919,2021.267,922,2843,,,170,292,,
NODE_0000760,136,2268,2021.267,922,2843,,,170,382,,
NODE_0000760,136,674,2021.267,922,2843,,,170,272,,
NODE_0000760,136,3172,2021.267,922,2843,,,170,417,,
NODE_0000760,136,1639,2021.267,922,2843,,,170,379,,
NODE_0000760,136,1903,2021.267,922,2843,,,170,357,,
NODE_0000760,136,240,2021.267,922,2843,,,170,172,,
NODE_0000760,136,2228,2021.267,922,2843,,,170,379,,
NODE_0000760,136,1145,2021.267,922,2843,,,170,292,,
NODE_0000760,136,187,2021.267,922,2843,,,170,169,,
NODE_0000760,136,638,2021.267,922,2843,,,170,265,,
NODE_0000760,1288,3011,2021.267,922,2843,,,279,422,,
NODE_0000760,1288,2182,2021.267,922,2843,,,279,407,,
NODE_0000760,712,1288,2021.267,2843,922,,,268,279,,
NODE_0000760,458,1288,2021.267,2843,922,,,228,279,,
NODE_0000760,1288,2059,2021.267,922,2843,,,279,371,,
NODE_0000760,592,1288,2021.267,2843,922,,,271,279,,
NODE_0000760,464,1288,2021.267,2843,922,,,224,279,,
NODE_0000760,919,1288,2021.267,2843,922,,,292,279,,
NODE_0000760,1288,2268,2021.267,922,2843,,,279,382,,
NODE_0000760,674,1288,2021.267,2843,922,,,272,279,,
NODE_0000760,1288,3172,2021.267,922,2843,,,279,417,,
NODE_0000760,1288,1639,2021.267,922,2843,,,279,379,,
NODE_0000760,1288,1903,2021.267,922,2843,,,279,357,,
NODE_0000760,240,1288,2021.267,2843,922,,,172,279,,
NODE_0000760,1288,2228,2021.267,922,2843,,,279,379,,
NODE_0000760,1145,1288,2021.267,2843,922,,,292,279,,
NODE_0000760,187,1288,2021.267,2843,922,,,169,279,,
NODE_0000760,638,1288,2021.267,2843,922,,,265,279,,
NODE_0000760,914,3011,2021.267,922,2843,,,290,422,,
NODE_0000760,914,2182,2021.267,922,2843,,,290,407,,
NODE_0000760,712,914,2021.267,2843,922,,,268,290,,
NODE_0000760,458,914,2021.267,2843,922,,,228,290,,
NODE_0000760,914,2059,2021.267,922,2843,,,290,371,,
NODE_0000760,592,914,2021.267,2843,922,,,271,290,,
NODE_0000760,464,914,2021.267,2843,922,,,224,290,,
NODE_0000760,914,919,2021.267,922,2843,,,290,292,,
NODE_0000760,914,2268,2021.267,922,2843,,,290,382,,
NODE_0000760,674,914,2021.267,2843,922,,,272,290,,
NODE_0000760,914,3172,2021.267,922,2843,,,290,417,,
NODE_0000760,914,1639,2021.267,922,2843,,,290,379,,
NODE_0000760,914,1903,2021.267,922,2843,,,290,357,,
NODE_0000760,240,914,2021.267,2843,922,,,172,290,,
NODE_0000760,914,2228,2021.267,922,2843,,,290,379,,
NODE_0000760,914,1145,2021.267,922,2843,,,290,292,,
NODE_0000760,187,914,2021.267,2843,922,,,169,290,,
NODE_0000760,638,914,2021.267,2843,922,,,265,290,,
NODE_0000760,767,3011,2021.267,922,2843,,,251,422,,
NODE_0000760,767,2182,2021.267,922,2843,,,251,407,,
NODE_0000760,712,767,2021.267,2843,922,,,268,251,,
NODE_0000760,458,767,2021.267,2843,922,,,228,251,,
NODE_0000760,767,2059,2021.267,922,2843,,,251,371,,
NODE_0000760,592,767,2021.267,2843,922,,,271,251,,
NODE_0000760,464,767,2021.267,2843,922,,,224,251,,
NODE_0000760,767,919,2021.267,922,2843,,,251,292,,
NODE_0000760,767,2268,2021.267,922,2843,,,251,382,,
NODE_0000760,674,767,2021.267,2843,922,,,272,251,,
NODE_0000760,767,3172,2021.267,922,2843,,,251,417,,
NODE_0000760,767,1639,2021.267,922,2843,,,251,379,,
NODE_0000760,767,1903,2021.267,922,2843,,,251,357,,
NODE_0000760,240,767,2021.267,2843,922,,,172,251,,
NODE_0000760,767,2228,2021.267,922,2843,,,251,379,,
NODE_0000760,767,1145,2021.267,922,2843,,,251,292,,
NODE_0000760,187,767,2021.267,2843,922,,,169,251,,
NODE_0000760,638,767,2021.267,2843,922,,,265,251,,
NODE_0000760,787,3011,2021.267,922,2843,,,333,422,,
NODE_0000760,787,2182,2021.267,922,2843,,,333,407,,
NODE_0000760,712,787,2021.267,2843,922,,,268,333,,
NODE_0000760,458,787,2021.267,2843,922,,,228,333,,
NODE_0000760,787,2059,2021.267,922,2843,,,333,371,,
NODE_0000760,592,787,2021.267,2843,922,,,271,333,,
NODE_0000760,464,787,2021.267,2843,922,,,224,333,,
NODE_0000760,787,919,2021.267,922,2843,,,333,292,,
NODE_0000760,787,2268,2021.267,922,2843,,,333,382,,
NODE_0000760,674,787,2021.267,2843,922,,,272,333,,
NODE_0000760,787,3172,2021.267,922,2843,,,333,417,,
NODE_0000760,787,1639,2021.267,922,2843,,,333,379,,
NODE_0000760,787,1903,2021.267,922,2843,,,333,357,,
NODE_0000760,240,787,2021.267,2843,922,,,172,333,,
NODE_0000760,787,2228,2021.267,922,2843,,,333,379,,
NODE_0000760,787,1145,2021.267,922,2843,,,333,292,,
NODE_0000760,187,787,2021.267,2843,922,,,169,333,,
NODE_0000760,638,787,2021.267,2843,922,,,265,333,,
NODE_0000760,917,3011,2021.267,922,2843,,,396,422,,
NODE_0000760,917,2182,2021.267,922,2843,,,396,407,,
NODE_0000760,712,917,2021.267,2843,922,,,268,396,,
NODE_0000760,458,917,2021.267,2843,922,,,228,396,,
NODE_0000760,917,2059,2021.267,922,2843,,,396,371,,
NODE_0000760,592,917,2021.267,2843,922,,,271,396,,
NODE_0000760,464,917,2021.267,2843,922,,,224,396,,
NODE_0000760,917,919,2021.267,922,2843,,,396,292,,
NODE_0000760,917,2268,2021.267,922,2843,,,396,382,,
NODE_0000760,674,917,2021.267,2843,922,,,272,396,,
NODE_0000760,917,3172,2021.267,922,2843,,,396,417,,
NODE_0000760,917,1639,2021.267,922,2843,,,396,379,,
NODE_0000760,917,1903,2021.267,922,2843,,,396,357,,
NODE_0000760,240,917,2021.267,2843,922,,,172,396,,
NODE_0000760,917,2228,2021.267,922,2843,,,396,379,,
NODE_0000760,917,1145,2021.267,922,2843,,,396,292,,
NODE_0000760,187,917,2021.267,2843,922,,,169,396,,
NODE_0000760,638,917,2021.267,2843,922,,,265,396,,
NODE_0000760,534,3011,2021.267,922,2843,,,260,422,,
NODE_0000760,534,2182,2021.267,922,2843,,,260,407,,
NODE_0000760,534,712,2021.267,922,2843,,,260,268,,
NODE_0000760,458,534,2021.267,2843,922,,,228,260,,
NODE_0000760,534,2059,2021.267,922,2843,,,260,371,,
NODE_0000760,534,592,2021.267,922,2843,,,260,271,,
NODE_0000760,464,534,2021.267,2843,922,,,224,260,,
NODE_0000760,534,919,2021.267,922,2843,,,260,292,,
NODE_0000760,534,2268,2021.267,922,2843,,,260,382,,
NODE_0000760,534,674,2021.267,922,2843,,,260,272,,
NODE_0000760,534,3172,2021.267,922,2843,,,260,417,,
NODE_0000760,534,1639,2021.267,922,2843,,,260,379,,
NODE_0000760,534,1903,2021.267,922,2843,,,260,357,,
NODE_0000760,240,534,2021.267,2843,922,,,172,260,,
NODE_0000760,534,2228,2021.267,922,2843,,,260,379,,
NODE_0000760,534,1145,2021.267,922,2843,,,260,292,,
NODE_0000760,187,534,2021.267,2843,922,,,169,260,,
NODE_0000760,534,638,2021.267,922,2843,,,260,265,,
NODE_0000760,665,3011,2021.267,922,2843,,,283,422,,
NODE_0000760,665,2182,2021.267,922,2843,,,283,407,,
NODE_0000760,665,712,2021.267,922,2843,,,283,268,,
NODE_0000760,458,665,2021.267,2843,922,,,228,283,,
NODE_0000760,665,2059,2021.267,922,2843,,,283,371,,
NODE_0000760,592,665,2021.267,2843,922,,,271,283,,
NODE_0000760,464,665,2021.267,2843,922,,,224,283,,
NODE_0000760,665,919,2021.267,922,2843,,,283,292,,
NODE_0000760,665,2268,2021.267,922,2843,,,283,382,,
NODE_0000760,665,674,2021.267,922,2843,,,283,272,,
NODE_0000760,665,3172,2021.267,922,2843,,,283,417,,
NODE_0000760,665,1639,2021.267,922,2843,,,283,379,,
NODE_0000760,665,1903,2021.267,922,2843,,,283,357,,
NODE_0000760,240,665,2021.267,2843,922,,,172,283,,
NODE_0000760,665,2228,2021.267,922,2843,,,283,379,,
NODE_0000760,665,1145,2021.267,922,2843,,,283,292,,
NODE_0000760,187,665,2021.267,2843,922,,,169,283,,
NODE_0000760,638,665,2021.267,2843,922,,,265,283,,
NODE_0000760,3011,3099,2021.267,2843,922,,,422,367,,
NODE_0000760,2182,3099,2021.267,2843,922,,,407,367,,
NODE_0000760,712,3099,2021.267,2843,922,,,268,367,,
NODE_0000760,458,3099,2021.267,2843,922,,,228,367,,
NODE_0000760,2059,3099,2021.267,2843,922,,,371,367,,
NODE_0000760,592,3099,2021.267,2843,922,,,271,367,,
NODE_0000760,464,3099,2021.267,2843,922,,,224,367,,
NODE_0000760,919,3099,2021.267,2843,922,,,292,367,,
NODE_0000760,2268,3099,2021.267,2843,922,,,382,367,,
NODE_0000760,674,3099,2021.267,2843,922,,,272,367,,
NODE_0000760,3099,3172,2021.267,922,2843,,,367,417,,
NODE_0000760,1639,3099,2021.267,2843,922,,,379,367,,
NODE_0000760,1903,3099,2021.267,2843,922,,,357,367,,
NODE_0000760,240,3099,2021.267,2843,922,,,172,367,,
NODE_0000760,2228,3099,2021.267,2843,922,,,379,367,,
NODE_0000760,1145,3099,2021.267,2843,922,,,292,367,,
NODE_0000760,187,3099,2021.267,2843,922,,,169,367,,
NODE_0000760,638,3099,2021.267,2843,922,,,265,367,,
NODE_0000760,1056,3011,2021.267,922,2843,,,275,422,,
NODE_0000760,1056,2182,2021.267,922,2843,,,275,407,,
NODE_0000760,712,1056,2021.267,2843,922,,,268,275,,
NODE_0000760,458,1056,2021.267,2843,922,,,228,275,,
NODE_0000760,1056,2059,2021.267,922,2843,,,275,371,,
NODE_0000760,592,1056,2021.267,2843,922,,,271,275,,
NODE_0000760,464,1056,2021.267,2843,922,,,224,275,,
NODE_0000760,919,1056,2021.267,2843,922,,,292,275,,
NODE_0000760,1056,2268,2021.267,922,2843,,,275,382,,
NODE_0000760,674,1056,2021.267,2843,922,,,272,275,,
NODE_0000760,1056,3172,2021.267,922,2843,,,275,417,,
NODE_0000760,1056,1639,2021.267,922,2843,,,275,379,,
NODE_0000760,1056,1903,2021.267,922,2843,,,275,357,,
NODE_0000760,240,1056,2021.267,2843,922,,,172,275,,
NODE_0000760,1056,2228,2021.267,922,2843,,,275,379,,
NODE_0000760,1056,1145,2021.267,922,2843,,,275,292,,
NODE_0000760,187,1056,2021.267,2843,922,,,169,275,,
NODE_0000760,638,1056,2021.267,2843,922,,,265,275,,
NODE_0000760,673,3011,2021.267,922,2843,,,284,422,,
NODE_0000760,673,2182,2021.267,922,2843,,,284,407,,
NODE_0000760,673,712,2021.267,922,2843,,,284,268,,
NODE_0000760,458,673,2021.267,2843,922,,,228,284,,
NODE_0000760,673,2059,2021.267,922,2843,,,284,371,,
NODE_0000760,592,673,2021.267,2843,922,,,271,284,,
NODE_0000760,464,673,2021.267,2843,922,,,224,284,,
NODE_0000760,673,919,2021.267,922,2843,,,284,292,,
NODE_0000760,673,2268,2021.267,922,2843,,,284,382,,
NODE_0000760,673,674,2021.267,922,2843,,,284,272,,
NODE_0000760,673,3172,2021.267,922,2843,,,284,417,,
NODE_0000760,673,1639,2021.267,922,2843,,,284,379,,
NODE_0000760,673,1903,2021.267,922,2843,,,284,357,,
NODE_0000760,240,673,2021.267,2843,922,,,172,284,,
NODE_0000760,673,2228,2021.267,922,2843,,,284,379,,
NODE_0000760,673,1145,2021.267,922,2843,,,284,292,,
NODE_0000760,187,673,2021.267,2843,922,,,169,284,,
NODE_0000760,638,673,2021.267,2843,922,,,265,284,,
NODE_0000760,675,3011,2021.267,922,2843,,,281,422,,
NODE_0000760,675,2182,2021.267,922,2843,,,281,407,,
NODE_0000760,675,712,2021.267,922,2843,,,281,268,,
NODE_0000760,458,675,2021.267,2843,922,,,228,281,,
NODE_0000760,675,2059,2021.267,922,2843,,,281,371,,
NODE_0000760,592,675,2021.267,2843,922,,,271,281,,
NODE_0000760,464,675,2021.267,2843,922,,,224,281,,
NODE_0000760,675,919,2021.267,922,2843,,,281,292,,
NODE_0000760,675,2268,2021.267,922,2843,,,281,382,,
NODE_0000760,674,675,2021.267,2843,922,,,272,281,,
NODE_0000760,675,3172,2021.267,922,2843,,,281,417,,
NODE_0000760,675,1639,2021.267,922,2843,,,281,379,,
NODE_0000760,675,1903,2021.267,922,2843,,,281,357,,
NODE_0000760,240,675,2021.267,2843,922,,,172,281,,
NODE_0000760,675,2228,2021.267,922,2843,,,281,379,,
NODE_0000760,675,1145,2021.267,922,2843,,,281,292,,
NODE_0000760,187,675,2021.267,2843,922,,,169,281,,
NODE_0000760,638,675,2021.267,2843,922,,,265,281,,
NODE_0000760,548,3011,2021.267,922,2843,,,268,422,,
NODE_0000760,548,2182,2021.267,922,2843,,,268,407,,
NODE_0000760,548,712,2021.267,922,2843,,,268,268,,
NODE_0000760,458,548,2021.267,2843,922,,,228,268,,
NODE_0000760,548,2059,2021.267,922,2843,,,268,371,,
NODE_0000760,548,592,2021.267,922,2843,,,268,271,,
NODE_0000760,464,548,2021.267,2843,922,,,224,268,,
NODE_0000760,548,919,2021.267,922,2843,,,268,292,,
NODE_0000760,548,2268,2021.267,922,2843,,,268,382,,
NODE_0000760,548,674,2021.267,922,2843,,,268,272,,
NODE_0000760,548,3172,2021.267,922,2843,,,268,417,,
NODE_0000760,548,1639,2021.267,922,2843,,,268,379,,
NODE_0000760,548,1903,2021.267,922,2843,,,268,357,,
NODE_0000760,240,548,2021.267,2843,922,,,172,268,,
NODE_0000760,548,2228,2021.267,922,2843,,,268,379,,
NODE_0000760,548,1145,2021.267,922,2843,,,268,292,,
NODE_0000760,187,548,2021.267,2843,922,,,169,268,,
NODE_0000760,548,638,2021.267,922,2843,,,268,265,,
NODE_0000760,931,3011,2021.267,922,2843,,,413,422,,
NODE_0000760,931,2182,2021.267,922,2843,,,413,407,,
NODE_0000760,712,931,2021.267,2843,922,,,268,413,,
NODE_0000760,458,931,2021.267,2843,922,,,228,413,,
NODE_0000760,931,2059,2021.267,922,2843,,,413,371,,
NODE_0000760,592,931,2021.267,2843,922,,,271,413,,
NODE_0000760,464,931,2021.267,2843,922,,,224,413,,
NODE_0000760,919,931,2021.267,2843,922,,,292,413,,
NODE_0000760,931,2268,2021.267,922,2843,,,413,382,,
NODE_0000760,674,931,2021.267,2843,922,,,272,413,,
NODE_0000760,931,3172,2021.267,922,2843,,,413,417,,
NODE_0000760,931,1639,2021.267,922,2843,,,413,379,,
NODE_0000760,931,1903,2021.267,922,2843,,,413,357,,
NODE_0000760,240,931,2021.267,2843,922,,,172,413,,
NODE_0000760,931,2228,2021.267,922,2843,,,413,379,,
NODE_0000760,931,1145,2021.267,922,2843,,,413,292,,
NODE_0000760,187,931,2021.267,2843,922,,,169,413,,
NODE_0000760,638,931,2021.267,2843,922,,,265,413,,
NODE_0000760,676,3011,2021.267,922,2843,,,264,422,,
NODE_0000760,676,2182,2021.267,922,2843,,,264,407,,
NODE_0000760,676,712,2021.267,922,2843,,,264,268,,
NODE_0000760,458,676,2021.267,2843,922,,,228,264,,
NODE_0000760,676,2059,2021.267,922,2843,,,264,371,,
NODE_0000760,592,676,2021.267,2843,922,,,271,264,,
NODE_0000760,464,676,2021.267,2843,922,,,224,264,,
NODE_0000760,676,919,2021.267,922,2843,,,264,292,,
NODE_0000760,676,2268,2021.267,922,2843,,,264,382,,
NODE_0000760,674,676,2021.267,2843,922,,,272,264,,
NODE_0000760,676,3172,2021.267,922,2843,,,264,417,,
NODE_0000760,676,1639,2021.267,922,2843,,,264,379,,
NODE_0000760,676,1903,2021.267,922,2843,,,264,357,,
NODE_0000760,240,676,2021.267,2843,922,,,172,264,,
NODE_0000760,676,2228,2021.267,922,2843,,,264,379,,
NODE_0000760,676,1145,2021.267,922,2843,,,264,292,,
NODE_0000760,187,676,2021.267,2843,922,,,169,264,,
NODE_0000760,638,676,2021.267,2843,922,,,265,264,,
NODE_0000760,1190,3011,2021.267,922,2843,,,328,422,,
NODE_0000760,1190,2182,2021.267,922,2843,,,328,407,,
NODE_0000760,712,1190,2021.267,2843,922,,,268,328,,
NODE_0000760,458,1190,2021.267,2843,922,,,228,328,,
NODE_0000760,1190,2059,2021.267,922,2843,,,328,371,,
NODE_0000760,592,1190,2021.267,2843,922,,,271,328,,
NODE_0000760,464,1190,2021.267,2843,922,,,224,328,,
NODE_0000760,919,1190,2021.267,2843,922,,,292,328,,
NODE_0000760,1190,2268,2021.267,922,2843,,,328,382,,
NODE_0000760,674,1190,2021.267,2843,922,,,272,328,,
NODE_0000760,1190,3172,2021.267,922,2843,,,328,417,,
NODE_0000760,1190,1639,2021.267,922,2843,,,328,379,,
NODE_0000760,1190,1903,2021.267,922,2843,,,328,357,,
NODE_0000760,240,1190,2021.267,2843,922,,,172,328,,
NODE_0000760,1190,2228,2021.267,922,2843,,,328,379,,
NODE_0000760,1145,1190,2021.267,2843,922,,,292,328,,
NODE_0000760,187,1190,2021.267,2843,922,,,169,328,,
NODE_0000760,638,1190,2021.267,2843,922,,,265,328,,
NODE_0000760,1708,3011,2021.267,922,2843,,,339,422,,
NODE_0000760,1708,2182,2021.267,922,2843,,,339,407,,
NODE_0000760,712,1708,2021.267,2843,922,,,268,339,,
NODE_0000760,458,1708,2021.267,2843,922,,,228,339,,
NODE_0000760,1708,2059,2021.267,922,2843,,,339,371,,
NODE_0000760,592,1708,2021.267,2843,922,,,271,339,,
NODE_0000760,464,1708,2021.267,2843,922,,,224,339,,
NODE_0000760,919,1708,2021.267,2843,922,,,292,339,,
NODE_0000760,1708,2268,2021.267,922,2843,,,339,382,,
NODE_0000760,674,1708,2021.267,2843,922,,,272,339,,
NODE_0000760,1708,3172,2021.267,922,2843,,,339,417,,
NODE_0000760,1639,1708,2021.267,2843,922,,,379,339,,
NODE_0000760,1708,1903,2021.267,922,2843,,,339,357,,
NODE_0000760,240,1708,2021.267,2843,922,,,172,339,,
NODE_0000760,1708,2228,2021.267,922,2843,,,339,379,,
NODE_0000760,1145,1708,2021.267,2843,922,,,292,339,,
NODE_0000760,187,1708,2021.267,2843,922,,,169,339,,
NODE_0000760,638,1708,2021.267,2843,922,,,265,339,,
NODE_0000760,1199,3011,2021.267,922,2843,,,391,422,,
NODE_0000760,1199,2182,2021.267,922,2843,,,391,407,,
NODE_0000760,712,1199,2021.267,2843,922,,,268,391,,
NODE_0000760,458,1199,2021.267,2843,922,,,228,391,,
NODE_0000760,1199,2059,2021.267,922,2843,,,391,371,,
NODE_0000760,592,1199,2021.267,2843,922,,,271,391,,
NODE_0000760,464,1199,2021.267,2843,922,,,224,391,,
NODE_0000760,919,1199,2021.267,2843,922,,,292,391,,
NODE_0000760,1199,2268,2021.267,922,2843,,,391,382,,
NODE_0000760,674,1199,2021.267,2843,922,,,272,391,,
NODE_0000760,1199,3172,2021.267,922,2843,,,391,417,,
NODE_0000760,1199,1639,2021.267,922,2843,,,391,379,,
NODE_0000760,1199,1903,2021.267,922,2843,,,391,357,,
NODE_0000760,240,1199,2021.267,2843,922,,,172,391,,
NODE_0000760,1199,2228,2021.267,922,2843,,,391,379,,
NODE_0000760,1145,1199,2021.267,2843,922,,,292,391,,
NODE_0000760,187,1199,2021.267,2843,922,,,169,391,,
NODE_0000760,638,1199,2021.267,2843,922,,,265,391,,
NODE_0000760,687,3011,2021.267,922,2843,,,297,422,,
NODE_0000760,687,2182,2021.267,922,2843,,,297,407,,
NODE_0000760,687,712,2021.267,922,2843,,,297,268,,
NODE_0000760,458,687,2021.267,2843,922,,,228,297,,
NODE_0000760,687,2059,2021.267,922,2843,,,297,371,,
NODE_0000760,592,687,2021.267,2843,922,,,271,297,,
NODE_0000760,464,687,2021.267,2843,922,,,224,297,,
NODE_0000760,687,919,2021.267,922,2843,,,297,292,,
NODE_0000760,687,2268,2021.267,922,2843,,,297,382,,
NODE_0000760,674,687,2021.267,2843,922,,,272,297,,
NODE_0000760,687,3172,2021.267,922,2843,,,297,417,,
NODE_0000760,687,1639,2021.267,922,2843,,,297,379,,
NODE_0000760,687,1903,2021.267,922,2843,,,297,357,,
NODE_0000760,240,687,2021.267,2843,922,,,172,297,,
NODE_0000760,687,2228,2021.267,922,2843,,,297,379,,
NODE_0000760,687,1145,2021.267,922,2843,,,297,292,,
NODE_0000760,187,687,2021.267,2843,922,,,169,297,,
NODE_0000760,638,687,2021.267,2843,922,,,265,297,,
NODE_0000760,432,3011,2021.267,922,2843,,,209,422,,
NODE_0000760,432,2182,2021.267,922,2843,,,209,407,,
NODE_0000760,432,712,2021.267,922,2843,,,209,268,,
NODE_0000760,432,458,2021.267,922,2843,,,209,228,,
NODE_0000760,432,2059,2021.267,922,2843,,,209,371,,
NODE_0000760,432,592,2021.267,922,2843,,,209,271,,
NODE_0000760,432,464,2021.267,922,2843,,,209,224,,
NODE_0000760,432,919,2021.267,922,2843,,,209,292,,
NODE_0000760,432,2268,2021.267,922,2843,,,209,382,,
NODE_0000760,432,674,2021.267,922,2843,,,209,272,,
NODE_0000760,432,3172,2021.267,922,2843,,,209,417,,
NODE_0000760,432,1639,2021.267,922,2843,,,209,379,,
NODE_0000760,432,1903,2021.267,922,2843,,,209,357,,
NODE_0000760,240,432,2021.267,2843,922,,,172,209,,
NODE_0000760,432,2228,2021.267,922,2843,,,209,379,,
NODE_0000760,432,1145,2021.267,922,2843,,,209,292,,
NODE_0000760,187,432,2021.267,2843,922,,,169,209,,
NODE_0000760,432,638,2021.267,922,2843,,,209,265,,
NODE_0000760,1074,3011,2021.267,922,2843,,,330,422,,
NODE_0000760,1074,2182,2021.267,922,2843,,,330,407,,
NODE_0000760,712,1074,2021.267,2843,922,,,268,330,,
NODE_0000760,458,1074,2021.267,2843,922,,,228,330,,
NODE_0000760,1074,2059,2021.267,922,2843,,,330,371,,
NODE_0000760,592,1074,2021.267,2843,922,,,271,330,,
NODE_0000760,464,1074,2021.267,2843,922,,,224,330,,
NODE_0000760,919,1074,2021.267,2843,922,,,292,330,,
NODE_0000760,1074,2268,2021.267,922,2843,,,330,382,,
NODE_0000760,674,1074,2021.267,2843,922,,,272,330,,
NODE_0000760,1074,3172,2021.267,922,2843,,,330,417,,
NODE_0000760,1074,1639,2021.267,922,2843,,,330,379,,
NODE_0000760,1074,1903,2021.267,922,2843,,,330,357,,
NODE_0000760,240,1074,2021.267,2843,922,,,172,330,,
NODE_0000760,1074,2228,2021.267,922,2843,,,330,379,,
NODE_0000760,1074,1145,2021.267,922,2843,,,330,292,,
NODE_0000760,187,1074,2021.267,2843,922,,,169,330,,
NODE_0000760,638,1074,2021.267,2843,922,,,265,330,,
NODE_0000760,691,3011,2021.267,922,2843,,,293,422,,
NODE_0000760,691,2182,2021.267,922,2843,,,293,407,,
NODE_0000760,691,712,2021.267,922,2843,,,293,268,,
NODE_0000760,458,691,2021.267,2843,922,,,228,293,,
NODE_0000760,691,2059,2021.267,922,2843,,,293,371,,
NODE_0000760,592,691,2021.267,2843,922,,,271,293,,
NODE_0000760,464,691,2021.267,2843,922,,,224,293,,
NODE_0000760,691,919,2021.267,922,2843,,,293,292,,
NODE_0000760,691,2268,2021.267,922,2843,,,293,382,,
NODE_0000760,674,691,2021.267,2843,922,,,272,293,,
NODE_0000760,691,3172,2021.267,922,2843,,,293,417,,
NODE_0000760,691,1639,2021.267,922,2843,,,293,379,,
NODE_0000760,691,1903,2021.267,922,2843,,,293,357,,
NODE_0000760,240,691,2021.267,2843,922,,,172,293,,
NODE_0000760,691,2228,2021.267,922,2843,,,293,379,,
NODE_0000760,691,1145,2021.267,922,2843,,,293,292,,
NODE_0000760,187,691,2021.267,2843,922,,,169,293,,
NODE_0000760,638,691,2021.267,2843,922,,,265,293,,
NODE_0000760,579,3011,2021.267,922,2843,,,259,422,,
NODE_0000760,579,2182,2021.267,922,2843,,,259,407,,
NODE_0000760,579,712,2021.267,922,2843,,,259,268,,
NODE_0000760,458,579,2021.267,2843,922,,,228,259,,
NODE_0000760,579,2059,2021.267,922,2843,,,259,371,,
NODE_0000760,579,592,2021.267,922,2843,,,259,271,,
NODE_0000760,464,579,2021.267,2843,922,,,224,259,,
NODE_0000760,579,919,2021.267,922,2843,,,259,292,,
NODE_0000760,579,2268,2021.267,922,2843,,,259,382,,
NODE_0000760,579,674,2021.267,922,2843,,,259,272,,
NODE_0000760,579,3172,2021.267,922,2843,,,259,417,,
NODE_0000760,579,1639,2021.267,922,2843,,,259,379,,
NODE_0000760,579,1903,2021.267,922,2843,,,259,357,,
NODE_0000760,240,579,2021.267,2843,922,,,172,259,,
NODE_0000760,579,2228,2021.267,922,2843,,,259,379,,
NODE_0000760,579,1145,2021.267,922,2843,,,259,292,,
NODE_0000760,187,579,2021.267,2843,922,,,169,259,,
NODE_0000760,579,638,2021.267,922,2843,,,259,265,,
NODE_0000760,1604,3011,2021.267,922,2843,,,339,422,,
NODE_0000760,1604,2182,2021.267,922,2843,,,339,407,,
NODE_0000760,712,1604,2021.267,2843,922,,,268,339,,
NODE_0000760,458,1604,2021.267,2843,922,,,228,339,,
NODE_0000760,1604,2059,2021.267,922,2843,,,339,371,,
NODE_0000760,592,1604,2021.267,2843,922,,,271,339,,
NODE_0000760,464,1604,2021.267,2843,922,,,224,339,,
NODE_0000760,919,1604,2021.267,2843,922,,,292,339,,
NODE_0000760,1604,2268,2021.267,922,2843,,,339,382,,
NODE_0000760,674,1604,2021.267,2843,922,,,272,339,,
NODE_0000760,1604,3172,2021.267,922,2843,,,339,417,,
NODE_0000760,1604,1639,2021.267,922,2843,,,339,379,,
NODE_0000760,1604,1903,2021.267,922,2843,,,339,357,,
NODE_0000760,240,1604,2021.267,2843,922,,,172,339,,
NODE_0000760,1604,2228,2021.267,922,2843,,,339,379,,
NODE_0000760,1145,1604,2021.267,2843,922,,,292,339,,
NODE_0000760,187,1604,2021.267,2843,922,,,169,339,,
NODE_0000760,638,1604,2021.267,2843,922,,,265,339,,
NODE_0000760,1859,3011,2021.267,922,2843,,,343,422,,
NODE_0000760,1859,2182,2021.267,922,2843,,,343,407,,
NODE_0000760,712,1859,2021.267,2843,922,,,268,343,,
NODE_0000760,458,1859,2021.267,2843,922,,,228,343,,
NODE_0000760,1859,2059,2021.267,922,2843,,,343,371,,
NODE_0000760,592,1859,2021.267,2843,922,,,271,343,,
NODE_0000760,464,1859,2021.267,2843,922,,,224,343,,
NODE_0000760,919,1859,2021.267,2843,922,,,292,343,,
NODE_0000760,1859,2268,2021.267,922,2843,,,343,382,,
NODE_0000760,674,1859,2021.267,2843,922,,,272,343,,
NODE_0000760,1859,3172,2021.267,922,2843,,,343,417,,
NODE_0000760,1639,1859,2021.267,2843,922,,,379,343,,
NODE_0000760,1859,1903,2021.267,922,2843,,,343,357,,
NODE_0000760,240,1859,2021.267,2843,922,,,172,343,,
NODE_0000760,1859,2228,2021.267,922,2843,,,343,379,,
NODE_0000760,1145,1859,2021.267,2843,922,,,292,343,,
NODE_0000760,187,1859,2021.267,2843,922,,,169,343,,
NODE_0000760,638,1859,2021.267,2843,922,,,265,343,,
NODE_0000760,2246,3011,2021.267,922,2843,,,348,422,,
NODE_0000760,2182,2246,2021.267,2843,922,,,407,348,,
NODE_0000760,712,2246,2021.267,2843,922,,,268,348,,
NODE_0000760,458,2246,2021.267,2843,922,,,228,348,,
NODE_0000760,2059,2246,2021.267,2843,922,,,371,348,,
NODE_0000760,592,2246,2021.267,2843,922,,,271,348,,
NODE_0000760,464,2246,2021.267,2843,922,,,224,348,,
NODE_0000760,919,2246,2021.267,2843,922,,,292,348,,
NODE_0000760,2246,2268,2021.267,922,2843,,,348,382,,
NODE_0000760,674,2246,2021.267,2843,922,,,272,348,,
NODE_0000760,2246,3172,2021.267,922,2843,,,348,417,,
NODE_0000760,1639,2246,2021.267,2843,922,,,379,348,,
NODE_0000760,1903,2246,2021.267,2843,922,,,357,348,,
NODE_0000760,240,2246,2021.267,2843,922,,,172,348,,
NODE_0000760,2228,2246,2021.267,2843,922,,,379,348,,
NODE_0000760,1145,2246,2021.267,2843,922,,,292,348,,
NODE_0000760,187,2246,2021.267,2843,922,,,169,348,,
NODE_0000760,638,2246,2021.267,2843,922,,,265,348,,
NODE_0000760,840,3011,2021.267,922,2843,,,335,422,,
NODE_0000760,840,2182,2021.267,922,2843,,,335,407,,
NODE_0000760,712,840,2021.267,2843,922,,,268,335,,
NODE_0000760,458,840,2021.267,2843,922,,,228,335,,
NODE_0000760,840,2059,2021.267,922,2843,,,335,371,,
NODE_0000760,592,840,2021.267,2843,922,,,271,335,,
NODE_0000760,464,840,2021.267,2843,922,,,224,335,,
NODE_0000760,840,919,2021.267,922,2843,,,335,292,,
NODE_0000760,840,2268,2021.267,922,2843,,,335,382,,
NODE_0000760,674,840,2021.267,2843,922,,,272,335,,
NODE_0000760,840,3172,2021.267,922,2843,,,335,417,,
NODE_0000760,840,1639,2021.267,922,2843,,,335,379,,
NODE_0000760,840,1903,2021.267,922,2843,,,335,357,,
NODE_0000760,240,840,2021.267,2843,922,,,172,335,,
NODE_0000760,840,2228,2021.267,922,2843,,,335,379,,
NODE_0000760,840,1145,2021.267,922,2843,,,335,292,,
NODE_0000760,187,840,2021.267,2843,922,,,169,335,,
NODE_0000760,638,840,2021.267,2843,922,,,265,335,,
NODE_0000760,590,3011,2021.267,922,2843,,,325,422,,
NODE_0000760,590,2182,2021.267,922,2843,,,325,407,,
NODE_0000760,590,712,2021.267,922,2843,,,325,268,,
NODE_0000760,458,590,2021.267,2843,922,,,228,325,,
NODE_0000760,590,2059,2021.267,922,2843,,,325,371,,
NODE_0000760,590,592,2021.267,922,2843,,,325,271,,
NODE_0000760,464,590,2021.267,2843,922,,,224,325,,
NODE_0000760,590,919,2021.267,922,2843,,,325,292,,
NODE_0000760,590,2268,2021.267,922,2843,,,325,382,,
NODE_0000760,590,674,2021.267,922,2843,,,325,272,,
NODE_0000760,590,3172,2021.267,922,2843,,,325,417,,
NODE_0000760,590,1639,2021.267,922,2843,,,325,379,,
NODE_0000760,590,1903,2021.267,922,2843,,,325,357,,
NODE_0000760,240,590,2021.267,2843,922,,,172,325,,
NODE_0000760,590,2228,2021.267,922,2843,,,325,379,,
NODE_0000760,590,1145,2021.267,922,2843,,,325,292,,
NODE_0000760,187,590,2021.267,2843,922,,,169,325,,
NODE_0000760,590,638,2021.267,922,2843,,,325,265,,
NODE_0000760,599,3011,2021.267,922,2843,,,291,422,,
NODE_0000760,599,2182,2021.267,922,2843,,,291,407,,
NODE_0000760,599,712,2021.267,922,2843,,,291,268,,
NODE_0000760,458,599,2021.267,2843,922,,,228,291,,
NODE_0000760,599,2059,2021.267,922,2843,,,291,371,,
NODE_0000760,592,599,2021.267,2843,922,,,271,291,,
NODE_0000760,464,599,2021.267,2843,922,,,224,291,,
NODE_0000760,599,919,2021.267,922,2843,,,291,292,,
NODE_0000760,599,2268,2021.267,922,2843,,,291,382,,
NODE_0000760,599,674,2021.267,922,2843,,,291,272,,
NODE_0000760,599,3172,2021.267,922,2843,,,291,417,,
NODE_0000760,599,1639,2021.267,922,2843,,,291,379,,
NODE_0000760,599,1903,2021.267,922,2843,,,291,357,,
NODE_0000760,240,599,2021.267,2843,922,,,172,291,,
NODE_0000760,599,2228,2021.267,922,2843,,,291,379,,
NODE_0000760,599,1145,2021.267,922,2843,,,291,292,,
NODE_0000760,187,599,2021.267,2843,922,,,169,291,,
NODE_0000760,599,638,2021.267,922,2843,,,291,265,,
NODE_0000760,474,3011,2021.267,922,2843,,,228,422,,
NODE_0000760,474,2182,2021.267,922,2843,,,228,407,,
NODE_0000760,474,712,2021.267,922,2843,,,228,268,,
NODE_0000760,458,474,2021.267,2843,922,,,228,228,,
NODE_0000760,474,2059,2021.267,922,2843,,,228,371,,
NODE_0000760,474,592,2021.267,922,2843,,,228,271,,
NODE_0000760,464,474,2021.267,2843,922,,,224,228,,
NODE_0000760,474,919,2021.267,922,2843,,,228,292,,
NODE_0000760,474,2268,2021.267,922,2843,,,228,382,,
NODE_0000760,474,674,2021.267,922,2843,,,228,272,,
NODE_0000760,474,3172,2021.267,922,2843,,,228,417,,
NODE_0000760,474,1639,2021.267,922,2843,,,228,379,,
NODE_0000760,474,1903,2021.267,922,2843,,,228,357,,
NODE_0000760,240,474,2021.267,2843,922,,,172,228,,
NODE_0000760,474,2228,2021.267,922,2843,,,228,379,,
NODE_0000760,474,1145,2021.267,922,2843,,,228,292,,
NODE_0000760,187,474,2021.267,2843,922,,,169,228,,
NODE_0000760,474,638,2021.267,922,2843,,,228,265,,
NODE_0000760,3011,3418,2021.267,2843,922,,,422,404,,
NODE_0000760,2182,3418,2021.267,2843,922,,,407,404,,
NODE_0000760,712,3418,2021.267,2843,922,,,268,404,,
NODE_0000760,458,3418,2021.267,2843,922,,,228,404,,
NODE_0000760,2059,3418,2021.267,2843,922,,,371,404,,
NODE_0000760,592,3418,2021.267,2843,922,,,271,404,,
NODE_0000760,464,3418,2021.267,2843,922,,,224,404,,
NODE_0000760,919,3418,2021.267,2843,922,,,292,404,,
NODE_0000760,2268,3418,2021.267,2843,922,,,382,404,,
NODE_0000760,674,3418,2021.267,2843,922,,,272,404,,
NODE_0000760,3172,3418,2021.267,2843,922,,,417,404,,
NODE_0000760,1639,3418,2021.267,2843,922,,,379,404,,
NODE_0000760,1903,3418,2021.267,2843,922,,,357,404,,
NODE_0000760,240,3418,2021.267,2843,922,,,172,404,,
NODE_0000760,2228,3418,2021.267,2843,922,,,379,404,,
NODE_0000760,1145,3418,2021.267,2843,922,,,292,404,,
NODE_0000760,187,3418,2021.267,2843,922,,,169,404,,
NODE_0000760,638,3418,2021.267,2843,922,,,265,404,,
NODE_0000760,1244,3011,2021.267,922,2843,,,344,422,,
NODE_0000760,1244,2182,2021.267,922,2843,,,344,407,,
NODE_0000760,712,1244,2021.267,2843,922,,,268,344,,
NODE_0000760,458,1244,2021.267,2843,922,,,228,344,,
NODE_0000760,1244,2059,2021.267,922,2843,,,344,371,,
NODE_0000760,592,1244,2021.267,2843,922,,,271,344,,
NODE_0000760,464,1244,2021.267,2843,922,,,224,344,,
NODE_0000760,919,1244,2021.267,2843,922,,,292,344,,
NODE_0000760,1244,2268,2021.267,922,2843,,,344,382,,
NODE_0000760,674,1244,2021.267,2843,922,,,272,344,,
NODE_0000760,1244,3172,2021.267,922,2843,,,344,417,,
NODE_0000760,1244,1639,2021.267,922,2843,,,344,379,,
NODE_0000760,1244,1903,2021.267,922,2843,,,344,357,,
NODE_0000760,240,1244,2021.267,2843,922,,,172,344,,
NODE_0000760,1244,2228,2021.267,922,2843,,,344,379,,
NODE_0000760,1145,1244,2021.267,2843,922,,,292,344,,
NODE_0000760,187,1244,2021.267,2843,922,,,169,344,,
NODE_0000760,638,1244,2021.267,2843,922,,,265,344,,
NODE_0000760,2914,3011,2021.267,922,2843,,,417,422,,
NODE_0000760,2182,2914,2021.267,2843,922,,,407,417,,
NODE_0000760,712,2914,2021.267,2843,922,,,268,417,,
NODE_0000760,458,2914,2021.267,2843,922,,,228,417,,
NODE_0000760,2059,2914,2021.267,2843,922,,,371,417,,
NODE_0000760,592,2914,2021.267,2843,922,,,271,417,,
NODE_0000760,464,2914,2021.267,2843,922,,,224,417,,
NODE_0000760,919,2914,2021.267,2843,922,,,292,417,,
NODE_0000760,2268,2914,2021.267,2843,922,,,382,417,,
NODE_0000760,674,2914,2021.267,2843,922,,,272,417,,
NODE_0000760,2914,3172,2021.267,922,2843,,,417,417,,
NODE_0000760,1639,2914,2021.267,2843,922,,,379,417,,
NODE_0000760,1903,2914,2021.267,2843,922,,,357,417,,
NODE_0000760,240,2914,2021.267,2843,922,,,172,417,,
NODE_0000760,2228,2914,2021.267,2843,922,,,379,417,,
NODE_0000760,1145,2914,2021.267,2843,922,,,292,417,,
NODE_0000760,187,2914,2021.267,2843,922,,,169,417,,
NODE_0000760,638,2914,2021.267,2843,922,,,265,417,,
NODE_0000760,866,3011,2021.267,922,2843,,,286,422,,
NODE_0000760,866,2182,2021.267,922,2843,,,286,407,,
NODE_0000760,712,866,2021.267,2843,922,,,268,286,,
NODE_0000760,458,866,2021.267,2843,922,,,228,286,,
NODE_0000760,866,2059,2021.267,922,2843,,,286,371,,
NODE_0000760,592,866,2021.267,2843,922,,,271,286,,
NODE_0000760,464,866,2021.267,2843,922,,,224,286,,
NODE_0000760,866,919,2021.267,922,2843,,,286,292,,
NODE_0000760,866,2268,2021.267,922,2843,,,286,382,,
NODE_0000760,674,866,2021.267,2843,922,,,272,286,,
NODE_0000760,866,3172,2021.267,922,2843,,,286,417,,
NODE_0000760,866,1639,2021.267,922,2843,,,286,379,,
NODE_0000760,866,1903,2021.267,922,2843,,,286,357,,
NODE_0000760,240,866,2021.267,2843,922,,,172,286,,
NODE_0000760,866,2228,2021.267,922,2843,,,286,379,,
NODE_0000760,866,1145,2021.267,922,2843,,,286,292,,
NODE_0000760,187,866,2021.267,2843,922,,,169,286,,
NODE_0000760,638,866,2021.267,2843,922,,,265,286,,
NODE_0000760,616,3011,2021.267,922,2843,,,248,422,,
NODE_0000760,616,2182,2021.267,922,2843,,,248,407,,
NODE_0000760,616,712,2021.267,922,2843,,,248,268,,
NODE_0000760,458,616,2021.267,2843,922,,,228,248,,
NODE_0000760,616,2059,2021.267,922,2843,,,248,371,,
NODE_0000760,592,616,2021.267,2843,922,,,271,248,,
NODE_0000760,464,616,2021.267,2843,922,,,224,248,,
NODE_0000760,616,919,2021.267,922,2843,,,248,292,,
NODE_0000760,616,2268,2021.267,922,2843,,,248,382,,
NODE_0000760,616,674,2021.267,922,2843,,,248,272,,
NODE_0000760,616,3172,2021.267,922,2843,,,248,417,,
NODE_0000760,616,1639,2021.267,922,2843,,,248,379,,
NODE_0000760,616,1903,2021.267,922,2843,,,248,357,,
NODE_0000760,240,616,2021.267,2843,922,,,172,248,,
NODE_0000760,616,2228,2021.267,922,2843,,,248,379,,
NODE_0000760,616,1145,2021.267,922,2843,,,248,292,,
NODE_0000760,187,616,2021.267,2843,922,,,169,248,,
NODE_0000760,616,638,2021.267,922,2843,,,248,265,,
NODE_0000760,746,3011,2021.267,922,2843,,,268,422,,
NODE_0000760,746,2182,2021.267,922,2843,,,268,407,,
NODE_0000760,712,746,2021.267,2843,922,,,268,268,,
NODE_0000760,458,746,2021.267,2843,922,,,228,268,,
NODE_0000760,746,2059,2021.267,922,2843,,,268,371,,
NODE_0000760,592,746,2021.267,2843,922,,,271,268,,
NODE_0000760,464,746,2021.267,2843,922,,,224,268,,
NODE_0000760,746,919,2021.267,922,2843,,,268,292,,
NODE_0000760,746,2268,2021.267,922,2843,,,268,382,,
NODE_0000760,674,746,2021.267,2843,922,,,272,268,,
NODE_0000760,746,3172,2021.267,922,2843,,,268,417,,
NODE_0000760,746,1639,2021.267,922,2843,,,268,379,,
NODE_0000760,746,1903,2021.267,922,2843,,,268,357,,
NODE_0000760,240,746,2021.267,2843,922,,,172,268,,
NODE_0000760,746,2228,2021.267,922,2843,,,268,379,,
NODE_0000760,746,1145,2021.267,922,2843,,,268,292,,
NODE_0000760,187,746,2021.267,2843,922,,,169,268,,
NODE_0000760,638,746,2021.267,2843,922,,,265,268,,
NODE_0000760,748,3011,2021.267,922,2843,,,259,422,,
NODE_0000760,748,2182,2021.267,922,2843,,,259,407,,
NODE_0000760,712,748,2021.267,2843,922,,,268,259,,
NODE_0000760,458,748,2021.267,2843,922,,,228,259,,
NODE_0000760,748,2059,2021.267,922,2843,,,259,371,,
NODE_0000760,592,748,2021.267,2843,922,,,271,259,,
NODE_0000760,464,748,2021.267,2843,922,,,224,259,,
NODE_0000760,748,919,2021.267,922,2843,,,259,292,,
NODE_0000760,748,2268,2021.267,922,2843,,,259,382,,
NODE_0000760,674,748,2021.267,2843,922,,,272,259,,
NODE_0000760,748,3172,2021.267,922,2843,,,259,417,,
NODE_0000760,748,1639,2021.267,922,2843,,,259,379,,
NODE_0000760,748,1903,2021.267,922,2843,,,259,357,,
NODE_0000760,240,748,2021.267,2843,922,,,172,259,,
NODE_0000760,748,2228,2021.267,922,2843,,,259,379,,
NODE_0000760,748,1145,2021.267,922,2843,,,259,292,,
NODE_0000760,187,748,2021.267,2843,922,,,169,259,,
NODE_0000760,638,748,2021.267,2843,922,,,265,259,,
NODE_0000760,620,3011,2021.267,922,2843,,,259,422,,
NODE_0000760,620,2182,2021.267,922,2843,,,259,407,,
NODE_0000760,620,712,2021.267,922,2843,,,259,268,,
NODE_0000760,458,620,2021.267,2843,922,,,228,259,,
NODE_0000760,620,2059,2021.267,922,2843,,,259,371,,
NODE_0000760,592,620,2021.267,2843,922,,,271,259,,
NODE_0000760,464,620,2021.267,2843,922,,,224,259,,
NODE_0000760,620,919,2021.267,922,2843,,,259,292,,
NODE_0000760,620,2268,2021.267,922,2843,,,259,382,,
NODE_0000760,620,674,2021.267,922,2843,,,259,272,,
NODE_0000760,620,3172,2021.267,922,2843,,,259,417,,
NODE_0000760,620,1639,2021.267,922,2843,,,259,379,,
NODE_0000760,620,1903,2021.267,922,2843,,,259,357,,
NODE_0000760,240,620,2021.267,2843,922,,,172,259,,
NODE_0000760,620,2228,2021.267,922,2843,,,259,379,,
NODE_0000760,620,1145,2021.267,922,2843,,,259,292,,
NODE_0000760,187,620,2021.267,2843,922,,,169,259,,
NODE_0000760,620,638,2021.267,922,2843,,,259,265,,
NODE_0000760,754,3011,2021.267,922,2843,,,247,422,,
NODE_0000760,754,2182,2021.267,922,2843,,,247,407,,
NODE_0000760,712,754,2021.267,2843,922,,,268,247,,
NODE_0000760,458,754,2021.267,2843,922,,,228,247,,
NODE_0000760,754,2059,2021.267,922,2843,,,247,371,,
NODE_0000760,592,754,2021.267,2843,922,,,271,247,,
NODE_0000760,464,754,2021.267,2843,922,,,224,247,,
NODE_0000760,754,919,2021.267,922,2843,,,247,292,,
NODE_0000760,754,2268,2021.267,922,2843,,,247,382,,
NODE_0000760,674,754,2021.267,2843,922,,,272,247,,
NODE_0000760,754,3172,2021.267,922,2843,,,247,417,,
NODE_0000760,754,1639,2021.267,922,2843,,,247,379,,
NODE_0000760,754,1903,2021.267,922,2843,,,247,357,,
NODE_0000760,240,754,2021.267,2843,922,,,172,247,,
NODE_0000760,754,2228,2021.267,922,2843,,,247,379,,
NODE_0000760,754,1145,2021.267,922,2843,,,247,292,,
NODE_0000760,187,754,2021.267,2843,922,,,169,247,,
NODE_0000760,638,754,2021.267,2843,922,,,265,247,,
NODE_0000760,628,3011,2021.267,922,2843,,,268,422,,
NODE_0000760,628,2182,2021.267,922,2843,,,268,407,,
NODE_0000760,628,712,2021.267,922,2843,,,268,268,,
NODE_0000760,458,628,2021.267,2843,922,,,228,268,,
NODE_0000760,628,2059,2021.267,922,2843,,,268,371,,
NODE_0000760,592,628,2021.267,2843,922,,,271,268,,
NODE_0000760,464,628,2021.267,2843,922,,,224,268,,
NODE_0000760,628,919,2021.267,922,2843,,,268,292,,
NODE_0000760,628,2268,2021.267,922,2843,,,268,382,,
NODE_0000760,628,674,2021.267,922,2843,,,268,272,,
NODE_0000760,628,3172,2021.267,922,2843,,,268,417,,
NODE_0000760,628,1639,2021.267,922,2843,,,268,379,,
NODE_0000760,628,1903,2021.267,922,2843,,,268,357,,
NODE_0000760,240,628,2021.267,2843,922,,,172,268,,
NODE_0000760,628,2228,2021.267,922,2843,,,268,379,,
NODE_0000760,628,1145,2021.267,922,2843,,,268,292,,
NODE_0000760,187,628,2021.267,2843,922,,,169,268,,
NODE_0000760,628,638,2021.267,922,2843,,,268,265,,
NODE_0000760,629,3011,2021.267,922,2843,,,268,422,,
NODE_0000760,629,2182,2021.267,922,2843,,,268,407,,
NODE_0000760,629,712,2021.267,922,2843,,,268,268,,
NODE_0000760,458,629,2021.267,2843,922,,,228,268,,
NODE_0000760,629,2059,2021.267,922,2843,,,268,371,,
NODE_0000760,592,629,2021.267,2843,922,,,271,268,,
NODE_0000760,464,629,2021.267,2843,922,,,224,268,,
NODE_0000760,629,919,2021.267,922,2843,,,268,292,,
NODE_0000760,629,2268,2021.267,922,2843,,,268,382,,
NODE_0000760,629,674,2021.267,922,2843,,,268,272,,
NODE_0000760,629,3172,2021.267,922,2843,,,268,417,,
NODE_0000760,629,1639,2021.267,922,2843,,,268,379,,
NODE_0000760,629,1903,2021.267,922,2843,,,268,357,,
NODE_0000760,240,629,2021.267,2843,922,,,172,268,,
NODE_0000760,629,2228,2021.267,922,2843,,,268,379,,
NODE_0000760,629,1145,2021.267,922,2843,,,268,292,,
NODE_0000760,187,629,2021.267,2843,922,,,169,268,,
NODE_0000760,629,638,2021.267,922,2843,,,268,265,,
NODE_0000760,1013,3011,2021.267,922,2843,,,258,422,,
NODE_0000760,1013,2182,2021.267,922,2843,,,258,407,,
NODE_0000760,712,1013,2021.267,2843,922,,,268,258,,
NODE_0000760,458,1013,2021.267,2843,922,,,228,258,,
NODE_0000760,1013,2059,2021.267,922,2843,,,258,371,,
NODE_0000760,592,1013,2021.267,2843,922,,,271,258,,
NODE_0000760,464,1013,2021.267,2843,922,,,224,258,,
NODE_0000760,919,1013,2021.267,2843,922,,,292,258,,
NODE_0000760,1013,2268,2021.267,922,2843,,,258,382,,
NODE_0000760,674,1013,2021.267,2843,922,,,272,258,,
NODE_0000760,1013,3172,2021.267,922,2843,,,258,417,,
NODE_0000760,1013,1639,2021.267,922,2843,,,258,379,,
NODE_0000760,1013,1903,2021.267,922,2843,,,258,357,,
NODE_0000760,240,1013,2021.267,2843,922,,,172,258,,
NODE_0000760,1013,2228,2021.267,922,2843,,,258,379,,
NODE_0000760,1013,1145,2021.267,922,2843,,,258,292,,
NODE_0000760,187,1013,2021.267,2843,922,,,169,258,,
NODE_0000760,638,1013,2021.267,2843,922,,,265,258,,
NODE_0000760,2041,3011,2021.267,922,2843,,,363,422,,
NODE_0000760,2041,2182,2021.267,922,2843,,,363,407,,
NODE_0000760,712,2041,2021.267,2843,922,,,268,363,,
NODE_0000760,458,2041,2021.267,2843,922,,,228,363,,
NODE_0000760,2041,2059,2021.267,922,2843,,,363,371,,
NODE_0000760,592,2041,2021.267,2843,922,,,271,363,,
NODE_0000760,464,2041,2021.267,2843,922,,,224,363,,
NODE_0000760,919,2041,2021.267,2843,922,,,292,363,,
NODE_0000760,2041,2268,2021.267,922,2843,,,363,382,,
NODE_0000760,674,2041,2021.267,2843,922,,,272,363,,
NODE_0000760,2041,3172,2021.267,922,2843,,,363,417,,
NODE_0000760,1639,2041,2021.267,2843,922,,,379,363,,
NODE_0000760,1903,2041,2021.267,2843,922,,,357,363,,
NODE_0000760,240,2041,2021.267,2843,922,,,172,363,,
NODE_0000760,2041,2228,2021.267,922,2843,,,363,379,,
NODE_0000760,1145,2041,2021.267,2843,922,,,292,363,,
NODE_0000760,187,2041,2021.267,2843,922,,,169,363,,
NODE_0000760,638,2041,2021.267,2843,922,,,265,363,,
NODE_0000760,634,3011,2021.267,922,2843,,,274,422,,
NODE_0000760,634,2182,2021.267,922,2843,,,274,407,,
NODE_0000760,634,712,2021.267,922,2843,,,274,268,,
NODE_0000760,458,634,2021.267,2843,922,,,228,274,,
NODE_0000760,634,2059,2021.267,922,2843,,,274,371,,
NODE_0000760,592,634,2021.267,2843,922,,,271,274,,
NODE_0000760,464,634,2021.267,2843,922,,,224,274,,
NODE_0000760,634,919,2021.267,922,2843,,,274,292,,
NODE_0000760,634,2268,2021.267,922,2843,,,274,382,,
NODE_0000760,634,674,2021.267,922,2843,,,274,272,,
NODE_0000760,634,3172,2021.267,922,2843,,,274,417,,
NODE_0000760,634,1639,2021.267,922,2843,,,274,379,,
NODE_0000760,634,1903,2021.267,922,2843,,,274,357,,
NODE_0000760,240,634,2021.267,2843,922,,,172,274,,
NODE_0000760,634,2228,2021.267,922,2843,,,274,379,,
NODE_0000760,634,1145,2021.267,922,2843,,,274,292,,
NODE_0000760,187,634,2021.267,2843,922,,,169,274,,
NODE_0000760,634,638,2021.267,922,2843,,,274,265,,
NODE_0000760,508,3011,2021.267,922,2843,,,332,422,,
NODE_0000760,508,2182,2021.267,922,2843,,,332,407,,
NODE_0000760,508,712,2021.267,922,2843,,,332,268,,
NODE_0000760,458,508,2021.267,2843,922,,,228,332,,
NODE_0000760,508,2059,2021.267,922,2843,,,332,371,,
NODE_0000760,508,592,2021.267,922,2843,,,332,271,,
NODE_0000760,464,508,2021.267,2843,922,,,224,332,,
NODE_0000760,508,919,2021.267,922,2843,,,332,292,,
NODE_0000760,508,2268,2021.267,922,2843,,,332,382,,
NODE_0000760,508,674,2021.267,922,2843,,,332,272,,
NODE_0000760,508,3172,2021.267,922,2843,,,332,417,,
NODE_0000760,508,1639,2021.267,922,2843,,,332,379,,
NODE_0000760,508,1903,2021.267,922,2843,,,332,357,,
NODE_0000760,240,508,2021.267,2843,922,,,172,332,,
NODE_0000760,508,2228,2021.267,922,2843,,,332,379,,
NODE_0000760,508,1145,2021.267,922,2843,,,332,292,,
NODE_0000760,187,508,2021.267,2843,922,,,169,332,,
NODE_0000760,508,638,2021.267,922,2843,,,332,265,,
NODE_0000760,511,3011,2021.267,922,2843,,,269,422,,
NODE_0000760,511,2182,2021.267,922,2843,,,269,407,,
NODE_0000760,511,712,2021.267,922,2843,,,269,268,,
NODE_0000760,458,511,2021.267,2843,922,,,228,269,,
NODE_0000760,511,2059,2021.267,922,2843,,,269,371,,
NODE_0000760,511,592,2021.267,922,2843,,,269,271,,
NODE_0000760,464,511,2021.267,2843,922,,,224,269,,
NODE_0000760,511,919,2021.267,922,2843,,,269,292,,
NODE_0000760,511,2268,2021.267,922,2843,,,269,382,,
NODE_0000760,511,674,2021.267,922,2843,,,269,272,,
NODE_0000760,511,3172,2021.267,922,2843,,,269,417,,
NODE_0000760,511,1639,2021.267,922,2843,,,269,379,,
NODE_0000760,511,1903,2021.267,922,2843,,,269,357,,
NODE_0000760,240,511,2021.267,2843,922,,,172,269,,
NODE_0000760,511,2228,2021.267,922,2843,,,269,379,,
NODE_0000760,511,1145,2021.267,922,2843,,,269,292,,
NODE_0000760,187,511,2021.267,2843,922,,,169,269,,
NODE_0000760,511,638,2021.267,922,2843,,,269,265,,
NODE_0001270,837,2699,2021.524,2,1,288.0,363.0,288,363,1.0,1.0
NODE_0001268,769,2699,2021.466,2,3,310.0,363.0,310,363,1.0,1.0
NODE_0001268,769,837,2021.466,2,3,310.0,288.0,310,288,1.0,1.0
NODE_0001278,482,670,2021.439,2,1,229.0,267.0,229,267,1.0,1.0
NODE_0001276,482,709,2021.424,3,2,229.0,286.0,229,286,1.0,1.0
NODE_0001276,670,709,2021.424,3,2,267.0,286.0,267,286,1.0,1.0
NODE_0000652,482,769,2021.406,5,5,229.0,310.0,229,310,1.0,1.0
NODE_0000652,709,769,2021.406,5,5,286.0,310.0,286,310,1.0,1.0
NODE_0000652,670,769,2021.406,5,5,267.0,310.0,267,310,1.0,1.0
NODE_0000652,482,2699,2021.406,5,5,229.0,363.0,229,363,1.0,1.0
NODE_0000652,709,2699,2021.406,5,5,286.0,363.0,286,363,1.0,1.0
NODE_0000652,670,2699,2021.406,5,5,267.0,363.0,267,363,1.0,1.0
NODE_0000652,482,837,2021.406,5,5,229.0,288.0,229,288,1.0,1.0
NODE_0000652,709,837,2021.406,5,5,286.0,288.0,286,288,1.0,1.0
NODE_0000652,670,837,2021.406,5,5,267.0,288.0,267,288,1.0,1.0
NODE_0000724,536,2015,2021.859,2,1,348.0,359.0,348,359,1.0,1.0
NODE_0000667,536,2040,2021.57,3,1,348.0,347.0,348,347,1.0,1.0
NODE_0000667,2015,2040,2021.57,3,1,359.0,347.0,359,347,1.0,1.0
NODE_0000665,810,2040,2021.505,2,4,294.0,347.0,294,347,1.0,1.0
NODE_0000665,536,810,2021.505,4,2,348.0,294.0,348,294,1.0,1.0
NODE_0000665,810,2015,2021.505,2,4,294.0,359.0,294,359,1.0,1.0
NODE_0000663,696,2040,2021.461,2,6,261.0,347.0,261,347,1.0,1.0
NODE_0000663,536,696,2021.461,6,2,348.0,261.0,348,261,1.0,1.0
NODE_0000663,696,810,2021.461,2,6,261.0,294.0,261,294,1.0,1.0
NODE_0000663,696,2015,2021.461,2,6,261.0,359.0,261,359,1.0,1.0
NODE_0000677,539,717,2021.548,2,1,319.0,307.0,319,307,1.0,1.0
NODE_0000676,539,1882,2021.512,3,1,319.0,304.0,319,304,1.0,1.0
NODE_0000676,717,1882,2021.512,3,1,307.0,304.0,307,304,1.0,1.0
NODE_0000673,1882,2569,2021.48,4,2,304.0,343.0,304,343,1.0,1.0
NODE_0000673,539,2569,2021.48,4,2,319.0,343.0,319,343,1.0,1.0
NODE_0000673,717,2569,2021.48,4,2,307.0,343.0,307,343,1.0,1.0
NODE_0000733,510,572,2021.507,2,14,330.0,,330,292,1.0,
NODE_0000748,465,968,2021.474,52,1,,286.0,227,286,,1.0
NODE_0000726,572,2569,2021.463,16,6,,343.0,292,343,,1.0
NODE_0000726,510,2569,2021.463,16,6,,343.0,330,343,,1.0
NODE_0000726,572,1882,2021.463,16,6,,304.0,292,304,,1.0
NODE_0000726,510,1882,2021.463,16,6,,304.0,330,304,,1.0
NODE_0000726,539,572,2021.463,6,16,319.0,,319,292,1.0,
NODE_0000726,510,539,2021.463,16,6,,319.0,330,319,,1.0
NODE_0000726,572,717,2021.463,16,6,,307.0,292,307,,1.0
NODE_0000726,510,717,2021.463,16,6,,307.0,330,307,,1.0
NODE_0000726,968,2569,2021.463,53,6,,343.0,286,343,,1.0
NODE_0000726,465,2569,2021.463,53,6,,343.0,227,343,,1.0
NODE_0000726,968,1882,2021.463,53,6,,304.0,286,304,,1.0
NODE_0000726,465,1882,2021.463,53,6,,304.0,227,304,,1.0
NODE_0000726,539,968,2021.463,6,53,319.0,,319,286,1.0,
NODE_0000726,465,539,2021.463,53,6,,319.0,227,319,,1.0
NODE_0000726,717,968,2021.463,6,53,307.0,,307,286,1.0,
NODE_0000726,465,717,2021.463,53,6,,307.0,227,307,,1.0
NODE_0000726,572,968,2021.463,16,53,,,292,286,,
NODE_0000726,465,572,2021.463,53,16,,,227,292,,
NODE_0000726,510,968,2021.463,16,53,,,330,286,,
NODE_0000726,465,510,2021.463,53,16,,,227,330,,
NODE_0000718,696,968,2021.434,8,75,261.0,,261,286,1.0,
NODE_0000718,696,2569,2021.434,8,75,261.0,,261,343,1.0,
NODE_0000718,696,717,2021.434,8,75,261.0,,261,307,1.0,
NODE_0000718,465,696,2021.434,75,8,,261.0,227,261,,1.0
NODE_0000718,696,1882,2021.434,8,75,261.0,,261,304,1.0,
NODE_0000718,539,696,2021.434,75,8,,261.0,319,261,,1.0
NODE_0000718,572,696,2021.434,75,8,,261.0,292,261,,1.0
NODE_0000718,510,696,2021.434,75,8,,261.0,330,261,,1.0
NODE_0000718,536,968,2021.434,8,75,348.0,,348,286,1.0,
NODE_0000718,536,2569,2021.434,8,75,348.0,,348,343,1.0,
NODE_0000718,536,717,2021.434,8,75,348.0,,348,307,1.0,
NODE_0000718,465,536,2021.434,75,8,,348.0,227,348,,1.0
NODE_0000718,536,1882,2021.434,8,75,348.0,,348,304,1.0,
NODE_0000718,536,539,2021.434,8,75,348.0,,348,319,1.0,
NODE_0000718,536,572,2021.434,8,75,348.0,,348,292,1.0,
NODE_0000718,510,536,2021.434,75,8,,348.0,330,348,,1.0
NODE_0000718,968,2040,2021.434,75,8,,347.0,286,347,,1.0
NODE_0000718,2040,2569,2021.434,8,75,347.0,,347,343,1.0,
NODE_0000718,717,2040,2021.434,75,8,,347.0,307,347,,1.0
NODE_0000718,465,2040,2021.434,75,8,,347.0,227,347,,1.0
NODE_0000718,1882,2040,2021.434,75,8,,347.0,304,347,,1.0
NODE_0000718,539,2040,2021.434,75,8,,347.0,319,347,,1.0
NODE_0000718,572,2040,2021.434,75,8,,347.0,292,347,,1.0
NODE_0000718,510,2040,2021.434,75,8,,347.0,330,347,,1.0
NODE_0000718,810,968,2021.434,8,75,294.0,,294,286,1.0,
NODE_0000718,810,2569,2021.434,8,75,294.0,,294,343,1.0,
NODE_0000718,717,810,2021.434,75,8,,294.0,307,294,,1.0
NODE_0000718,465,810,2021.434,75,8,,294.0,227,294,,1.0
NODE_0000718,810,1882,2021.434,8,75,294.0,,294,304,1.0,
NODE_0000718,539,810,2021.434,75,8,,294.0,319,294,,1.0
NODE_0000718,572,810,2021.434,75,8,,294.0,292,294,,1.0
NODE_0000718,510,810,2021.434,75,8,,294.0,330,294,,1.0
NODE_0000718,968,2015,2021.434,75,8,,359.0,286,359,,1.0
NODE_0000718,2015,2569,2021.434,8,75,359.0,,359,343,1.0,
NODE_0000718,717,2015,2021.434,75,8,,359.0,307,359,,1.0
NODE_0000718,465,2015,2021.434,75,8,,359.0,227,359,,1.0
NODE_0000718,1882,2015,2021.434,75,8,,359.0,304,359,,1.0
NODE_0000718,539,2015,2021.434,75,8,,359.0,319,359,,1.0
NODE_0000718,572,2015,2021.434,75,8,,359.0,292,359,,1.0
NODE_0000718,510,2015,2021.434,75,8,,359.0,330,359,,1.0
NODE_0000717,968,1616,2021.424,83,1,,306.0,286,306,,1.0
NODE_0000717,536,1616,2021.424,83,1,,306.0,348,306,,1.0
NODE_0000717,810,1616,2021.424,83,1,,306.0,294,306,,1.0
NODE_0000717,1616,2569,2021.424,1,83,306.0,,306,343,1.0,
NODE_0000717,717,1616,2021.424,83,1,,306.0,307,306,,1.0
NODE_0000717,465,1616,2021.424,83,1,,306.0,227,306,,1.0
NODE_0000717,696,1616,2021.424,83,1,,306.0,261,306,,1.0
NODE_0000717,1616,2040,2021.424,1,83,306.0,,306,347,1.0,
NODE_0000717,539,1616,2021.424,83,1,,306.0,319,306,,1.0
NODE_0000717,572,1616,2021.424,83,1,,306.0,292,306,,1.0
NODE_0000717,1616,1882,2021.424,1,83,306.0,,306,304,1.0,
NODE_0000717,510,1616,2021.424,83,1,,306.0,330,306,,1.0
NODE_0000717,1616,2015,2021.424,1,83,306.0,,306,359,1.0,
NODE_0005425,769,968,2021.397,10,84,,,310,286,,
NODE_0005425,769,2569,2021.397,10,84,,,310,343,,
NODE_0005425,769,810,2021.397,10,84,,,310,294,,
NODE_0005425,717,769,2021.397,84,10,,,307,310,,
NODE_0005425,696,769,2021.397,84,10,,,261,310,,
NODE_0005425,769,1616,2021.397,10,84,,,310,306,,
NODE_0005425,465,769,2021.397,84,10,,,227,310,,
NODE_0005425,536,769,2021.397,84,10,,,348,310,,
NODE_0005425,769,2040,2021.397,10,84,,,310,347,,
NODE_0005425,539,769,2021.397,84,10,,,319,310,,
NODE_0005425,572,769,2021.397,84,10,,,292,310,,
NODE_0005425,769,1882,2021.397,10,84,,,310,304,,
NODE_0005425,510,769,2021.397,84,10,,,330,310,,
NODE_0005425,769,2015,2021.397,10,84,,,310,359,,
NODE_0005425,482,968,2021.397,10,84,,,229,286,,
NODE_0005425,482,2569,2021.397,10,84,,,229,343,,
NODE_0005425,482,810,2021.397,10,84,,,229,294,,
NODE_0005425,482,717,2021.397,10,84,,,229,307,,
NODE_0005425,482,696,2021.397,10,84,,,229,261,,
NODE_0005425,482,1616,2021.397,10,84,,,229,306,,
NODE_0005425,465,482,2021.397,84,10,,,227,229,,
NODE_0005425,482,536,2021.397,10,84,,,229,348,,
NODE_0005425,482,2040,2021.397,10,84,,,229,347,,
NODE_0005425,482,539,2021.397,10,84,,,229,319,,
NODE_0005425,482,572,2021.397,10,84,,,229,292,,
NODE_0005425,482,1882,2021.397,10,84,,,229,304,,
NODE_0005425,482,510,2021.397,10,84,,,229,330,,
NODE_0005425,482,2015,2021.397,10,84,,,229,359,,
NODE_0005425,837,968,2021.397,10,84,,,288,286,,
NODE_0005425,837,2569,2021.397,10,84,,,288,343,,
NODE_0005425,810,837,2021.397,84,10,,,294,288,,
NODE_0005425,717,837,2021.397,84,10,,,307,288,,
NODE_0005425,696,837,2021.397,84,10,,,261,288,,
NODE_0005425,837,1616,2021.397,10,84,,,288,306,,
NODE_0005425,465,837,2021.397,84,10,,,227,288,,
NODE_0005425,536,837,2021.397,84,10,,,348,288,,
NODE_0005425,837,2040,2021.397,10,84,,,288,347,,
NODE_0005425,539,837,2021.397,84,10,,,319,288,,
NODE_0005425,572,837,2021.397,84,10,,,292,288,,
NODE_0005425,837,1882,2021.397,10,84,,,288,304,,
NODE_0005425,510,837,2021.397,84,10,,,330,288,,
NODE_0005425,837,2015,2021.397,10,84,,,288,359,,
NODE_0005425,709,968,2021.397,10,84,,,286,286,,
NODE_0005425,709,2569,2021.397,10,84,,,286,343,,
NODE_0005425,709,810,2021.397,10,84,,,286,294,,
NODE_0005425,709,717,2021.397,10,84,,,286,307,,
NODE_0005425,696,709,2021.397,84,10,,,261,286,,
NODE_0005425,709,1616,2021.397,10,84,,,286,306,,
NODE_0005425,465,709,2021.397,84,10,,,227,286,,
NODE_0005425,536,709,2021.397,84,10,,,348,286,,
NODE_0005425,709,2040,2021.397,10,84,,,286,347,,
NODE_0005425,539,709,2021.397,84,10,,,319,286,,
NODE_0005425,572,709,2021.397,84,10,,,292,286,,
NODE_0005425,709,1882,2021.397,10,84,,,286,304,,
NODE_0005425,510,709,2021.397,84,10,,,330,286,,
NODE_0005425,709,2015,2021.397,10,84,,,286,359,,
NODE_0005425,968,2699,2021.397,84,10,,,286,363,,
NODE_0005425,2569,2699,2021.397,84,10,,,343,363,,
NODE_0005425,810,2699,2021.397,84,10,,,294,363,,
NODE_0005425,717,2699,2021.397,84,10,,,307,363,,
NODE_0005425,696,2699,2021.397,84,10,,,261,363,,
NODE_0005425,1616,2699,2021.397,84,10,,,306,363,,
NODE_0005425,465,2699,2021.397,84,10,,,227,363,,
NODE_0005425,536,2699,2021.397,84,10,,,348,363,,
NODE_0005425,2040,2699,2021.397,84,10,,,347,363,,
NODE_0005425,539,2699,2021.397,84,10,,,319,363,,
NODE_0005425,572,2699,2021.397,84,10,,,292,363,,
NODE_0005425,1882,2699,2021.397,84,10,,,304,363,,
NODE_0005425,510,2699,2021.397,84,10,,,330,363,,
NODE_0005425,2015,2699,2021.397,84,10,,,359,363,,
NODE_0005425,670,968,2021.397,10,84,,,267,286,,
NODE_0005425,670,2569,2021.397,10,84,,,267,343,,
NODE_0005425,670,810,2021.397,10,84,,,267,294,,
NODE_0005425,670,717,2021.397,10,84,,,267,307,,
NODE_0005425,670,696,2021.397,10,84,,,267,261,,
NODE_0005425,670,1616,2021.397,10,84,,,267,306,,
NODE_0005425,465,670,2021.397,84,10,,,227,267,,
NODE_0005425,536,670,2021.397,84,10,,,348,267,,
NODE_0005425,670,2040,2021.397,10,84,,,267,347,,
NODE_0005425,539,670,2021.397,84,10,,,319,267,,
NODE_0005425,572,670,2021.397,84,10,,,292,267,,
NODE_0005425,670,1882,2021.397,10,84,,,267,304,,
NODE_0005425,510,670,2021.397,84,10,,,330,267,,
NODE_0005425,670,2015,2021.397,10,84,,,267,359,,
NODE_0004467,503,1192,2021.465,1,1,268.0,360.0,268,360,1.0,1.0
NODE_0004458,694,847,2021.522,1,8,385.0,287.0,385,287,1.0,1.0
NODE_0004928,512,1014,2021.437,2,3,289.0,277.0,289,277,1.0,1.0
NODE_0004933,601,2838,2021.579,35,1,,360.0,269,360,,1.0
NODE_0004469,601,1669,2021.522,36,1,,313.0,269,313,,1.0
NODE_0004469,1669,2838,2021.522,1,36,313.0,,313,360,1.0,
NODE_0004927,512,601,2021.428,5,37,289.0,,289,269,1.0,
NODE_0004927,512,1669,2021.428,5,37,289.0,,289,313,1.0,
NODE_0004927,512,2838,2021.428,5,37,289.0,,289,360,1.0,
NODE_0004927,601,1014,2021.428,37,5,,277.0,269,277,,1.0
NODE_0004927,1014,1669,2021.428,5,37,277.0,,277,313,1.0,
NODE_0004927,1014,2838,2021.428,5,37,277.0,,277,360,1.0,
NODE_0004917,512,694,2021.405,42,9,,,289,385,,
NODE_0004917,694,1669,2021.405,9,42,,,385,313,,
NODE_0004917,694,1014,2021.405,9,42,,,385,277,,
NODE_0004917,694,2838,2021.405,9,42,,,385,360,,
NODE_0004917,601,694,2021.405,42,9,,,269,385,,
NODE_0004917,512,847,2021.405,42,9,,,289,287,,
NODE_0004917,847,1669,2021.405,9,42,,,287,313,,
NODE_0004917,847,1014,2021.405,9,42,,,287,277,,
NODE_0004917,847,2838,2021.405,9,42,,,287,360,,
NODE_0004917,601,847,2021.405,42,9,,,269,287,,
NODE_0009345,164,2248,2022.041,1,1,424.0,422.0,170,422,0.0,1.0
NODE_0009344,164,2248,2022.028,1,2,403.0,422.0,170,422,0.0,1.0
NODE_0009343,164,2248,2022.001,1,3,418.0,422.0,170,422,0.0,1.0
NODE_0009342,164,2248,2021.968,1,4,390.0,422.0,170,422,0.0,1.0
NODE_0009341,164,2248,2021.954,7,5,392.0,422.0,170,422,0.0,1.0
NODE_0009339,164,2248,2021.944,2,12,377.0,,170,422,0.0,
NODE_0009337,164,2248,2021.927,2,14,404.0,,170,422,0.0,
NODE_0009335,164,2248,2021.915,2,16,367.0,,170,422,0.0,
NODE_0009334,164,2248,2021.893,1,18,378.0,,170,422,0.0,
NODE_0009330,164,2248,2021.877,4,19,358.0,,170,422,0.0,
NODE_0009327,164,2248,2021.866,3,23,357.0,,170,422,0.0,
NODE_0009326,164,2248,2021.847,1,26,346.0,,170,422,0.0,
NODE_0009325,164,2248,2021.833,1,27,331.0,,170,422,0.0,
NODE_0009324,164,2248,2021.814,1,28,328.0,,170,422,0.0,
NODE_0009321,164,2248,2021.805,3,29,338.0,,170,422,0.0,
NODE_0009319,164,2248,2021.793,2,32,338.0,,170,422,0.0,
NODE_0009318,164,2248,2021.788,1,34,316.0,,170,422,0.0,
NODE_0009315,164,2248,2021.784,3,35,328.0,,170,422,0.0,
NODE_0009314,164,2248,2021.776,1,38,318.0,,170,422,0.0,
NODE_0009312,164,2248,2021.759,2,39,333.0,,170,422,0.0,
NODE_0009309,164,2248,2021.743,3,41,310.0,,170,422,0.0,
NODE_0009307,164,2248,2021.735,2,44,308.0,,170,422,0.0,
NODE_0009301,164,2248,2021.728,6,46,308.0,,170,422,0.0,
NODE_0009300,164,2248,2021.719,1,52,293.0,,170,422,0.0,
NODE_0009299,164,2248,2021.7,1,53,318.0,,170,422,0.0,
NODE_0009290,164,2248,2021.686,9,54,,,170,422,,
NODE_0009289,164,2248,2021.683,1,63,277.0,,170,422,0.0,
NODE_0009280,164,2248,2021.674,9,64,,,170,422,,
NODE_0009279,164,2248,2021.656,1,73,273.0,,170,422,0.0,
NODE_0009276,164,2248,2021.634,3,74,262.0,,170,422,0.0,
NODE_0009275,164,2248,2021.618,1,77,261.0,,170,422,0.0,
NODE_0009272,164,2248,2021.607,3,78,348.0,,170,422,0.0,
NODE_0009247,164,2248,2021.582,25,81,,,170,422,,
NODE_0009206,164,2248,2021.568,46,106,,,170,422,,
NODE_0009205,164,2248,2021.557,1,152,244.0,,170,422,0.0,
NODE_0009204,164,2248,2021.534,1,153,235.0,,170,422,0.0,
NODE_0009196,164,2248,2021.513,8,154,224.0,,170,422,0.0,
NODE_0009195,164,2248,2021.513,1,162,216.0,,170,422,0.0,
NODE_0009188,164,2248,2021.504,7,163,235.0,,170,422,0.0,
NODE_0009187,164,2248,2021.489,1,170,226.0,,170,422,0.0,
NODE_0009186,164,2248,2021.478,1,171,215.0,,170,422,0.0,
NODE_0009174,164,2248,2021.463,12,172,,,170,422,,
NODE_0009158,164,2248,2021.444,16,184,,,170,422,,
NODE_0013058,164,2248,2021.441,1,200,188.0,,170,422,0.0,
NODE_0013057,164,2248,2021.431,1,201,374.0,,170,422,0.0,
NODE_0013055,164,2248,2021.406,2,202,281.0,,170,422,0.0,
NODE_0008982,164,2248,2021.398,179,204,,,170,422,,
NODE_0008981,164,2248,2021.397,1,383,172.0,,170,422,0.0,
NODE_0008978,164,2248,2021.393,3,384,170.0,,170,422,1.0,
NODE_0008802,164,2266,2021.833,8,1,341.0,361.0,170,361,0.0,1.0
NODE_0008801,164,2266,2021.823,1,9,354.0,,170,361,0.0,
NODE_0008800,164,2266,2021.806,1,10,348.0,,170,361,0.0,
NODE_0008797,164,2266,2021.771,3,11,344.0,,170,361,0.0,
NODE_0008796,164,2266,2021.747,1,14,299.0,,170,361,0.0,
NODE_0008787,164,2266,2021.713,9,15,,,170,361,,
NODE_0008786,164,2266,2021.702,1,24,284.0,,170,361,0.0,
NODE_0008770,164,2266,2021.674,17,25,,,170,361,,
NODE_0008764,164,2266,2021.658,6,42,280.0,,170,361,0.0,
NODE_0008758,164,2266,2021.643,6,48,279.0,,170,361,0.0,
NODE_0008736,164,2266,2021.628,22,54,,,170,361,,
NODE_0008735,164,2266,2021.617,1,76,262.0,,170,361,0.0,
NODE_0008728,164,2266,2021.601,7,77,258.0,,170,361,0.0,
NODE_0008712,164,2266,2021.593,16,84,,,170,361,,
NODE_0008711,164,2266,2021.582,1,100,243.0,,170,361,0.0,
NODE_0008708,164,2266,2021.571,4,101,244.0,,170,361,0.0,
NODE_0008706,164,2266,2021.563,2,105,267.0,,170,361,0.0,
NODE_0008705,164,2266,2021.547,1,107,233.0,,170,361,0.0,
NODE_0008833,164,1794,2021.851,1,2,357.0,394.0,170,394,0.0,1.0
NODE_0012766,164,1794,2021.825,3,3,376.0,394.0,170,394,0.0,1.0
NODE_0008829,164,1794,2021.714,1,6,287.0,394.0,170,394,0.0,1.0
NODE_0008828,164,1794,2021.697,1,7,284.0,394.0,170,394,0.0,1.0
NODE_0008827,164,1794,2021.678,16,8,,394.0,170,394,,1.0
NODE_0008826,164,1794,2021.668,1,24,276.0,,170,394,0.0,
NODE_0008825,164,1794,2021.65,1,25,276.0,,170,394,0.0,
NODE_0008823,164,1794,2021.613,2,26,267.0,,170,394,0.0,
NODE_0008818,164,1794,2021.596,5,28,251.0,,170,394,0.0,
NODE_0008813,164,1794,2021.576,5,33,257.0,,170,394,0.0,
NODE_0008812,164,1794,2021.56,138,38,,,170,394,,
NODE_0008811,164,1794,2021.557,1,176,237.0,,170,394,0.0,
NODE_0008810,164,1794,2021.546,1,177,238.0,,170,394,0.0,
NODE_0008704,1794,2266,2021.53,178,108,,,394,361,,
NODE_0008704,164,2266,2021.53,178,108,,,170,361,,
NODE_0008704,164,1794,2021.53,108,178,,,170,394,,
NODE_0008698,164,2266,2021.513,6,286,233.0,,170,361,0.0,
NODE_0008698,164,1794,2021.513,6,286,233.0,,170,394,0.0,
NODE_0008694,164,2266,2021.5,4,292,217.0,,170,361,0.0,
NODE_0008694,164,1794,2021.5,4,292,217.0,,170,394,0.0,
NODE_0008693,164,2266,2021.492,1,296,209.0,,170,361,0.0,
NODE_0008693,164,1794,2021.492,1,296,209.0,,170,394,0.0,
NODE_0008690,164,2266,2021.473,3,297,223.0,,170,361,0.0,
NODE_0008690,164,1794,2021.473,3,297,223.0,,170,394,0.0,
NODE_0008689,164,2266,2021.471,1,300,199.0,,170,361,0.0,
NODE_0008689,164,1794,2021.471,1,300,199.0,,170,394,0.0,
NODE_0008688,164,2266,2021.456,1,301,203.0,,170,361,0.0,
NODE_0008688,164,1794,2021.456,1,301,203.0,,170,394,0.0,
NODE_0008686,164,2266,2021.428,2,302,187.0,,170,361,0.0,
NODE_0008686,164,1794,2021.428,2,302,187.0,,170,394,0.0,
NODE_0008679,164,2266,2021.412,7,304,184.0,,170,361,0.0,
NODE_0008679,164,1794,2021.412,7,304,184.0,,170,394,0.0,
NODE_0008678,164,2266,2021.404,1,311,180.0,,170,361,0.0,
NODE_0008678,164,1794,2021.404,1,311,180.0,,170,394,0.0,
NODE_0008677,164,2266,2021.404,1,312,174.0,,170,361,0.0,
NODE_0008677,164,1794,2021.404,1,312,174.0,,170,394,0.0,
NODE_0008676,164,2266,2021.393,1,313,174.0,,170,361,0.0,
NODE_0008676,164,1794,2021.393,1,313,174.0,,170,394,0.0,
NODE_0008672,164,2266,2021.394,4,314,177.0,,170,361,0.0,
NODE_0008672,164,1794,2021.394,4,314,177.0,,170,394,0.0,
NODE_0009751,164,2266,2021.384,2,318,174.0,,170,361,0.0,
NODE_0009751,164,1794,2021.384,2,318,174.0,,170,394,0.0,
NODE_0009565,164,2266,2021.384,170,320,,,170,361,,
NODE_0009565,164,1794,2021.384,170,320,,,170,394,,
NODE_0012204,164,1487,2021.87,2,1,353.0,354.0,170,354,0.0,1.0
NODE_0012203,164,1487,2021.851,8,3,351.0,354.0,170,354,0.0,1.0
NODE_0012202,164,1487,2021.836,1,11,343.0,,170,354,0.0,
NODE_0012194,164,1487,2021.826,8,12,333.0,,170,354,0.0,
NODE_0012181,164,1487,2021.813,13,20,,,170,354,,
NODE_0012174,164,1487,2021.792,7,33,329.0,,170,354,0.0,
NODE_0012140,164,1487,2021.782,34,40,,,170,354,,
NODE_0012133,164,1487,2021.774,7,74,329.0,,170,354,0.0,
NODE_0012132,164,1487,2021.766,1,81,309.0,,170,354,0.0,
NODE_0012131,164,1487,2021.753,1,82,306.0,,170,354,0.0,
NODE_0012130,164,1487,2021.73,1,83,314.0,,170,354,0.0,
NODE_0012120,164,1487,2021.722,10,84,,,170,354,,
NODE_0012119,164,1487,2021.718,1,94,290.0,,170,354,0.0,
NODE_0012118,164,1487,2021.701,1,95,290.0,,170,354,0.0,
NODE_0012113,164,1487,2021.655,5,96,276.0,,170,354,0.0,
NODE_0012108,164,1487,2021.64,5,101,275.0,,170,354,0.0,
NODE_0012107,164,1487,2021.627,1,106,263.0,,170,354,0.0,
NODE_0012095,164,1487,2021.595,10,107,,,170,354,,
NODE_0012093,164,1487,2021.593,1,117,243.0,,170,354,0.0,
NODE_0012090,164,1487,2021.565,3,118,239.0,,170,354,0.0,
NODE_0012089,164,1487,2021.557,1,121,235.0,,170,354,0.0,
NODE_0012079,164,1487,2021.548,12,122,,,170,354,,
NODE_0012076,164,1487,2021.531,2,134,232.0,,170,354,0.0,
NODE_0012073,164,1487,2021.521,2,136,225.0,,170,354,0.0,
NODE_0012071,164,1487,2021.514,1,138,217.0,,170,354,0.0,
NODE_0012070,164,1487,2021.505,1,139,216.0,,170,354,0.0,
NODE_0012060,164,1487,2021.486,7,140,235.0,,170,354,0.0,
NODE_0012058,164,1487,2021.463,2,147,202.0,,170,354,0.0,
NODE_0012047,164,1487,2021.453,11,149,,,170,354,,
NODE_0012043,164,1487,2021.449,4,160,195.0,,170,354,0.0,
NODE_0012040,164,1487,2021.441,2,164,201.0,,170,354,0.0,
NODE_0012039,164,1487,2021.429,1,166,196.0,,170,354,0.0,
NODE_0012038,164,1487,2021.423,1,167,184.0,,170,354,0.0,
NODE_0012347,164,1487,2021.407,3,168,186.0,,170,354,0.0,
NODE_0012345,164,1487,2021.398,1,171,180.0,,170,354,0.0,
NODE_0012342,164,1487,2021.389,3,172,171.0,,170,354,0.0,
NODE_0013868,164,1487,2021.389,1,175,183.0,,170,354,0.0,
NODE_0013868,164,1487,2021.389,1,175,183.0,,170,354,0.0,
NODE_0013868,164,1487,2021.389,1,175,177.0,,170,354,0.0,
NODE_0013868,164,1487,2021.389,1,175,176.0,,170,354,0.0,
NODE_0013868,164,1487,2021.389,2,175,173.0,,170,354,0.0,
NODE_0013868,164,1487,2021.389,3,175,181.0,,170,354,0.0,
NODE_0013868,164,1487,2021.389,3,175,179.0,,170,354,0.0,
NODE_0013868,164,1487,2021.389,3,175,176.0,,170,354,0.0,
NODE_0013868,164,1487,2021.389,3,175,172.0,,170,354,0.0,
NODE_0013868,164,1487,2021.389,4,175,174.0,,170,354,0.0,
NODE_0013868,164,1487,2021.389,4,175,171.0,,170,354,0.0,
NODE_0013868,164,1487,2021.389,5,175,196.0,,170,354,0.0,
NODE_0013868,164,1487,2021.389,5,175,172.0,,170,354,0.0,
NODE_0013868,164,1487,2021.389,5,175,171.0,,170,354,0.0,
NODE_0013868,164,1487,2021.389,21,175,,,170,354,,
NODE_0013868,164,1487,2021.389,25,175,,,170,354,,
NODE_0013868,164,1487,2021.389,26,175,,,170,354,,
NODE_0013868,164,1487,2021.389,54,175,,,170,354,,
NODE_0013868,164,1487,2021.389,71,175,,,170,354,,
NODE_0013868,164,1487,2021.389,103,175,,,170,354,,
NODE_0013868,164,1487,2021.389,202,175,,,170,354,,
NODE_0013868,164,1487,2021.389,207,175,,,170,354,,
NODE_0009960,164,2192,2022.02,6,1,419.0,421.0,170,421,0.0,1.0
NODE_0009958,164,2192,2022.012,2,7,409.0,421.0,170,421,0.0,1.0
NODE_0009957,164,2192,2022.004,1,9,396.0,,170,421,0.0,
NODE_0009956,164,2192,2021.984,1,10,401.0,,170,421,0.0,
NODE_0009950,164,2192,2021.965,6,11,404.0,,170,421,0.0,
NODE_0009947,164,2192,2021.95,3,17,385.0,,170,421,0.0,
NODE_0009946,164,2192,2021.935,1,20,392.0,,170,421,0.0,
NODE_0009942,164,2192,2021.915,4,21,385.0,,170,421,0.0,
NODE_0009929,164,2192,2021.877,13,25,,,170,421,,
NODE_0009927,164,2192,2021.851,2,38,362.0,,170,421,0.0,
NODE_0009924,164,2192,2021.837,3,40,337.0,,170,421,0.0,
NODE_0009909,164,2192,2021.828,16,43,,,170,421,,
NODE_0009903,164,2192,2021.822,6,59,339.0,,170,421,0.0,
NODE_0009902,164,2192,2021.812,1,65,354.0,,170,421,0.0,
NODE_0009900,164,2192,2021.799,2,66,395.0,,170,421,0.0,
NODE_0009893,164,2192,2021.79,8,68,343.0,,170,421,0.0,
NODE_0009892,164,2192,2021.783,1,76,315.0,,170,421,0.0,
NODE_0009863,164,2192,2021.767,29,77,,,170,421,,
NODE_0009861,164,2192,2021.749,2,106,310.0,,170,421,0.0,
NODE_0009829,164,2192,2021.738,32,108,,,170,421,,
NODE_0009828,164,2192,2021.727,1,140,308.0,,170,421,0.0,
NODE_0009827,164,2192,2021.717,1,141,299.0,,170,421,0.0,
NODE_0009808,164,2192,2021.702,21,142,,,170,421,,
NODE_0009807,164,2192,2021.694,1,163,307.0,,170,421,0.0,
NODE_0009803,164,2192,2021.683,4,164,292.0,,170,421,0.0,
NODE_0009802,164,2192,2021.673,1,168,280.0,,170,421,0.0,
NODE_0009695,164,2192,2021.643,107,169,,,170,421,,
NODE_0009694,164,2192,2021.641,1,276,261.0,,170,421,0.0,
NODE_0009692,164,2192,2021.634,2,277,276.0,,170,421,0.0,
NODE_0009687,164,2192,2021.628,6,279,286.0,,170,421,0.0,
NODE_0009686,164,2192,2021.62,1,285,258.0,,170,421,0.0,
NODE_0009680,164,2192,2021.614,6,286,264.0,,170,421,0.0,
NODE_0009679,164,2192,2021.604,1,292,252.0,,170,421,0.0,
NODE_0009677,164,2192,2021.587,2,293,267.0,,170,421,0.0,
NODE_0009578,164,2192,2021.565,100,295,,,170,421,,
NODE_0009562,164,2192,2021.555,16,395,,,170,421,,
NODE_0009561,164,2192,2021.549,1,411,229.0,,170,421,0.0,
NODE_0009556,164,2192,2021.54,5,412,236.0,,170,421,0.0,
NODE_0009555,164,2192,2021.531,1,417,231.0,,170,421,0.0,
NODE_0009546,164,2192,2021.528,11,418,,,170,421,,
NODE_0009542,164,2192,2021.519,4,429,227.0,,170,421,0.0,
NODE_0009537,164,2192,2021.513,5,433,233.0,,170,421,0.0,
NODE_0009496,164,2192,2021.505,41,438,,,170,421,,
NODE_0009495,164,2192,2021.503,1,479,212.0,,170,421,0.0,
NODE_0009494,164,2192,2021.497,1,480,210.0,,170,421,0.0,
NODE_0009493,164,2192,2021.49,1,481,209.0,,170,421,0.0,
NODE_0009492,164,2192,2021.477,1,482,208.0,,170,421,0.0,
NODE_0009489,164,2192,2021.467,3,483,210.0,,170,421,0.0,
NODE_0009488,164,2192,2021.466,1,486,198.0,,170,421,0.0,
NODE_0009451,164,2192,2021.45,37,487,,,170,421,,
NODE_0009407,164,2192,2021.441,47,524,,,170,421,,
NODE_0009404,164,2192,2021.433,3,571,191.0,,170,421,0.0,
NODE_0009403,164,2192,2021.431,1,574,185.0,,170,421,0.0,
NODE_0009396,164,2192,2021.423,8,575,213.0,,170,421,0.0,
NODE_0009395,164,2192,2021.415,1,583,181.0,,170,421,0.0,
NODE_0009394,164,2192,2021.406,1,584,178.0,,170,421,0.0,
NODE_0009392,164,2192,2021.406,2,585,179.0,,170,421,0.0,
NODE_0009388,164,2192,2021.398,4,587,175.0,,170,421,0.0,
NODE_0009352,164,2192,2021.397,36,591,,,170,421,,
NODE_0013163,164,2192,2021.397,972,627,,,170,421,,
NODE_0013157,164,2192,2021.394,1,1599,173.0,,170,421,0.0,
NODE_0013145,164,2192,2021.393,1,1600,179.0,,170,421,0.0,
NODE_0013001,164,2192,2021.393,124,1601,,,170,421,,
NODE_0006151,164,2038,2021.724,7,1,315.0,315.0,170,315,0.0,1.0
NODE_0015423,164,2038,2021.669,4,8,283.0,315.0,170,315,0.0,1.0
NODE_0015422,164,2038,2021.628,29,12,,,170,315,,
NODE_0015421,164,2038,2021.593,1,41,254.0,,170,315,0.0,
NODE_0015417,164,2038,2021.579,4,42,248.0,,170,315,0.0,
NODE_0015416,164,2038,2021.557,1,46,242.0,,170,315,0.0,
NODE_0015532,164,3596,2021.957,2,1,394.0,392.0,170,392,0.0,1.0
NODE_0015529,164,3596,2021.919,3,3,383.0,392.0,170,392,0.0,1.0
NODE_0015528,164,3596,2021.916,1,6,361.0,392.0,170,392,0.0,1.0
NODE_0015527,164,3596,2021.9,16,7,,392.0,170,392,,1.0
NODE_0015526,164,3596,2021.891,34,23,,,170,392,,
NODE_0015525,164,3596,2021.887,1,57,355.0,,170,392,0.0,
NODE_0015520,164,3596,2021.881,5,58,379.0,,170,392,0.0,
NODE_0015519,164,3596,2021.87,1,63,352.0,,170,392,0.0,
NODE_0015518,164,3596,2021.856,1,64,350.0,,170,392,0.0,
NODE_0015516,164,2193,2021.845,65,2,,420.0,170,420,,1.0
NODE_0015516,2193,3596,2021.845,2,65,420.0,,420,392,1.0,
NODE_0015515,164,2193,2021.837,1,67,335.0,,170,420,0.0,
NODE_0015515,164,3596,2021.837,1,67,335.0,,170,392,0.0,
NODE_0015513,164,2193,2021.799,2,68,326.0,,170,420,0.0,
NODE_0015513,164,3596,2021.799,2,68,326.0,,170,392,0.0,
NODE_0015509,164,2193,2021.782,4,70,328.0,,170,420,0.0,
NODE_0015509,164,3596,2021.782,4,70,328.0,,170,392,0.0,
NODE_0006233,164,2882,2021.889,1,1,365.0,373.0,170,355,0.0,0.0
NODE_0006233,164,2882,2021.889,1,2,365.0,355.0,170,355,0.0,1.0
NODE_0015636,164,2882,2021.864,2,4,356.0,355.0,170,355,0.0,1.0
NODE_0015633,164,2882,2021.856,3,6,350.0,355.0,170,355,0.0,1.0
NODE_0015632,164,2882,2021.848,1,9,339.0,,170,355,0.0,
NODE_0015631,164,2882,2021.834,1,10,350.0,,170,355,0.0,
NODE_0015630,164,2882,2021.823,1,11,337.0,,170,355,0.0,
NODE_0015629,164,2882,2021.807,1,12,335.0,,170,355,0.0,
NODE_0015628,164,2882,2021.792,40,13,,,170,355,,
NODE_0015617,164,2882,2021.782,12,53,,,170,355,,
NODE_0015615,164,2882,2021.768,2,65,318.0,,170,355,0.0,
NODE_0015614,164,2882,2021.753,1,67,305.0,,170,355,0.0,
NODE_0015586,164,2882,2021.744,29,68,,,170,355,,
NODE_0015581,164,2882,2021.74,5,97,351.0,,170,355,0.0,
NODE_0015508,2193,2882,2021.738,74,102,,,420,355,,
NODE_0015508,164,2193,2021.738,102,74,,,170,420,,
NODE_0015508,164,2882,2021.738,74,102,,,170,355,,
NODE_0015508,2882,3596,2021.738,102,74,,,355,392,,
NODE_0015508,164,3596,2021.738,102,74,,,170,392,,
NODE_0015507,164,2193,2021.73,1,176,303.0,,170,420,0.0,
NODE_0015507,164,2882,2021.73,1,176,303.0,,170,355,0.0,
NODE_0015507,164,3596,2021.73,1,176,303.0,,170,392,0.0,
NODE_0015506,164,2193,2021.725,1,177,302.0,,170,420,0.0,
NODE_0015506,164,2882,2021.725,1,177,302.0,,170,355,0.0,
NODE_0015506,164,3596,2021.725,1,177,302.0,,170,392,0.0,
NODE_0015502,164,2193,2021.717,4,178,316.0,,170,420,0.0,
NODE_0015502,164,2882,2021.717,4,178,316.0,,170,355,0.0,
NODE_0015502,164,3596,2021.717,4,178,316.0,,170,392,0.0,
NODE_0015501,164,2193,2021.708,1,182,300.0,,170,420,0.0,
NODE_0015501,164,2882,2021.708,1,182,300.0,,170,355,0.0,
NODE_0015501,164,3596,2021.708,1,182,300.0,,170,392,0.0,
NODE_0015489,164,2193,2021.697,13,183,,,170,420,,
NODE_0015489,164,2882,2021.697,13,183,,,170,355,,
NODE_0015489,164,3596,2021.697,13,183,,,170,392,,
NODE_0015469,164,2193,2021.683,20,196,,,170,420,,
NODE_0015469,164,2882,2021.683,20,196,,,170,355,,
NODE_0015469,164,3596,2021.683,20,196,,,170,392,,
NODE_0015468,164,2193,2021.675,1,216,286.0,,170,420,0.0,
NODE_0015468,164,2882,2021.675,1,216,286.0,,170,355,0.0,
NODE_0015468,164,3596,2021.675,1,216,286.0,,170,392,0.0,
NODE_0015466,164,2193,2021.657,2,217,378.0,,170,420,0.0,
NODE_0015466,164,2882,2021.657,2,217,378.0,,170,355,0.0,
NODE_0015466,164,3596,2021.657,2,217,378.0,,170,392,0.0,
NODE_0015465,164,2193,2021.648,1,219,266.0,,170,420,0.0,
NODE_0015465,164,2882,2021.648,1,219,266.0,,170,355,0.0,
NODE_0015465,164,3596,2021.648,1,219,266.0,,170,392,0.0,
NODE_0015464,164,2193,2021.607,1,220,248.0,,170,420,0.0,
NODE_0015464,164,2882,2021.607,1,220,248.0,,170,355,0.0,
NODE_0015464,164,3596,2021.607,1,220,248.0,,170,392,0.0,
NODE_0015463,164,2193,2021.574,1,221,252.0,,170,420,0.0,
NODE_0015463,164,2882,2021.574,1,221,252.0,,170,355,0.0,
NODE_0015463,164,3596,2021.574,1,221,252.0,,170,392,0.0,
NODE_0015462,164,2193,2021.558,1,222,231.0,,170,420,0.0,
NODE_0015462,164,2882,2021.558,1,222,231.0,,170,355,0.0,
NODE_0015462,164,3596,2021.558,1,222,231.0,,170,392,0.0,
NODE_0015461,164,2193,2021.552,1,223,261.0,,170,420,0.0,
NODE_0015461,164,2882,2021.552,1,223,261.0,,170,355,0.0,
NODE_0015461,164,3596,2021.552,1,223,261.0,,170,392,0.0,
NODE_0015415,164,2193,2021.539,47,224,,,170,420,,
NODE_0015415,164,2882,2021.539,47,224,,,170,355,,
NODE_0015415,164,3596,2021.539,47,224,,,170,392,,
NODE_0015415,2038,2193,2021.539,47,224,,,315,420,,
NODE_0015415,2038,2882,2021.539,47,224,,,315,355,,
NODE_0015415,164,2038,2021.539,224,47,,,170,315,,
NODE_0015415,2038,3596,2021.539,47,224,,,315,392,,
NODE_0015410,164,2193,2021.531,5,271,234.0,,170,420,0.0,
NODE_0015410,164,2882,2021.531,5,271,234.0,,170,355,0.0,
NODE_0015410,164,2038,2021.531,5,271,234.0,,170,315,0.0,
NODE_0015410,164,3596,2021.531,5,271,234.0,,170,392,0.0,
NODE_0015406,164,2193,2021.521,4,276,226.0,,170,420,0.0,
NODE_0015406,164,2882,2021.521,4,276,226.0,,170,355,0.0,
NODE_0015406,164,2038,2021.521,4,276,226.0,,170,315,0.0,
NODE_0015406,164,3596,2021.521,4,276,226.0,,170,392,0.0,
NODE_0015369,164,2193,2021.514,37,280,,,170,420,,
NODE_0015369,164,2882,2021.514,37,280,,,170,355,,
NODE_0015369,164,2038,2021.514,37,280,,,170,315,,
NODE_0015369,164,3596,2021.514,37,280,,,170,392,,
NODE_0015368,164,2193,2021.513,1,317,223.0,,170,420,0.0,
NODE_0015368,164,2882,2021.513,1,317,223.0,,170,355,0.0,
NODE_0015368,164,2038,2021.513,1,317,223.0,,170,315,0.0,
NODE_0015368,164,3596,2021.513,1,317,223.0,,170,392,0.0,
NODE_0015366,164,2193,2021.505,2,318,221.0,,170,420,0.0,
NODE_0015366,164,2882,2021.505,2,318,221.0,,170,355,0.0,
NODE_0015366,164,2038,2021.505,2,318,221.0,,170,315,0.0,
NODE_0015366,164,3596,2021.505,2,318,221.0,,170,392,0.0,
NODE_0015365,164,2193,2021.498,1,320,211.0,,170,420,0.0,
NODE_0015365,164,2882,2021.498,1,320,211.0,,170,355,0.0,
NODE_0015365,164,2038,2021.498,1,320,211.0,,170,315,0.0,
NODE_0015365,164,3596,2021.498,1,320,211.0,,170,392,0.0,
NODE_0015364,164,2193,2021.49,1,321,211.0,,170,420,0.0,
NODE_0015364,164,2882,2021.49,1,321,211.0,,170,355,0.0,
NODE_0015364,164,2038,2021.49,1,321,211.0,,170,315,0.0,
NODE_0015364,164,3596,2021.49,1,321,211.0,,170,392,0.0,
NODE_0015363,164,2193,2021.48,1,322,206.0,,170,420,0.0,
NODE_0015363,164,2882,2021.48,1,322,206.0,,170,355,0.0,
NODE_0015363,164,2038,2021.48,1,322,206.0,,170,315,0.0,
NODE_0015363,164,3596,2021.48,1,322,206.0,,170,392,0.0,
NODE_0015355,164,2193,2021.465,8,323,211.0,,170,420,0.0,
NODE_0015355,164,2882,2021.465,8,323,211.0,,170,355,0.0,
NODE_0015355,164,2038,2021.465,8,323,211.0,,170,315,0.0,
NODE_0015355,164,3596,2021.465,8,323,211.0,,170,392,0.0,
NODE_0015333,164,2193,2021.458,25,331,,,170,420,,
NODE_0015333,164,2882,2021.458,25,331,,,170,355,,
NODE_0015333,164,2038,2021.458,25,331,,,170,315,,
NODE_0015333,164,3596,2021.458,25,331,,,170,392,,
NODE_0015332,164,2193,2021.445,1,356,195.0,,170,420,0.0,
NODE_0015332,164,2882,2021.445,1,356,195.0,,170,355,0.0,
NODE_0015332,164,2038,2021.445,1,356,195.0,,170,315,0.0,
NODE_0015332,164,3596,2021.445,1,356,195.0,,170,392,0.0,
NODE_0015742,164,1691,2021.768,2,1,348.0,324.0,170,324,0.0,1.0
NODE_0005889,164,1691,2021.588,1,3,241.0,324.0,170,324,0.0,1.0
NODE_0015740,164,1691,2021.549,1,4,244.0,324.0,170,324,0.0,1.0
NODE_0015737,164,1691,2021.541,3,5,229.0,324.0,170,324,0.0,1.0
NODE_0015736,164,1691,2021.533,1,8,227.0,324.0,170,324,0.0,1.0
NODE_0015735,164,1691,2021.522,1,9,228.0,,170,324,0.0,
NODE_0015733,164,1691,2021.512,2,10,233.0,,170,324,0.0,
NODE_0015732,164,1691,2021.5,68,12,,,170,324,,
NODE_0015730,164,1691,2021.486,2,80,211.0,,170,324,0.0,
NODE_0015729,164,1691,2021.467,237,82,,,170,324,,
NODE_0015717,164,1691,2021.459,12,319,,,170,324,,
NODE_0015711,164,1691,2021.45,6,331,198.0,,170,324,0.0,
NODE_0015677,164,1691,2021.441,34,337,,,170,324,,
NODE_0015331,1691,2193,2021.428,371,357,,,324,420,,
NODE_0015331,164,2193,2021.428,371,357,,,170,420,,
NODE_0015331,1691,2882,2021.428,371,357,,,324,355,,
NODE_0015331,164,2882,2021.428,371,357,,,170,355,,
NODE_0015331,164,1691,2021.428,357,371,,,170,324,,
NODE_0015331,1691,2038,2021.428,371,357,,,324,315,,
NODE_0015331,164,2038,2021.428,371,357,,,170,315,,
NODE_0015331,1691,3596,2021.428,371,357,,,324,392,,
NODE_0015331,164,3596,2021.428,371,357,,,170,392,,
NODE_0015330,164,2193,2021.423,1,728,194.0,,170,420,0.0,
NODE_0015330,164,2882,2021.423,1,728,194.0,,170,355,0.0,
NODE_0015330,164,2038,2021.423,1,728,194.0,,170,315,0.0,
NODE_0015330,164,1691,2021.423,1,728,194.0,,170,324,0.0,
NODE_0015330,164,3596,2021.423,1,728,194.0,,170,392,0.0,
NODE_0015328,164,2193,2021.414,2,729,188.0,,170,420,0.0,
NODE_0015328,164,2882,2021.414,2,729,188.0,,170,355,0.0,
NODE_0015328,164,2038,2021.414,2,729,188.0,,170,315,0.0,
NODE_0015328,164,1691,2021.414,2,729,188.0,,170,324,0.0,
NODE_0015328,164,3596,2021.414,2,729,188.0,,170,392,0.0,
NODE_0015323,164,2193,2021.406,5,731,179.0,,170,420,0.0,
NODE_0015323,164,2882,2021.406,5,731,179.0,,170,355,0.0,
NODE_0015323,164,2038,2021.406,5,731,179.0,,170,315,0.0,
NODE_0015323,164,1691,2021.406,5,731,179.0,,170,324,0.0,
NODE_0015323,164,3596,2021.406,5,731,179.0,,170,392,0.0,
NODE_0015318,164,2193,2021.399,5,736,196.0,,170,420,0.0,
NODE_0015318,164,2882,2021.399,5,736,196.0,,170,355,0.0,
NODE_0015318,164,2038,2021.399,5,736,196.0,,170,315,0.0,
NODE_0015318,164,1691,2021.399,5,736,196.0,,170,324,0.0,
NODE_0015318,164,3596,2021.399,5,736,196.0,,170,392,0.0,
NODE_0016504,164,2193,2021.39,5,741,178.0,,170,420,0.0,
NODE_0016504,164,2882,2021.39,5,741,178.0,,170,355,0.0,
NODE_0016504,164,2038,2021.39,5,741,178.0,,170,315,0.0,
NODE_0016504,164,1691,2021.39,5,741,178.0,,170,324,0.0,
NODE_0016504,164,3596,2021.39,5,741,178.0,,170,392,0.0,
NODE_0005882,164,2193,2021.39,1,746,187.0,,170,420,0.0,
NODE_0005882,164,2882,2021.39,1,746,187.0,,170,355,0.0,
NODE_0005882,164,2038,2021.39,1,746,187.0,,170,315,0.0,
NODE_0005882,164,1691,2021.39,1,746,187.0,,170,324,0.0,
NODE_0005882,164,3596,2021.39,1,746,187.0,,170,392,0.0,
NODE_0005882,164,2193,2021.39,1,746,186.0,,170,420,0.0,
NODE_0005882,164,2882,2021.39,1,746,186.0,,170,355,0.0,
NODE_0005882,164,2038,2021.39,1,746,186.0,,170,315,0.0,
NODE_0005882,164,1691,2021.39,1,746,186.0,,170,324,0.0,
NODE_0005882,164,3596,2021.39,1,746,186.0,,170,392,0.0,
NODE_0005882,164,2193,2021.39,1,746,183.0,,170,420,0.0,
NODE_0005882,164,2882,2021.39,1,746,183.0,,170,355,0.0,
NODE_0005882,164,2038,2021.39,1,746,183.0,,170,315,0.0,
NODE_0005882,164,1691,2021.39,1,746,183.0,,170,324,0.0,
NODE_0005882,164,3596,2021.39,1,746,183.0,,170,392,0.0,
NODE_0005882,164,2193,2021.39,1,746,182.0,,170,420,0.0,
NODE_0005882,164,2882,2021.39,1,746,182.0,,170,355,0.0,
NODE_0005882,164,2038,2021.39,1,746,182.0,,170,315,0.0,
NODE_0005882,164,1691,2021.39,1,746,182.0,,170,324,0.0,
NODE_0005882,164,3596,2021.39,1,746,182.0,,170,392,0.0,
NODE_0005882,164,2193,2021.39,1,746,181.0,,170,420,0.0,
NODE_0005882,164,2882,2021.39,1,746,181.0,,170,355,0.0,
NODE_0005882,164,2038,2021.39,1,746,181.0,,170,315,0.0,
NODE_0005882,164,1691,2021.39,1,746,181.0,,170,324,0.0,
NODE_0005882,164,3596,2021.39,1,746,181.0,,170,392,0.0,
NODE_0005882,164,2193,2021.39,1,746,179.0,,170,420,0.0,
NODE_0005882,164,2882,2021.39,1,746,179.0,,170,355,0.0,
NODE_0005882,164,2038,2021.39,1,746,179.0,,170,315,0.0,
NODE_0005882,164,1691,2021.39,1,746,179.0,,170,324,0.0,
NODE_0005882,164,3596,2021.39,1,746,179.0,,170,392,0.0,
NODE_0005882,164,2193,2021.39,1,746,176.0,,170,420,0.0,
NODE_0005882,164,2882,2021.39,1,746,176.0,,170,355,0.0,
NODE_0005882,164,2038,2021.39,1,746,176.0,,170,315,0.0,
NODE_0005882,164,1691,2021.39,1,746,176.0,,170,324,0.0,
NODE_0005882,164,3596,2021.39,1,746,176.0,,170,392,0.0,
NODE_0005882,164,2193,2021.39,1,746,175.0,,170,420,0.0,
NODE_0005882,164,2882,2021.39,1,746,175.0,,170,355,0.0,
NODE_0005882,164,2038,2021.39,1,746,175.0,,170,315,0.0,
NODE_0005882,164,1691,2021.39,1,746,175.0,,170,324,0.0,
NODE_0005882,164,3596,2021.39,1,746,175.0,,170,392,0.0,
NODE_0005882,164,2193,2021.39,1,746,174.0,,170,420,0.0,
NODE_0005882,164,2882,2021.39,1,746,174.0,,170,355,0.0,
NODE_0005882,164,2038,2021.39,1,746,174.0,,170,315,0.0,
NODE_0005882,164,1691,2021.39,1,746,174.0,,170,324,0.0,
NODE_0005882,164,3596,2021.39,1,746,174.0,,170,392,0.0,
NODE_0005882,164,2193,2021.39,1,746,174.0,,170,420,0.0,
NODE_0005882,164,2882,2021.39,1,746,174.0,,170,355,0.0,
NODE_0005882,164,2038,2021.39,1,746,174.0,,170,315,0.0,
NODE_0005882,164,1691,2021.39,1,746,174.0,,170,324,0.0,
NODE_0005882,164,3596,2021.39,1,746,174.0,,170,392,0.0,
NODE_0005882,164,2193,2021.39,1,746,174.0,,170,420,0.0,
NODE_0005882,164,2882,2021.39,1,746,174.0,,170,355,0.0,
NODE_0005882,164,2038,2021.39,1,746,174.0,,170,315,0.0,
NODE_0005882,164,1691,2021.39,1,746,174.0,,170,324,0.0,
NODE_0005882,164,3596,2021.39,1,746,174.0,,170,392,0.0,
NODE_0005882,164,2193,2021.39,1,746,173.0,,170,420,0.0,
NODE_0005882,164,2882,2021.39,1,746,173.0,,170,355,0.0,
NODE_0005882,164,2038,2021.39,1,746,173.0,,170,315,0.0,
NODE_0005882,164,1691,2021.39,1,746,173.0,,170,324,0.0,
NODE_0005882,164,3596,2021.39,1,746,173.0,,170,392,0.0,
NODE_0005882,164,2193,2021.39,1,746,172.0,,170,420,0.0,
NODE_0005882,164,2882,2021.39,1,746,172.0,,170,355,0.0,
NODE_0005882,164,2038,2021.39,1,746,172.0,,170,315,0.0,
NODE_0005882,164,1691,2021.39,1,746,172.0,,170,324,0.0,
NODE_0005882,164,3596,2021.39,1,746,172.0,,170,392,0.0,
NODE_0005882,164,2193,2021.39,1,746,171.0,,170,420,0.0,
NODE_0005882,164,2882,2021.39,1,746,171.0,,170,355,0.0,
NODE_0005882,164,2038,2021.39,1,746,171.0,,170,315,0.0,
NODE_0005882,164,1691,2021.39,1,746,171.0,,170,324,0.0,
NODE_0005882,164,3596,2021.39,1,746,171.0,,170,392,0.0,
NODE_0005882,164,2193,2021.39,1,746,171.0,,170,420,0.0,
NODE_0005882,164,2882,2021.39,1,746,171.0,,170,355,0.0,
NODE_0005882,164,2038,2021.39,1,746,171.0,,170,315,0.0,
NODE_0005882,164,1691,2021.39,1,746,171.0,,170,324,0.0,
NODE_0005882,164,3596,2021.39,1,746,171.0,,170,392,0.0,
NODE_0005882,164,2193,2021.39,1,746,170.0,,170,420,1.0,
NODE_0005882,164,2882,2021.39,1,746,170.0,,170,355,1.0,
NODE_0005882,164,2038,2021.39,1,746,170.0,,170,315,1.0,
NODE_0005882,164,1691,2021.39,1,746,170.0,,170,324,1.0,
NODE_0005882,164,3596,2021.39,1,746,170.0,,170,392,1.0,
NODE_0005882,164,2193,2021.39,1,746,170.0,,170,420,1.0,
NODE_0005882,164,2882,2021.39,1,746,170.0,,170,355,1.0,
NODE_0005882,164,2038,2021.39,1,746,170.0,,170,315,1.0,
NODE_0005882,164,1691,2021.39,1,746,170.0,,170,324,1.0,
NODE_0005882,164,3596,2021.39,1,746,170.0,,170,392,1.0,
NODE_0005882,164,2193,2021.39,1,746,170.0,,170,420,1.0,
NODE_0005882,164,2882,2021.39,1,746,170.0,,170,355,1.0,
NODE_0005882,164,2038,2021.39,1,746,170.0,,170,315,1.0,
NODE_0005882,164,1691,2021.39,1,746,170.0,,170,324,1.0,
NODE_0005882,164,3596,2021.39,1,746,170.0,,170,392,1.0,
NODE_0005882,164,2193,2021.39,1,746,170.0,,170,420,1.0,
NODE_0005882,164,2882,2021.39,1,746,170.0,,170,355,1.0,
NODE_0005882,164,2038,2021.39,1,746,170.0,,170,315,1.0,
NODE_0005882,164,1691,2021.39,1,746,170.0,,170,324,1.0,
NODE_0005882,164,3596,2021.39,1,746,170.0,,170,392,1.0,
NODE_0005882,164,2193,2021.39,1,746,170.0,,170,420,1.0,
NODE_0005882,164,2882,2021.39,1,746,170.0,,170,355,1.0,
NODE_0005882,164,2038,2021.39,1,746,170.0,,170,315,1.0,
NODE_0005882,164,1691,2021.39,1,746,170.0,,170,324,1.0,
NODE_0005882,164,3596,2021.39,1,746,170.0,,170,392,1.0,
NODE_0005882,164,2193,2021.39,1,746,170.0,,170,420,1.0,
NODE_0005882,164,2882,2021.39,1,746,170.0,,170,355,1.0,
NODE_0005882,164,2038,2021.39,1,746,170.0,,170,315,1.0,
NODE_0005882,164,1691,2021.39,1,746,170.0,,170,324,1.0,
NODE_0005882,164,3596,2021.39,1,746,170.0,,170,392,1.0,
NODE_0005882,164,2193,2021.39,2,746,190.0,,170,420,0.0,
NODE_0005882,164,2882,2021.39,2,746,190.0,,170,355,0.0,
NODE_0005882,164,2038,2021.39,2,746,190.0,,170,315,0.0,
NODE_0005882,164,1691,2021.39,2,746,190.0,,170,324,0.0,
NODE_0005882,164,3596,2021.39,2,746,190.0,,170,392,0.0,
NODE_0005882,164,2193,2021.39,2,746,176.0,,170,420,0.0,
NODE_0005882,164,2882,2021.39,2,746,176.0,,170,355,0.0,
NODE_0005882,164,2038,2021.39,2,746,176.0,,170,315,0.0,
NODE_0005882,164,1691,2021.39,2,746,176.0,,170,324,0.0,
NODE_0005882,164,3596,2021.39,2,746,176.0,,170,392,0.0,
NODE_0005882,164,2193,2021.39,2,746,174.0,,170,420,0.0,
NODE_0005882,164,2882,2021.39,2,746,174.0,,170,355,0.0,
NODE_0005882,164,2038,2021.39,2,746,174.0,,170,315,0.0,
NODE_0005882,164,1691,2021.39,2,746,174.0,,170,324,0.0,
NODE_0005882,164,3596,2021.39,2,746,174.0,,170,392,0.0,
NODE_0005882,164,2193,2021.39,2,746,173.0,,170,420,0.0,
NODE_0005882,164,2882,2021.39,2,746,173.0,,170,355,0.0,
NODE_0005882,164,2038,2021.39,2,746,173.0,,170,315,0.0,
NODE_0005882,164,1691,2021.39,2,746,173.0,,170,324,0.0,
NODE_0005882,164,3596,2021.39,2,746,173.0,,170,392,0.0,
NODE_0005882,164,2193,2021.39,2,746,173.0,,170,420,0.0,
NODE_0005882,164,2882,2021.39,2,746,173.0,,170,355,0.0,
NODE_0005882,164,2038,2021.39,2,746,173.0,,170,315,0.0,
NODE_0005882,164,1691,2021.39,2,746,173.0,,170,324,0.0,
NODE_0005882,164,3596,2021.39,2,746,173.0,,170,392,0.0,
NODE_0005882,164,2193,2021.39,2,746,175.0,,170,420,0.0,
NODE_0005882,164,2882,2021.39,2,746,175.0,,170,355,0.0,
NODE_0005882,164,2038,2021.39,2,746,175.0,,170,315,0.0,
NODE_0005882,164,1691,2021.39,2,746,175.0,,170,324,0.0,
NODE_0005882,164,3596,2021.39,2,746,175.0,,170,392,0.0,
NODE_0005882,164,2193,2021.39,2,746,175.0,,170,420,0.0,
NODE_0005882,164,2882,2021.39,2,746,175.0,,170,355,0.0,
NODE_0005882,164,2038,2021.39,2,746,175.0,,170,315,0.0,
NODE_0005882,164,1691,2021.39,2,746,175.0,,170,324,0.0,
NODE_0005882,164,3596,2021.39,2,746,175.0,,170,392,0.0,
NODE_0005882,164,2193,2021.39,3,746,184.0,,170,420,0.0,
NODE_0005882,164,2882,2021.39,3,746,184.0,,170,355,0.0,
NODE_0005882,164,2038,2021.39,3,746,184.0,,170,315,0.0,
NODE_0005882,164,1691,2021.39,3,746,184.0,,170,324,0.0,
NODE_0005882,164,3596,2021.39,3,746,184.0,,170,392,0.0,
NODE_0005882,164,2193,2021.39,3,746,179.0,,170,420,0.0,
NODE_0005882,164,2882,2021.39,3,746,179.0,,170,355,0.0,
NODE_0005882,164,2038,2021.39,3,746,179.0,,170,315,0.0,
NODE_0005882,164,1691,2021.39,3,746,179.0,,170,324,0.0,
NODE_0005882,164,3596,2021.39,3,746,179.0,,170,392,0.0,
NODE_0005882,164,2193,2021.39,3,746,189.0,,170,420,0.0,
NODE_0005882,164,2882,2021.39,3,746,189.0,,170,355,0.0,
NODE_0005882,164,2038,2021.39,3,746,189.0,,170,315,0.0,
NODE_0005882,164,1691,2021.39,3,746,189.0,,170,324,0.0,
NODE_0005882,164,3596,2021.39,3,746,189.0,,170,392,0.0,
NODE_0005882,164,2193,2021.39,3,746,172.0,,170,420,0.0,
NODE_0005882,164,2882,2021.39,3,746,172.0,,170,355,0.0,
NODE_0005882,164,2038,2021.39,3,746,172.0,,170,315,0.0,
NODE_0005882,164,1691,2021.39,3,746,172.0,,170,324,0.0,
NODE_0005882,164,3596,2021.39,3,746,172.0,,170,392,0.0,
NODE_0005882,164,2193,2021.39,4,746,179.0,,170,420,0.0,
NODE_0005882,164,2882,2021.39,4,746,179.0,,170,355,0.0,
NODE_0005882,164,2038,2021.39,4,746,179.0,,170,315,0.0,
NODE_0005882,164,1691,2021.39,4,746,179.0,,170,324,0.0,
NODE_0005882,164,3596,2021.39,4,746,179.0,,170,392,0.0,
NODE_0005882,164,2193,2021.39,4,746,178.0,,170,420,0.0,
NODE_0005882,164,2882,2021.39,4,746,178.0,,170,355,0.0,
NODE_0005882,164,2038,2021.39,4,746,178.0,,170,315,0.0,
NODE_0005882,164,1691,2021.39,4,746,178.0,,170,324,0.0,
NODE_0005882,164,3596,2021.39,4,746,178.0,,170,392,0.0,
NODE_0005882,164,2193,2021.39,4,746,174.0,,170,420,0.0,
NODE_0005882,164,2882,2021.39,4,746,174.0,,170,355,0.0,
NODE_0005882,164,2038,2021.39,4,746,174.0,,170,315,0.0,
NODE_0005882,164,1691,2021.39,4,746,174.0,,170,324,0.0,
NODE_0005882,164,3596,2021.39,4,746,174.0,,170,392,0.0,
NODE_0005882,164,2193,2021.39,4,746,173.0,,170,420,0.0,
NODE_0005882,164,2882,2021.39,4,746,173.0,,170,355,0.0,
NODE_0005882,164,2038,2021.39,4,746,173.0,,170,315,0.0,
NODE_0005882,164,1691,2021.39,4,746,173.0,,170,324,0.0,
NODE_0005882,164,3596,2021.39,4,746,173.0,,170,392,0.0,
NODE_0005882,164,2193,2021.39,5,746,182.0,,170,420,0.0,
NODE_0005882,164,2882,2021.39,5,746,182.0,,170,355,0.0,
NODE_0005882,164,2038,2021.39,5,746,182.0,,170,315,0.0,
NODE_0005882,164,1691,2021.39,5,746,182.0,,170,324,0.0,
NODE_0005882,164,3596,2021.39,5,746,182.0,,170,392,0.0,
NODE_0005882,164,2193,2021.39,5,746,174.0,,170,420,0.0,
NODE_0005882,164,2882,2021.39,5,746,174.0,,170,355,0.0,
NODE_0005882,164,2038,2021.39,5,746,174.0,,170,315,0.0,
NODE_0005882,164,1691,2021.39,5,746,174.0,,170,324,0.0,
NODE_0005882,164,3596,2021.39,5,746,174.0,,170,392,0.0,
NODE_0005882,164,2193,2021.39,7,746,175.0,,170,420,0.0,
NODE_0005882,164,2882,2021.39,7,746,175.0,,170,355,0.0,
NODE_0005882,164,2038,2021.39,7,746,175.0,,170,315,0.0,
NODE_0005882,164,1691,2021.39,7,746,175.0,,170,324,0.0,
NODE_0005882,164,3596,2021.39,7,746,175.0,,170,392,0.0,
NODE_0005882,164,2193,2021.39,8,746,176.0,,170,420,0.0,
NODE_0005882,164,2882,2021.39,8,746,176.0,,170,355,0.0,
NODE_0005882,164,2038,2021.39,8,746,176.0,,170,315,0.0,
NODE_0005882,164,1691,2021.39,8,746,176.0,,170,324,0.0,
NODE_0005882,164,3596,2021.39,8,746,176.0,,170,392,0.0,
NODE_0005882,164,2193,2021.39,8,746,181.0,,170,420,0.0,
NODE_0005882,164,2882,2021.39,8,746,181.0,,170,355,0.0,
NODE_0005882,164,2038,2021.39,8,746,181.0,,170,315,0.0,
NODE_0005882,164,1691,2021.39,8,746,181.0,,170,324,0.0,
NODE_0005882,164,3596,2021.39,8,746,181.0,,170,392,0.0,
NODE_0005882,164,2193,2021.39,8,746,172.0,,170,420,0.0,
NODE_0005882,164,2882,2021.39,8,746,172.0,,170,355,0.0,
NODE_0005882,164,2038,2021.39,8,746,172.0,,170,315,0.0,
NODE_0005882,164,1691,2021.39,8,746,172.0,,170,324,0.0,
NODE_0005882,164,3596,2021.39,8,746,172.0,,170,392,0.0,
NODE_0005882,164,2193,2021.39,9,746,,,170,420,,
NODE_0005882,164,2882,2021.39,9,746,,,170,355,,
NODE_0005882,164,2038,2021.39,9,746,,,170,315,,
NODE_0005882,164,1691,2021.39,9,746,,,170,324,,
NODE_0005882,164,3596,2021.39,9,746,,,170,392,,
NODE_0005882,164,2193,2021.39,13,746,,,170,420,,
NODE_0005882,164,2882,2021.39,13,746,,,170,355,,
NODE_0005882,164,2038,2021.39,13,746,,,170,315,,
NODE_0005882,164,1691,2021.39,13,746,,,170,324,,
NODE_0005882,164,3596,2021.39,13,746,,,170,392,,
NODE_0005882,164,2193,2021.39,15,746,,,170,420,,
NODE_0005882,164,2882,2021.39,15,746,,,170,355,,
NODE_0005882,164,2038,2021.39,15,746,,,170,315,,
NODE_0005882,164,1691,2021.39,15,746,,,170,324,,
NODE_0005882,164,3596,2021.39,15,746,,,170,392,,
NODE_0005882,164,2193,2021.39,16,746,,,170,420,,
NODE_0005882,164,2882,2021.39,16,746,,,170,355,,
NODE_0005882,164,2038,2021.39,16,746,,,170,315,,
NODE_0005882,164,1691,2021.39,16,746,,,170,324,,
NODE_0005882,164,3596,2021.39,16,746,,,170,392,,
NODE_0005882,164,2193,2021.39,16,746,,,170,420,,
NODE_0005882,164,2882,2021.39,16,746,,,170,355,,
NODE_0005882,164,2038,2021.39,16,746,,,170,315,,
NODE_0005882,164,1691,2021.39,16,746,,,170,324,,
NODE_0005882,164,3596,2021.39,16,746,,,170,392,,
NODE_0005882,164,2193,2021.39,17,746,,,170,420,,
NODE_0005882,164,2882,2021.39,17,746,,,170,355,,
NODE_0005882,164,2038,2021.39,17,746,,,170,315,,
NODE_0005882,164,1691,2021.39,17,746,,,170,324,,
NODE_0005882,164,3596,2021.39,17,746,,,170,392,,
NODE_0005882,164,2193,2021.39,18,746,,,170,420,,
NODE_0005882,164,2882,2021.39,18,746,,,170,355,,
NODE_0005882,164,2038,2021.39,18,746,,,170,315,,
NODE_0005882,164,1691,2021.39,18,746,,,170,324,,
NODE_0005882,164,3596,2021.39,18,746,,,170,392,,
NODE_0005882,164,2193,2021.39,18,746,,,170,420,,
NODE_0005882,164,2882,2021.39,18,746,,,170,355,,
NODE_0005882,164,2038,2021.39,18,746,,,170,315,,
NODE_0005882,164,1691,2021.39,18,746,,,170,324,,
NODE_0005882,164,3596,2021.39,18,746,,,170,392,,
NODE_0005882,164,2193,2021.39,19,746,,,170,420,,
NODE_0005882,164,2882,2021.39,19,746,,,170,355,,
NODE_0005882,164,2038,2021.39,19,746,,,170,315,,
NODE_0005882,164,1691,2021.39,19,746,,,170,324,,
NODE_0005882,164,3596,2021.39,19,746,,,170,392,,
NODE_0005882,164,2193,2021.39,31,746,,,170,420,,
NODE_0005882,164,2882,2021.39,31,746,,,170,355,,
NODE_0005882,164,2038,2021.39,31,746,,,170,315,,
NODE_0005882,164,1691,2021.39,31,746,,,170,324,,
NODE_0005882,164,3596,2021.39,31,746,,,170,392,,
NODE_0005882,164,2193,2021.39,39,746,,,170,420,,
NODE_0005882,164,2882,2021.39,39,746,,,170,355,,
NODE_0005882,164,2038,2021.39,39,746,,,170,315,,
NODE_0005882,164,1691,2021.39,39,746,,,170,324,,
NODE_0005882,164,3596,2021.39,39,746,,,170,392,,
NODE_0005882,164,2193,2021.39,41,746,,,170,420,,
NODE_0005882,164,2882,2021.39,41,746,,,170,355,,
NODE_0005882,164,2038,2021.39,41,746,,,170,315,,
NODE_0005882,164,1691,2021.39,41,746,,,170,324,,
NODE_0005882,164,3596,2021.39,41,746,,,170,392,,
NODE_0005882,164,2193,2021.39,44,746,,,170,420,,
NODE_0005882,164,2882,2021.39,44,746,,,170,355,,
NODE_0005882,164,2038,2021.39,44,746,,,170,315,,
NODE_0005882,164,1691,2021.39,44,746,,,170,324,,
NODE_0005882,164,3596,2021.39,44,746,,,170,392,,
NODE_0005882,164,2193,2021.39,49,746,,,170,420,,
NODE_0005882,164,2882,2021.39,49,746,,,170,355,,
NODE_0005882,164,2038,2021.39,49,746,,,170,315,,
NODE_0005882,164,1691,2021.39,49,746,,,170,324,,
NODE_0005882,164,3596,2021.39,49,746,,,170,392,,
NODE_0005882,164,2193,2021.39,59,746,,,170,420,,
NODE_0005882,164,2882,2021.39,59,746,,,170,355,,
NODE_0005882,164,2038,2021.39,59,746,,,170,315,,
NODE_0005882,164,1691,2021.39,59,746,,,170,324,,
NODE_0005882,164,3596,2021.39,59,746,,,170,392,,
NODE_0005882,164,2193,2021.39,61,746,,,170,420,,
NODE_0005882,164,2882,2021.39,61,746,,,170,355,,
NODE_0005882,164,2038,2021.39,61,746,,,170,315,,
NODE_0005882,164,1691,2021.39,61,746,,,170,324,,
NODE_0005882,164,3596,2021.39,61,746,,,170,392,,
NODE_0005882,164,2193,2021.39,80,746,,,170,420,,
NODE_0005882,164,2882,2021.39,80,746,,,170,355,,
NODE_0005882,164,2038,2021.39,80,746,,,170,315,,
NODE_0005882,164,1691,2021.39,80,746,,,170,324,,
NODE_0005882,164,3596,2021.39,80,746,,,170,392,,
NODE_0005882,164,2193,2021.39,83,746,,,170,420,,
NODE_0005882,164,2882,2021.39,83,746,,,170,355,,
NODE_0005882,164,2038,2021.39,83,746,,,170,315,,
NODE_0005882,164,1691,2021.39,83,746,,,170,324,,
NODE_0005882,164,3596,2021.39,83,746,,,170,392,,
NODE_0005882,164,2193,2021.39,86,746,,,170,420,,
NODE_0005882,164,2882,2021.39,86,746,,,170,355,,
NODE_0005882,164,2038,2021.39,86,746,,,170,315,,
NODE_0005882,164,1691,2021.39,86,746,,,170,324,,
NODE_0005882,164,3596,2021.39,86,746,,,170,392,,
NODE_0005882,164,2193,2021.39,124,746,,,170,420,,
NODE_0005882,164,2882,2021.39,124,746,,,170,355,,
NODE_0005882,164,2038,2021.39,124,746,,,170,315,,
NODE_0005882,164,1691,2021.39,124,746,,,170,324,,
NODE_0005882,164,3596,2021.39,124,746,,,170,392,,
NODE_0005882,164,2193,2021.39,216,746,,,170,420,,
NODE_0005882,164,2882,2021.39,216,746,,,170,355,,
NODE_0005882,164,2038,2021.39,216,746,,,170,315,,
NODE_0005882,164,1691,2021.39,216,746,,,170,324,,
NODE_0005882,164,3596,2021.39,216,746,,,170,392,,
NODE_0005882,164,2193,2021.39,310,746,,,170,420,,
NODE_0005882,164,2882,2021.39,310,746,,,170,355,,
NODE_0005882,164,2038,2021.39,310,746,,,170,315,,
NODE_0005882,164,1691,2021.39,310,746,,,170,324,,
NODE_0005882,164,3596,2021.39,310,746,,,170,392,,
NODE_0004509,164,2248,2021.381,1,387,179.0,,170,422,0.0,
NODE_0004509,164,2266,2021.381,1,490,179.0,,170,361,0.0,
NODE_0004509,164,1794,2021.381,1,490,179.0,,170,394,0.0,
NODE_0004509,164,1487,2021.381,1,925,179.0,,170,354,0.0,
NODE_0004509,164,2192,2021.381,1,1725,179.0,,170,421,0.0,
NODE_0004509,164,2193,2021.381,1,2214,179.0,,170,420,0.0,
NODE_0004509,164,2882,2021.381,1,2214,179.0,,170,355,0.0,
NODE_0004509,164,2038,2021.381,1,2214,179.0,,170,315,0.0,
NODE_0004509,164,1691,2021.381,1,2214,179.0,,170,324,0.0,
NODE_0004509,164,3596,2021.381,1,2214,179.0,,170,392,0.0,
NODE_0004509,164,2248,2021.381,1,387,178.0,,170,422,0.0,
NODE_0004509,164,2266,2021.381,1,490,178.0,,170,361,0.0,
NODE_0004509,164,1794,2021.381,1,490,178.0,,170,394,0.0,
NODE_0004509,164,1487,2021.381,1,925,178.0,,170,354,0.0,
NODE_0004509,164,2192,2021.381,1,1725,178.0,,170,421,0.0,
NODE_0004509,164,2193,2021.381,1,2214,178.0,,170,420,0.0,
NODE_0004509,164,2882,2021.381,1,2214,178.0,,170,355,0.0,
NODE_0004509,164,2038,2021.381,1,2214,178.0,,170,315,0.0,
NODE_0004509,164,1691,2021.381,1,2214,178.0,,170,324,0.0,
NODE_0004509,164,3596,2021.381,1,2214,178.0,,170,392,0.0,
NODE_0004509,164,2248,2021.381,1,387,177.0,,170,422,0.0,
NODE_0004509,164,2266,2021.381,1,490,177.0,,170,361,0.0,
NODE_0004509,164,1794,2021.381,1,490,177.0,,170,394,0.0,
NODE_0004509,164,1487,2021.381,1,925,177.0,,170,354,0.0,
NODE_0004509,164,2192,2021.381,1,1725,177.0,,170,421,0.0,
NODE_0004509,164,2193,2021.381,1,2214,177.0,,170,420,0.0,
NODE_0004509,164,2882,2021.381,1,2214,177.0,,170,355,0.0,
NODE_0004509,164,2038,2021.381,1,2214,177.0,,170,315,0.0,
NODE_0004509,164,1691,2021.381,1,2214,177.0,,170,324,0.0,
NODE_0004509,164,3596,2021.381,1,2214,177.0,,170,392,0.0,
NODE_0004509,164,2248,2021.381,1,387,176.0,,170,422,0.0,
NODE_0004509,164,2266,2021.381,1,490,176.0,,170,361,0.0,
NODE_0004509,164,1794,2021.381,1,490,176.0,,170,394,0.0,
NODE_0004509,164,1487,2021.381,1,925,176.0,,170,354,0.0,
NODE_0004509,164,2192,2021.381,1,1725,176.0,,170,421,0.0,
NODE_0004509,164,2193,2021.381,1,2214,176.0,,170,420,0.0,
NODE_0004509,164,2882,2021.381,1,2214,176.0,,170,355,0.0,
NODE_0004509,164,2038,2021.381,1,2214,176.0,,170,315,0.0,
NODE_0004509,164,1691,2021.381,1,2214,176.0,,170,324,0.0,
NODE_0004509,164,3596,2021.381,1,2214,176.0,,170,392,0.0,
NODE_0004509,164,2248,2021.381,1,387,175.0,,170,422,0.0,
NODE_0004509,164,2266,2021.381,1,490,175.0,,170,361,0.0,
NODE_0004509,164,1794,2021.381,1,490,175.0,,170,394,0.0,
NODE_0004509,164,1487,2021.381,1,925,175.0,,170,354,0.0,
NODE_0004509,164,2192,2021.381,1,1725,175.0,,170,421,0.0,
NODE_0004509,164,2193,2021.381,1,2214,175.0,,170,420,0.0,
NODE_0004509,164,2882,2021.381,1,2214,175.0,,170,355,0.0,
NODE_0004509,164,2038,2021.381,1,2214,175.0,,170,315,0.0,
NODE_0004509,164,1691,2021.381,1,2214,175.0,,170,324,0.0,
NODE_0004509,164,3596,2021.381,1,2214,175.0,,170,392,0.0,
NODE_0004509,164,2248,2021.381,1,387,175.0,,170,422,0.0,
NODE_0004509,164,2266,2021.381,1,490,175.0,,170,361,0.0,
NODE_0004509,164,1794,2021.381,1,490,175.0,,170,394,0.0,
NODE_0004509,164,1487,2021.381,1,925,175.0,,170,354,0.0,
NODE_0004509,164,2192,2021.381,1,1725,175.0,,170,421,0.0,
NODE_0004509,164,2193,2021.381,1,2214,175.0,,170,420,0.0,
NODE_0004509,164,2882,2021.381,1,2214,175.0,,170,355,0.0,
NODE_0004509,164,2038,2021.381,1,2214,175.0,,170,315,0.0,
NODE_0004509,164,1691,2021.381,1,2214,175.0,,170,324,0.0,
NODE_0004509,164,3596,2021.381,1,2214,175.0,,170,392,0.0,
NODE_0004509,164,2248,2021.381,1,387,174.0,,170,422,0.0,
NODE_0004509,164,2266,2021.381,1,490,174.0,,170,361,0.0,
NODE_0004509,164,1794,2021.381,1,490,174.0,,170,394,0.0,
NODE_0004509,164,1487,2021.381,1,925,174.0,,170,354,0.0,
NODE_0004509,164,2192,2021.381,1,1725,174.0,,170,421,0.0,
NODE_0004509,164,2193,2021.381,1,2214,174.0,,170,420,0.0,
NODE_0004509,164,2882,2021.381,1,2214,174.0,,170,355,0.0,
NODE_0004509,164,2038,2021.381,1,2214,174.0,,170,315,0.0,
NODE_0004509,164,1691,2021.381,1,2214,174.0,,170,324,0.0,
NODE_0004509,164,3596,2021.381,1,2214,174.0,,170,392,0.0,
NODE_0004509,164,2248,2021.381,1,387,173.0,,170,422,0.0,
NODE_0004509,164,2266,2021.381,1,490,173.0,,170,361,0.0,
NODE_0004509,164,1794,2021.381,1,490,173.0,,170,394,0.0,
NODE_0004509,164,1487,2021.381,1,925,173.0,,170,354,0.0,
NODE_0004509,164,2192,2021.381,1,1725,173.0,,170,421,0.0,
NODE_0004509,164,2193,2021.381,1,2214,173.0,,170,420,0.0,
NODE_0004509,164,2882,2021.381,1,2214,173.0,,170,355,0.0,
NODE_0004509,164,2038,2021.381,1,2214,173.0,,170,315,0.0,
NODE_0004509,164,1691,2021.381,1,2214,173.0,,170,324,0.0,
NODE_0004509,164,3596,2021.381,1,2214,173.0,,170,392,0.0,
NODE_0004509,164,2248,2021.381,1,387,173.0,,170,422,0.0,
NODE_0004509,164,2266,2021.381,1,490,173.0,,170,361,0.0,
NODE_0004509,164,1794,2021.381,1,490,173.0,,170,394,0.0,
NODE_0004509,164,1487,2021.381,1,925,173.0,,170,354,0.0,
NODE_0004509,164,2192,2021.381,1,1725,173.0,,170,421,0.0,
NODE_0004509,164,2193,2021.381,1,2214,173.0,,170,420,0.0,
NODE_0004509,164,2882,2021.381,1,2214,173.0,,170,355,0.0,
NODE_0004509,164,2038,2021.381,1,2214,173.0,,170,315,0.0,
NODE_0004509,164,1691,2021.381,1,2214,173.0,,170,324,0.0,
NODE_0004509,164,3596,2021.381,1,2214,173.0,,170,392,0.0,
NODE_0004509,164,2248,2021.381,1,387,174.0,,170,422,0.0,
NODE_0004509,164,2266,2021.381,1,490,174.0,,170,361,0.0,
NODE_0004509,164,1794,2021.381,1,490,174.0,,170,394,0.0,
NODE_0004509,164,1487,2021.381,1,925,174.0,,170,354,0.0,
NODE_0004509,164,2192,2021.381,1,1725,174.0,,170,421,0.0,
NODE_0004509,164,2193,2021.381,1,2214,174.0,,170,420,0.0,
NODE_0004509,164,2882,2021.381,1,2214,174.0,,170,355,0.0,
NODE_0004509,164,2038,2021.381,1,2214,174.0,,170,315,0.0,
NODE_0004509,164,1691,2021.381,1,2214,174.0,,170,324,0.0,
NODE_0004509,164,3596,2021.381,1,2214,174.0,,170,392,0.0,
NODE_0004509,164,2248,2021.381,1,387,172.0,,170,422,0.0,
NODE_0004509,164,2266,2021.381,1,490,172.0,,170,361,0.0,
NODE_0004509,164,1794,2021.381,1,490,172.0,,170,394,0.0,
NODE_0004509,164,1487,2021.381,1,925,172.0,,170,354,0.0,
NODE_0004509,164,2192,2021.381,1,1725,172.0,,170,421,0.0,
NODE_0004509,164,2193,2021.381,1,2214,172.0,,170,420,0.0,
NODE_0004509,164,2882,2021.381,1,2214,172.0,,170,355,0.0,
NODE_0004509,164,2038,2021.381,1,2214,172.0,,170,315,0.0,
NODE_0004509,164,1691,2021.381,1,2214,172.0,,170,324,0.0,
NODE_0004509,164,3596,2021.381,1,2214,172.0,,170,392,0.0,
NODE_0004509,164,2248,2021.381,1,387,170.0,,170,422,1.0,
NODE_0004509,164,2266,2021.381,1,490,170.0,,170,361,1.0,
NODE_0004509,164,1794,2021.381,1,490,170.0,,170,394,1.0,
NODE_0004509,164,1487,2021.381,1,925,170.0,,170,354,1.0,
NODE_0004509,164,2192,2021.381,1,1725,170.0,,170,421,1.0,
NODE_0004509,164,2193,2021.381,1,2214,170.0,,170,420,1.0,
NODE_0004509,164,2882,2021.381,1,2214,170.0,,170,355,1.0,
NODE_0004509,164,2038,2021.381,1,2214,170.0,,170,315,1.0,
NODE_0004509,164,1691,2021.381,1,2214,170.0,,170,324,1.0,
NODE_0004509,164,3596,2021.381,1,2214,170.0,,170,392,1.0,
NODE_0004509,164,2248,2021.381,1,387,170.0,,170,422,1.0,
NODE_0004509,164,2266,2021.381,1,490,170.0,,170,361,1.0,
NODE_0004509,164,1794,2021.381,1,490,170.0,,170,394,1.0,
NODE_0004509,164,1487,2021.381,1,925,170.0,,170,354,1.0,
NODE_0004509,164,2192,2021.381,1,1725,170.0,,170,421,1.0,
NODE_0004509,164,2193,2021.381,1,2214,170.0,,170,420,1.0,
NODE_0004509,164,2882,2021.381,1,2214,170.0,,170,355,1.0,
NODE_0004509,164,2038,2021.381,1,2214,170.0,,170,315,1.0,
NODE_0004509,164,1691,2021.381,1,2214,170.0,,170,324,1.0,
NODE_0004509,164,3596,2021.381,1,2214,170.0,,170,392,1.0,
NODE_0004509,164,2248,2021.381,2,387,186.0,,170,422,0.0,
NODE_0004509,164,2266,2021.381,2,490,186.0,,170,361,0.0,
NODE_0004509,164,1794,2021.381,2,490,186.0,,170,394,0.0,
NODE_0004509,164,1487,2021.381,2,925,186.0,,170,354,0.0,
NODE_0004509,164,2192,2021.381,2,1725,186.0,,170,421,0.0,
NODE_0004509,164,2193,2021.381,2,2214,186.0,,170,420,0.0,
NODE_0004509,164,2882,2021.381,2,2214,186.0,,170,355,0.0,
NODE_0004509,164,2038,2021.381,2,2214,186.0,,170,315,0.0,
NODE_0004509,164,1691,2021.381,2,2214,186.0,,170,324,0.0,
NODE_0004509,164,3596,2021.381,2,2214,186.0,,170,392,0.0,
NODE_0004509,164,2248,2021.381,2,387,174.0,,170,422,0.0,
NODE_0004509,164,2266,2021.381,2,490,174.0,,170,361,0.0,
NODE_0004509,164,1794,2021.381,2,490,174.0,,170,394,0.0,
NODE_0004509,164,1487,2021.381,2,925,174.0,,170,354,0.0,
NODE_0004509,164,2192,2021.381,2,1725,174.0,,170,421,0.0,
NODE_0004509,164,2193,2021.381,2,2214,174.0,,170,420,0.0,
NODE_0004509,164,2882,2021.381,2,2214,174.0,,170,355,0.0,
NODE_0004509,164,2038,2021.381,2,2214,174.0,,170,315,0.0,
NODE_0004509,164,1691,2021.381,2,2214,174.0,,170,324,0.0,
NODE_0004509,164,3596,2021.381,2,2214,174.0,,170,392,0.0,
NODE_0004509,164,2248,2021.381,2,387,173.0,,170,422,0.0,
NODE_0004509,164,2266,2021.381,2,490,173.0,,170,361,0.0,
NODE_0004509,164,1794,2021.381,2,490,173.0,,170,394,0.0,
NODE_0004509,164,1487,2021.381,2,925,173.0,,170,354,0.0,
NODE_0004509,164,2192,2021.381,2,1725,173.0,,170,421,0.0,
NODE_0004509,164,2193,2021.381,2,2214,173.0,,170,420,0.0,
NODE_0004509,164,2882,2021.381,2,2214,173.0,,170,355,0.0,
NODE_0004509,164,2038,2021.381,2,2214,173.0,,170,315,0.0,
NODE_0004509,164,1691,2021.381,2,2214,173.0,,170,324,0.0,
NODE_0004509,164,3596,2021.381,2,2214,173.0,,170,392,0.0,
NODE_0004509,164,2248,2021.381,2,387,174.0,,170,422,0.0,
NODE_0004509,164,2266,2021.381,2,490,174.0,,170,361,0.0,
NODE_0004509,164,1794,2021.381,2,490,174.0,,170,394,0.0,
NODE_0004509,164,1487,2021.381,2,925,174.0,,170,354,0.0,
NODE_0004509,164,2192,2021.381,2,1725,174.0,,170,421,0.0,
NODE_0004509,164,2193,2021.381,2,2214,174.0,,170,420,0.0,
NODE_0004509,164,2882,2021.381,2,2214,174.0,,170,355,0.0,
NODE_0004509,164,2038,2021.381,2,2214,174.0,,170,315,0.0,
NODE_0004509,164,1691,2021.381,2,2214,174.0,,170,324,0.0,
NODE_0004509,164,3596,2021.381,2,2214,174.0,,170,392,0.0,
NODE_0004509,164,2248,2021.381,2,387,173.0,,170,422,0.0,
NODE_0004509,164,2266,2021.381,2,490,173.0,,170,361,0.0,
NODE_0004509,164,1794,2021.381,2,490,173.0,,170,394,0.0,
NODE_0004509,164,1487,2021.381,2,925,173.0,,170,354,0.0,
NODE_0004509,164,2192,2021.381,2,1725,173.0,,170,421,0.0,
NODE_0004509,164,2193,2021.381,2,2214,173.0,,170,420,0.0,
NODE_0004509,164,2882,2021.381,2,2214,173.0,,170,355,0.0,
NODE_0004509,164,2038,2021.381,2,2214,173.0,,170,315,0.0,
NODE_0004509,164,1691,2021.381,2,2214,173.0,,170,324,0.0,
NODE_0004509,164,3596,2021.381,2,2214,173.0,,170,392,0.0,
NODE_0004509,164,2248,2021.381,2,387,172.0,,170,422,0.0,
NODE_0004509,164,2266,2021.381,2,490,172.0,,170,361,0.0,
NODE_0004509,164,1794,2021.381,2,490,172.0,,170,394,0.0,
NODE_0004509,164,1487,2021.381,2,925,172.0,,170,354,0.0,
NODE_0004509,164,2192,2021.381,2,1725,172.0,,170,421,0.0,
NODE_0004509,164,2193,2021.381,2,2214,172.0,,170,420,0.0,
NODE_0004509,164,2882,2021.381,2,2214,172.0,,170,355,0.0,
NODE_0004509,164,2038,2021.381,2,2214,172.0,,170,315,0.0,
NODE_0004509,164,1691,2021.381,2,2214,172.0,,170,324,0.0,
NODE_0004509,164,3596,2021.381,2,2214,172.0,,170,392,0.0,
NODE_0004509,164,2248,2021.381,2,387,171.0,,170,422,0.0,
NODE_0004509,164,2266,2021.381,2,490,171.0,,170,361,0.0,
NODE_0004509,164,1794,2021.381,2,490,171.0,,170,394,0.0,
NODE_0004509,164,1487,2021.381,2,925,171.0,,170,354,0.0,
NODE_0004509,164,2192,2021.381,2,1725,171.0,,170,421,0.0,
NODE_0004509,164,2193,2021.381,2,2214,171.0,,170,420,0.0,
NODE_0004509,164,2882,2021.381,2,2214,171.0,,170,355,0.0,
NODE_0004509,164,2038,2021.381,2,2214,171.0,,170,315,0.0,
NODE_0004509,164,1691,2021.381,2,2214,171.0,,170,324,0.0,
NODE_0004509,164,3596,2021.381,2,2214,171.0,,170,392,0.0,
NODE_0004509,164,2248,2021.381,2,387,171.0,,170,422,0.0,
NODE_0004509,164,2266,2021.381,2,490,171.0,,170,361,0.0,
NODE_0004509,164,1794,2021.381,2,490,171.0,,170,394,0.0,
NODE_0004509,164,1487,2021.381,2,925,171.0,,170,354,0.0,
NODE_0004509,164,2192,2021.381,2,1725,171.0,,170,421,0.0,
NODE_0004509,164,2193,2021.381,2,2214,171.0,,170,420,0.0,
NODE_0004509,164,2882,2021.381,2,2214,171.0,,170,355,0.0,
NODE_0004509,164,2038,2021.381,2,2214,171.0,,170,315,0.0,
NODE_0004509,164,1691,2021.381,2,2214,171.0,,170,324,0.0,
NODE_0004509,164,3596,2021.381,2,2214,171.0,,170,392,0.0,
NODE_0004509,164,2248,2021.381,2,387,170.0,,170,422,1.0,
NODE_0004509,164,2266,2021.381,2,490,170.0,,170,361,1.0,
NODE_0004509,164,1794,2021.381,2,490,170.0,,170,394,1.0,
NODE_0004509,164,1487,2021.381,2,925,170.0,,170,354,1.0,
NODE_0004509,164,2192,2021.381,2,1725,170.0,,170,421,1.0,
NODE_0004509,164,2193,2021.381,2,2214,170.0,,170,420,1.0,
NODE_0004509,164,2882,2021.381,2,2214,170.0,,170,355,1.0,
NODE_0004509,164,2038,2021.381,2,2214,170.0,,170,315,1.0,
NODE_0004509,164,1691,2021.381,2,2214,170.0,,170,324,1.0,
NODE_0004509,164,3596,2021.381,2,2214,170.0,,170,392,1.0,
NODE_0004509,164,2248,2021.381,3,387,183.0,,170,422,0.0,
NODE_0004509,164,2266,2021.381,3,490,183.0,,170,361,0.0,
NODE_0004509,164,1794,2021.381,3,490,183.0,,170,394,0.0,
NODE_0004509,164,1487,2021.381,3,925,183.0,,170,354,0.0,
NODE_0004509,164,2192,2021.381,3,1725,183.0,,170,421,0.0,
NODE_0004509,164,2193,2021.381,3,2214,183.0,,170,420,0.0,
NODE_0004509,164,2882,2021.381,3,2214,183.0,,170,355,0.0,
NODE_0004509,164,2038,2021.381,3,2214,183.0,,170,315,0.0,
NODE_0004509,164,1691,2021.381,3,2214,183.0,,170,324,0.0,
NODE_0004509,164,3596,2021.381,3,2214,183.0,,170,392,0.0,
NODE_0004509,164,2248,2021.381,3,387,179.0,,170,422,0.0,
NODE_0004509,164,2266,2021.381,3,490,179.0,,170,361,0.0,
NODE_0004509,164,1794,2021.381,3,490,179.0,,170,394,0.0,
NODE_0004509,164,1487,2021.381,3,925,179.0,,170,354,0.0,
NODE_0004509,164,2192,2021.381,3,1725,179.0,,170,421,0.0,
NODE_0004509,164,2193,2021.381,3,2214,179.0,,170,420,0.0,
NODE_0004509,164,2882,2021.381,3,2214,179.0,,170,355,0.0,
NODE_0004509,164,2038,2021.381,3,2214,179.0,,170,315,0.0,
NODE_0004509,164,1691,2021.381,3,2214,179.0,,170,324,0.0,
NODE_0004509,164,3596,2021.381,3,2214,179.0,,170,392,0.0,
NODE_0004509,164,2248,2021.381,3,387,173.0,,170,422,0.0,
NODE_0004509,164,2266,2021.381,3,490,173.0,,170,361,0.0,
NODE_0004509,164,1794,2021.381,3,490,173.0,,170,394,0.0,
NODE_0004509,164,1487,2021.381,3,925,173.0,,170,354,0.0,
NODE_0004509,164,2192,2021.381,3,1725,173.0,,170,421,0.0,
NODE_0004509,164,2193,2021.381,3,2214,173.0,,170,420,0.0,
NODE_0004509,164,2882,2021.381,3,2214,173.0,,170,355,0.0,
NODE_0004509,164,2038,2021.381,3,2214,173.0,,170,315,0.0,
NODE_0004509,164,1691,2021.381,3,2214,173.0,,170,324,0.0,
NODE_0004509,164,3596,2021.381,3,2214,173.0,,170,392,0.0,
NODE_0004509,164,2248,2021.381,3,387,172.0,,170,422,0.0,
NODE_0004509,164,2266,2021.381,3,490,172.0,,170,361,0.0,
NODE_0004509,164,1794,2021.381,3,490,172.0,,170,394,0.0,
NODE_0004509,164,1487,2021.381,3,925,172.0,,170,354,0.0,
NODE_0004509,164,2192,2021.381,3,1725,172.0,,170,421,0.0,
NODE_0004509,164,2193,2021.381,3,2214,172.0,,170,420,0.0,
NODE_0004509,164,2882,2021.381,3,2214,172.0,,170,355,0.0,
NODE_0004509,164,2038,2021.381,3,2214,172.0,,170,315,0.0,
NODE_0004509,164,1691,2021.381,3,2214,172.0,,170,324,0.0,
NODE_0004509,164,3596,2021.381,3,2214,172.0,,170,392,0.0,
NODE_0004509,164,2248,2021.381,3,387,170.0,,170,422,1.0,
NODE_0004509,164,2266,2021.381,3,490,170.0,,170,361,1.0,
NODE_0004509,164,1794,2021.381,3,490,170.0,,170,394,1.0,
NODE_0004509,164,1487,2021.381,3,925,170.0,,170,354,1.0,
NODE_0004509,164,2192,2021.381,3,1725,170.0,,170,421,1.0,
NODE_0004509,164,2193,2021.381,3,2214,170.0,,170,420,1.0,
NODE_0004509,164,2882,2021.381,3,2214,170.0,,170,355,1.0,
NODE_0004509,164,2038,2021.381,3,2214,170.0,,170,315,1.0,
NODE_0004509,164,1691,2021.381,3,2214,170.0,,170,324,1.0,
NODE_0004509,164,3596,2021.381,3,2214,170.0,,170,392,1.0,
NODE_0004509,164,2248,2021.381,3,387,170.0,,170,422,1.0,
NODE_0004509,164,2266,2021.381,3,490,170.0,,170,361,1.0,
NODE_0004509,164,1794,2021.381,3,490,170.0,,170,394,1.0,
NODE_0004509,164,1487,2021.381,3,925,170.0,,170,354,1.0,
NODE_0004509,164,2192,2021.381,3,1725,170.0,,170,421,1.0,
NODE_0004509,164,2193,2021.381,3,2214,170.0,,170,420,1.0,
NODE_0004509,164,2882,2021.381,3,2214,170.0,,170,355,1.0,
NODE_0004509,164,2038,2021.381,3,2214,170.0,,170,315,1.0,
NODE_0004509,164,1691,2021.381,3,2214,170.0,,170,324,1.0,
NODE_0004509,164,3596,2021.381,3,2214,170.0,,170,392,1.0,
NODE_0004509,164,2248,2021.381,4,387,185.0,,170,422,0.0,
NODE_0004509,164,2266,2021.381,4,490,185.0,,170,361,0.0,
NODE_0004509,164,1794,2021.381,4,490,185.0,,170,394,0.0,
NODE_0004509,164,1487,2021.381,4,925,185.0,,170,354,0.0,
NODE_0004509,164,2192,2021.381,4,1725,185.0,,170,421,0.0,
NODE_0004509,164,2193,2021.381,4,2214,185.0,,170,420,0.0,
NODE_0004509,164,2882,2021.381,4,2214,185.0,,170,355,0.0,
NODE_0004509,164,2038,2021.381,4,2214,185.0,,170,315,0.0,
NODE_0004509,164,1691,2021.381,4,2214,185.0,,170,324,0.0,
NODE_0004509,164,3596,2021.381,4,2214,185.0,,170,392,0.0,
NODE_0004509,164,2248,2021.381,4,387,177.0,,170,422,0.0,
NODE_0004509,164,2266,2021.381,4,490,177.0,,170,361,0.0,
NODE_0004509,164,1794,2021.381,4,490,177.0,,170,394,0.0,
NODE_0004509,164,1487,2021.381,4,925,177.0,,170,354,0.0,
NODE_0004509,164,2192,2021.381,4,1725,177.0,,170,421,0.0,
NODE_0004509,164,2193,2021.381,4,2214,177.0,,170,420,0.0,
NODE_0004509,164,2882,2021.381,4,2214,177.0,,170,355,0.0,
NODE_0004509,164,2038,2021.381,4,2214,177.0,,170,315,0.0,
NODE_0004509,164,1691,2021.381,4,2214,177.0,,170,324,0.0,
NODE_0004509,164,3596,2021.381,4,2214,177.0,,170,392,0.0,
NODE_0004509,164,2248,2021.381,4,387,178.0,,170,422,0.0,
NODE_0004509,164,2266,2021.381,4,490,178.0,,170,361,0.0,
NODE_0004509,164,1794,2021.381,4,490,178.0,,170,394,0.0,
NODE_0004509,164,1487,2021.381,4,925,178.0,,170,354,0.0,
NODE_0004509,164,2192,2021.381,4,1725,178.0,,170,421,0.0,
NODE_0004509,164,2193,2021.381,4,2214,178.0,,170,420,0.0,
NODE_0004509,164,2882,2021.381,4,2214,178.0,,170,355,0.0,
NODE_0004509,164,2038,2021.381,4,2214,178.0,,170,315,0.0,
NODE_0004509,164,1691,2021.381,4,2214,178.0,,170,324,0.0,
NODE_0004509,164,3596,2021.381,4,2214,178.0,,170,392,0.0,
NODE_0004509,164,2248,2021.381,4,387,171.0,,170,422,0.0,
NODE_0004509,164,2266,2021.381,4,490,171.0,,170,361,0.0,
NODE_0004509,164,1794,2021.381,4,490,171.0,,170,394,0.0,
NODE_0004509,164,1487,2021.381,4,925,171.0,,170,354,0.0,
NODE_0004509,164,2192,2021.381,4,1725,171.0,,170,421,0.0,
NODE_0004509,164,2193,2021.381,4,2214,171.0,,170,420,0.0,
NODE_0004509,164,2882,2021.381,4,2214,171.0,,170,355,0.0,
NODE_0004509,164,2038,2021.381,4,2214,171.0,,170,315,0.0,
NODE_0004509,164,1691,2021.381,4,2214,171.0,,170,324,0.0,
NODE_0004509,164,3596,2021.381,4,2214,171.0,,170,392,0.0,
NODE_0004509,164,2248,2021.381,4,387,170.0,,170,422,1.0,
NODE_0004509,164,2266,2021.381,4,490,170.0,,170,361,1.0,
NODE_0004509,164,1794,2021.381,4,490,170.0,,170,394,1.0,
NODE_0004509,164,1487,2021.381,4,925,170.0,,170,354,1.0,
NODE_0004509,164,2192,2021.381,4,1725,170.0,,170,421,1.0,
NODE_0004509,164,2193,2021.381,4,2214,170.0,,170,420,1.0,
NODE_0004509,164,2882,2021.381,4,2214,170.0,,170,355,1.0,
NODE_0004509,164,2038,2021.381,4,2214,170.0,,170,315,1.0,
NODE_0004509,164,1691,2021.381,4,2214,170.0,,170,324,1.0,
NODE_0004509,164,3596,2021.381,4,2214,170.0,,170,392,1.0,
NODE_0004509,164,2248,2021.381,4,387,170.0,,170,422,1.0,
NODE_0004509,164,2266,2021.381,4,490,170.0,,170,361,1.0,
NODE_0004509,164,1794,2021.381,4,490,170.0,,170,394,1.0,
NODE_0004509,164,1487,2021.381,4,925,170.0,,170,354,1.0,
NODE_0004509,164,2192,2021.381,4,1725,170.0,,170,421,1.0,
NODE_0004509,164,2193,2021.381,4,2214,170.0,,170,420,1.0,
NODE_0004509,164,2882,2021.381,4,2214,170.0,,170,355,1.0,
NODE_0004509,164,2038,2021.381,4,2214,170.0,,170,315,1.0,
NODE_0004509,164,1691,2021.381,4,2214,170.0,,170,324,1.0,
NODE_0004509,164,3596,2021.381,4,2214,170.0,,170,392,1.0,
NODE_0004509,164,2248,2021.381,6,387,175.0,,170,422,0.0,
NODE_0004509,164,2266,2021.381,6,490,175.0,,170,361,0.0,
NODE_0004509,164,1794,2021.381,6,490,175.0,,170,394,0.0,
NODE_0004509,164,1487,2021.381,6,925,175.0,,170,354,0.0,
NODE_0004509,164,2192,2021.381,6,1725,175.0,,170,421,0.0,
NODE_0004509,164,2193,2021.381,6,2214,175.0,,170,420,0.0,
NODE_0004509,164,2882,2021.381,6,2214,175.0,,170,355,0.0,
NODE_0004509,164,2038,2021.381,6,2214,175.0,,170,315,0.0,
NODE_0004509,164,1691,2021.381,6,2214,175.0,,170,324,0.0,
NODE_0004509,164,3596,2021.381,6,2214,175.0,,170,392,0.0,
NODE_0004509,164,2248,2021.381,6,387,173.0,,170,422,0.0,
NODE_0004509,164,2266,2021.381,6,490,173.0,,170,361,0.0,
NODE_0004509,164,1794,2021.381,6,490,173.0,,170,394,0.0,
NODE_0004509,164,1487,2021.381,6,925,173.0,,170,354,0.0,
NODE_0004509,164,2192,2021.381,6,1725,173.0,,170,421,0.0,
NODE_0004509,164,2193,2021.381,6,2214,173.0,,170,420,0.0,
NODE_0004509,164,2882,2021.381,6,2214,173.0,,170,355,0.0,
NODE_0004509,164,2038,2021.381,6,2214,173.0,,170,315,0.0,
NODE_0004509,164,1691,2021.381,6,2214,173.0,,170,324,0.0,
NODE_0004509,164,3596,2021.381,6,2214,173.0,,170,392,0.0,
NODE_0004509,164,2248,2021.381,6,387,175.0,,170,422,0.0,
NODE_0004509,164,2266,2021.381,6,490,175.0,,170,361,0.0,
NODE_0004509,164,1794,2021.381,6,490,175.0,,170,394,0.0,
NODE_0004509,164,1487,2021.381,6,925,175.0,,170,354,0.0,
NODE_0004509,164,2192,2021.381,6,1725,175.0,,170,421,0.0,
NODE_0004509,164,2193,2021.381,6,2214,175.0,,170,420,0.0,
NODE_0004509,164,2882,2021.381,6,2214,175.0,,170,355,0.0,
NODE_0004509,164,2038,2021.381,6,2214,175.0,,170,315,0.0,
NODE_0004509,164,1691,2021.381,6,2214,175.0,,170,324,0.0,
NODE_0004509,164,3596,2021.381,6,2214,175.0,,170,392,0.0,
NODE_0004509,164,2248,2021.381,6,387,171.0,,170,422,0.0,
NODE_0004509,164,2266,2021.381,6,490,171.0,,170,361,0.0,
NODE_0004509,164,1794,2021.381,6,490,171.0,,170,394,0.0,
NODE_0004509,164,1487,2021.381,6,925,171.0,,170,354,0.0,
NODE_0004509,164,2192,2021.381,6,1725,171.0,,170,421,0.0,
NODE_0004509,164,2193,2021.381,6,2214,171.0,,170,420,0.0,
NODE_0004509,164,2882,2021.381,6,2214,171.0,,170,355,0.0,
NODE_0004509,164,2038,2021.381,6,2214,171.0,,170,315,0.0,
NODE_0004509,164,1691,2021.381,6,2214,171.0,,170,324,0.0,
NODE_0004509,164,3596,2021.381,6,2214,171.0,,170,392,0.0,
NODE_0004509,164,2248,2021.381,6,387,170.0,,170,422,1.0,
NODE_0004509,164,2266,2021.381,6,490,170.0,,170,361,1.0,
NODE_0004509,164,1794,2021.381,6,490,170.0,,170,394,1.0,
NODE_0004509,164,1487,2021.381,6,925,170.0,,170,354,1.0,
NODE_0004509,164,2192,2021.381,6,1725,170.0,,170,421,1.0,
NODE_0004509,164,2193,2021.381,6,2214,170.0,,170,420,1.0,
NODE_0004509,164,2882,2021.381,6,2214,170.0,,170,355,1.0,
NODE_0004509,164,2038,2021.381,6,2214,170.0,,170,315,1.0,
NODE_0004509,164,1691,2021.381,6,2214,170.0,,170,324,1.0,
NODE_0004509,164,3596,2021.381,6,2214,170.0,,170,392,1.0,
NODE_0004509,164,2248,2021.381,6,387,170.0,,170,422,1.0,
NODE_0004509,164,2266,2021.381,6,490,170.0,,170,361,1.0,
NODE_0004509,164,1794,2021.381,6,490,170.0,,170,394,1.0,
NODE_0004509,164,1487,2021.381,6,925,170.0,,170,354,1.0,
NODE_0004509,164,2192,2021.381,6,1725,170.0,,170,421,1.0,
NODE_0004509,164,2193,2021.381,6,2214,170.0,,170,420,1.0,
NODE_0004509,164,2882,2021.381,6,2214,170.0,,170,355,1.0,
NODE_0004509,164,2038,2021.381,6,2214,170.0,,170,315,1.0,
NODE_0004509,164,1691,2021.381,6,2214,170.0,,170,324,1.0,
NODE_0004509,164,3596,2021.381,6,2214,170.0,,170,392,1.0,
NODE_0004509,164,2248,2021.381,6,387,171.0,,170,422,0.0,
NODE_0004509,164,2266,2021.381,6,490,171.0,,170,361,0.0,
NODE_0004509,164,1794,2021.381,6,490,171.0,,170,394,0.0,
NODE_0004509,164,1487,2021.381,6,925,171.0,,170,354,0.0,
NODE_0004509,164,2192,2021.381,6,1725,171.0,,170,421,0.0,
NODE_0004509,164,2193,2021.381,6,2214,171.0,,170,420,0.0,
NODE_0004509,164,2882,2021.381,6,2214,171.0,,170,355,0.0,
NODE_0004509,164,2038,2021.381,6,2214,171.0,,170,315,0.0,
NODE_0004509,164,1691,2021.381,6,2214,171.0,,170,324,0.0,
NODE_0004509,164,3596,2021.381,6,2214,171.0,,170,392,0.0,
NODE_0004509,164,2248,2021.381,7,387,171.0,,170,422,0.0,
NODE_0004509,164,2266,2021.381,7,490,171.0,,170,361,0.0,
NODE_0004509,164,1794,2021.381,7,490,171.0,,170,394,0.0,
NODE_0004509,164,1487,2021.381,7,925,171.0,,170,354,0.0,
NODE_0004509,164,2192,2021.381,7,1725,171.0,,170,421,0.0,
NODE_0004509,164,2193,2021.381,7,2214,171.0,,170,420,0.0,
NODE_0004509,164,2882,2021.381,7,2214,171.0,,170,355,0.0,
NODE_0004509,164,2038,2021.381,7,2214,171.0,,170,315,0.0,
NODE_0004509,164,1691,2021.381,7,2214,171.0,,170,324,0.0,
NODE_0004509,164,3596,2021.381,7,2214,171.0,,170,392,0.0,
NODE_0004509,164,2248,2021.381,8,387,172.0,,170,422,0.0,
NODE_0004509,164,2266,2021.381,8,490,172.0,,170,361,0.0,
NODE_0004509,164,1794,2021.381,8,490,172.0,,170,394,0.0,
NODE_0004509,164,1487,2021.381,8,925,172.0,,170,354,0.0,
NODE_0004509,164,2192,2021.381,8,1725,172.0,,170,421,0.0,
NODE_0004509,164,2193,2021.381,8,2214,172.0,,170,420,0.0,
NODE_0004509,164,2882,2021.381,8,2214,172.0,,170,355,0.0,
NODE_0004509,164,2038,2021.381,8,2214,172.0,,170,315,0.0,
NODE_0004509,164,1691,2021.381,8,2214,172.0,,170,324,0.0,
NODE_0004509,164,3596,2021.381,8,2214,172.0,,170,392,0.0,
NODE_0004509,164,2248,2021.381,8,387,172.0,,170,422,0.0,
NODE_0004509,164,2266,2021.381,8,490,172.0,,170,361,0.0,
NODE_0004509,164,1794,2021.381,8,490,172.0,,170,394,0.0,
NODE_0004509,164,1487,2021.381,8,925,172.0,,170,354,0.0,
NODE_0004509,164,2192,2021.381,8,1725,172.0,,170,421,0.0,
NODE_0004509,164,2193,2021.381,8,2214,172.0,,170,420,0.0,
NODE_0004509,164,2882,2021.381,8,2214,172.0,,170,355,0.0,
NODE_0004509,164,2038,2021.381,8,2214,172.0,,170,315,0.0,
NODE_0004509,164,1691,2021.381,8,2214,172.0,,170,324,0.0,
NODE_0004509,164,3596,2021.381,8,2214,172.0,,170,392,0.0,
NODE_0004509,164,2248,2021.381,10,387,,,170,422,,
NODE_0004509,164,2266,2021.381,10,490,,,170,361,,
NODE_0004509,164,1794,2021.381,10,490,,,170,394,,
NODE_0004509,164,1487,2021.381,10,925,,,170,354,,
NODE_0004509,164,2192,2021.381,10,1725,,,170,421,,
NODE_0004509,164,2193,2021.381,10,2214,,,170,420,,
NODE_0004509,164,2882,2021.381,10,2214,,,170,355,,
NODE_0004509,164,2038,2021.381,10,2214,,,170,315,,
NODE_0004509,164,1691,2021.381,10,2214,,,170,324,,
NODE_0004509,164,3596,2021.381,10,2214,,,170,392,,
NODE_0004509,164,2248,2021.381,10,387,,,170,422,,
NODE_0004509,164,2266,2021.381,10,490,,,170,361,,
NODE_0004509,164,1794,2021.381,10,490,,,170,394,,
NODE_0004509,164,1487,2021.381,10,925,,,170,354,,
NODE_0004509,164,2192,2021.381,10,1725,,,170,421,,
NODE_0004509,164,2193,2021.381,10,2214,,,170,420,,
NODE_0004509,164,2882,2021.381,10,2214,,,170,355,,
NODE_0004509,164,2038,2021.381,10,2214,,,170,315,,
NODE_0004509,164,1691,2021.381,10,2214,,,170,324,,
NODE_0004509,164,3596,2021.381,10,2214,,,170,392,,
NODE_0004509,164,2248,2021.381,10,387,,,170,422,,
NODE_0004509,164,2266,2021.381,10,490,,,170,361,,
NODE_0004509,164,1794,2021.381,10,490,,,170,394,,
NODE_0004509,164,1487,2021.381,10,925,,,170,354,,
NODE_0004509,164,2192,2021.381,10,1725,,,170,421,,
NODE_0004509,164,2193,2021.381,10,2214,,,170,420,,
NODE_0004509,164,2882,2021.381,10,2214,,,170,355,,
NODE_0004509,164,2038,2021.381,10,2214,,,170,315,,
NODE_0004509,164,1691,2021.381,10,2214,,,170,324,,
NODE_0004509,164,3596,2021.381,10,2214,,,170,392,,
NODE_0004509,164,2248,2021.381,11,387,,,170,422,,
NODE_0004509,164,2266,2021.381,11,490,,,170,361,,
NODE_0004509,164,1794,2021.381,11,490,,,170,394,,
NODE_0004509,164,1487,2021.381,11,925,,,170,354,,
NODE_0004509,164,2192,2021.381,11,1725,,,170,421,,
NODE_0004509,164,2193,2021.381,11,2214,,,170,420,,
NODE_0004509,164,2882,2021.381,11,2214,,,170,355,,
NODE_0004509,164,2038,2021.381,11,2214,,,170,315,,
NODE_0004509,164,1691,2021.381,11,2214,,,170,324,,
NODE_0004509,164,3596,2021.381,11,2214,,,170,392,,
NODE_0004509,164,2248,2021.381,13,387,,,170,422,,
NODE_0004509,164,2266,2021.381,13,490,,,170,361,,
NODE_0004509,164,1794,2021.381,13,490,,,170,394,,
NODE_0004509,164,1487,2021.381,13,925,,,170,354,,
NODE_0004509,164,2192,2021.381,13,1725,,,170,421,,
NODE_0004509,164,2193,2021.381,13,2214,,,170,420,,
NODE_0004509,164,2882,2021.381,13,2214,,,170,355,,
NODE_0004509,164,2038,2021.381,13,2214,,,170,315,,
NODE_0004509,164,1691,2021.381,13,2214,,,170,324,,
NODE_0004509,164,3596,2021.381,13,2214,,,170,392,,
NODE_0004509,164,2248,2021.381,14,387,,,170,422,,
NODE_0004509,164,2266,2021.381,14,490,,,170,361,,
NODE_0004509,164,1794,2021.381,14,490,,,170,394,,
NODE_0004509,164,1487,2021.381,14,925,,,170,354,,
NODE_0004509,164,2192,2021.381,14,1725,,,170,421,,
NODE_0004509,164,2193,2021.381,14,2214,,,170,420,,
NODE_0004509,164,2882,2021.381,14,2214,,,170,355,,
NODE_0004509,164,2038,2021.381,14,2214,,,170,315,,
NODE_0004509,164,1691,2021.381,14,2214,,,170,324,,
NODE_0004509,164,3596,2021.381,14,2214,,,170,392,,
NODE_0004509,164,2248,2021.381,16,387,,,170,422,,
NODE_0004509,164,2266,2021.381,16,490,,,170,361,,
NODE_0004509,164,1794,2021.381,16,490,,,170,394,,
NODE_0004509,164,1487,2021.381,16,925,,,170,354,,
NODE_0004509,164,2192,2021.381,16,1725,,,170,421,,
NODE_0004509,164,2193,2021.381,16,2214,,,170,420,,
NODE_0004509,164,2882,2021.381,16,2214,,,170,355,,
NODE_0004509,164,2038,2021.381,16,2214,,,170,315,,
NODE_0004509,164,1691,2021.381,16,2214,,,170,324,,
NODE_0004509,164,3596,2021.381,16,2214,,,170,392,,
NODE_0004509,164,2248,2021.381,17,387,,,170,422,,
NODE_0004509,164,2266,2021.381,17,490,,,170,361,,
NODE_0004509,164,1794,2021.381,17,490,,,170,394,,
NODE_0004509,164,1487,2021.381,17,925,,,170,354,,
NODE_0004509,164,2192,2021.381,17,1725,,,170,421,,
NODE_0004509,164,2193,2021.381,17,2214,,,170,420,,
NODE_0004509,164,2882,2021.381,17,2214,,,170,355,,
NODE_0004509,164,2038,2021.381,17,2214,,,170,315,,
NODE_0004509,164,1691,2021.381,17,2214,,,170,324,,
NODE_0004509,164,3596,2021.381,17,2214,,,170,392,,
NODE_0004509,164,2248,2021.381,21,387,,,170,422,,
NODE_0004509,164,2266,2021.381,21,490,,,170,361,,
NODE_0004509,164,1794,2021.381,21,490,,,170,394,,
NODE_0004509,164,1487,2021.381,21,925,,,170,354,,
NODE_0004509,164,2192,2021.381,21,1725,,,170,421,,
NODE_0004509,164,2193,2021.381,21,2214,,,170,420,,
NODE_0004509,164,2882,2021.381,21,2214,,,170,355,,
NODE_0004509,164,2038,2021.381,21,2214,,,170,315,,
NODE_0004509,164,1691,2021.381,21,2214,,,170,324,,
NODE_0004509,164,3596,2021.381,21,2214,,,170,392,,
NODE_0004509,164,2248,2021.381,24,387,,,170,422,,
NODE_0004509,164,2266,2021.381,24,490,,,170,361,,
NODE_0004509,164,1794,2021.381,24,490,,,170,394,,
NODE_0004509,164,1487,2021.381,24,925,,,170,354,,
NODE_0004509,164,2192,2021.381,24,1725,,,170,421,,
NODE_0004509,164,2193,2021.381,24,2214,,,170,420,,
NODE_0004509,164,2882,2021.381,24,2214,,,170,355,,
NODE_0004509,164,2038,2021.381,24,2214,,,170,315,,
NODE_0004509,164,1691,2021.381,24,2214,,,170,324,,
NODE_0004509,164,3596,2021.381,24,2214,,,170,392,,
NODE_0004509,164,2248,2021.381,25,387,,,170,422,,
NODE_0004509,164,2266,2021.381,25,490,,,170,361,,
NODE_0004509,164,1794,2021.381,25,490,,,170,394,,
NODE_0004509,164,1487,2021.381,25,925,,,170,354,,
NODE_0004509,164,2192,2021.381,25,1725,,,170,421,,
NODE_0004509,164,2193,2021.381,25,2214,,,170,420,,
NODE_0004509,164,2882,2021.381,25,2214,,,170,355,,
NODE_0004509,164,2038,2021.381,25,2214,,,170,315,,
NODE_0004509,164,1691,2021.381,25,2214,,,170,324,,
NODE_0004509,164,3596,2021.381,25,2214,,,170,392,,
NODE_0004509,164,2248,2021.381,27,387,,,170,422,,
NODE_0004509,164,2266,2021.381,27,490,,,170,361,,
NODE_0004509,164,1794,2021.381,27,490,,,170,394,,
NODE_0004509,164,1487,2021.381,27,925,,,170,354,,
NODE_0004509,164,2192,2021.381,27,1725,,,170,421,,
NODE_0004509,164,2193,2021.381,27,2214,,,170,420,,
NODE_0004509,164,2882,2021.381,27,2214,,,170,355,,
NODE_0004509,164,2038,2021.381,27,2214,,,170,315,,
NODE_0004509,164,1691,2021.381,27,2214,,,170,324,,
NODE_0004509,164,3596,2021.381,27,2214,,,170,392,,
NODE_0004509,164,2248,2021.381,33,387,,,170,422,,
NODE_0004509,164,2266,2021.381,33,490,,,170,361,,
NODE_0004509,164,1794,2021.381,33,490,,,170,394,,
NODE_0004509,164,1487,2021.381,33,925,,,170,354,,
NODE_0004509,164,2192,2021.381,33,1725,,,170,421,,
NODE_0004509,164,2193,2021.381,33,2214,,,170,420,,
NODE_0004509,164,2882,2021.381,33,2214,,,170,355,,
NODE_0004509,164,2038,2021.381,33,2214,,,170,315,,
NODE_0004509,164,1691,2021.381,33,2214,,,170,324,,
NODE_0004509,164,3596,2021.381,33,2214,,,170,392,,
NODE_0004509,164,2248,2021.381,33,387,,,170,422,,
NODE_0004509,164,2266,2021.381,33,490,,,170,361,,
NODE_0004509,164,1794,2021.381,33,490,,,170,394,,
NODE_0004509,164,1487,2021.381,33,925,,,170,354,,
NODE_0004509,164,2192,2021.381,33,1725,,,170,421,,
NODE_0004509,164,2193,2021.381,33,2214,,,170,420,,
NODE_0004509,164,2882,2021.381,33,2214,,,170,355,,
NODE_0004509,164,2038,2021.381,33,2214,,,170,315,,
NODE_0004509,164,1691,2021.381,33,2214,,,170,324,,
NODE_0004509,164,3596,2021.381,33,2214,,,170,392,,
NODE_0004509,164,2248,2021.381,38,387,,,170,422,,
NODE_0004509,164,2266,2021.381,38,490,,,170,361,,
NODE_0004509,164,1794,2021.381,38,490,,,170,394,,
NODE_0004509,164,1487,2021.381,38,925,,,170,354,,
NODE_0004509,164,2192,2021.381,38,1725,,,170,421,,
NODE_0004509,164,2193,2021.381,38,2214,,,170,420,,
NODE_0004509,164,2882,2021.381,38,2214,,,170,355,,
NODE_0004509,164,2038,2021.381,38,2214,,,170,315,,
NODE_0004509,164,1691,2021.381,38,2214,,,170,324,,
NODE_0004509,164,3596,2021.381,38,2214,,,170,392,,
NODE_0004509,164,2248,2021.381,39,387,,,170,422,,
NODE_0004509,164,2266,2021.381,39,490,,,170,361,,
NODE_0004509,164,1794,2021.381,39,490,,,170,394,,
NODE_0004509,164,1487,2021.381,39,925,,,170,354,,
NODE_0004509,164,2192,2021.381,39,1725,,,170,421,,
NODE_0004509,164,2193,2021.381,39,2214,,,170,420,,
NODE_0004509,164,2882,2021.381,39,2214,,,170,355,,
NODE_0004509,164,2038,2021.381,39,2214,,,170,315,,
NODE_0004509,164,1691,2021.381,39,2214,,,170,324,,
NODE_0004509,164,3596,2021.381,39,2214,,,170,392,,
NODE_0004509,164,2248,2021.381,39,387,,,170,422,,
NODE_0004509,164,2266,2021.381,39,490,,,170,361,,
NODE_0004509,164,1794,2021.381,39,490,,,170,394,,
NODE_0004509,164,1487,2021.381,39,925,,,170,354,,
NODE_0004509,164,2192,2021.381,39,1725,,,170,421,,
NODE_0004509,164,2193,2021.381,39,2214,,,170,420,,
NODE_0004509,164,2882,2021.381,39,2214,,,170,355,,
NODE_0004509,164,2038,2021.381,39,2214,,,170,315,,
NODE_0004509,164,1691,2021.381,39,2214,,,170,324,,
NODE_0004509,164,3596,2021.381,39,2214,,,170,392,,
NODE_0004509,164,2248,2021.381,53,387,,,170,422,,
NODE_0004509,164,2266,2021.381,53,490,,,170,361,,
NODE_0004509,164,1794,2021.381,53,490,,,170,394,,
NODE_0004509,164,1487,2021.381,53,925,,,170,354,,
NODE_0004509,164,2192,2021.381,53,1725,,,170,421,,
NODE_0004509,164,2193,2021.381,53,2214,,,170,420,,
NODE_0004509,164,2882,2021.381,53,2214,,,170,355,,
NODE_0004509,164,2038,2021.381,53,2214,,,170,315,,
NODE_0004509,164,1691,2021.381,53,2214,,,170,324,,
NODE_0004509,164,3596,2021.381,53,2214,,,170,392,,
NODE_0004509,164,2248,2021.381,53,387,,,170,422,,
NODE_0004509,164,2266,2021.381,53,490,,,170,361,,
NODE_0004509,164,1794,2021.381,53,490,,,170,394,,
NODE_0004509,164,1487,2021.381,53,925,,,170,354,,
NODE_0004509,164,2192,2021.381,53,1725,,,170,421,,
NODE_0004509,164,2193,2021.381,53,2214,,,170,420,,
NODE_0004509,164,2882,2021.381,53,2214,,,170,355,,
NODE_0004509,164,2038,2021.381,53,2214,,,170,315,,
NODE_0004509,164,1691,2021.381,53,2214,,,170,324,,
NODE_0004509,164,3596,2021.381,53,2214,,,170,392,,
NODE_0004509,164,2248,2021.381,55,387,,,170,422,,
NODE_0004509,164,2266,2021.381,55,490,,,170,361,,
NODE_0004509,164,1794,2021.381,55,490,,,170,394,,
NODE_0004509,164,1487,2021.381,55,925,,,170,354,,
NODE_0004509,164,2192,2021.381,55,1725,,,170,421,,
NODE_0004509,164,2193,2021.381,55,2214,,,170,420,,
NODE_0004509,164,2882,2021.381,55,2214,,,170,355,,
NODE_0004509,164,2038,2021.381,55,2214,,,170,315,,
NODE_0004509,164,1691,2021.381,55,2214,,,170,324,,
NODE_0004509,164,3596,2021.381,55,2214,,,170,392,,
NODE_0004509,164,2248,2021.381,59,387,,,170,422,,
NODE_0004509,164,2266,2021.381,59,490,,,170,361,,
NODE_0004509,164,1794,2021.381,59,490,,,170,394,,
NODE_0004509,164,1487,2021.381,59,925,,,170,354,,
NODE_0004509,164,2192,2021.381,59,1725,,,170,421,,
NODE_0004509,164,2193,2021.381,59,2214,,,170,420,,
NODE_0004509,164,2882,2021.381,59,2214,,,170,355,,
NODE_0004509,164,2038,2021.381,59,2214,,,170,315,,
NODE_0004509,164,1691,2021.381,59,2214,,,170,324,,
NODE_0004509,164,3596,2021.381,59,2214,,,170,392,,
NODE_0004509,164,2248,2021.381,69,387,,,170,422,,
NODE_0004509,164,2266,2021.381,69,490,,,170,361,,
NODE_0004509,164,1794,2021.381,69,490,,,170,394,,
NODE_0004509,164,1487,2021.381,69,925,,,170,354,,
NODE_0004509,164,2192,2021.381,69,1725,,,170,421,,
NODE_0004509,164,2193,2021.381,69,2214,,,170,420,,
NODE_0004509,164,2882,2021.381,69,2214,,,170,355,,
NODE_0004509,164,2038,2021.381,69,2214,,,170,315,,
NODE_0004509,164,1691,2021.381,69,2214,,,170,324,,
NODE_0004509,164,3596,2021.381,69,2214,,,170,392,,
NODE_0004509,164,2248,2021.381,74,387,,,170,422,,
NODE_0004509,164,2266,2021.381,74,490,,,170,361,,
NODE_0004509,164,1794,2021.381,74,490,,,170,394,,
NODE_0004509,164,1487,2021.381,74,925,,,170,354,,
NODE_0004509,164,2192,2021.381,74,1725,,,170,421,,
NODE_0004509,164,2193,2021.381,74,2214,,,170,420,,
NODE_0004509,164,2882,2021.381,74,2214,,,170,355,,
NODE_0004509,164,2038,2021.381,74,2214,,,170,315,,
NODE_0004509,164,1691,2021.381,74,2214,,,170,324,,
NODE_0004509,164,3596,2021.381,74,2214,,,170,392,,
NODE_0004509,164,2248,2021.381,86,387,,,170,422,,
NODE_0004509,164,2266,2021.381,86,490,,,170,361,,
NODE_0004509,164,1794,2021.381,86,490,,,170,394,,
NODE_0004509,164,1487,2021.381,86,925,,,170,354,,
NODE_0004509,164,2192,2021.381,86,1725,,,170,421,,
NODE_0004509,164,2193,2021.381,86,2214,,,170,420,,
NODE_0004509,164,2882,2021.381,86,2214,,,170,355,,
NODE_0004509,164,2038,2021.381,86,2214,,,170,315,,
NODE_0004509,164,1691,2021.381,86,2214,,,170,324,,
NODE_0004509,164,3596,2021.381,86,2214,,,170,392,,
NODE_0004509,164,2248,2021.381,102,387,,,170,422,,
NODE_0004509,164,2266,2021.381,102,490,,,170,361,,
NODE_0004509,164,1794,2021.381,102,490,,,170,394,,
NODE_0004509,164,1487,2021.381,102,925,,,170,354,,
NODE_0004509,164,2192,2021.381,102,1725,,,170,421,,
NODE_0004509,164,2193,2021.381,102,2214,,,170,420,,
NODE_0004509,164,2882,2021.381,102,2214,,,170,355,,
NODE_0004509,164,2038,2021.381,102,2214,,,170,315,,
NODE_0004509,164,1691,2021.381,102,2214,,,170,324,,
NODE_0004509,164,3596,2021.381,102,2214,,,170,392,,
NODE_0004509,164,2248,2021.381,106,387,,,170,422,,
NODE_0004509,164,2266,2021.381,106,490,,,170,361,,
NODE_0004509,164,1794,2021.381,106,490,,,170,394,,
NODE_0004509,164,1487,2021.381,106,925,,,170,354,,
NODE_0004509,164,2192,2021.381,106,1725,,,170,421,,
NODE_0004509,164,2193,2021.381,106,2214,,,170,420,,
NODE_0004509,164,2882,2021.381,106,2214,,,170,355,,
NODE_0004509,164,2038,2021.381,106,2214,,,170,315,,
NODE_0004509,164,1691,2021.381,106,2214,,,170,324,,
NODE_0004509,164,3596,2021.381,106,2214,,,170,392,,
NODE_0004509,164,2248,2021.381,130,387,,,170,422,,
NODE_0004509,164,2266,2021.381,130,490,,,170,361,,
NODE_0004509,164,1794,2021.381,130,490,,,170,394,,
NODE_0004509,164,1487,2021.381,130,925,,,170,354,,
NODE_0004509,164,2192,2021.381,130,1725,,,170,421,,
NODE_0004509,164,2193,2021.381,130,2214,,,170,420,,
NODE_0004509,164,2882,2021.381,130,2214,,,170,355,,
NODE_0004509,164,2038,2021.381,130,2214,,,170,315,,
NODE_0004509,164,1691,2021.381,130,2214,,,170,324,,
NODE_0004509,164,3596,2021.381,130,2214,,,170,392,,
NODE_0004509,164,2248,2021.381,131,387,,,170,422,,
NODE_0004509,164,2266,2021.381,131,490,,,170,361,,
NODE_0004509,164,1794,2021.381,131,490,,,170,394,,
NODE_0004509,164,1487,2021.381,131,925,,,170,354,,
NODE_0004509,164,2192,2021.381,131,1725,,,170,421,,
NODE_0004509,164,2193,2021.381,131,2214,,,170,420,,
NODE_0004509,164,2882,2021.381,131,2214,,,170,355,,
NODE_0004509,164,2038,2021.381,131,2214,,,170,315,,
NODE_0004509,164,1691,2021.381,131,2214,,,170,324,,
NODE_0004509,164,3596,2021.381,131,2214,,,170,392,,
NODE_0004509,164,2248,2021.381,148,387,,,170,422,,
NODE_0004509,164,2266,2021.381,148,490,,,170,361,,
NODE_0004509,164,1794,2021.381,148,490,,,170,394,,
NODE_0004509,164,1487,2021.381,148,925,,,170,354,,
NODE_0004509,164,2192,2021.381,148,1725,,,170,421,,
NODE_0004509,164,2193,2021.381,148,2214,,,170,420,,
NODE_0004509,164,2882,2021.381,148,2214,,,170,355,,
NODE_0004509,164,2038,2021.381,148,2214,,,170,315,,
NODE_0004509,164,1691,2021.381,148,2214,,,170,324,,
NODE_0004509,164,3596,2021.381,148,2214,,,170,392,,
NODE_0004509,164,2248,2021.381,154,387,,,170,422,,
NODE_0004509,164,2266,2021.381,154,490,,,170,361,,
NODE_0004509,164,1794,2021.381,154,490,,,170,394,,
NODE_0004509,164,1487,2021.381,154,925,,,170,354,,
NODE_0004509,164,2192,2021.381,154,1725,,,170,421,,
NODE_0004509,164,2193,2021.381,154,2214,,,170,420,,
NODE_0004509,164,2882,2021.381,154,2214,,,170,355,,
NODE_0004509,164,2038,2021.381,154,2214,,,170,315,,
NODE_0004509,164,1691,2021.381,154,2214,,,170,324,,
NODE_0004509,164,3596,2021.381,154,2214,,,170,392,,
NODE_0004509,164,2248,2021.381,166,387,,,170,422,,
NODE_0004509,164,2266,2021.381,166,490,,,170,361,,
NODE_0004509,164,1794,2021.381,166,490,,,170,394,,
NODE_0004509,164,1487,2021.381,166,925,,,170,354,,
NODE_0004509,164,2192,2021.381,166,1725,,,170,421,,
NODE_0004509,164,2193,2021.381,166,2214,,,170,420,,
NODE_0004509,164,2882,2021.381,166,2214,,,170,355,,
NODE_0004509,164,2038,2021.381,166,2214,,,170,315,,
NODE_0004509,164,1691,2021.381,166,2214,,,170,324,,
NODE_0004509,164,3596,2021.381,166,2214,,,170,392,,
NODE_0004509,164,2248,2021.381,169,387,,,170,422,,
NODE_0004509,164,2266,2021.381,169,490,,,170,361,,
NODE_0004509,164,1794,2021.381,169,490,,,170,394,,
NODE_0004509,164,1487,2021.381,169,925,,,170,354,,
NODE_0004509,164,2192,2021.381,169,1725,,,170,421,,
NODE_0004509,164,2193,2021.381,169,2214,,,170,420,,
NODE_0004509,164,2882,2021.381,169,2214,,,170,355,,
NODE_0004509,164,2038,2021.381,169,2214,,,170,315,,
NODE_0004509,164,1691,2021.381,169,2214,,,170,324,,
NODE_0004509,164,3596,2021.381,169,2214,,,170,392,,
NODE_0004509,164,2248,2021.381,230,387,,,170,422,,
NODE_0004509,164,2266,2021.381,230,490,,,170,361,,
NODE_0004509,164,1794,2021.381,230,490,,,170,394,,
NODE_0004509,164,1487,2021.381,230,925,,,170,354,,
NODE_0004509,164,2192,2021.381,230,1725,,,170,421,,
NODE_0004509,164,2193,2021.381,230,2214,,,170,420,,
NODE_0004509,164,2882,2021.381,230,2214,,,170,355,,
NODE_0004509,164,2038,2021.381,230,2214,,,170,315,,
NODE_0004509,164,1691,2021.381,230,2214,,,170,324,,
NODE_0004509,164,3596,2021.381,230,2214,,,170,392,,
NODE_0004509,164,2248,2021.381,266,387,,,170,422,,
NODE_0004509,164,2266,2021.381,266,490,,,170,361,,
NODE_0004509,164,1794,2021.381,266,490,,,170,394,,
NODE_0004509,164,1487,2021.381,266,925,,,170,354,,
NODE_0004509,164,2192,2021.381,266,1725,,,170,421,,
NODE_0004509,164,2193,2021.381,266,2214,,,170,420,,
NODE_0004509,164,2882,2021.381,266,2214,,,170,355,,
NODE_0004509,164,2038,2021.381,266,2214,,,170,315,,
NODE_0004509,164,1691,2021.381,266,2214,,,170,324,,
NODE_0004509,164,3596,2021.381,266,2214,,,170,392,,
NODE_0004509,164,2248,2021.381,447,387,,,170,422,,
NODE_0004509,2248,2266,2021.381,387,490,,,422,361,,
NODE_0004509,1794,2248,2021.381,490,387,,,394,422,,
NODE_0004509,164,2248,2021.381,490,387,,,170,422,,
NODE_0004509,164,2266,2021.381,387,490,,,170,361,,
NODE_0004509,164,1794,2021.381,387,490,,,170,394,,
NODE_0004509,164,2248,2021.381,690,387,,,170,422,,
NODE_0004509,164,2248,2021.381,837,387,,,170,422,,
NODE_0004509,164,2248,2021.381,925,387,,,170,422,,
NODE_0004509,1487,2248,2021.381,925,387,,,354,422,,
NODE_0004509,164,1487,2021.381,387,925,,,170,354,,
NODE_0004509,2192,2248,2021.381,1725,387,,,421,422,,
NODE_0004509,164,2248,2021.381,1725,387,,,170,422,,
NODE_0004509,164,2192,2021.381,387,1725,,,170,421,,
NODE_0004509,2193,2248,2021.381,2214,387,,,420,422,,
NODE_0004509,2248,2882,2021.381,387,2214,,,422,355,,
NODE_0004509,164,2248,2021.381,2214,387,,,170,422,,
NODE_0004509,2038,2248,2021.381,2214,387,,,315,422,,
NODE_0004509,1691,2248,2021.381,2214,387,,,324,422,,
NODE_0004509,2248,3596,2021.381,387,2214,,,422,392,,
NODE_0004509,164,2193,2021.381,387,2214,,,170,420,,
NODE_0004509,164,2882,2021.381,387,2214,,,170,355,,
NODE_0004509,164,2038,2021.381,387,2214,,,170,315,,
NODE_0004509,164,1691,2021.381,387,2214,,,170,324,,
NODE_0004509,164,3596,2021.381,387,2214,,,170,392,,
NODE_0004509,164,2266,2021.381,447,490,,,170,361,,
NODE_0004509,164,1794,2021.381,447,490,,,170,394,,
NODE_0004509,164,1487,2021.381,447,925,,,170,354,,
NODE_0004509,164,2192,2021.381,447,1725,,,170,421,,
NODE_0004509,164,2193,2021.381,447,2214,,,170,420,,
NODE_0004509,164,2882,2021.381,447,2214,,,170,355,,
NODE_0004509,164,2038,2021.381,447,2214,,,170,315,,
NODE_0004509,164,1691,2021.381,447,2214,,,170,324,,
NODE_0004509,164,3596,2021.381,447,2214,,,170,392,,
NODE_0004509,164,2266,2021.381,690,490,,,170,361,,
NODE_0004509,164,1794,2021.381,690,490,,,170,394,,
NODE_0004509,164,2266,2021.381,837,490,,,170,361,,
NODE_0004509,164,1794,2021.381,837,490,,,170,394,,
NODE_0004509,164,2266,2021.381,925,490,,,170,361,,
NODE_0004509,1487,2266,2021.381,925,490,,,354,361,,
NODE_0004509,164,1794,2021.381,925,490,,,170,394,,
NODE_0004509,1487,1794,2021.381,925,490,,,354,394,,
NODE_0004509,164,1487,2021.381,490,925,,,170,354,,
NODE_0004509,2192,2266,2021.381,1725,490,,,421,361,,
NODE_0004509,164,2266,2021.381,1725,490,,,170,361,,
NODE_0004509,1794,2192,2021.381,490,1725,,,394,421,,
NODE_0004509,164,1794,2021.381,1725,490,,,170,394,,
NODE_0004509,164,2192,2021.381,490,1725,,,170,421,,
NODE_0004509,2193,2266,2021.381,2214,490,,,420,361,,
NODE_0004509,2266,2882,2021.381,490,2214,,,361,355,,
NODE_0004509,164,2266,2021.381,2214,490,,,170,361,,
NODE_0004509,2038,2266,2021.381,2214,490,,,315,361,,
NODE_0004509,1691,2266,2021.381,2214,490,,,324,361,,
NODE_0004509,2266,3596,2021.381,490,2214,,,361,392,,
NODE_0004509,1794,2193,2021.381,490,2214,,,394,420,,
NODE_0004509,1794,2882,2021.381,490,2214,,,394,355,,
NODE_0004509,164,1794,2021.381,2214,490,,,170,394,,
NODE_0004509,1794,2038,2021.381,490,2214,,,394,315,,
NODE_0004509,1691,1794,2021.381,2214,490,,,324,394,,
NODE_0004509,1794,3596,2021.381,490,2214,,,394,392,,
NODE_0004509,164,2193,2021.381,490,2214,,,170,420,,
NODE_0004509,164,2882,2021.381,490,2214,,,170,355,,
NODE_0004509,164,2038,2021.381,490,2214,,,170,315,,
NODE_0004509,164,1691,2021.381,490,2214,,,170,324,,
NODE_0004509,164,3596,2021.381,490,2214,,,170,392,,
NODE_0004509,164,1487,2021.381,690,925,,,170,354,,
NODE_0004509,164,2192,2021.381,690,1725,,,170,421,,
NODE_0004509,164,2193,2021.381,690,2214,,,170,420,,
NODE_0004509,164,2882,2021.381,690,2214,,,170,355,,
NODE_0004509,164,2038,2021.381,690,2214,,,170,315,,
NODE_0004509,164,1691,2021.381,690,2214,,,170,324,,
NODE_0004509,164,3596,2021.381,690,2214,,,170,392,,
NODE_0004509,164,1487,2021.381,837,925,,,170,354,,
NODE_0004509,164,2192,2021.381,837,1725,,,170,421,,
NODE_0004509,164,2193,2021.381,837,2214,,,170,420,,
NODE_0004509,164,2882,2021.381,837,2214,,,170,355,,
NODE_0004509,164,2038,2021.381,837,2214,,,170,315,,
NODE_0004509,164,1691,2021.381,837,2214,,,170,324,,
NODE_0004509,164,3596,2021.381,837,2214,,,170,392,,
NODE_0004509,164,2192,2021.381,925,1725,,,170,421,,
NODE_0004509,1487,2192,2021.381,925,1725,,,354,421,,
NODE_0004509,164,1487,2021.381,1725,925,,,170,354,,
NODE_0004509,164,2193,2021.381,925,2214,,,170,420,,
NODE_0004509,164,2882,2021.381,925,2214,,,170,355,,
NODE_0004509,164,2038,2021.381,925,2214,,,170,315,,
NODE_0004509,164,1691,2021.381,925,2214,,,170,324,,
NODE_0004509,164,3596,2021.381,925,2214,,,170,392,,
NODE_0004509,1487,2193,2021.381,925,2214,,,354,420,,
NODE_0004509,1487,2882,2021.381,925,2214,,,354,355,,
NODE_0004509,164,1487,2021.381,2214,925,,,170,354,,
NODE_0004509,1487,2038,2021.381,925,2214,,,354,315,,
NODE_0004509,1487,1691,2021.381,925,2214,,,354,324,,
NODE_0004509,1487,3596,2021.381,925,2214,,,354,392,,
NODE_0004509,2192,2193,2021.381,1725,2214,,,421,420,,
NODE_0004509,2192,2882,2021.381,1725,2214,,,421,355,,
NODE_0004509,164,2192,2021.381,2214,1725,,,170,421,,
NODE_0004509,2038,2192,2021.381,2214,1725,,,315,421,,
NODE_0004509,1691,2192,2021.381,2214,1725,,,324,421,,
NODE_0004509,2192,3596,2021.381,1725,2214,,,421,392,,
NODE_0004509,164,2193,2021.381,1725,2214,,,170,420,,
NODE_0004509,164,2882,2021.381,1725,2214,,,170,355,,
NODE_0004509,164,2038,2021.381,1725,2214,,,170,315,,
NODE_0004509,164,1691,2021.381,1725,2214,,,170,324,,
NODE_0004509,164,3596,2021.381,1725,2214,,,170,392,,
NODE_0004508,164,1794,2021.374,1,10284,209.0,,170,394,0.0,
NODE_0004508,164,2882,2021.374,1,10284,209.0,,170,355,0.0,
NODE_0004508,164,2248,2021.374,1,10284,209.0,,170,422,0.0,
NODE_0004508,164,3596,2021.374,1,10284,209.0,,170,392,0.0,
NODE_0004508,164,1487,2021.374,1,10284,209.0,,170,354,0.0,
NODE_0004508,164,2192,2021.374,1,10284,209.0,,170,421,0.0,
NODE_0004508,164,2193,2021.374,1,10284,209.0,,170,420,0.0,
NODE_0004508,164,2038,2021.374,1,10284,209.0,,170,315,0.0,
NODE_0004508,164,2266,2021.374,1,10284,209.0,,170,361,0.0,
NODE_0004508,164,1691,2021.374,1,10284,209.0,,170,324,0.0,
NODE_0004916,512,1794,2021.321,51,10285,,,289,394,,
NODE_0004916,512,2882,2021.321,51,10285,,,289,355,,
NODE_0004916,164,512,2021.321,10285,51,,,170,289,,
NODE_0004916,512,2248,2021.321,51,10285,,,289,422,,
NODE_0004916,512,3596,2021.321,51,10285,,,289,392,,
NODE_0004916,512,1487,2021.321,51,10285,,,289,354,,
NODE_0004916,512,2192,2021.321,51,10285,,,289,421,,
NODE_0004916,512,2193,2021.321,51,10285,,,289,420,,
NODE_0004916,512,2038,2021.321,51,10285,,,289,315,,
NODE_0004916,512,2266,2021.321,51,10285,,,289,361,,
NODE_0004916,512,1691,2021.321,51,10285,,,289,324,,
NODE_0004916,1669,1794,2021.321,51,10285,,,313,394,,
NODE_0004916,1669,2882,2021.321,51,10285,,,313,355,,
NODE_0004916,164,1669,2021.321,10285,51,,,170,313,,
NODE_0004916,1669,2248,2021.321,51,10285,,,313,422,,
NODE_0004916,1669,3596,2021.321,51,10285,,,313,392,,
NODE_0004916,1487,1669,2021.321,10285,51,,,354,313,,
NODE_0004916,1669,2192,2021.321,51,10285,,,313,421,,
NODE_0004916,1669,2193,2021.321,51,10285,,,313,420,,
NODE_0004916,1669,2038,2021.321,51,10285,,,313,315,,
NODE_0004916,1669,2266,2021.321,51,10285,,,313,361,,
NODE_0004916,1669,1691,2021.321,51,10285,,,313,324,,
NODE_0004916,694,1794,2021.321,51,10285,,,385,394,,
NODE_0004916,694,2882,2021.321,51,10285,,,385,355,,
NODE_0004916,164,694,2021.321,10285,51,,,170,385,,
NODE_0004916,694,2248,2021.321,51,10285,,,385,422,,
NODE_0004916,694,3596,2021.321,51,10285,,,385,392,,
NODE_0004916,694,1487,2021.321,51,10285,,,385,354,,
NODE_0004916,694,2192,2021.321,51,10285,,,385,421,,
NODE_0004916,694,2193,2021.321,51,10285,,,385,420,,
NODE_0004916,694,2038,2021.321,51,10285,,,385,315,,
NODE_0004916,694,2266,2021.321,51,10285,,,385,361,,
NODE_0004916,694,1691,2021.321,51,10285,,,385,324,,
NODE_0004916,1014,1794,2021.321,51,10285,,,277,394,,
NODE_0004916,1014,2882,2021.321,51,10285,,,277,355,,
NODE_0004916,164,1014,2021.321,10285,51,,,170,277,,
NODE_0004916,1014,2248,2021.321,51,10285,,,277,422,,
NODE_0004916,1014,3596,2021.321,51,10285,,,277,392,,
NODE_0004916,1014,1487,2021.321,51,10285,,,277,354,,
NODE_0004916,1014,2192,2021.321,51,10285,,,277,421,,
NODE_0004916,1014,2193,2021.321,51,10285,,,277,420,,
NODE_0004916,1014,2038,2021.321,51,10285,,,277,315,,
NODE_0004916,1014,2266,2021.321,51,10285,,,277,361,,
NODE_0004916,1014,1691,2021.321,51,10285,,,277,324,,
NODE_0004916,1794,2838,2021.321,10285,51,,,394,360,,
NODE_0004916,2838,2882,2021.321,51,10285,,,360,355,,
NODE_0004916,164,2838,2021.321,10285,51,,,170,360,,
NODE_0004916,2248,2838,2021.321,10285,51,,,422,360,,
NODE_0004916,2838,3596,2021.321,51,10285,,,360,392,,
NODE_0004916,1487,2838,2021.321,10285,51,,,354,360,,
NODE_0004916,2192,2838,2021.321,10285,51,,,421,360,,
NODE_0004916,2193,2838,2021.321,10285,51,,,420,360,,
NODE_0004916,2038,2838,2021.321,10285,51,,,315,360,,
NODE_0004916,2266,2838,2021.321,10285,51,,,361,360,,
NODE_0004916,1691,2838,2021.321,10285,51,,,324,360,,
NODE_0004916,601,1794,2021.321,51,10285,,,269,394,,
NODE_0004916,601,2882,2021.321,51,10285,,,269,355,,
NODE_0004916,164,601,2021.321,10285,51,,,170,269,,
NODE_0004916,601,2248,2021.321,51,10285,,,269,422,,
NODE_0004916,601,3596,2021.321,51,10285,,,269,392,,
NODE_0004916,601,1487,2021.321,51,10285,,,269,354,,
NODE_0004916,601,2192,2021.321,51,10285,,,269,421,,
NODE_0004916,601,2193,2021.321,51,10285,,,269,420,,
NODE_0004916,601,2038,2021.321,51,10285,,,269,315,,
NODE_0004916,601,2266,2021.321,51,10285,,,269,361,,
NODE_0004916,601,1691,2021.321,51,10285,,,269,324,,
NODE_0004916,847,1794,2021.321,51,10285,,,287,394,,
NODE_0004916,847,2882,2021.321,51,10285,,,287,355,,
NODE_0004916,164,847,2021.321,10285,51,,,170,287,,
NODE_0004916,847,2248,2021.321,51,10285,,,287,422,,
NODE_0004916,847,3596,2021.321,51,10285,,,287,392,,
NODE_0004916,847,1487,2021.321,51,10285,,,287,354,,
NODE_0004916,847,2192,2021.321,51,10285,,,287,421,,
NODE_0004916,847,2193,2021.321,51,10285,,,287,420,,
NODE_0004916,847,2038,2021.321,51,10285,,,287,315,,
NODE_0004916,847,2266,2021.321,51,10285,,,287,361,,
NODE_0004916,847,1691,2021.321,51,10285,,,287,324,,
NODE_0004455,512,1192,2021.301,10336,2,,360.0,289,360,,1.0
NODE_0004455,1192,1794,2021.301,2,10336,360.0,,360,394,1.0,
NODE_0004455,1192,2882,2021.301,2,10336,360.0,,360,355,1.0,
NODE_0004455,1192,1669,2021.301,2,10336,360.0,,360,313,1.0,
NODE_0004455,1192,2248,2021.301,2,10336,360.0,,360,422,1.0,
NODE_0004455,1192,3596,2021.301,2,10336,360.0,,360,392,1.0,
NODE_0004455,847,1192,2021.301,10336,2,,360.0,287,360,,1.0
NODE_0004455,1192,1487,2021.301,2,10336,360.0,,360,354,1.0,
NODE_0004455,1192,2192,2021.301,2,10336,360.0,,360,421,1.0,
NODE_0004455,1192,2193,2021.301,2,10336,360.0,,360,420,1.0,
NODE_0004455,1192,2838,2021.301,2,10336,360.0,,360,360,1.0,
NODE_0004455,601,1192,2021.301,10336,2,,360.0,269,360,,1.0
NODE_0004455,1192,2266,2021.301,2,10336,360.0,,360,361,1.0,
NODE_0004455,1192,1691,2021.301,2,10336,360.0,,360,324,1.0,
NODE_0004455,164,1192,2021.301,10336,2,,360.0,170,360,,1.0
NODE_0004455,694,1192,2021.301,10336,2,,360.0,385,360,,1.0
NODE_0004455,1014,1192,2021.301,10336,2,,360.0,277,360,,1.0
NODE_0004455,1192,2038,2021.301,2,10336,360.0,,360,315,1.0,
NODE_0004455,503,512,2021.301,2,10336,268.0,,268,289,1.0,
NODE_0004455,503,1794,2021.301,2,10336,268.0,,268,394,1.0,
NODE_0004455,503,2882,2021.301,2,10336,268.0,,268,355,1.0,
NODE_0004455,503,1669,2021.301,2,10336,268.0,,268,313,1.0,
NODE_0004455,503,2248,2021.301,2,10336,268.0,,268,422,1.0,
NODE_0004455,503,3596,2021.301,2,10336,268.0,,268,392,1.0,
NODE_0004455,503,847,2021.301,2,10336,268.0,,268,287,1.0,
NODE_0004455,503,1487,2021.301,2,10336,268.0,,268,354,1.0,
NODE_0004455,503,2192,2021.301,2,10336,268.0,,268,421,1.0,
NODE_0004455,503,2193,2021.301,2,10336,268.0,,268,420,1.0,
NODE_0004455,503,2838,2021.301,2,10336,268.0,,268,360,1.0,
NODE_0004455,503,601,2021.301,2,10336,268.0,,268,269,1.0,
NODE_0004455,503,2266,2021.301,2,10336,268.0,,268,361,1.0,
NODE_0004455,503,1691,2021.301,2,10336,268.0,,268,324,1.0,
NODE_0004455,164,503,2021.301,10336,2,,268.0,170,268,,1.0
NODE_0004455,503,694,2021.301,2,10336,268.0,,268,385,1.0,
NODE_0004455,503,1014,2021.301,2,10336,268.0,,268,277,1.0,
NODE_0004455,503,2038,2021.301,2,10336,268.0,,268,315,1.0,
NODE_0005407,512,769,2021.274,10338,94,,,289,310,,
NODE_0005407,769,1794,2021.274,94,10338,,,310,394,,
NODE_0005407,769,2882,2021.274,94,10338,,,310,355,,
NODE_0005407,769,1669,2021.274,94,10338,,,310,313,,
NODE_0005407,769,2248,2021.274,94,10338,,,310,422,,
NODE_0005407,769,3596,2021.274,94,10338,,,310,392,,
NODE_0005407,769,847,2021.274,94,10338,,,310,287,,
NODE_0005407,769,1487,2021.274,94,10338,,,310,354,,
NODE_0005407,769,2192,2021.274,94,10338,,,310,421,,
NODE_0005407,769,2193,2021.274,94,10338,,,310,420,,
NODE_0005407,769,2838,2021.274,94,10338,,,310,360,,
NODE_0005407,601,769,2021.274,10338,94,,,269,310,,
NODE_0005407,769,2266,2021.274,94,10338,,,310,361,,
NODE_0005407,769,1691,2021.274,94,10338,,,310,324,,
NODE_0005407,164,769,2021.274,10338,94,,,170,310,,
NODE_0005407,769,1192,2021.274,94,10338,,,310,360,,
NODE_0005407,694,769,2021.274,10338,94,,,385,310,,
NODE_0005407,503,769,2021.274,10338,94,,,268,310,,
NODE_0005407,769,1014,2021.274,94,10338,,,310,277,,
NODE_0005407,769,2038,2021.274,94,10338,,,310,315,,
NODE_0005407,512,837,2021.274,10338,94,,,289,288,,
NODE_0005407,837,1794,2021.274,94,10338,,,288,394,,
NODE_0005407,837,2882,2021.274,94,10338,,,288,355,,
NODE_0005407,837,1669,2021.274,94,10338,,,288,313,,
NODE_0005407,837,2248,2021.274,94,10338,,,288,422,,
NODE_0005407,837,3596,2021.274,94,10338,,,288,392,,
NODE_0005407,837,847,2021.274,94,10338,,,288,287,,
NODE_0005407,837,1487,2021.274,94,10338,,,288,354,,
NODE_0005407,837,2192,2021.274,94,10338,,,288,421,,
NODE_0005407,837,2193,2021.274,94,10338,,,288,420,,
NODE_0005407,837,2838,2021.274,94,10338,,,288,360,,
NODE_0005407,601,837,2021.274,10338,94,,,269,288,,
NODE_0005407,837,2266,2021.274,94,10338,,,288,361,,
NODE_0005407,837,1691,2021.274,94,10338,,,288,324,,
NODE_0005407,164,837,2021.274,10338,94,,,170,288,,
NODE_0005407,837,1192,2021.274,94,10338,,,288,360,,
NODE_0005407,694,837,2021.274,10338,94,,,385,288,,
NODE_0005407,503,837,2021.274,10338,94,,,268,288,,
NODE_0005407,837,1014,2021.274,94,10338,,,288,277,,
NODE_0005407,837,2038,2021.274,94,10338,,,288,315,,
NODE_0005407,512,709,2021.274,10338,94,,,289,286,,
NODE_0005407,709,1794,2021.274,94,10338,,,286,394,,
NODE_0005407,709,2882,2021.274,94,10338,,,286,355,,
NODE_0005407,709,1669,2021.274,94,10338,,,286,313,,
NODE_0005407,709,2248,2021.274,94,10338,,,286,422,,
NODE_0005407,709,3596,2021.274,94,10338,,,286,392,,
NODE_0005407,709,847,2021.274,94,10338,,,286,287,,
NODE_0005407,709,1487,2021.274,94,10338,,,286,354,,
NODE_0005407,709,2192,2021.274,94,10338,,,286,421,,
NODE_0005407,709,2193,2021.274,94,10338,,,286,420,,
NODE_0005407,709,2838,2021.274,94,10338,,,286,360,,
NODE_0005407,601,709,2021.274,10338,94,,,269,286,,
NODE_0005407,709,2266,2021.274,94,10338,,,286,361,,
NODE_0005407,709,1691,2021.274,94,10338,,,286,324,,
NODE_0005407,164,709,2021.274,10338,94,,,170,286,,
NODE_0005407,709,1192,2021.274,94,10338,,,286,360,,
NODE_0005407,694,709,2021.274,10338,94,,,385,286,,
NODE_0005407,503,709,2021.274,10338,94,,,268,286,,
NODE_0005407,709,1014,2021.274,94,10338,,,286,277,,
NODE_0005407,709,2038,2021.274,94,10338,,,286,315,,
NODE_0005407,512,968,2021.274,10338,94,,,289,286,,
NODE_0005407,968,1794,2021.274,94,10338,,,286,394,,
NODE_0005407,968,2882,2021.274,94,10338,,,286,355,,
NODE_0005407,968,1669,2021.274,94,10338,,,286,313,,
NODE_0005407,968,2248,2021.274,94,10338,,,286,422,,
NODE_0005407,968,3596,2021.274,94,10338,,,286,392,,
NODE_0005407,847,968,2021.274,10338,94,,,287,286,,
NODE_0005407,968,1487,2021.274,94,10338,,,286,354,,
NODE_0005407,968,2192,2021.274,94,10338,,,286,421,,
NODE_0005407,968,2193,2021.274,94,10338,,,286,420,,
NODE_0005407,968,2838,2021.274,94,10338,,,286,360,,
NODE_0005407,601,968,2021.274,10338,94,,,269,286,,
NODE_0005407,968,2266,2021.274,94,10338,,,286,361,,
NODE_0005407,968,1691,2021.274,94,10338,,,286,324,,
NODE_0005407,164,968,2021.274,10338,94,,,170,286,,
NODE_0005407,968,1192,2021.274,94,10338,,,286,360,,
NODE_0005407,694,968,2021.274,10338,94,,,385,286,,
NODE_0005407,503,968,2021.274,10338,94,,,268,286,,
NODE_0005407,968,1014,2021.274,94,10338,,,286,277,,
NODE_0005407,968,2038,2021.274,94,10338,,,286,315,,
NODE_0005407,512,2569,2021.274,10338,94,,,289,343,,
NODE_0005407,1794,2569,2021.274,10338,94,,,394,343,,
NODE_0005407,2569,2882,2021.274,94,10338,,,343,355,,
NODE_0005407,1669,2569,2021.274,10338,94,,,313,343,,
NODE_0005407,2248,2569,2021.274,10338,94,,,422,343,,
NODE_0005407,2569,3596,2021.274,94,10338,,,343,392,,
NODE_0005407,847,2569,2021.274,10338,94,,,287,343,,
NODE_0005407,1487,2569,2021.274,10338,94,,,354,343,,
NODE_0005407,2192,2569,2021.274,10338,94,,,421,343,,
NODE_0005407,2193,2569,2021.274,10338,94,,,420,343,,
NODE_0005407,2569,2838,2021.274,94,10338,,,343,360,,
NODE_0005407,601,2569,2021.274,10338,94,,,269,343,,
NODE_0005407,2266,2569,2021.274,10338,94,,,361,343,,
NODE_0005407,1691,2569,2021.274,10338,94,,,324,343,,
NODE_0005407,164,2569,2021.274,10338,94,,,170,343,,
NODE_0005407,1192,2569,2021.274,10338,94,,,360,343,,
NODE_0005407,694,2569,2021.274,10338,94,,,385,343,,
NODE_0005407,503,2569,2021.274,10338,94,,,268,343,,
NODE_0005407,1014,2569,2021.274,10338,94,,,277,343,,
NODE_0005407,2038,2569,2021.274,10338,94,,,315,343,,
NODE_0005407,512,2699,2021.274,10338,94,,,289,363,,
NODE_0005407,1794,2699,2021.274,10338,94,,,394,363,,
NODE_0005407,2699,2882,2021.274,94,10338,,,363,355,,
NODE_0005407,1669,2699,2021.274,10338,94,,,313,363,,
NODE_0005407,2248,2699,2021.274,10338,94,,,422,363,,
NODE_0005407,2699,3596,2021.274,94,10338,,,363,392,,
NODE_0005407,847,2699,2021.274,10338,94,,,287,363,,
NODE_0005407,1487,2699,2021.274,10338,94,,,354,363,,
NODE_0005407,2192,2699,2021.274,10338,94,,,421,363,,
NODE_0005407,2193,2699,2021.274,10338,94,,,420,363,,
NODE_0005407,2699,2838,2021.274,94,10338,,,363,360,,
NODE_0005407,601,2699,2021.274,10338,94,,,269,363,,
NODE_0005407,2266,2699,2021.274,10338,94,,,361,363,,
NODE_0005407,1691,2699,2021.274,10338,94,,,324,363,,
NODE_0005407,164,2699,2021.274,10338,94,,,170,363,,
NODE_0005407,1192,2699,2021.274,10338,94,,,360,363,,
NODE_0005407,694,2699,2021.274,10338,94,,,385,363,,
NODE_0005407,503,2699,2021.274,10338,94,,,268,363,,
NODE_0005407,1014,2699,2021.274,10338,94,,,277,363,,
NODE_0005407,2038,2699,2021.274,10338,94,,,315,363,,
NODE_0005407,512,717,2021.274,10338,94,,,289,307,,
NODE_0005407,717,1794,2021.274,94,10338,,,307,394,,
NODE_0005407,717,2882,2021.274,94,10338,,,307,355,,
NODE_0005407,717,1669,2021.274,94,10338,,,307,313,,
NODE_0005407,717,2248,2021.274,94,10338,,,307,422,,
NODE_0005407,717,3596,2021.274,94,10338,,,307,392,,
NODE_0005407,717,847,2021.274,94,10338,,,307,287,,
NODE_0005407,717,1487,2021.274,94,10338,,,307,354,,
NODE_0005407,717,2192,2021.274,94,10338,,,307,421,,
NODE_0005407,717,2193,2021.274,94,10338,,,307,420,,
NODE_0005407,717,2838,2021.274,94,10338,,,307,360,,
NODE_0005407,601,717,2021.274,10338,94,,,269,307,,
NODE_0005407,717,2266,2021.274,94,10338,,,307,361,,
NODE_0005407,717,1691,2021.274,94,10338,,,307,324,,
NODE_0005407,164,717,2021.274,10338,94,,,170,307,,
NODE_0005407,717,1192,2021.274,94,10338,,,307,360,,
NODE_0005407,694,717,2021.274,10338,94,,,385,307,,
NODE_0005407,503,717,2021.274,10338,94,,,268,307,,
NODE_0005407,717,1014,2021.274,94,10338,,,307,277,,
NODE_0005407,717,2038,2021.274,94,10338,,,307,315,,
NODE_0005407,512,1616,2021.274,10338,94,,,289,306,,
NODE_0005407,1616,1794,2021.274,94,10338,,,306,394,,
NODE_0005407,1616,2882,2021.274,94,10338,,,306,355,,
NODE_0005407,1616,1669,2021.274,94,10338,,,306,313,,
NODE_0005407,1616,2248,2021.274,94,10338,,,306,422,,
NODE_0005407,1616,3596,2021.274,94,10338,,,306,392,,
NODE_0005407,847,1616,2021.274,10338,94,,,287,306,,
NODE_0005407,1487,1616,2021.274,10338,94,,,354,306,,
NODE_0005407,1616,2192,2021.274,94,10338,,,306,421,,
NODE_0005407,1616,2193,2021.274,94,10338,,,306,420,,
NODE_0005407,1616,2838,2021.274,94,10338,,,306,360,,
NODE_0005407,601,1616,2021.274,10338,94,,,269,306,,
NODE_0005407,1616,2266,2021.274,94,10338,,,306,361,,
NODE_0005407,1616,1691,2021.274,94,10338,,,306,324,,
NODE_0005407,164,1616,2021.274,10338,94,,,170,306,,
NODE_0005407,1192,1616,2021.274,10338,94,,,360,306,,
NODE_0005407,694,1616,2021.274,10338,94,,,385,306,,
NODE_0005407,503,1616,2021.274,10338,94,,,268,306,,
NODE_0005407,1014,1616,2021.274,10338,94,,,277,306,,
NODE_0005407,1616,2038,2021.274,94,10338,,,306,315,,
NODE_0005407,465,512,2021.274,94,10338,,,227,289,,
NODE_0005407,465,1794,2021.274,94,10338,,,227,394,,
NODE_0005407,465,2882,2021.274,94,10338,,,227,355,,
NODE_0005407,465,1669,2021.274,94,10338,,,227,313,,
NODE_0005407,465,2248,2021.274,94,10338,,,227,422,,
NODE_0005407,465,3596,2021.274,94,10338,,,227,392,,
NODE_0005407,465,847,2021.274,94,10338,,,227,287,,
NODE_0005407,465,1487,2021.274,94,10338,,,227,354,,
NODE_0005407,465,2192,2021.274,94,10338,,,227,421,,
NODE_0005407,465,2193,2021.274,94,10338,,,227,420,,
NODE_0005407,465,2838,2021.274,94,10338,,,227,360,,
NODE_0005407,465,601,2021.274,94,10338,,,227,269,,
NODE_0005407,465,2266,2021.274,94,10338,,,227,361,,
NODE_0005407,465,1691,2021.274,94,10338,,,227,324,,
NODE_0005407,164,465,2021.274,10338,94,,,170,227,,
NODE_0005407,465,1192,2021.274,94,10338,,,227,360,,
NODE_0005407,465,694,2021.274,94,10338,,,227,385,,
NODE_0005407,465,503,2021.274,94,10338,,,227,268,,
NODE_0005407,465,1014,2021.274,94,10338,,,227,277,,
NODE_0005407,465,2038,2021.274,94,10338,,,227,315,,
NODE_0005407,512,536,2021.274,10338,94,,,289,348,,
NODE_0005407,536,1794,2021.274,94,10338,,,348,394,,
NODE_0005407,536,2882,2021.274,94,10338,,,348,355,,
NODE_0005407,536,1669,2021.274,94,10338,,,348,313,,
NODE_0005407,536,2248,2021.274,94,10338,,,348,422,,
NODE_0005407,536,3596,2021.274,94,10338,,,348,392,,
NODE_0005407,536,847,2021.274,94,10338,,,348,287,,
NODE_0005407,536,1487,2021.274,94,10338,,,348,354,,
NODE_0005407,536,2192,2021.274,94,10338,,,348,421,,
NODE_0005407,536,2193,2021.274,94,10338,,,348,420,,
NODE_0005407,536,2838,2021.274,94,10338,,,348,360,,
NODE_0005407,536,601,2021.274,94,10338,,,348,269,,
NODE_0005407,536,2266,2021.274,94,10338,,,348,361,,
NODE_0005407,536,1691,2021.274,94,10338,,,348,324,,
NODE_0005407,164,536,2021.274,10338,94,,,170,348,,
NODE_0005407,536,1192,2021.274,94,10338,,,348,360,,
NODE_0005407,536,694,2021.274,94,10338,,,348,385,,
NODE_0005407,503,536,2021.274,10338,94,,,268,348,,
NODE_0005407,536,1014,2021.274,94,10338,,,348,277,,
NODE_0005407,536,2038,2021.274,94,10338,,,348,315,,
NODE_0005407,512,2040,2021.274,10338,94,,,289,347,,
NODE_0005407,1794,2040,2021.274,10338,94,,,394,347,,
NODE_0005407,2040,2882,2021.274,94,10338,,,347,355,,
NODE_0005407,1669,2040,2021.274,10338,94,,,313,347,,
NODE_0005407,2040,2248,2021.274,94,10338,,,347,422,,
NODE_0005407,2040,3596,2021.274,94,10338,,,347,392,,
NODE_0005407,847,2040,2021.274,10338,94,,,287,347,,
NODE_0005407,1487,2040,2021.274,10338,94,,,354,347,,
NODE_0005407,2040,2192,2021.274,94,10338,,,347,421,,
NODE_0005407,2040,2193,2021.274,94,10338,,,347,420,,
NODE_0005407,2040,2838,2021.274,94,10338,,,347,360,,
NODE_0005407,601,2040,2021.274,10338,94,,,269,347,,
NODE_0005407,2040,2266,2021.274,94,10338,,,347,361,,
NODE_0005407,1691,2040,2021.274,10338,94,,,324,347,,
NODE_0005407,164,2040,2021.274,10338,94,,,170,347,,
NODE_0005407,1192,2040,2021.274,10338,94,,,360,347,,
NODE_0005407,694,2040,2021.274,10338,94,,,385,347,,
NODE_0005407,503,2040,2021.274,10338,94,,,268,347,,
NODE_0005407,1014,2040,2021.274,10338,94,,,277,347,,
NODE_0005407,2038,2040,2021.274,10338,94,,,315,347,,
NODE_0005407,512,1882,2021.274,10338,94,,,289,304,,
NODE_0005407,1794,1882,2021.274,10338,94,,,394,304,,
NODE_0005407,1882,2882,2021.274,94,10338,,,304,355,,
NODE_0005407,1669,1882,2021.274,10338,94,,,313,304,,
NODE_0005407,1882,2248,2021.274,94,10338,,,304,422,,
NODE_0005407,1882,3596,2021.274,94,10338,,,304,392,,
NODE_0005407,847,1882,2021.274,10338,94,,,287,304,,
NODE_0005407,1487,1882,2021.274,10338,94,,,354,304,,
NODE_0005407,1882,2192,2021.274,94,10338,,,304,421,,
NODE_0005407,1882,2193,2021.274,94,10338,,,304,420,,
NODE_0005407,1882,2838,2021.274,94,10338,,,304,360,,
NODE_0005407,601,1882,2021.274,10338,94,,,269,304,,
NODE_0005407,1882,2266,2021.274,94,10338,,,304,361,,
NODE_0005407,1691,1882,2021.274,10338,94,,,324,304,,
NODE_0005407,164,1882,2021.274,10338,94,,,170,304,,
NODE_0005407,1192,1882,2021.274,10338,94,,,360,304,,
NODE_0005407,694,1882,2021.274,10338,94,,,385,304,,
NODE_0005407,503,1882,2021.274,10338,94,,,268,304,,
NODE_0005407,1014,1882,2021.274,10338,94,,,277,304,,
NODE_0005407,1882,2038,2021.274,94,10338,,,304,315,,
NODE_0005407,512,539,2021.274,10338,94,,,289,319,,
NODE_0005407,539,1794,2021.274,94,10338,,,319,394,,
NODE_0005407,539,2882,2021.274,94,10338,,,319,355,,
NODE_0005407,539,1669,2021.274,94,10338,,,319,313,,
NODE_0005407,539,2248,2021.274,94,10338,,,319,422,,
NODE_0005407,539,3596,2021.274,94,10338,,,319,392,,
NODE_0005407,539,847,2021.274,94,10338,,,319,287,,
NODE_0005407,539,1487,2021.274,94,10338,,,319,354,,
NODE_0005407,539,2192,2021.274,94,10338,,,319,421,,
NODE_0005407,539,2193,2021.274,94,10338,,,319,420,,
NODE_0005407,539,2838,2021.274,94,10338,,,319,360,,
NODE_0005407,539,601,2021.274,94,10338,,,319,269,,
NODE_0005407,539,2266,2021.274,94,10338,,,319,361,,
NODE_0005407,539,1691,2021.274,94,10338,,,319,324,,
NODE_0005407,164,539,2021.274,10338,94,,,170,319,,
NODE_0005407,539,1192,2021.274,94,10338,,,319,360,,
NODE_0005407,539,694,2021.274,94,10338,,,319,385,,
NODE_0005407,503,539,2021.274,10338,94,,,268,319,,
NODE_0005407,539,1014,2021.274,94,10338,,,319,277,,
NODE_0005407,539,2038,2021.274,94,10338,,,319,315,,
NODE_0005407,512,670,2021.274,10338,94,,,289,267,,
NODE_0005407,670,1794,2021.274,94,10338,,,267,394,,
NODE_0005407,670,2882,2021.274,94,10338,,,267,355,,
NODE_0005407,670,1669,2021.274,94,10338,,,267,313,,
NODE_0005407,670,2248,2021.274,94,10338,,,267,422,,
NODE_0005407,670,3596,2021.274,94,10338,,,267,392,,
NODE_0005407,670,847,2021.274,94,10338,,,267,287,,
NODE_0005407,670,1487,2021.274,94,10338,,,267,354,,
NODE_0005407,670,2192,2021.274,94,10338,,,267,421,,
NODE_0005407,670,2193,2021.274,94,10338,,,267,420,,
NODE_0005407,670,2838,2021.274,94,10338,,,267,360,,
NODE_0005407,601,670,2021.274,10338,94,,,269,267,,
NODE_0005407,670,2266,2021.274,94,10338,,,267,361,,
NODE_0005407,670,1691,2021.274,94,10338,,,267,324,,
NODE_0005407,164,670,2021.274,10338,94,,,170,267,,
NODE_0005407,670,1192,2021.274,94,10338,,,267,360,,
NODE_0005407,670,694,2021.274,94,10338,,,267,385,,
NODE_0005407,503,670,2021.274,10338,94,,,268,267,,
NODE_0005407,670,1014,2021.274,94,10338,,,267,277,,
NODE_0005407,670,2038,2021.274,94,10338,,,267,315,,
NODE_0005407,512,2015,2021.274,10338,94,,,289,359,,
NODE_0005407,1794,2015,2021.274,10338,94,,,394,359,,
NODE_0005407,2015,2882,2021.274,94,10338,,,359,355,,
NODE_0005407,1669,2015,2021.274,10338,94,,,313,359,,
NODE_0005407,2015,2248,2021.274,94,10338,,,359,422,,
NODE_0005407,2015,3596,2021.274,94,10338,,,359,392,,
NODE_0005407,847,2015,2021.274,10338,94,,,287,359,,
NODE_0005407,1487,2015,2021.274,10338,94,,,354,359,,
NODE_0005407,2015,2192,2021.274,94,10338,,,359,421,,
NODE_0005407,2015,2193,2021.274,94,10338,,,359,420,,
NODE_0005407,2015,2838,2021.274,94,10338,,,359,360,,
NODE_0005407,601,2015,2021.274,10338,94,,,269,359,,
NODE_0005407,2015,2266,2021.274,94,10338,,,359,361,,
NODE_0005407,1691,2015,2021.274,10338,94,,,324,359,,
NODE_0005407,164,2015,2021.274,10338,94,,,170,359,,
NODE_0005407,1192,2015,2021.274,10338,94,,,360,359,,
NODE_0005407,694,2015,2021.274,10338,94,,,385,359,,
NODE_0005407,503,2015,2021.274,10338,94,,,268,359,,
NODE_0005407,1014,2015,2021.274,10338,94,,,277,359,,
NODE_0005407,2015,2038,2021.274,94,10338,,,359,315,,
NODE_0005407,482,512,2021.274,94,10338,,,229,289,,
NODE_0005407,482,1794,2021.274,94,10338,,,229,394,,
NODE_0005407,482,2882,2021.274,94,10338,,,229,355,,
NODE_0005407,482,1669,2021.274,94,10338,,,229,313,,
NODE_0005407,482,2248,2021.274,94,10338,,,229,422,,
NODE_0005407,482,3596,2021.274,94,10338,,,229,392,,
NODE_0005407,482,847,2021.274,94,10338,,,229,287,,
NODE_0005407,482,1487,2021.274,94,10338,,,229,354,,
NODE_0005407,482,2192,2021.274,94,10338,,,229,421,,
NODE_0005407,482,2193,2021.274,94,10338,,,229,420,,
NODE_0005407,482,2838,2021.274,94,10338,,,229,360,,
NODE_0005407,482,601,2021.274,94,10338,,,229,269,,
NODE_0005407,482,2266,2021.274,94,10338,,,229,361,,
NODE_0005407,482,1691,2021.274,94,10338,,,229,324,,
NODE_0005407,164,482,2021.274,10338,94,,,170,229,,
NODE_0005407,482,1192,2021.274,94,10338,,,229,360,,
NODE_0005407,482,694,2021.274,94,10338,,,229,385,,
NODE_0005407,482,503,2021.274,94,10338,,,229,268,,
NODE_0005407,482,1014,2021.274,94,10338,,,229,277,,
NODE_0005407,482,2038,2021.274,94,10338,,,229,315,,
NODE_0005407,512,810,2021.274,10338,94,,,289,294,,
NODE_0005407,810,1794,2021.274,94,10338,,,294,394,,
NODE_0005407,810,2882,2021.274,94,10338,,,294,355,,
NODE_0005407,810,1669,2021.274,94,10338,,,294,313,,
NODE_0005407,810,2248,2021.274,94,10338,,,294,422,,
NODE_0005407,810,3596,2021.274,94,10338,,,294,392,,
NODE_0005407,810,847,2021.274,94,10338,,,294,287,,
NODE_0005407,810,1487,2021.274,94,10338,,,294,354,,
NODE_0005407,810,2192,2021.274,94,10338,,,294,421,,
NODE_0005407,810,2193,2021.274,94,10338,,,294,420,,
NODE_0005407,810,2838,2021.274,94,10338,,,294,360,,
NODE_0005407,601,810,2021.274,10338,94,,,269,294,,
NODE_0005407,810,2266,2021.274,94,10338,,,294,361,,
NODE_0005407,810,1691,2021.274,94,10338,,,294,324,,
NODE_0005407,164,810,2021.274,10338,94,,,170,294,,
NODE_0005407,810,1192,2021.274,94,10338,,,294,360,,
NODE_0005407,694,810,2021.274,10338,94,,,385,294,,
NODE_0005407,503,810,2021.274,10338,94,,,268,294,,
NODE_0005407,810,1014,2021.274,94,10338,,,294,277,,
NODE_0005407,810,2038,2021.274,94,10338,,,294,315,,
NODE_0005407,512,696,2021.274,10338,94,,,289,261,,
NODE_0005407,696,1794,2021.274,94,10338,,,261,394,,
NODE_0005407,696,2882,2021.274,94,10338,,,261,355,,
NODE_0005407,696,1669,2021.274,94,10338,,,261,313,,
NODE_0005407,696,2248,2021.274,94,10338,,,261,422,,
NODE_0005407,696,3596,2021.274,94,10338,,,261,392,,
NODE_0005407,696,847,2021.274,94,10338,,,261,287,,
NODE_0005407,696,1487,2021.274,94,10338,,,261,354,,
NODE_0005407,696,2192,2021.274,94,10338,,,261,421,,
NODE_0005407,696,2193,2021.274,94,10338,,,261,420,,
NODE_0005407,696,2838,2021.274,94,10338,,,261,360,,
NODE_0005407,601,696,2021.274,10338,94,,,269,261,,
NODE_0005407,696,2266,2021.274,94,10338,,,261,361,,
NODE_0005407,696,1691,2021.274,94,10338,,,261,324,,
NODE_0005407,164,696,2021.274,10338,94,,,170,261,,
NODE_0005407,696,1192,2021.274,94,10338,,,261,360,,
NODE_0005407,694,696,2021.274,10338,94,,,385,261,,
NODE_0005407,503,696,2021.274,10338,94,,,268,261,,
NODE_0005407,696,1014,2021.274,94,10338,,,261,277,,
NODE_0005407,696,2038,2021.274,94,10338,,,261,315,,
NODE_0005407,512,572,2021.274,10338,94,,,289,292,,
NODE_0005407,572,1794,2021.274,94,10338,,,292,394,,
NODE_0005407,572,2882,2021.274,94,10338,,,292,355,,
NODE_0005407,572,1669,2021.274,94,10338,,,292,313,,
NODE_0005407,572,2248,2021.274,94,10338,,,292,422,,
NODE_0005407,572,3596,2021.274,94,10338,,,292,392,,
NODE_0005407,572,847,2021.274,94,10338,,,292,287,,
NODE_0005407,572,1487,2021.274,94,10338,,,292,354,,
NODE_0005407,572,2192,2021.274,94,10338,,,292,421,,
NODE_0005407,572,2193,2021.274,94,10338,,,292,420,,
NODE_0005407,572,2838,2021.274,94,10338,,,292,360,,
NODE_0005407,572,601,2021.274,94,10338,,,292,269,,
NODE_0005407,572,2266,2021.274,94,10338,,,292,361,,
NODE_0005407,572,1691,2021.274,94,10338,,,292,324,,
NODE_0005407,164,572,2021.274,10338,94,,,170,292,,
NODE_0005407,572,1192,2021.274,94,10338,,,292,360,,
NODE_0005407,572,694,2021.274,94,10338,,,292,385,,
NODE_0005407,503,572,2021.274,10338,94,,,268,292,,
NODE_0005407,572,1014,2021.274,94,10338,,,292,277,,
NODE_0005407,572,2038,2021.274,94,10338,,,292,315,,
NODE_0005407,510,512,2021.274,94,10338,,,330,289,,
NODE_0005407,510,1794,2021.274,94,10338,,,330,394,,
NODE_0005407,510,2882,2021.274,94,10338,,,330,355,,
NODE_0005407,510,1669,2021.274,94,10338,,,330,313,,
NODE_0005407,510,2248,2021.274,94,10338,,,330,422,,
NODE_0005407,510,3596,2021.274,94,10338,,,330,392,,
NODE_0005407,510,847,2021.274,94,10338,,,330,287,,
NODE_0005407,510,1487,2021.274,94,10338,,,330,354,,
NODE_0005407,510,2192,2021.274,94,10338,,,330,421,,
NODE_0005407,510,2193,2021.274,94,10338,,,330,420,,
NODE_0005407,510,2838,2021.274,94,10338,,,330,360,,
NODE_0005407,510,601,2021.274,94,10338,,,330,269,,
NODE_0005407,510,2266,2021.274,94,10338,,,330,361,,
NODE_0005407,510,1691,2021.274,94,10338,,,330,324,,
NODE_0005407,164,510,2021.274,10338,94,,,170,330,,
NODE_0005407,510,1192,2021.274,94,10338,,,330,360,,
NODE_0005407,510,694,2021.274,94,10338,,,330,385,,
NODE_0005407,503,510,2021.274,10338,94,,,268,330,,
NODE_0005407,510,1014,2021.274,94,10338,,,330,277,,
NODE_0005407,510,2038,2021.274,94,10338,,,330,315,,
NODE_0000596,512,1288,2021.266,10432,3765,,,289,279,,
NODE_0000596,769,1288,2021.266,10432,3765,,,310,279,,
NODE_0000596,1288,1794,2021.266,3765,10432,,,279,394,,
NODE_0000596,1288,1669,2021.266,3765,10432,,,279,313,,
NODE_0000596,1288,2569,2021.266,3765,10432,,,279,343,,
NODE_0000596,1288,2699,2021.266,3765,10432,,,279,363,,
NODE_0000596,1288,3596,2021.266,3765,10432,,,279,392,,
NODE_0000596,1288,2192,2021.266,3765,10432,,,279,421,,
NODE_0000596,1288,2193,2021.266,3765,10432,,,279,420,,
NODE_0000596,1288,2838,2021.266,3765,10432,,,279,360,,
NODE_0000596,536,1288,2021.266,10432,3765,,,348,279,,
NODE_0000596,539,1288,2021.266,10432,3765,,,319,279,,
NODE_0000596,1288,1691,2021.266,3765,10432,,,279,324,,
NODE_0000596,670,1288,2021.266,10432,3765,,,267,279,,
NODE_0000596,164,1288,2021.266,10432,3765,,,170,279,,
NODE_0000596,1192,1288,2021.266,10432,3765,,,360,279,,
NODE_0000596,810,1288,2021.266,10432,3765,,,294,279,,
NODE_0000596,694,1288,2021.266,10432,3765,,,385,279,,
NODE_0000596,696,1288,2021.266,10432,3765,,,261,279,,
NODE_0000596,572,1288,2021.266,10432,3765,,,292,279,,
NODE_0000596,1288,2882,2021.266,3765,10432,,,279,355,,
NODE_0000596,837,1288,2021.266,10432,3765,,,288,279,,
NODE_0000596,709,1288,2021.266,10432,3765,,,286,279,,
NODE_0000596,968,1288,2021.266,10432,3765,,,286,279,,
NODE_0000596,1288,2248,2021.266,3765,10432,,,279,422,,
NODE_0000596,717,1288,2021.266,10432,3765,,,307,279,,
NODE_0000596,847,1288,2021.266,10432,3765,,,287,279,,
NODE_0000596,1288,1616,2021.266,3765,10432,,,279,306,,
NODE_0000596,465,1288,2021.266,10432,3765,,,227,279,,
NODE_0000596,1288,1487,2021.266,3765,10432,,,279,354,,
NODE_0000596,601,1288,2021.266,10432,3765,,,269,279,,
NODE_0000596,1288,1882,2021.266,3765,10432,,,279,304,,
NODE_0000596,1288,2266,2021.266,3765,10432,,,279,361,,
NODE_0000596,1288,2015,2021.266,3765,10432,,,279,359,,
NODE_0000596,482,1288,2021.266,10432,3765,,,229,279,,
NODE_0000596,1014,1288,2021.266,10432,3765,,,277,279,,
NODE_0000596,503,1288,2021.266,10432,3765,,,268,279,,
NODE_0000596,1288,2040,2021.266,3765,10432,,,279,347,,
NODE_0000596,1288,2038,2021.266,3765,10432,,,279,315,,
NODE_0000596,510,1288,2021.266,10432,3765,,,330,279,,
NODE_0000596,512,2059,2021.266,10432,3765,,,289,371,,
NODE_0000596,769,2059,2021.266,10432,3765,,,310,371,,
NODE_0000596,1794,2059,2021.266,10432,3765,,,394,371,,
NODE_0000596,1669,2059,2021.266,10432,3765,,,313,371,,
NODE_0000596,2059,2569,2021.266,3765,10432,,,371,343,,
NODE_0000596,2059,2699,2021.266,3765,10432,,,371,363,,
NODE_0000596,2059,3596,2021.266,3765,10432,,,371,392,,
NODE_0000596,2059,2192,2021.266,3765,10432,,,371,421,,
NODE_0000596,2059,2193,2021.266,3765,10432,,,371,420,,
NODE_0000596,2059,2838,2021.266,3765,10432,,,371,360,,
NODE_0000596,536,2059,2021.266,10432,3765,,,348,371,,
NODE_0000596,539,2059,2021.266,10432,3765,,,319,371,,
NODE_0000596,1691,2059,2021.266,10432,3765,,,324,371,,
NODE_0000596,670,2059,2021.266,10432,3765,,,267,371,,
NODE_0000596,164,2059,2021.266,10432,3765,,,170,371,,
NODE_0000596,1192,2059,2021.266,10432,3765,,,360,371,,
NODE_0000596,810,2059,2021.266,10432,3765,,,294,371,,
NODE_0000596,694,2059,2021.266,10432,3765,,,385,371,,
NODE_0000596,696,2059,2021.266,10432,3765,,,261,371,,
NODE_0000596,572,2059,2021.266,10432,3765,,,292,371,,
NODE_0000596,2059,2882,2021.266,3765,10432,,,371,355,,
NODE_0000596,837,2059,2021.266,10432,3765,,,288,371,,
NODE_0000596,709,2059,2021.266,10432,3765,,,286,371,,
NODE_0000596,968,2059,2021.266,10432,3765,,,286,371,,
NODE_0000596,2059,2248,2021.266,3765,10432,,,371,422,,
NODE_0000596,717,2059,2021.266,10432,3765,,,307,371,,
NODE_0000596,847,2059,2021.266,10432,3765,,,287,371,,
NODE_0000596,1616,2059,2021.266,10432,3765,,,306,371,,
NODE_0000596,465,2059,2021.266,10432,3765,,,227,371,,
NODE_0000596,1487,2059,2021.266,10432,3765,,,354,371,,
NODE_0000596,601,2059,2021.266,10432,3765,,,269,371,,
NODE_0000596,1882,2059,2021.266,10432,3765,,,304,371,,
NODE_0000596,2059,2266,2021.266,3765,10432,,,371,361,,
NODE_0000596,2015,2059,2021.266,10432,3765,,,359,371,,
NODE_0000596,482,2059,2021.266,10432,3765,,,229,371,,
NODE_0000596,1014,2059,2021.266,10432,3765,,,277,371,,
NODE_0000596,503,2059,2021.266,10432,3765,,,268,371,,
NODE_0000596,2040,2059,2021.266,10432,3765,,,347,371,,
NODE_0000596,2038,2059,2021.266,10432,3765,,,315,371,,
NODE_0000596,510,2059,2021.266,10432,3765,,,330,371,,
NODE_0000596,511,512,2021.266,3765,10432,,,269,289,,
NODE_0000596,511,769,2021.266,3765,10432,,,269,310,,
NODE_0000596,511,1794,2021.266,3765,10432,,,269,394,,
NODE_0000596,511,1669,2021.266,3765,10432,,,269,313,,
NODE_0000596,511,2569,2021.266,3765,10432,,,269,343,,
NODE_0000596,511,2699,2021.266,3765,10432,,,269,363,,
NODE_0000596,511,3596,2021.266,3765,10432,,,269,392,,
NODE_0000596,511,2192,2021.266,3765,10432,,,269,421,,
NODE_0000596,511,2193,2021.266,3765,10432,,,269,420,,
NODE_0000596,511,2838,2021.266,3765,10432,,,269,360,,
NODE_0000596,511,536,2021.266,3765,10432,,,269,348,,
NODE_0000596,511,539,2021.266,3765,10432,,,269,319,,
NODE_0000596,511,1691,2021.266,3765,10432,,,269,324,,
NODE_0000596,511,670,2021.266,3765,10432,,,269,267,,
NODE_0000596,164,511,2021.266,10432,3765,,,170,269,,
NODE_0000596,511,1192,2021.266,3765,10432,,,269,360,,
NODE_0000596,511,810,2021.266,3765,10432,,,269,294,,
NODE_0000596,511,694,2021.266,3765,10432,,,269,385,,
NODE_0000596,511,696,2021.266,3765,10432,,,269,261,,
NODE_0000596,511,572,2021.266,3765,10432,,,269,292,,
NODE_0000596,511,2882,2021.266,3765,10432,,,269,355,,
NODE_0000596,511,837,2021.266,3765,10432,,,269,288,,
NODE_0000596,511,709,2021.266,3765,10432,,,269,286,,
NODE_0000596,511,968,2021.266,3765,10432,,,269,286,,
NODE_0000596,511,2248,2021.266,3765,10432,,,269,422,,
NODE_0000596,511,717,2021.266,3765,10432,,,269,307,,
NODE_0000596,511,847,2021.266,3765,10432,,,269,287,,
NODE_0000596,511,1616,2021.266,3765,10432,,,269,306,,
NODE_0000596,465,511,2021.266,10432,3765,,,227,269,,
NODE_0000596,511,1487,2021.266,3765,10432,,,269,354,,
NODE_0000596,511,601,2021.266,3765,10432,,,269,269,,
NODE_0000596,511,1882,2021.266,3765,10432,,,269,304,,
NODE_0000596,511,2266,2021.266,3765,10432,,,269,361,,
NODE_0000596,511,2015,2021.266,3765,10432,,,269,359,,
NODE_0000596,482,511,2021.266,10432,3765,,,229,269,,
NODE_0000596,511,1014,2021.266,3765,10432,,,269,277,,
NODE_0000596,503,511,2021.266,10432,3765,,,268,269,,
NODE_0000596,511,2040,2021.266,3765,10432,,,269,347,,
NODE_0000596,511,2038,2021.266,3765,10432,,,269,315,,
NODE_0000596,510,511,2021.266,10432,3765,,,330,269,,
NODE_0000596,512,787,2021.266,10432,3765,,,289,333,,
NODE_0000596,769,787,2021.266,10432,3765,,,310,333,,
NODE_0000596,787,1794,2021.266,3765,10432,,,333,394,,
NODE_0000596,787,1669,2021.266,3765,10432,,,333,313,,
NODE_0000596,787,2569,2021.266,3765,10432,,,333,343,,
NODE_0000596,787,2699,2021.266,3765,10432,,,333,363,,
NODE_0000596,787,3596,2021.266,3765,10432,,,333,392,,
NODE_0000596,787,2192,2021.266,3765,10432,,,333,421,,
NODE_0000596,787,2193,2021.266,3765,10432,,,333,420,,
NODE_0000596,787,2838,2021.266,3765,10432,,,333,360,,
NODE_0000596,536,787,2021.266,10432,3765,,,348,333,,
NODE_0000596,539,787,2021.266,10432,3765,,,319,333,,
NODE_0000596,787,1691,2021.266,3765,10432,,,333,324,,
NODE_0000596,670,787,2021.266,10432,3765,,,267,333,,
NODE_0000596,164,787,2021.266,10432,3765,,,170,333,,
NODE_0000596,787,1192,2021.266,3765,10432,,,333,360,,
NODE_0000596,787,810,2021.266,3765,10432,,,333,294,,
NODE_0000596,694,787,2021.266,10432,3765,,,385,333,,
NODE_0000596,696,787,2021.266,10432,3765,,,261,333,,
NODE_0000596,572,787,2021.266,10432,3765,,,292,333,,
NODE_0000596,787,2882,2021.266,3765,10432,,,333,355,,
NODE_0000596,787,837,2021.266,3765,10432,,,333,288,,
NODE_0000596,709,787,2021.266,10432,3765,,,286,333,,
NODE_0000596,787,968,2021.266,3765,10432,,,333,286,,
NODE_0000596,787,2248,2021.266,3765,10432,,,333,422,,
NODE_0000596,717,787,2021.266,10432,3765,,,307,333,,
NODE_0000596,787,847,2021.266,3765,10432,,,333,287,,
NODE_0000596,787,1616,2021.266,3765,10432,,,333,306,,
NODE_0000596,465,787,2021.266,10432,3765,,,227,333,,
NODE_0000596,787,1487,2021.266,3765,10432,,,333,354,,
NODE_0000596,601,787,2021.266,10432,3765,,,269,333,,
NODE_0000596,787,1882,2021.266,3765,10432,,,333,304,,
NODE_0000596,787,2266,2021.266,3765,10432,,,333,361,,
NODE_0000596,787,2015,2021.266,3765,10432,,,333,359,,
NODE_0000596,482,787,2021.266,10432,3765,,,229,333,,
NODE_0000596,787,1014,2021.266,3765,10432,,,333,277,,
NODE_0000596,503,787,2021.266,10432,3765,,,268,333,,
NODE_0000596,787,2040,2021.266,3765,10432,,,333,347,,
NODE_0000596,787,2038,2021.266,3765,10432,,,333,315,,
NODE_0000596,510,787,2021.266,10432,3765,,,330,333,,
NODE_0000596,512,534,2021.266,10432,3765,,,289,260,,
NODE_0000596,534,769,2021.266,3765,10432,,,260,310,,
NODE_0000596,534,1794,2021.266,3765,10432,,,260,394,,
NODE_0000596,534,1669,2021.266,3765,10432,,,260,313,,
NODE_0000596,534,2569,2021.266,3765,10432,,,260,343,,
NODE_0000596,534,2699,2021.266,3765,10432,,,260,363,,
NODE_0000596,534,3596,2021.266,3765,10432,,,260,392,,
NODE_0000596,534,2192,2021.266,3765,10432,,,260,421,,
NODE_0000596,534,2193,2021.266,3765,10432,,,260,420,,
NODE_0000596,534,2838,2021.266,3765,10432,,,260,360,,
NODE_0000596,534,536,2021.266,3765,10432,,,260,348,,
NODE_0000596,534,539,2021.266,3765,10432,,,260,319,,
NODE_0000596,534,1691,2021.266,3765,10432,,,260,324,,
NODE_0000596,534,670,2021.266,3765,10432,,,260,267,,
NODE_0000596,164,534,2021.266,10432,3765,,,170,260,,
NODE_0000596,534,1192,2021.266,3765,10432,,,260,360,,
NODE_0000596,534,810,2021.266,3765,10432,,,260,294,,
NODE_0000596,534,694,2021.266,3765,10432,,,260,385,,
NODE_0000596,534,696,2021.266,3765,10432,,,260,261,,
NODE_0000596,534,572,2021.266,3765,10432,,,260,292,,
NODE_0000596,534,2882,2021.266,3765,10432,,,260,355,,
NODE_0000596,534,837,2021.266,3765,10432,,,260,288,,
NODE_0000596,534,709,2021.266,3765,10432,,,260,286,,
NODE_0000596,534,968,2021.266,3765,10432,,,260,286,,
NODE_0000596,534,2248,2021.266,3765,10432,,,260,422,,
NODE_0000596,534,717,2021.266,3765,10432,,,260,307,,
NODE_0000596,534,847,2021.266,3765,10432,,,260,287,,
NODE_0000596,534,1616,2021.266,3765,10432,,,260,306,,
NODE_0000596,465,534,2021.266,10432,3765,,,227,260,,
NODE_0000596,534,1487,2021.266,3765,10432,,,260,354,,
NODE_0000596,534,601,2021.266,3765,10432,,,260,269,,
NODE_0000596,534,1882,2021.266,3765,10432,,,260,304,,
NODE_0000596,534,2266,2021.266,3765,10432,,,260,361,,
NODE_0000596,534,2015,2021.266,3765,10432,,,260,359,,
NODE_0000596,482,534,2021.266,10432,3765,,,229,260,,
NODE_0000596,534,1014,2021.266,3765,10432,,,260,277,,
NODE_0000596,503,534,2021.266,10432,3765,,,268,260,,
NODE_0000596,534,2040,2021.266,3765,10432,,,260,347,,
NODE_0000596,534,2038,2021.266,3765,10432,,,260,315,,
NODE_0000596,510,534,2021.266,10432,3765,,,330,260,,
NODE_0000596,512,3099,2021.266,10432,3765,,,289,367,,
NODE_0000596,769,3099,2021.266,10432,3765,,,310,367,,
NODE_0000596,1794,3099,2021.266,10432,3765,,,394,367,,
NODE_0000596,1669,3099,2021.266,10432,3765,,,313,367,,
NODE_0000596,2569,3099,2021.266,10432,3765,,,343,367,,
NODE_0000596,2699,3099,2021.266,10432,3765,,,363,367,,
NODE_0000596,3099,3596,2021.266,3765,10432,,,367,392,,
NODE_0000596,2192,3099,2021.266,10432,3765,,,421,367,,
NODE_0000596,2193,3099,2021.266,10432,3765,,,420,367,,
NODE_0000596,2838,3099,2021.266,10432,3765,,,360,367,,
NODE_0000596,536,3099,2021.266,10432,3765,,,348,367,,
NODE_0000596,539,3099,2021.266,10432,3765,,,319,367,,
NODE_0000596,1691,3099,2021.266,10432,3765,,,324,367,,
NODE_0000596,670,3099,2021.266,10432,3765,,,267,367,,
NODE_0000596,164,3099,2021.266,10432,3765,,,170,367,,
NODE_0000596,1192,3099,2021.266,10432,3765,,,360,367,,
NODE_0000596,810,3099,2021.266,10432,3765,,,294,367,,
NODE_0000596,694,3099,2021.266,10432,3765,,,385,367,,
NODE_0000596,696,3099,2021.266,10432,3765,,,261,367,,
NODE_0000596,572,3099,2021.266,10432,3765,,,292,367,,
NODE_0000596,2882,3099,2021.266,10432,3765,,,355,367,,
NODE_0000596,837,3099,2021.266,10432,3765,,,288,367,,
NODE_0000596,709,3099,2021.266,10432,3765,,,286,367,,
NODE_0000596,968,3099,2021.266,10432,3765,,,286,367,,
NODE_0000596,2248,3099,2021.266,10432,3765,,,422,367,,
NODE_0000596,717,3099,2021.266,10432,3765,,,307,367,,
NODE_0000596,847,3099,2021.266,10432,3765,,,287,367,,
NODE_0000596,1616,3099,2021.266,10432,3765,,,306,367,,
NODE_0000596,465,3099,2021.266,10432,3765,,,227,367,,
NODE_0000596,1487,3099,2021.266,10432,3765,,,354,367,,
NODE_0000596,601,3099,2021.266,10432,3765,,,269,367,,
NODE_0000596,1882,3099,2021.266,10432,3765,,,304,367,,
NODE_0000596,2266,3099,2021.266,10432,3765,,,361,367,,
NODE_0000596,2015,3099,2021.266,10432,3765,,,359,367,,
NODE_0000596,482,3099,2021.266,10432,3765,,,229,367,,
NODE_0000596,1014,3099,2021.266,10432,3765,,,277,367,,
NODE_0000596,503,3099,2021.266,10432,3765,,,268,367,,
NODE_0000596,2040,3099,2021.266,10432,3765,,,347,367,,
NODE_0000596,2038,3099,2021.266,10432,3765,,,315,367,,
NODE_0000596,510,3099,2021.266,10432,3765,,,330,367,,
NODE_0000596,512,1056,2021.266,10432,3765,,,289,275,,
NODE_0000596,769,1056,2021.266,10432,3765,,,310,275,,
NODE_0000596,1056,1794,2021.266,3765,10432,,,275,394,,
NODE_0000596,1056,1669,2021.266,3765,10432,,,275,313,,
NODE_0000596,1056,2569,2021.266,3765,10432,,,275,343,,
NODE_0000596,1056,2699,2021.266,3765,10432,,,275,363,,
NODE_0000596,1056,3596,2021.266,3765,10432,,,275,392,,
NODE_0000596,1056,2192,2021.266,3765,10432,,,275,421,,
NODE_0000596,1056,2193,2021.266,3765,10432,,,275,420,,
NODE_0000596,1056,2838,2021.266,3765,10432,,,275,360,,
NODE_0000596,536,1056,2021.266,10432,3765,,,348,275,,
NODE_0000596,539,1056,2021.266,10432,3765,,,319,275,,
NODE_0000596,1056,1691,2021.266,3765,10432,,,275,324,,
NODE_0000596,670,1056,2021.266,10432,3765,,,267,275,,
NODE_0000596,164,1056,2021.266,10432,3765,,,170,275,,
NODE_0000596,1056,1192,2021.266,3765,10432,,,275,360,,
NODE_0000596,810,1056,2021.266,10432,3765,,,294,275,,
NODE_0000596,694,1056,2021.266,10432,3765,,,385,275,,
NODE_0000596,696,1056,2021.266,10432,3765,,,261,275,,
NODE_0000596,572,1056,2021.266,10432,3765,,,292,275,,
NODE_0000596,1056,2882,2021.266,3765,10432,,,275,355,,
NODE_0000596,837,1056,2021.266,10432,3765,,,288,275,,
NODE_0000596,709,1056,2021.266,10432,3765,,,286,275,,
NODE_0000596,968,1056,2021.266,10432,3765,,,286,275,,
NODE_0000596,1056,2248,2021.266,3765,10432,,,275,422,,
NODE_0000596,717,1056,2021.266,10432,3765,,,307,275,,
NODE_0000596,847,1056,2021.266,10432,3765,,,287,275,,
NODE_0000596,1056,1616,2021.266,3765,10432,,,275,306,,
NODE_0000596,465,1056,2021.266,10432,3765,,,227,275,,
NODE_0000596,1056,1487,2021.266,3765,10432,,,275,354,,
NODE_0000596,601,1056,2021.266,10432,3765,,,269,275,,
NODE_0000596,1056,1882,2021.266,3765,10432,,,275,304,,
NODE_0000596,1056,2266,2021.266,3765,10432,,,275,361,,
NODE_0000596,1056,2015,2021.266,3765,10432,,,275,359,,
NODE_0000596,482,1056,2021.266,10432,3765,,,229,275,,
NODE_0000596,1014,1056,2021.266,10432,3765,,,277,275,,
NODE_0000596,503,1056,2021.266,10432,3765,,,268,275,,
NODE_0000596,1056,2040,2021.266,3765,10432,,,275,347,,
NODE_0000596,1056,2038,2021.266,3765,10432,,,275,315,,
NODE_0000596,510,1056,2021.266,10432,3765,,,330,275,,
NODE_0000596,512,548,2021.266,10432,3765,,,289,268,,
NODE_0000596,548,769,2021.266,3765,10432,,,268,310,,
NODE_0000596,548,1794,2021.266,3765,10432,,,268,394,,
NODE_0000596,548,1669,2021.266,3765,10432,,,268,313,,
NODE_0000596,548,2569,2021.266,3765,10432,,,268,343,,
NODE_0000596,548,2699,2021.266,3765,10432,,,268,363,,
NODE_0000596,548,3596,2021.266,3765,10432,,,268,392,,
NODE_0000596,548,2192,2021.266,3765,10432,,,268,421,,
NODE_0000596,548,2193,2021.266,3765,10432,,,268,420,,
NODE_0000596,548,2838,2021.266,3765,10432,,,268,360,,
NODE_0000596,536,548,2021.266,10432,3765,,,348,268,,
NODE_0000596,539,548,2021.266,10432,3765,,,319,268,,
NODE_0000596,548,1691,2021.266,3765,10432,,,268,324,,
NODE_0000596,548,670,2021.266,3765,10432,,,268,267,,
NODE_0000596,164,548,2021.266,10432,3765,,,170,268,,
NODE_0000596,548,1192,2021.266,3765,10432,,,268,360,,
NODE_0000596,548,810,2021.266,3765,10432,,,268,294,,
NODE_0000596,548,694,2021.266,3765,10432,,,268,385,,
NODE_0000596,548,696,2021.266,3765,10432,,,268,261,,
NODE_0000596,548,572,2021.266,3765,10432,,,268,292,,
NODE_0000596,548,2882,2021.266,3765,10432,,,268,355,,
NODE_0000596,548,837,2021.266,3765,10432,,,268,288,,
NODE_0000596,548,709,2021.266,3765,10432,,,268,286,,
NODE_0000596,548,968,2021.266,3765,10432,,,268,286,,
NODE_0000596,548,2248,2021.266,3765,10432,,,268,422,,
NODE_0000596,548,717,2021.266,3765,10432,,,268,307,,
NODE_0000596,548,847,2021.266,3765,10432,,,268,287,,
NODE_0000596,548,1616,2021.266,3765,10432,,,268,306,,
NODE_0000596,465,548,2021.266,10432,3765,,,227,268,,
NODE_0000596,548,1487,2021.266,3765,10432,,,268,354,,
NODE_0000596,548,601,2021.266,3765,10432,,,268,269,,
NODE_0000596,548,1882,2021.266,3765,10432,,,268,304,,
NODE_0000596,548,2266,2021.266,3765,10432,,,268,361,,
NODE_0000596,548,2015,2021.266,3765,10432,,,268,359,,
NODE_0000596,482,548,2021.266,10432,3765,,,229,268,,
NODE_0000596,548,1014,2021.266,3765,10432,,,268,277,,
NODE_0000596,503,548,2021.266,10432,3765,,,268,268,,
NODE_0000596,548,2040,2021.266,3765,10432,,,268,347,,
NODE_0000596,548,2038,2021.266,3765,10432,,,268,315,,
NODE_0000596,510,548,2021.266,10432,3765,,,330,268,,
NODE_0000596,512,1074,2021.266,10432,3765,,,289,330,,
NODE_0000596,769,1074,2021.266,10432,3765,,,310,330,,
NODE_0000596,1074,1794,2021.266,3765,10432,,,330,394,,
NODE_0000596,1074,1669,2021.266,3765,10432,,,330,313,,
NODE_0000596,1074,2569,2021.266,3765,10432,,,330,343,,
NODE_0000596,1074,2699,2021.266,3765,10432,,,330,363,,
NODE_0000596,1074,3596,2021.266,3765,10432,,,330,392,,
NODE_0000596,1074,2192,2021.266,3765,10432,,,330,421,,
NODE_0000596,1074,2193,2021.266,3765,10432,,,330,420,,
NODE_0000596,1074,2838,2021.266,3765,10432,,,330,360,,
NODE_0000596,536,1074,2021.266,10432,3765,,,348,330,,
NODE_0000596,539,1074,2021.266,10432,3765,,,319,330,,
NODE_0000596,1074,1691,2021.266,3765,10432,,,330,324,,
NODE_0000596,670,1074,2021.266,10432,3765,,,267,330,,
NODE_0000596,164,1074,2021.266,10432,3765,,,170,330,,
NODE_0000596,1074,1192,2021.266,3765,10432,,,330,360,,
NODE_0000596,810,1074,2021.266,10432,3765,,,294,330,,
NODE_0000596,694,1074,2021.266,10432,3765,,,385,330,,
NODE_0000596,696,1074,2021.266,10432,3765,,,261,330,,
NODE_0000596,572,1074,2021.266,10432,3765,,,292,330,,
NODE_0000596,1074,2882,2021.266,3765,10432,,,330,355,,
NODE_0000596,837,1074,2021.266,10432,3765,,,288,330,,
NODE_0000596,709,1074,2021.266,10432,3765,,,286,330,,
NODE_0000596,968,1074,2021.266,10432,3765,,,286,330,,
NODE_0000596,1074,2248,2021.266,3765,10432,,,330,422,,
NODE_0000596,717,1074,2021.266,10432,3765,,,307,330,,
NODE_0000596,847,1074,2021.266,10432,3765,,,287,330,,
NODE_0000596,1074,1616,2021.266,3765,10432,,,330,306,,
NODE_0000596,465,1074,2021.266,10432,3765,,,227,330,,
NODE_0000596,1074,1487,2021.266,3765,10432,,,330,354,,
NODE_0000596,601,1074,2021.266,10432,3765,,,269,330,,
NODE_0000596,1074,1882,2021.266,3765,10432,,,330,304,,
NODE_0000596,1074,2266,2021.266,3765,10432,,,330,361,,
NODE_0000596,1074,2015,2021.266,3765,10432,,,330,359,,
NODE_0000596,482,1074,2021.266,10432,3765,,,229,330,,
NODE_0000596,1014,1074,2021.266,10432,3765,,,277,330,,
NODE_0000596,503,1074,2021.266,10432,3765,,,268,330,,
NODE_0000596,1074,2040,2021.266,3765,10432,,,330,347,,
NODE_0000596,1074,2038,2021.266,3765,10432,,,330,315,,
NODE_0000596,510,1074,2021.266,10432,3765,,,330,330,,
NODE_0000596,512,579,2021.266,10432,3765,,,289,259,,
NODE_0000596,579,769,2021.266,3765,10432,,,259,310,,
NODE_0000596,579,1794,2021.266,3765,10432,,,259,394,,
NODE_0000596,579,1669,2021.266,3765,10432,,,259,313,,
NODE_0000596,579,2569,2021.266,3765,10432,,,259,343,,
NODE_0000596,579,2699,2021.266,3765,10432,,,259,363,,
NODE_0000596,579,3596,2021.266,3765,10432,,,259,392,,
NODE_0000596,579,2192,2021.266,3765,10432,,,259,421,,
NODE_0000596,579,2193,2021.266,3765,10432,,,259,420,,
NODE_0000596,579,2838,2021.266,3765,10432,,,259,360,,
NODE_0000596,536,579,2021.266,10432,3765,,,348,259,,
NODE_0000596,539,579,2021.266,10432,3765,,,319,259,,
NODE_0000596,579,1691,2021.266,3765,10432,,,259,324,,
NODE_0000596,579,670,2021.266,3765,10432,,,259,267,,
NODE_0000596,164,579,2021.266,10432,3765,,,170,259,,
NODE_0000596,579,1192,2021.266,3765,10432,,,259,360,,
NODE_0000596,579,810,2021.266,3765,10432,,,259,294,,
NODE_0000596,579,694,2021.266,3765,10432,,,259,385,,
NODE_0000596,579,696,2021.266,3765,10432,,,259,261,,
NODE_0000596,572,579,2021.266,10432,3765,,,292,259,,
NODE_0000596,579,2882,2021.266,3765,10432,,,259,355,,
NODE_0000596,579,837,2021.266,3765,10432,,,259,288,,
NODE_0000596,579,709,2021.266,3765,10432,,,259,286,,
NODE_0000596,579,968,2021.266,3765,10432,,,259,286,,
NODE_0000596,579,2248,2021.266,3765,10432,,,259,422,,
NODE_0000596,579,717,2021.266,3765,10432,,,259,307,,
NODE_0000596,579,847,2021.266,3765,10432,,,259,287,,
NODE_0000596,579,1616,2021.266,3765,10432,,,259,306,,
NODE_0000596,465,579,2021.266,10432,3765,,,227,259,,
NODE_0000596,579,1487,2021.266,3765,10432,,,259,354,,
NODE_0000596,579,601,2021.266,3765,10432,,,259,269,,
NODE_0000596,579,1882,2021.266,3765,10432,,,259,304,,
NODE_0000596,579,2266,2021.266,3765,10432,,,259,361,,
NODE_0000596,579,2015,2021.266,3765,10432,,,259,359,,
NODE_0000596,482,579,2021.266,10432,3765,,,229,259,,
NODE_0000596,579,1014,2021.266,3765,10432,,,259,277,,
NODE_0000596,503,579,2021.266,10432,3765,,,268,259,,
NODE_0000596,579,2040,2021.266,3765,10432,,,259,347,,
NODE_0000596,579,2038,2021.266,3765,10432,,,259,315,,
NODE_0000596,510,579,2021.266,10432,3765,,,330,259,,
NODE_0000596,512,1604,2021.266,10432,3765,,,289,339,,
NODE_0000596,769,1604,2021.266,10432,3765,,,310,339,,
NODE_0000596,1604,1794,2021.266,3765,10432,,,339,394,,
NODE_0000596,1604,1669,2021.266,3765,10432,,,339,313,,
NODE_0000596,1604,2569,2021.266,3765,10432,,,339,343,,
NODE_0000596,1604,2699,2021.266,3765,10432,,,339,363,,
NODE_0000596,1604,3596,2021.266,3765,10432,,,339,392,,
NODE_0000596,1604,2192,2021.266,3765,10432,,,339,421,,
NODE_0000596,1604,2193,2021.266,3765,10432,,,339,420,,
NODE_0000596,1604,2838,2021.266,3765,10432,,,339,360,,
NODE_0000596,536,1604,2021.266,10432,3765,,,348,339,,
NODE_0000596,539,1604,2021.266,10432,3765,,,319,339,,
NODE_0000596,1604,1691,2021.266,3765,10432,,,339,324,,
NODE_0000596,670,1604,2021.266,10432,3765,,,267,339,,
NODE_0000596,164,1604,2021.266,10432,3765,,,170,339,,
NODE_0000596,1192,1604,2021.266,10432,3765,,,360,339,,
NODE_0000596,810,1604,2021.266,10432,3765,,,294,339,,
NODE_0000596,694,1604,2021.266,10432,3765,,,385,339,,
NODE_0000596,696,1604,2021.266,10432,3765,,,261,339,,
NODE_0000596,572,1604,2021.266,10432,3765,,,292,339,,
NODE_0000596,1604,2882,2021.266,3765,10432,,,339,355,,
NODE_0000596,837,1604,2021.266,10432,3765,,,288,339,,
NODE_0000596,709,1604,2021.266,10432,3765,,,286,339,,
NODE_0000596,968,1604,2021.266,10432,3765,,,286,339,,
NODE_0000596,1604,2248,2021.266,3765,10432,,,339,422,,
NODE_0000596,717,1604,2021.266,10432,3765,,,307,339,,
NODE_0000596,847,1604,2021.266,10432,3765,,,287,339,,
NODE_0000596,1604,1616,2021.266,3765,10432,,,339,306,,
NODE_0000596,465,1604,2021.266,10432,3765,,,227,339,,
NODE_0000596,1487,1604,2021.266,10432,3765,,,354,339,,
NODE_0000596,601,1604,2021.266,10432,3765,,,269,339,,
NODE_0000596,1604,1882,2021.266,3765,10432,,,339,304,,
NODE_0000596,1604,2266,2021.266,3765,10432,,,339,361,,
NODE_0000596,1604,2015,2021.266,3765,10432,,,339,359,,
NODE_0000596,482,1604,2021.266,10432,3765,,,229,339,,
NODE_0000596,1014,1604,2021.266,10432,3765,,,277,339,,
NODE_0000596,503,1604,2021.266,10432,3765,,,268,339,,
NODE_0000596,1604,2040,2021.266,3765,10432,,,339,347,,
NODE_0000596,1604,2038,2021.266,3765,10432,,,339,315,,
NODE_0000596,510,1604,2021.266,10432,3765,,,330,339,,
NODE_0000596,512,1859,2021.266,10432,3765,,,289,343,,
NODE_0000596,769,1859,2021.266,10432,3765,,,310,343,,
NODE_0000596,1794,1859,2021.266,10432,3765,,,394,343,,
NODE_0000596,1669,1859,2021.266,10432,3765,,,313,343,,
NODE_0000596,1859,2569,2021.266,3765,10432,,,343,343,,
NODE_0000596,1859,2699,2021.266,3765,10432,,,343,363,,
NODE_0000596,1859,3596,2021.266,3765,10432,,,343,392,,
NODE_0000596,1859,2192,2021.266,3765,10432,,,343,421,,
NODE_0000596,1859,2193,2021.266,3765,10432,,,343,420,,
NODE_0000596,1859,2838,2021.266,3765,10432,,,343,360,,
NODE_0000596,536,1859,2021.266,10432,3765,,,348,343,,
NODE_0000596,539,1859,2021.266,10432,3765,,,319,343,,
NODE_0000596,1691,1859,2021.266,10432,3765,,,324,343,,
NODE_0000596,670,1859,2021.266,10432,3765,,,267,343,,
NODE_0000596,164,1859,2021.266,10432,3765,,,170,343,,
NODE_0000596,1192,1859,2021.266,10432,3765,,,360,343,,
NODE_0000596,810,1859,2021.266,10432,3765,,,294,343,,
NODE_0000596,694,1859,2021.266,10432,3765,,,385,343,,
NODE_0000596,696,1859,2021.266,10432,3765,,,261,343,,
NODE_0000596,572,1859,2021.266,10432,3765,,,292,343,,
NODE_0000596,1859,2882,2021.266,3765,10432,,,343,355,,
NODE_0000596,837,1859,2021.266,10432,3765,,,288,343,,
NODE_0000596,709,1859,2021.266,10432,3765,,,286,343,,
NODE_0000596,968,1859,2021.266,10432,3765,,,286,343,,
NODE_0000596,1859,2248,2021.266,3765,10432,,,343,422,,
NODE_0000596,717,1859,2021.266,10432,3765,,,307,343,,
NODE_0000596,847,1859,2021.266,10432,3765,,,287,343,,
NODE_0000596,1616,1859,2021.266,10432,3765,,,306,343,,
NODE_0000596,465,1859,2021.266,10432,3765,,,227,343,,
NODE_0000596,1487,1859,2021.266,10432,3765,,,354,343,,
NODE_0000596,601,1859,2021.266,10432,3765,,,269,343,,
NODE_0000596,1859,1882,2021.266,3765,10432,,,343,304,,
NODE_0000596,1859,2266,2021.266,3765,10432,,,343,361,,
NODE_0000596,1859,2015,2021.266,3765,10432,,,343,359,,
NODE_0000596,482,1859,2021.266,10432,3765,,,229,343,,
NODE_0000596,1014,1859,2021.266,10432,3765,,,277,343,,
NODE_0000596,503,1859,2021.266,10432,3765,,,268,343,,
NODE_0000596,1859,2040,2021.266,3765,10432,,,343,347,,
NODE_0000596,1859,2038,2021.266,3765,10432,,,343,315,,
NODE_0000596,510,1859,2021.266,10432,3765,,,330,343,,
NODE_0000596,512,840,2021.266,10432,3765,,,289,335,,
NODE_0000596,769,840,2021.266,10432,3765,,,310,335,,
NODE_0000596,840,1794,2021.266,3765,10432,,,335,394,,
NODE_0000596,840,1669,2021.266,3765,10432,,,335,313,,
NODE_0000596,840,2569,2021.266,3765,10432,,,335,343,,
NODE_0000596,840,2699,2021.266,3765,10432,,,335,363,,
NODE_0000596,840,3596,2021.266,3765,10432,,,335,392,,
NODE_0000596,840,2192,2021.266,3765,10432,,,335,421,,
NODE_0000596,840,2193,2021.266,3765,10432,,,335,420,,
NODE_0000596,840,2838,2021.266,3765,10432,,,335,360,,
NODE_0000596,536,840,2021.266,10432,3765,,,348,335,,
NODE_0000596,539,840,2021.266,10432,3765,,,319,335,,
NODE_0000596,840,1691,2021.266,3765,10432,,,335,324,,
NODE_0000596,670,840,2021.266,10432,3765,,,267,335,,
NODE_0000596,164,840,2021.266,10432,3765,,,170,335,,
NODE_0000596,840,1192,2021.266,3765,10432,,,335,360,,
NODE_0000596,810,840,2021.266,10432,3765,,,294,335,,
NODE_0000596,694,840,2021.266,10432,3765,,,385,335,,
NODE_0000596,696,840,2021.266,10432,3765,,,261,335,,
NODE_0000596,572,840,2021.266,10432,3765,,,292,335,,
NODE_0000596,840,2882,2021.266,3765,10432,,,335,355,,
NODE_0000596,837,840,2021.266,10432,3765,,,288,335,,
NODE_0000596,709,840,2021.266,10432,3765,,,286,335,,
NODE_0000596,840,968,2021.266,3765,10432,,,335,286,,
NODE_0000596,840,2248,2021.266,3765,10432,,,335,422,,
NODE_0000596,717,840,2021.266,10432,3765,,,307,335,,
NODE_0000596,840,847,2021.266,3765,10432,,,335,287,,
NODE_0000596,840,1616,2021.266,3765,10432,,,335,306,,
NODE_0000596,465,840,2021.266,10432,3765,,,227,335,,
NODE_0000596,840,1487,2021.266,3765,10432,,,335,354,,
NODE_0000596,601,840,2021.266,10432,3765,,,269,335,,
NODE_0000596,840,1882,2021.266,3765,10432,,,335,304,,
NODE_0000596,840,2266,2021.266,3765,10432,,,335,361,,
NODE_0000596,840,2015,2021.266,3765,10432,,,335,359,,
NODE_0000596,482,840,2021.266,10432,3765,,,229,335,,
NODE_0000596,840,1014,2021.266,3765,10432,,,335,277,,
NODE_0000596,503,840,2021.266,10432,3765,,,268,335,,
NODE_0000596,840,2040,2021.266,3765,10432,,,335,347,,
NODE_0000596,840,2038,2021.266,3765,10432,,,335,315,,
NODE_0000596,510,840,2021.266,10432,3765,,,330,335,,
NODE_0000596,512,590,2021.266,10432,3765,,,289,325,,
NODE_0000596,590,769,2021.266,3765,10432,,,325,310,,
NODE_0000596,590,1794,2021.266,3765,10432,,,325,394,,
NODE_0000596,590,1669,2021.266,3765,10432,,,325,313,,
NODE_0000596,590,2569,2021.266,3765,10432,,,325,343,,
NODE_0000596,590,2699,2021.266,3765,10432,,,325,363,,
NODE_0000596,590,3596,2021.266,3765,10432,,,325,392,,
NODE_0000596,590,2192,2021.266,3765,10432,,,325,421,,
NODE_0000596,590,2193,2021.266,3765,10432,,,325,420,,
NODE_0000596,590,2838,2021.266,3765,10432,,,325,360,,
NODE_0000596,536,590,2021.266,10432,3765,,,348,325,,
NODE_0000596,539,590,2021.266,10432,3765,,,319,325,,
NODE_0000596,590,1691,2021.266,3765,10432,,,325,324,,
NODE_0000596,590,670,2021.266,3765,10432,,,325,267,,
NODE_0000596,164,590,2021.266,10432,3765,,,170,325,,
NODE_0000596,590,1192,2021.266,3765,10432,,,325,360,,
NODE_0000596,590,810,2021.266,3765,10432,,,325,294,,
NODE_0000596,590,694,2021.266,3765,10432,,,325,385,,
NODE_0000596,590,696,2021.266,3765,10432,,,325,261,,
NODE_0000596,572,590,2021.266,10432,3765,,,292,325,,
NODE_0000596,590,2882,2021.266,3765,10432,,,325,355,,
NODE_0000596,590,837,2021.266,3765,10432,,,325,288,,
NODE_0000596,590,709,2021.266,3765,10432,,,325,286,,
NODE_0000596,590,968,2021.266,3765,10432,,,325,286,,
NODE_0000596,590,2248,2021.266,3765,10432,,,325,422,,
NODE_0000596,590,717,2021.266,3765,10432,,,325,307,,
NODE_0000596,590,847,2021.266,3765,10432,,,325,287,,
NODE_0000596,590,1616,2021.266,3765,10432,,,325,306,,
NODE_0000596,465,590,2021.266,10432,3765,,,227,325,,
NODE_0000596,590,1487,2021.266,3765,10432,,,325,354,,
NODE_0000596,590,601,2021.266,3765,10432,,,325,269,,
NODE_0000596,590,1882,2021.266,3765,10432,,,325,304,,
NODE_0000596,590,2266,2021.266,3765,10432,,,325,361,,
NODE_0000596,590,2015,2021.266,3765,10432,,,325,359,,
NODE_0000596,482,590,2021.266,10432,3765,,,229,325,,
NODE_0000596,590,1014,2021.266,3765,10432,,,325,277,,
NODE_0000596,503,590,2021.266,10432,3765,,,268,325,,
NODE_0000596,590,2040,2021.266,3765,10432,,,325,347,,
NODE_0000596,590,2038,2021.266,3765,10432,,,325,315,,
NODE_0000596,510,590,2021.266,10432,3765,,,330,325,,
NODE_0000596,512,592,2021.266,10432,3765,,,289,271,,
NODE_0000596,592,769,2021.266,3765,10432,,,271,310,,
NODE_0000596,592,1794,2021.266,3765,10432,,,271,394,,
NODE_0000596,592,1669,2021.266,3765,10432,,,271,313,,
NODE_0000596,592,2569,2021.266,3765,10432,,,271,343,,
NODE_0000596,592,2699,2021.266,3765,10432,,,271,363,,
NODE_0000596,592,3596,2021.266,3765,10432,,,271,392,,
NODE_0000596,592,2192,2021.266,3765,10432,,,271,421,,
NODE_0000596,592,2193,2021.266,3765,10432,,,271,420,,
NODE_0000596,592,2838,2021.266,3765,10432,,,271,360,,
NODE_0000596,536,592,2021.266,10432,3765,,,348,271,,
NODE_0000596,539,592,2021.266,10432,3765,,,319,271,,
NODE_0000596,592,1691,2021.266,3765,10432,,,271,324,,
NODE_0000596,592,670,2021.266,3765,10432,,,271,267,,
NODE_0000596,164,592,2021.266,10432,3765,,,170,271,,
NODE_0000596,592,1192,2021.266,3765,10432,,,271,360,,
NODE_0000596,592,810,2021.266,3765,10432,,,271,294,,
NODE_0000596,592,694,2021.266,3765,10432,,,271,385,,
NODE_0000596,592,696,2021.266,3765,10432,,,271,261,,
NODE_0000596,572,592,2021.266,10432,3765,,,292,271,,
NODE_0000596,592,2882,2021.266,3765,10432,,,271,355,,
NODE_0000596,592,837,2021.266,3765,10432,,,271,288,,
NODE_0000596,592,709,2021.266,3765,10432,,,271,286,,
NODE_0000596,592,968,2021.266,3765,10432,,,271,286,,
NODE_0000596,592,2248,2021.266,3765,10432,,,271,422,,
NODE_0000596,592,717,2021.266,3765,10432,,,271,307,,
NODE_0000596,592,847,2021.266,3765,10432,,,271,287,,
NODE_0000596,592,1616,2021.266,3765,10432,,,271,306,,
NODE_0000596,465,592,2021.266,10432,3765,,,227,271,,
NODE_0000596,592,1487,2021.266,3765,10432,,,271,354,,
NODE_0000596,592,601,2021.266,3765,10432,,,271,269,,
NODE_0000596,592,1882,2021.266,3765,10432,,,271,304,,
NODE_0000596,592,2266,2021.266,3765,10432,,,271,361,,
NODE_0000596,592,2015,2021.266,3765,10432,,,271,359,,
NODE_0000596,482,592,2021.266,10432,3765,,,229,271,,
NODE_0000596,592,1014,2021.266,3765,10432,,,271,277,,
NODE_0000596,503,592,2021.266,10432,3765,,,268,271,,
NODE_0000596,592,2040,2021.266,3765,10432,,,271,347,,
NODE_0000596,592,2038,2021.266,3765,10432,,,271,315,,
NODE_0000596,510,592,2021.266,10432,3765,,,330,271,,
NODE_0000596,512,599,2021.266,10432,3765,,,289,291,,
NODE_0000596,599,769,2021.266,3765,10432,,,291,310,,
NODE_0000596,599,1794,2021.266,3765,10432,,,291,394,,
NODE_0000596,599,1669,2021.266,3765,10432,,,291,313,,
NODE_0000596,599,2569,2021.266,3765,10432,,,291,343,,
NODE_0000596,599,2699,2021.266,3765,10432,,,291,363,,
NODE_0000596,599,3596,2021.266,3765,10432,,,291,392,,
NODE_0000596,599,2192,2021.266,3765,10432,,,291,421,,
NODE_0000596,599,2193,2021.266,3765,10432,,,291,420,,
NODE_0000596,599,2838,2021.266,3765,10432,,,291,360,,
NODE_0000596,536,599,2021.266,10432,3765,,,348,291,,
NODE_0000596,539,599,2021.266,10432,3765,,,319,291,,
NODE_0000596,599,1691,2021.266,3765,10432,,,291,324,,
NODE_0000596,599,670,2021.266,3765,10432,,,291,267,,
NODE_0000596,164,599,2021.266,10432,3765,,,170,291,,
NODE_0000596,599,1192,2021.266,3765,10432,,,291,360,,
NODE_0000596,599,810,2021.266,3765,10432,,,291,294,,
NODE_0000596,599,694,2021.266,3765,10432,,,291,385,,
NODE_0000596,599,696,2021.266,3765,10432,,,291,261,,
NODE_0000596,572,599,2021.266,10432,3765,,,292,291,,
NODE_0000596,599,2882,2021.266,3765,10432,,,291,355,,
NODE_0000596,599,837,2021.266,3765,10432,,,291,288,,
NODE_0000596,599,709,2021.266,3765,10432,,,291,286,,
NODE_0000596,599,968,2021.266,3765,10432,,,291,286,,
NODE_0000596,599,2248,2021.266,3765,10432,,,291,422,,
NODE_0000596,599,717,2021.266,3765,10432,,,291,307,,
NODE_0000596,599,847,2021.266,3765,10432,,,291,287,,
NODE_0000596,599,1616,2021.266,3765,10432,,,291,306,,
NODE_0000596,465,599,2021.266,10432,3765,,,227,291,,
NODE_0000596,599,1487,2021.266,3765,10432,,,291,354,,
NODE_0000596,599,601,2021.266,3765,10432,,,291,269,,
NODE_0000596,599,1882,2021.266,3765,10432,,,291,304,,
NODE_0000596,599,2266,2021.266,3765,10432,,,291,361,,
NODE_0000596,599,2015,2021.266,3765,10432,,,291,359,,
NODE_0000596,482,599,2021.266,10432,3765,,,229,291,,
NODE_0000596,599,1014,2021.266,3765,10432,,,291,277,,
NODE_0000596,503,599,2021.266,10432,3765,,,268,291,,
NODE_0000596,599,2040,2021.266,3765,10432,,,291,347,,
NODE_0000596,599,2038,2021.266,3765,10432,,,291,315,,
NODE_0000596,510,599,2021.266,10432,3765,,,330,291,,
NODE_0000596,512,3418,2021.266,10432,3765,,,289,404,,
NODE_0000596,769,3418,2021.266,10432,3765,,,310,404,,
NODE_0000596,1794,3418,2021.266,10432,3765,,,394,404,,
NODE_0000596,1669,3418,2021.266,10432,3765,,,313,404,,
NODE_0000596,2569,3418,2021.266,10432,3765,,,343,404,,
NODE_0000596,2699,3418,2021.266,10432,3765,,,363,404,,
NODE_0000596,3418,3596,2021.266,3765,10432,,,404,392,,
NODE_0000596,2192,3418,2021.266,10432,3765,,,421,404,,
NODE_0000596,2193,3418,2021.266,10432,3765,,,420,404,,
NODE_0000596,2838,3418,2021.266,10432,3765,,,360,404,,
NODE_0000596,536,3418,2021.266,10432,3765,,,348,404,,
NODE_0000596,539,3418,2021.266,10432,3765,,,319,404,,
NODE_0000596,1691,3418,2021.266,10432,3765,,,324,404,,
NODE_0000596,670,3418,2021.266,10432,3765,,,267,404,,
NODE_0000596,164,3418,2021.266,10432,3765,,,170,404,,
NODE_0000596,1192,3418,2021.266,10432,3765,,,360,404,,
NODE_0000596,810,3418,2021.266,10432,3765,,,294,404,,
NODE_0000596,694,3418,2021.266,10432,3765,,,385,404,,
NODE_0000596,696,3418,2021.266,10432,3765,,,261,404,,
NODE_0000596,572,3418,2021.266,10432,3765,,,292,404,,
NODE_0000596,2882,3418,2021.266,10432,3765,,,355,404,,
NODE_0000596,837,3418,2021.266,10432,3765,,,288,404,,
NODE_0000596,709,3418,2021.266,10432,3765,,,286,404,,
NODE_0000596,968,3418,2021.266,10432,3765,,,286,404,,
NODE_0000596,2248,3418,2021.266,10432,3765,,,422,404,,
NODE_0000596,717,3418,2021.266,10432,3765,,,307,404,,
NODE_0000596,847,3418,2021.266,10432,3765,,,287,404,,
NODE_0000596,1616,3418,2021.266,10432,3765,,,306,404,,
NODE_0000596,465,3418,2021.266,10432,3765,,,227,404,,
NODE_0000596,1487,3418,2021.266,10432,3765,,,354,404,,
NODE_0000596,601,3418,2021.266,10432,3765,,,269,404,,
NODE_0000596,1882,3418,2021.266,10432,3765,,,304,404,,
NODE_0000596,2266,3418,2021.266,10432,3765,,,361,404,,
NODE_0000596,2015,3418,2021.266,10432,3765,,,359,404,,
NODE_0000596,482,3418,2021.266,10432,3765,,,229,404,,
NODE_0000596,1014,3418,2021.266,10432,3765,,,277,404,,
NODE_0000596,503,3418,2021.266,10432,3765,,,268,404,,
NODE_0000596,2040,3418,2021.266,10432,3765,,,347,404,,
NODE_0000596,2038,3418,2021.266,10432,3765,,,315,404,,
NODE_0000596,510,3418,2021.266,10432,3765,,,330,404,,
NODE_0000596,512,2914,2021.266,10432,3765,,,289,417,,
NODE_0000596,769,2914,2021.266,10432,3765,,,310,417,,
NODE_0000596,1794,2914,2021.266,10432,3765,,,394,417,,
NODE_0000596,1669,2914,2021.266,10432,3765,,,313,417,,
NODE_0000596,2569,2914,2021.266,10432,3765,,,343,417,,
NODE_0000596,2699,2914,2021.266,10432,3765,,,363,417,,
NODE_0000596,2914,3596,2021.266,3765,10432,,,417,392,,
NODE_0000596,2192,2914,2021.266,10432,3765,,,421,417,,
NODE_0000596,2193,2914,2021.266,10432,3765,,,420,417,,
NODE_0000596,2838,2914,2021.266,10432,3765,,,360,417,,
NODE_0000596,536,2914,2021.266,10432,3765,,,348,417,,
NODE_0000596,539,2914,2021.266,10432,3765,,,319,417,,
NODE_0000596,1691,2914,2021.266,10432,3765,,,324,417,,
NODE_0000596,670,2914,2021.266,10432,3765,,,267,417,,
NODE_0000596,164,2914,2021.266,10432,3765,,,170,417,,
NODE_0000596,1192,2914,2021.266,10432,3765,,,360,417,,
NODE_0000596,810,2914,2021.266,10432,3765,,,294,417,,
NODE_0000596,694,2914,2021.266,10432,3765,,,385,417,,
NODE_0000596,696,2914,2021.266,10432,3765,,,261,417,,
NODE_0000596,572,2914,2021.266,10432,3765,,,292,417,,
NODE_0000596,2882,2914,2021.266,10432,3765,,,355,417,,
NODE_0000596,837,2914,2021.266,10432,3765,,,288,417,,
NODE_0000596,709,2914,2021.266,10432,3765,,,286,417,,
NODE_0000596,968,2914,2021.266,10432,3765,,,286,417,,
NODE_0000596,2248,2914,2021.266,10432,3765,,,422,417,,
NODE_0000596,717,2914,2021.266,10432,3765,,,307,417,,
NODE_0000596,847,2914,2021.266,10432,3765,,,287,417,,
NODE_0000596,1616,2914,2021.266,10432,3765,,,306,417,,
NODE_0000596,465,2914,2021.266,10432,3765,,,227,417,,
NODE_0000596,1487,2914,2021.266,10432,3765,,,354,417,,
NODE_0000596,601,2914,2021.266,10432,3765,,,269,417,,
NODE_0000596,1882,2914,2021.266,10432,3765,,,304,417,,
NODE_0000596,2266,2914,2021.266,10432,3765,,,361,417,,
NODE_0000596,2015,2914,2021.266,10432,3765,,,359,417,,
NODE_0000596,482,2914,2021.266,10432,3765,,,229,417,,
NODE_0000596,1014,2914,2021.266,10432,3765,,,277,417,,
NODE_0000596,503,2914,2021.266,10432,3765,,,268,417,,
NODE_0000596,2040,2914,2021.266,10432,3765,,,347,417,,
NODE_0000596,2038,2914,2021.266,10432,3765,,,315,417,,
NODE_0000596,510,2914,2021.266,10432,3765,,,330,417,,
NODE_0000596,512,866,2021.266,10432,3765,,,289,286,,
NODE_0000596,769,866,2021.266,10432,3765,,,310,286,,
NODE_0000596,866,1794,2021.266,3765,10432,,,286,394,,
NODE_0000596,866,1669,2021.266,3765,10432,,,286,313,,
NODE_0000596,866,2569,2021.266,3765,10432,,,286,343,,
NODE_0000596,866,2699,2021.266,3765,10432,,,286,363,,
NODE_0000596,866,3596,2021.266,3765,10432,,,286,392,,
NODE_0000596,866,2192,2021.266,3765,10432,,,286,421,,
NODE_0000596,866,2193,2021.266,3765,10432,,,286,420,,
NODE_0000596,866,2838,2021.266,3765,10432,,,286,360,,
NODE_0000596,536,866,2021.266,10432,3765,,,348,286,,
NODE_0000596,539,866,2021.266,10432,3765,,,319,286,,
NODE_0000596,866,1691,2021.266,3765,10432,,,286,324,,
NODE_0000596,670,866,2021.266,10432,3765,,,267,286,,
NODE_0000596,164,866,2021.266,10432,3765,,,170,286,,
NODE_0000596,866,1192,2021.266,3765,10432,,,286,360,,
NODE_0000596,810,866,2021.266,10432,3765,,,294,286,,
NODE_0000596,694,866,2021.266,10432,3765,,,385,286,,
NODE_0000596,696,866,2021.266,10432,3765,,,261,286,,
NODE_0000596,572,866,2021.266,10432,3765,,,292,286,,
NODE_0000596,866,2882,2021.266,3765,10432,,,286,355,,
NODE_0000596,837,866,2021.266,10432,3765,,,288,286,,
NODE_0000596,709,866,2021.266,10432,3765,,,286,286,,
NODE_0000596,866,968,2021.266,3765,10432,,,286,286,,
NODE_0000596,866,2248,2021.266,3765,10432,,,286,422,,
NODE_0000596,717,866,2021.266,10432,3765,,,307,286,,
NODE_0000596,847,866,2021.266,10432,3765,,,287,286,,
NODE_0000596,866,1616,2021.266,3765,10432,,,286,306,,
NODE_0000596,465,866,2021.266,10432,3765,,,227,286,,
NODE_0000596,866,1487,2021.266,3765,10432,,,286,354,,
NODE_0000596,601,866,2021.266,10432,3765,,,269,286,,
NODE_0000596,866,1882,2021.266,3765,10432,,,286,304,,
NODE_0000596,866,2266,2021.266,3765,10432,,,286,361,,
NODE_0000596,866,2015,2021.266,3765,10432,,,286,359,,
NODE_0000596,482,866,2021.266,10432,3765,,,229,286,,
NODE_0000596,866,1014,2021.266,3765,10432,,,286,277,,
NODE_0000596,503,866,2021.266,10432,3765,,,268,286,,
NODE_0000596,866,2040,2021.266,3765,10432,,,286,347,,
NODE_0000596,866,2038,2021.266,3765,10432,,,286,315,,
NODE_0000596,510,866,2021.266,10432,3765,,,330,286,,
NODE_0000596,512,3172,2021.266,10432,3765,,,289,417,,
NODE_0000596,769,3172,2021.266,10432,3765,,,310,417,,
NODE_0000596,1794,3172,2021.266,10432,3765,,,394,417,,
NODE_0000596,1669,3172,2021.266,10432,3765,,,313,417,,
NODE_0000596,2569,3172,2021.266,10432,3765,,,343,417,,
NODE_0000596,2699,3172,2021.266,10432,3765,,,363,417,,
NODE_0000596,3172,3596,2021.266,3765,10432,,,417,392,,
NODE_0000596,2192,3172,2021.266,10432,3765,,,421,417,,
NODE_0000596,2193,3172,2021.266,10432,3765,,,420,417,,
NODE_0000596,2838,3172,2021.266,10432,3765,,,360,417,,
NODE_0000596,536,3172,2021.266,10432,3765,,,348,417,,
NODE_0000596,539,3172,2021.266,10432,3765,,,319,417,,
NODE_0000596,1691,3172,2021.266,10432,3765,,,324,417,,
NODE_0000596,670,3172,2021.266,10432,3765,,,267,417,,
NODE_0000596,164,3172,2021.266,10432,3765,,,170,417,,
NODE_0000596,1192,3172,2021.266,10432,3765,,,360,417,,
NODE_0000596,810,3172,2021.266,10432,3765,,,294,417,,
NODE_0000596,694,3172,2021.266,10432,3765,,,385,417,,
NODE_0000596,696,3172,2021.266,10432,3765,,,261,417,,
NODE_0000596,572,3172,2021.266,10432,3765,,,292,417,,
NODE_0000596,2882,3172,2021.266,10432,3765,,,355,417,,
NODE_0000596,837,3172,2021.266,10432,3765,,,288,417,,
NODE_0000596,709,3172,2021.266,10432,3765,,,286,417,,
NODE_0000596,968,3172,2021.266,10432,3765,,,286,417,,
NODE_0000596,2248,3172,2021.266,10432,3765,,,422,417,,
NODE_0000596,717,3172,2021.266,10432,3765,,,307,417,,
NODE_0000596,847,3172,2021.266,10432,3765,,,287,417,,
NODE_0000596,1616,3172,2021.266,10432,3765,,,306,417,,
NODE_0000596,465,3172,2021.266,10432,3765,,,227,417,,
NODE_0000596,1487,3172,2021.266,10432,3765,,,354,417,,
NODE_0000596,601,3172,2021.266,10432,3765,,,269,417,,
NODE_0000596,1882,3172,2021.266,10432,3765,,,304,417,,
NODE_0000596,2266,3172,2021.266,10432,3765,,,361,417,,
NODE_0000596,2015,3172,2021.266,10432,3765,,,359,417,,
NODE_0000596,482,3172,2021.266,10432,3765,,,229,417,,
NODE_0000596,1014,3172,2021.266,10432,3765,,,277,417,,
NODE_0000596,503,3172,2021.266,10432,3765,,,268,417,,
NODE_0000596,2040,3172,2021.266,10432,3765,,,347,417,,
NODE_0000596,2038,3172,2021.266,10432,3765,,,315,417,,
NODE_0000596,510,3172,2021.266,10432,3765,,,330,417,,
NODE_0000596,512,1639,2021.266,10432,3765,,,289,379,,
NODE_0000596,769,1639,2021.266,10432,3765,,,310,379,,
NODE_0000596,1639,1794,2021.266,3765,10432,,,379,394,,
NODE_0000596,1639,1669,2021.266,3765,10432,,,379,313,,
NODE_0000596,1639,2569,2021.266,3765,10432,,,379,343,,
NODE_0000596,1639,2699,2021.266,3765,10432,,,379,363,,
NODE_0000596,1639,3596,2021.266,3765,10432,,,379,392,,
NODE_0000596,1639,2192,2021.266,3765,10432,,,379,421,,
NODE_0000596,1639,2193,2021.266,3765,10432,,,379,420,,
NODE_0000596,1639,2838,2021.266,3765,10432,,,379,360,,
NODE_0000596,536,1639,2021.266,10432,3765,,,348,379,,
NODE_0000596,539,1639,2021.266,10432,3765,,,319,379,,
NODE_0000596,1639,1691,2021.266,3765,10432,,,379,324,,
NODE_0000596,670,1639,2021.266,10432,3765,,,267,379,,
NODE_0000596,164,1639,2021.266,10432,3765,,,170,379,,
NODE_0000596,1192,1639,2021.266,10432,3765,,,360,379,,
NODE_0000596,810,1639,2021.266,10432,3765,,,294,379,,
NODE_0000596,694,1639,2021.266,10432,3765,,,385,379,,
NODE_0000596,696,1639,2021.266,10432,3765,,,261,379,,
NODE_0000596,572,1639,2021.266,10432,3765,,,292,379,,
NODE_0000596,1639,2882,2021.266,3765,10432,,,379,355,,
NODE_0000596,837,1639,2021.266,10432,3765,,,288,379,,
NODE_0000596,709,1639,2021.266,10432,3765,,,286,379,,
NODE_0000596,968,1639,2021.266,10432,3765,,,286,379,,
NODE_0000596,1639,2248,2021.266,3765,10432,,,379,422,,
NODE_0000596,717,1639,2021.266,10432,3765,,,307,379,,
NODE_0000596,847,1639,2021.266,10432,3765,,,287,379,,
NODE_0000596,1616,1639,2021.266,10432,3765,,,306,379,,
NODE_0000596,465,1639,2021.266,10432,3765,,,227,379,,
NODE_0000596,1487,1639,2021.266,10432,3765,,,354,379,,
NODE_0000596,601,1639,2021.266,10432,3765,,,269,379,,
NODE_0000596,1639,1882,2021.266,3765,10432,,,379,304,,
NODE_0000596,1639,2266,2021.266,3765,10432,,,379,361,,
NODE_0000596,1639,2015,2021.266,3765,10432,,,379,359,,
NODE_0000596,482,1639,2021.266,10432,3765,,,229,379,,
NODE_0000596,1014,1639,2021.266,10432,3765,,,277,379,,
NODE_0000596,503,1639,2021.266,10432,3765,,,268,379,,
NODE_0000596,1639,2040,2021.266,3765,10432,,,379,347,,
NODE_0000596,1639,2038,2021.266,3765,10432,,,379,315,,
NODE_0000596,510,1639,2021.266,10432,3765,,,330,379,,
NODE_0000596,512,616,2021.266,10432,3765,,,289,248,,
NODE_0000596,616,769,2021.266,3765,10432,,,248,310,,
NODE_0000596,616,1794,2021.266,3765,10432,,,248,394,,
NODE_0000596,616,1669,2021.266,3765,10432,,,248,313,,
NODE_0000596,616,2569,2021.266,3765,10432,,,248,343,,
NODE_0000596,616,2699,2021.266,3765,10432,,,248,363,,
NODE_0000596,616,3596,2021.266,3765,10432,,,248,392,,
NODE_0000596,616,2192,2021.266,3765,10432,,,248,421,,
NODE_0000596,616,2193,2021.266,3765,10432,,,248,420,,
NODE_0000596,616,2838,2021.266,3765,10432,,,248,360,,
NODE_0000596,536,616,2021.266,10432,3765,,,348,248,,
NODE_0000596,539,616,2021.266,10432,3765,,,319,248,,
NODE_0000596,616,1691,2021.266,3765,10432,,,248,324,,
NODE_0000596,616,670,2021.266,3765,10432,,,248,267,,
NODE_0000596,164,616,2021.266,10432,3765,,,170,248,,
NODE_0000596,616,1192,2021.266,3765,10432,,,248,360,,
NODE_0000596,616,810,2021.266,3765,10432,,,248,294,,
NODE_0000596,616,694,2021.266,3765,10432,,,248,385,,
NODE_0000596,616,696,2021.266,3765,10432,,,248,261,,
NODE_0000596,572,616,2021.266,10432,3765,,,292,248,,
NODE_0000596,616,2882,2021.266,3765,10432,,,248,355,,
NODE_0000596,616,837,2021.266,3765,10432,,,248,288,,
NODE_0000596,616,709,2021.266,3765,10432,,,248,286,,
NODE_0000596,616,968,2021.266,3765,10432,,,248,286,,
NODE_0000596,616,2248,2021.266,3765,10432,,,248,422,,
NODE_0000596,616,717,2021.266,3765,10432,,,248,307,,
NODE_0000596,616,847,2021.266,3765,10432,,,248,287,,
NODE_0000596,616,1616,2021.266,3765,10432,,,248,306,,
NODE_0000596,465,616,2021.266,10432,3765,,,227,248,,
NODE_0000596,616,1487,2021.266,3765,10432,,,248,354,,
NODE_0000596,601,616,2021.266,10432,3765,,,269,248,,
NODE_0000596,616,1882,2021.266,3765,10432,,,248,304,,
NODE_0000596,616,2266,2021.266,3765,10432,,,248,361,,
NODE_0000596,616,2015,2021.266,3765,10432,,,248,359,,
NODE_0000596,482,616,2021.266,10432,3765,,,229,248,,
NODE_0000596,616,1014,2021.266,3765,10432,,,248,277,,
NODE_0000596,503,616,2021.266,10432,3765,,,268,248,,
NODE_0000596,616,2040,2021.266,3765,10432,,,248,347,,
NODE_0000596,616,2038,2021.266,3765,10432,,,248,315,,
NODE_0000596,510,616,2021.266,10432,3765,,,330,248,,
NODE_0000596,512,620,2021.266,10432,3765,,,289,259,,
NODE_0000596,620,769,2021.266,3765,10432,,,259,310,,
NODE_0000596,620,1794,2021.266,3765,10432,,,259,394,,
NODE_0000596,620,1669,2021.266,3765,10432,,,259,313,,
NODE_0000596,620,2569,2021.266,3765,10432,,,259,343,,
NODE_0000596,620,2699,2021.266,3765,10432,,,259,363,,
NODE_0000596,620,3596,2021.266,3765,10432,,,259,392,,
NODE_0000596,620,2192,2021.266,3765,10432,,,259,421,,
NODE_0000596,620,2193,2021.266,3765,10432,,,259,420,,
NODE_0000596,620,2838,2021.266,3765,10432,,,259,360,,
NODE_0000596,536,620,2021.266,10432,3765,,,348,259,,
NODE_0000596,539,620,2021.266,10432,3765,,,319,259,,
NODE_0000596,620,1691,2021.266,3765,10432,,,259,324,,
NODE_0000596,620,670,2021.266,3765,10432,,,259,267,,
NODE_0000596,164,620,2021.266,10432,3765,,,170,259,,
NODE_0000596,620,1192,2021.266,3765,10432,,,259,360,,
NODE_0000596,620,810,2021.266,3765,10432,,,259,294,,
NODE_0000596,620,694,2021.266,3765,10432,,,259,385,,
NODE_0000596,620,696,2021.266,3765,10432,,,259,261,,
NODE_0000596,572,620,2021.266,10432,3765,,,292,259,,
NODE_0000596,620,2882,2021.266,3765,10432,,,259,355,,
NODE_0000596,620,837,2021.266,3765,10432,,,259,288,,
NODE_0000596,620,709,2021.266,3765,10432,,,259,286,,
NODE_0000596,620,968,2021.266,3765,10432,,,259,286,,
NODE_0000596,620,2248,2021.266,3765,10432,,,259,422,,
NODE_0000596,620,717,2021.266,3765,10432,,,259,307,,
NODE_0000596,620,847,2021.266,3765,10432,,,259,287,,
NODE_0000596,620,1616,2021.266,3765,10432,,,259,306,,
NODE_0000596,465,620,2021.266,10432,3765,,,227,259,,
NODE_0000596,620,1487,2021.266,3765,10432,,,259,354,,
NODE_0000596,601,620,2021.266,10432,3765,,,269,259,,
NODE_0000596,620,1882,2021.266,3765,10432,,,259,304,,
NODE_0000596,620,2266,2021.266,3765,10432,,,259,361,,
NODE_0000596,620,2015,2021.266,3765,10432,,,259,359,,
NODE_0000596,482,620,2021.266,10432,3765,,,229,259,,
NODE_0000596,620,1014,2021.266,3765,10432,,,259,277,,
NODE_0000596,503,620,2021.266,10432,3765,,,268,259,,
NODE_0000596,620,2040,2021.266,3765,10432,,,259,347,,
NODE_0000596,620,2038,2021.266,3765,10432,,,259,315,,
NODE_0000596,510,620,2021.266,10432,3765,,,330,259,,
NODE_0000596,512,1903,2021.266,10432,3765,,,289,357,,
NODE_0000596,769,1903,2021.266,10432,3765,,,310,357,,
NODE_0000596,1794,1903,2021.266,10432,3765,,,394,357,,
NODE_0000596,1669,1903,2021.266,10432,3765,,,313,357,,
NODE_0000596,1903,2569,2021.266,3765,10432,,,357,343,,
NODE_0000596,1903,2699,2021.266,3765,10432,,,357,363,,
NODE_0000596,1903,3596,2021.266,3765,10432,,,357,392,,
NODE_0000596,1903,2192,2021.266,3765,10432,,,357,421,,
NODE_0000596,1903,2193,2021.266,3765,10432,,,357,420,,
NODE_0000596,1903,2838,2021.266,3765,10432,,,357,360,,
NODE_0000596,536,1903,2021.266,10432,3765,,,348,357,,
NODE_0000596,539,1903,2021.266,10432,3765,,,319,357,,
NODE_0000596,1691,1903,2021.266,10432,3765,,,324,357,,
NODE_0000596,670,1903,2021.266,10432,3765,,,267,357,,
NODE_0000596,164,1903,2021.266,10432,3765,,,170,357,,
NODE_0000596,1192,1903,2021.266,10432,3765,,,360,357,,
NODE_0000596,810,1903,2021.266,10432,3765,,,294,357,,
NODE_0000596,694,1903,2021.266,10432,3765,,,385,357,,
NODE_0000596,696,1903,2021.266,10432,3765,,,261,357,,
NODE_0000596,572,1903,2021.266,10432,3765,,,292,357,,
NODE_0000596,1903,2882,2021.266,3765,10432,,,357,355,,
NODE_0000596,837,1903,2021.266,10432,3765,,,288,357,,
NODE_0000596,709,1903,2021.266,10432,3765,,,286,357,,
NODE_0000596,968,1903,2021.266,10432,3765,,,286,357,,
NODE_0000596,1903,2248,2021.266,3765,10432,,,357,422,,
NODE_0000596,717,1903,2021.266,10432,3765,,,307,357,,
NODE_0000596,847,1903,2021.266,10432,3765,,,287,357,,
NODE_0000596,1616,1903,2021.266,10432,3765,,,306,357,,
NODE_0000596,465,1903,2021.266,10432,3765,,,227,357,,
NODE_0000596,1487,1903,2021.266,10432,3765,,,354,357,,
NODE_0000596,601,1903,2021.266,10432,3765,,,269,357,,
NODE_0000596,1882,1903,2021.266,10432,3765,,,304,357,,
NODE_0000596,1903,2266,2021.266,3765,10432,,,357,361,,
NODE_0000596,1903,2015,2021.266,3765,10432,,,357,359,,
NODE_0000596,482,1903,2021.266,10432,3765,,,229,357,,
NODE_0000596,1014,1903,2021.266,10432,3765,,,277,357,,
NODE_0000596,503,1903,2021.266,10432,3765,,,268,357,,
NODE_0000596,1903,2040,2021.266,3765,10432,,,357,347,,
NODE_0000596,1903,2038,2021.266,3765,10432,,,357,315,,
NODE_0000596,510,1903,2021.266,10432,3765,,,330,357,,
NODE_0000596,512,628,2021.266,10432,3765,,,289,268,,
NODE_0000596,628,769,2021.266,3765,10432,,,268,310,,
NODE_0000596,628,1794,2021.266,3765,10432,,,268,394,,
NODE_0000596,628,1669,2021.266,3765,10432,,,268,313,,
NODE_0000596,628,2569,2021.266,3765,10432,,,268,343,,
NODE_0000596,628,2699,2021.266,3765,10432,,,268,363,,
NODE_0000596,628,3596,2021.266,3765,10432,,,268,392,,
NODE_0000596,628,2192,2021.266,3765,10432,,,268,421,,
NODE_0000596,628,2193,2021.266,3765,10432,,,268,420,,
NODE_0000596,628,2838,2021.266,3765,10432,,,268,360,,
NODE_0000596,536,628,2021.266,10432,3765,,,348,268,,
NODE_0000596,539,628,2021.266,10432,3765,,,319,268,,
NODE_0000596,628,1691,2021.266,3765,10432,,,268,324,,
NODE_0000596,628,670,2021.266,3765,10432,,,268,267,,
NODE_0000596,164,628,2021.266,10432,3765,,,170,268,,
NODE_0000596,628,1192,2021.266,3765,10432,,,268,360,,
NODE_0000596,628,810,2021.266,3765,10432,,,268,294,,
NODE_0000596,628,694,2021.266,3765,10432,,,268,385,,
NODE_0000596,628,696,2021.266,3765,10432,,,268,261,,
NODE_0000596,572,628,2021.266,10432,3765,,,292,268,,
NODE_0000596,628,2882,2021.266,3765,10432,,,268,355,,
NODE_0000596,628,837,2021.266,3765,10432,,,268,288,,
NODE_0000596,628,709,2021.266,3765,10432,,,268,286,,
NODE_0000596,628,968,2021.266,3765,10432,,,268,286,,
NODE_0000596,628,2248,2021.266,3765,10432,,,268,422,,
NODE_0000596,628,717,2021.266,3765,10432,,,268,307,,
NODE_0000596,628,847,2021.266,3765,10432,,,268,287,,
NODE_0000596,628,1616,2021.266,3765,10432,,,268,306,,
NODE_0000596,465,628,2021.266,10432,3765,,,227,268,,
NODE_0000596,628,1487,2021.266,3765,10432,,,268,354,,
NODE_0000596,601,628,2021.266,10432,3765,,,269,268,,
NODE_0000596,628,1882,2021.266,3765,10432,,,268,304,,
NODE_0000596,628,2266,2021.266,3765,10432,,,268,361,,
NODE_0000596,628,2015,2021.266,3765,10432,,,268,359,,
NODE_0000596,482,628,2021.266,10432,3765,,,229,268,,
NODE_0000596,628,1014,2021.266,3765,10432,,,268,277,,
NODE_0000596,503,628,2021.266,10432,3765,,,268,268,,
NODE_0000596,628,2040,2021.266,3765,10432,,,268,347,,
NODE_0000596,628,2038,2021.266,3765,10432,,,268,315,,
NODE_0000596,510,628,2021.266,10432,3765,,,330,268,,
NODE_0000596,512,629,2021.266,10432,3765,,,289,268,,
NODE_0000596,629,769,2021.266,3765,10432,,,268,310,,
NODE_0000596,629,1794,2021.266,3765,10432,,,268,394,,
NODE_0000596,629,1669,2021.266,3765,10432,,,268,313,,
NODE_0000596,629,2569,2021.266,3765,10432,,,268,343,,
NODE_0000596,629,2699,2021.266,3765,10432,,,268,363,,
NODE_0000596,629,3596,2021.266,3765,10432,,,268,392,,
NODE_0000596,629,2192,2021.266,3765,10432,,,268,421,,
NODE_0000596,629,2193,2021.266,3765,10432,,,268,420,,
NODE_0000596,629,2838,2021.266,3765,10432,,,268,360,,
NODE_0000596,536,629,2021.266,10432,3765,,,348,268,,
NODE_0000596,539,629,2021.266,10432,3765,,,319,268,,
NODE_0000596,629,1691,2021.266,3765,10432,,,268,324,,
NODE_0000596,629,670,2021.266,3765,10432,,,268,267,,
NODE_0000596,164,629,2021.266,10432,3765,,,170,268,,
NODE_0000596,629,1192,2021.266,3765,10432,,,268,360,,
NODE_0000596,629,810,2021.266,3765,10432,,,268,294,,
NODE_0000596,629,694,2021.266,3765,10432,,,268,385,,
NODE_0000596,629,696,2021.266,3765,10432,,,268,261,,
NODE_0000596,572,629,2021.266,10432,3765,,,292,268,,
NODE_0000596,629,2882,2021.266,3765,10432,,,268,355,,
NODE_0000596,629,837,2021.266,3765,10432,,,268,288,,
NODE_0000596,629,709,2021.266,3765,10432,,,268,286,,
NODE_0000596,629,968,2021.266,3765,10432,,,268,286,,
NODE_0000596,629,2248,2021.266,3765,10432,,,268,422,,
NODE_0000596,629,717,2021.266,3765,10432,,,268,307,,
NODE_0000596,629,847,2021.266,3765,10432,,,268,287,,
NODE_0000596,629,1616,2021.266,3765,10432,,,268,306,,
NODE_0000596,465,629,2021.266,10432,3765,,,227,268,,
NODE_0000596,629,1487,2021.266,3765,10432,,,268,354,,
NODE_0000596,601,629,2021.266,10432,3765,,,269,268,,
NODE_0000596,629,1882,2021.266,3765,10432,,,268,304,,
NODE_0000596,629,2266,2021.266,3765,10432,,,268,361,,
NODE_0000596,629,2015,2021.266,3765,10432,,,268,359,,
NODE_0000596,482,629,2021.266,10432,3765,,,229,268,,
NODE_0000596,629,1014,2021.266,3765,10432,,,268,277,,
NODE_0000596,503,629,2021.266,10432,3765,,,268,268,,
NODE_0000596,629,2040,2021.266,3765,10432,,,268,347,,
NODE_0000596,629,2038,2021.266,3765,10432,,,268,315,,
NODE_0000596,510,629,2021.266,10432,3765,,,330,268,,
NODE_0000596,512,1145,2021.266,10432,3765,,,289,292,,
NODE_0000596,769,1145,2021.266,10432,3765,,,310,292,,
NODE_0000596,1145,1794,2021.266,3765,10432,,,292,394,,
NODE_0000596,1145,1669,2021.266,3765,10432,,,292,313,,
NODE_0000596,1145,2569,2021.266,3765,10432,,,292,343,,
NODE_0000596,1145,2699,2021.266,3765,10432,,,292,363,,
NODE_0000596,1145,3596,2021.266,3765,10432,,,292,392,,
NODE_0000596,1145,2192,2021.266,3765,10432,,,292,421,,
NODE_0000596,1145,2193,2021.266,3765,10432,,,292,420,,
NODE_0000596,1145,2838,2021.266,3765,10432,,,292,360,,
NODE_0000596,536,1145,2021.266,10432,3765,,,348,292,,
NODE_0000596,539,1145,2021.266,10432,3765,,,319,292,,
NODE_0000596,1145,1691,2021.266,3765,10432,,,292,324,,
NODE_0000596,670,1145,2021.266,10432,3765,,,267,292,,
NODE_0000596,164,1145,2021.266,10432,3765,,,170,292,,
NODE_0000596,1145,1192,2021.266,3765,10432,,,292,360,,
NODE_0000596,810,1145,2021.266,10432,3765,,,294,292,,
NODE_0000596,694,1145,2021.266,10432,3765,,,385,292,,
NODE_0000596,696,1145,2021.266,10432,3765,,,261,292,,
NODE_0000596,572,1145,2021.266,10432,3765,,,292,292,,
NODE_0000596,1145,2882,2021.266,3765,10432,,,292,355,,
NODE_0000596,837,1145,2021.266,10432,3765,,,288,292,,
NODE_0000596,709,1145,2021.266,10432,3765,,,286,292,,
NODE_0000596,968,1145,2021.266,10432,3765,,,286,292,,
NODE_0000596,1145,2248,2021.266,3765,10432,,,292,422,,
NODE_0000596,717,1145,2021.266,10432,3765,,,307,292,,
NODE_0000596,847,1145,2021.266,10432,3765,,,287,292,,
NODE_0000596,1145,1616,2021.266,3765,10432,,,292,306,,
NODE_0000596,465,1145,2021.266,10432,3765,,,227,292,,
NODE_0000596,1145,1487,2021.266,3765,10432,,,292,354,,
NODE_0000596,601,1145,2021.266,10432,3765,,,269,292,,
NODE_0000596,1145,1882,2021.266,3765,10432,,,292,304,,
NODE_0000596,1145,2266,2021.266,3765,10432,,,292,361,,
NODE_0000596,1145,2015,2021.266,3765,10432,,,292,359,,
NODE_0000596,482,1145,2021.266,10432,3765,,,229,292,,
NODE_0000596,1014,1145,2021.266,10432,3765,,,277,292,,
NODE_0000596,503,1145,2021.266,10432,3765,,,268,292,,
NODE_0000596,1145,2040,2021.266,3765,10432,,,292,347,,
NODE_0000596,1145,2038,2021.266,3765,10432,,,292,315,,
NODE_0000596,510,1145,2021.266,10432,3765,,,330,292,,
NODE_0000596,512,634,2021.266,10432,3765,,,289,274,,
NODE_0000596,634,769,2021.266,3765,10432,,,274,310,,
NODE_0000596,634,1794,2021.266,3765,10432,,,274,394,,
NODE_0000596,634,1669,2021.266,3765,10432,,,274,313,,
NODE_0000596,634,2569,2021.266,3765,10432,,,274,343,,
NODE_0000596,634,2699,2021.266,3765,10432,,,274,363,,
NODE_0000596,634,3596,2021.266,3765,10432,,,274,392,,
NODE_0000596,634,2192,2021.266,3765,10432,,,274,421,,
NODE_0000596,634,2193,2021.266,3765,10432,,,274,420,,
NODE_0000596,634,2838,2021.266,3765,10432,,,274,360,,
NODE_0000596,536,634,2021.266,10432,3765,,,348,274,,
NODE_0000596,539,634,2021.266,10432,3765,,,319,274,,
NODE_0000596,634,1691,2021.266,3765,10432,,,274,324,,
NODE_0000596,634,670,2021.266,3765,10432,,,274,267,,
NODE_0000596,164,634,2021.266,10432,3765,,,170,274,,
NODE_0000596,634,1192,2021.266,3765,10432,,,274,360,,
NODE_0000596,634,810,2021.266,3765,10432,,,274,294,,
NODE_0000596,634,694,2021.266,3765,10432,,,274,385,,
NODE_0000596,634,696,2021.266,3765,10432,,,274,261,,
NODE_0000596,572,634,2021.266,10432,3765,,,292,274,,
NODE_0000596,634,2882,2021.266,3765,10432,,,274,355,,
NODE_0000596,634,837,2021.266,3765,10432,,,274,288,,
NODE_0000596,634,709,2021.266,3765,10432,,,274,286,,
NODE_0000596,634,968,2021.266,3765,10432,,,274,286,,
NODE_0000596,634,2248,2021.266,3765,10432,,,274,422,,
NODE_0000596,634,717,2021.266,3765,10432,,,274,307,,
NODE_0000596,634,847,2021.266,3765,10432,,,274,287,,
NODE_0000596,634,1616,2021.266,3765,10432,,,274,306,,
NODE_0000596,465,634,2021.266,10432,3765,,,227,274,,
NODE_0000596,634,1487,2021.266,3765,10432,,,274,354,,
NODE_0000596,601,634,2021.266,10432,3765,,,269,274,,
NODE_0000596,634,1882,2021.266,3765,10432,,,274,304,,
NODE_0000596,634,2266,2021.266,3765,10432,,,274,361,,
NODE_0000596,634,2015,2021.266,3765,10432,,,274,359,,
NODE_0000596,482,634,2021.266,10432,3765,,,229,274,,
NODE_0000596,634,1014,2021.266,3765,10432,,,274,277,,
NODE_0000596,503,634,2021.266,10432,3765,,,268,274,,
NODE_0000596,634,2040,2021.266,3765,10432,,,274,347,,
NODE_0000596,634,2038,2021.266,3765,10432,,,274,315,,
NODE_0000596,510,634,2021.266,10432,3765,,,330,274,,
NODE_0000596,512,638,2021.266,10432,3765,,,289,265,,
NODE_0000596,638,769,2021.266,3765,10432,,,265,310,,
NODE_0000596,638,1794,2021.266,3765,10432,,,265,394,,
NODE_0000596,638,1669,2021.266,3765,10432,,,265,313,,
NODE_0000596,638,2569,2021.266,3765,10432,,,265,343,,
NODE_0000596,638,2699,2021.266,3765,10432,,,265,363,,
NODE_0000596,638,3596,2021.266,3765,10432,,,265,392,,
NODE_0000596,638,2192,2021.266,3765,10432,,,265,421,,
NODE_0000596,638,2193,2021.266,3765,10432,,,265,420,,
NODE_0000596,638,2838,2021.266,3765,10432,,,265,360,,
NODE_0000596,536,638,2021.266,10432,3765,,,348,265,,
NODE_0000596,539,638,2021.266,10432,3765,,,319,265,,
NODE_0000596,638,1691,2021.266,3765,10432,,,265,324,,
NODE_0000596,638,670,2021.266,3765,10432,,,265,267,,
NODE_0000596,164,638,2021.266,10432,3765,,,170,265,,
NODE_0000596,638,1192,2021.266,3765,10432,,,265,360,,
NODE_0000596,638,810,2021.266,3765,10432,,,265,294,,
NODE_0000596,638,694,2021.266,3765,10432,,,265,385,,
NODE_0000596,638,696,2021.266,3765,10432,,,265,261,,
NODE_0000596,572,638,2021.266,10432,3765,,,292,265,,
NODE_0000596,638,2882,2021.266,3765,10432,,,265,355,,
NODE_0000596,638,837,2021.266,3765,10432,,,265,288,,
NODE_0000596,638,709,2021.266,3765,10432,,,265,286,,
NODE_0000596,638,968,2021.266,3765,10432,,,265,286,,
NODE_0000596,638,2248,2021.266,3765,10432,,,265,422,,
NODE_0000596,638,717,2021.266,3765,10432,,,265,307,,
NODE_0000596,638,847,2021.266,3765,10432,,,265,287,,
NODE_0000596,638,1616,2021.266,3765,10432,,,265,306,,
NODE_0000596,465,638,2021.266,10432,3765,,,227,265,,
NODE_0000596,638,1487,2021.266,3765,10432,,,265,354,,
NODE_0000596,601,638,2021.266,10432,3765,,,269,265,,
NODE_0000596,638,1882,2021.266,3765,10432,,,265,304,,
NODE_0000596,638,2266,2021.266,3765,10432,,,265,361,,
NODE_0000596,638,2015,2021.266,3765,10432,,,265,359,,
NODE_0000596,482,638,2021.266,10432,3765,,,229,265,,
NODE_0000596,638,1014,2021.266,3765,10432,,,265,277,,
NODE_0000596,503,638,2021.266,10432,3765,,,268,265,,
NODE_0000596,638,2040,2021.266,3765,10432,,,265,347,,
NODE_0000596,638,2038,2021.266,3765,10432,,,265,315,,
NODE_0000596,510,638,2021.266,10432,3765,,,330,265,,
NODE_0000596,512,2182,2021.266,10432,3765,,,289,407,,
NODE_0000596,769,2182,2021.266,10432,3765,,,310,407,,
NODE_0000596,1794,2182,2021.266,10432,3765,,,394,407,,
NODE_0000596,1669,2182,2021.266,10432,3765,,,313,407,,
NODE_0000596,2182,2569,2021.266,3765,10432,,,407,343,,
NODE_0000596,2182,2699,2021.266,3765,10432,,,407,363,,
NODE_0000596,2182,3596,2021.266,3765,10432,,,407,392,,
NODE_0000596,2182,2192,2021.266,3765,10432,,,407,421,,
NODE_0000596,2182,2193,2021.266,3765,10432,,,407,420,,
NODE_0000596,2182,2838,2021.266,3765,10432,,,407,360,,
NODE_0000596,536,2182,2021.266,10432,3765,,,348,407,,
NODE_0000596,539,2182,2021.266,10432,3765,,,319,407,,
NODE_0000596,1691,2182,2021.266,10432,3765,,,324,407,,
NODE_0000596,670,2182,2021.266,10432,3765,,,267,407,,
NODE_0000596,164,2182,2021.266,10432,3765,,,170,407,,
NODE_0000596,1192,2182,2021.266,10432,3765,,,360,407,,
NODE_0000596,810,2182,2021.266,10432,3765,,,294,407,,
NODE_0000596,694,2182,2021.266,10432,3765,,,385,407,,
NODE_0000596,696,2182,2021.266,10432,3765,,,261,407,,
NODE_0000596,572,2182,2021.266,10432,3765,,,292,407,,
NODE_0000596,2182,2882,2021.266,3765,10432,,,407,355,,
NODE_0000596,837,2182,2021.266,10432,3765,,,288,407,,
NODE_0000596,709,2182,2021.266,10432,3765,,,286,407,,
NODE_0000596,968,2182,2021.266,10432,3765,,,286,407,,
NODE_0000596,2182,2248,2021.266,3765,10432,,,407,422,,
NODE_0000596,717,2182,2021.266,10432,3765,,,307,407,,
NODE_0000596,847,2182,2021.266,10432,3765,,,287,407,,
NODE_0000596,1616,2182,2021.266,10432,3765,,,306,407,,
NODE_0000596,465,2182,2021.266,10432,3765,,,227,407,,
NODE_0000596,1487,2182,2021.266,10432,3765,,,354,407,,
NODE_0000596,601,2182,2021.266,10432,3765,,,269,407,,
NODE_0000596,1882,2182,2021.266,10432,3765,,,304,407,,
NODE_0000596,2182,2266,2021.266,3765,10432,,,407,361,,
NODE_0000596,2015,2182,2021.266,10432,3765,,,359,407,,
NODE_0000596,482,2182,2021.266,10432,3765,,,229,407,,
NODE_0000596,1014,2182,2021.266,10432,3765,,,277,407,,
NODE_0000596,503,2182,2021.266,10432,3765,,,268,407,,
NODE_0000596,2040,2182,2021.266,10432,3765,,,347,407,,
NODE_0000596,2038,2182,2021.266,10432,3765,,,315,407,,
NODE_0000596,510,2182,2021.266,10432,3765,,,330,407,,
NODE_0000596,136,512,2021.266,3765,10432,,,170,289,,
NODE_0000596,136,769,2021.266,3765,10432,,,170,310,,
NODE_0000596,136,1794,2021.266,3765,10432,,,170,394,,
NODE_0000596,136,1669,2021.266,3765,10432,,,170,313,,
NODE_0000596,136,2569,2021.266,3765,10432,,,170,343,,
NODE_0000596,136,2699,2021.266,3765,10432,,,170,363,,
NODE_0000596,136,3596,2021.266,3765,10432,,,170,392,,
NODE_0000596,136,2192,2021.266,3765,10432,,,170,421,,
NODE_0000596,136,2193,2021.266,3765,10432,,,170,420,,
NODE_0000596,136,2838,2021.266,3765,10432,,,170,360,,
NODE_0000596,136,536,2021.266,3765,10432,,,170,348,,
NODE_0000596,136,539,2021.266,3765,10432,,,170,319,,
NODE_0000596,136,1691,2021.266,3765,10432,,,170,324,,
NODE_0000596,136,670,2021.266,3765,10432,,,170,267,,
NODE_0000596,136,164,2021.266,3765,10432,,,170,170,,
NODE_0000596,136,1192,2021.266,3765,10432,,,170,360,,
NODE_0000596,136,810,2021.266,3765,10432,,,170,294,,
NODE_0000596,136,694,2021.266,3765,10432,,,170,385,,
NODE_0000596,136,696,2021.266,3765,10432,,,170,261,,
NODE_0000596,136,572,2021.266,3765,10432,,,170,292,,
NODE_0000596,136,2882,2021.266,3765,10432,,,170,355,,
NODE_0000596,136,837,2021.266,3765,10432,,,170,288,,
NODE_0000596,136,709,2021.266,3765,10432,,,170,286,,
NODE_0000596,136,968,2021.266,3765,10432,,,170,286,,
NODE_0000596,136,2248,2021.266,3765,10432,,,170,422,,
NODE_0000596,136,717,2021.266,3765,10432,,,170,307,,
NODE_0000596,136,847,2021.266,3765,10432,,,170,287,,
NODE_0000596,136,1616,2021.266,3765,10432,,,170,306,,
NODE_0000596,136,465,2021.266,3765,10432,,,170,227,,
NODE_0000596,136,1487,2021.266,3765,10432,,,170,354,,
NODE_0000596,136,601,2021.266,3765,10432,,,170,269,,
NODE_0000596,136,1882,2021.266,3765,10432,,,170,304,,
NODE_0000596,136,2266,2021.266,3765,10432,,,170,361,,
NODE_0000596,136,2015,2021.266,3765,10432,,,170,359,,
NODE_0000596,136,482,2021.266,3765,10432,,,170,229,,
NODE_0000596,136,1014,2021.266,3765,10432,,,170,277,,
NODE_0000596,136,503,2021.266,3765,10432,,,170,268,,
NODE_0000596,136,2040,2021.266,3765,10432,,,170,347,,
NODE_0000596,136,2038,2021.266,3765,10432,,,170,315,,
NODE_0000596,136,510,2021.266,3765,10432,,,170,330,,
NODE_0000596,512,914,2021.266,10432,3765,,,289,290,,
NODE_0000596,769,914,2021.266,10432,3765,,,310,290,,
NODE_0000596,914,1794,2021.266,3765,10432,,,290,394,,
NODE_0000596,914,1669,2021.266,3765,10432,,,290,313,,
NODE_0000596,914,2569,2021.266,3765,10432,,,290,343,,
NODE_0000596,914,2699,2021.266,3765,10432,,,290,363,,
NODE_0000596,914,3596,2021.266,3765,10432,,,290,392,,
NODE_0000596,914,2192,2021.266,3765,10432,,,290,421,,
NODE_0000596,914,2193,2021.266,3765,10432,,,290,420,,
NODE_0000596,914,2838,2021.266,3765,10432,,,290,360,,
NODE_0000596,536,914,2021.266,10432,3765,,,348,290,,
NODE_0000596,539,914,2021.266,10432,3765,,,319,290,,
NODE_0000596,914,1691,2021.266,3765,10432,,,290,324,,
NODE_0000596,670,914,2021.266,10432,3765,,,267,290,,
NODE_0000596,164,914,2021.266,10432,3765,,,170,290,,
NODE_0000596,914,1192,2021.266,3765,10432,,,290,360,,
NODE_0000596,810,914,2021.266,10432,3765,,,294,290,,
NODE_0000596,694,914,2021.266,10432,3765,,,385,290,,
NODE_0000596,696,914,2021.266,10432,3765,,,261,290,,
NODE_0000596,572,914,2021.266,10432,3765,,,292,290,,
NODE_0000596,914,2882,2021.266,3765,10432,,,290,355,,
NODE_0000596,837,914,2021.266,10432,3765,,,288,290,,
NODE_0000596,709,914,2021.266,10432,3765,,,286,290,,
NODE_0000596,914,968,2021.266,3765,10432,,,290,286,,
NODE_0000596,914,2248,2021.266,3765,10432,,,290,422,,
NODE_0000596,717,914,2021.266,10432,3765,,,307,290,,
NODE_0000596,847,914,2021.266,10432,3765,,,287,290,,
NODE_0000596,914,1616,2021.266,3765,10432,,,290,306,,
NODE_0000596,465,914,2021.266,10432,3765,,,227,290,,
NODE_0000596,914,1487,2021.266,3765,10432,,,290,354,,
NODE_0000596,601,914,2021.266,10432,3765,,,269,290,,
NODE_0000596,914,1882,2021.266,3765,10432,,,290,304,,
NODE_0000596,914,2266,2021.266,3765,10432,,,290,361,,
NODE_0000596,914,2015,2021.266,3765,10432,,,290,359,,
NODE_0000596,482,914,2021.266,10432,3765,,,229,290,,
NODE_0000596,914,1014,2021.266,3765,10432,,,290,277,,
NODE_0000596,503,914,2021.266,10432,3765,,,268,290,,
NODE_0000596,914,2040,2021.266,3765,10432,,,290,347,,
NODE_0000596,914,2038,2021.266,3765,10432,,,290,315,,
NODE_0000596,510,914,2021.266,10432,3765,,,330,290,,
NODE_0000596,512,917,2021.266,10432,3765,,,289,396,,
NODE_0000596,769,917,2021.266,10432,3765,,,310,396,,
NODE_0000596,917,1794,2021.266,3765,10432,,,396,394,,
NODE_0000596,917,1669,2021.266,3765,10432,,,396,313,,
NODE_0000596,917,2569,2021.266,3765,10432,,,396,343,,
NODE_0000596,917,2699,2021.266,3765,10432,,,396,363,,
NODE_0000596,917,3596,2021.266,3765,10432,,,396,392,,
NODE_0000596,917,2192,2021.266,3765,10432,,,396,421,,
NODE_0000596,917,2193,2021.266,3765,10432,,,396,420,,
NODE_0000596,917,2838,2021.266,3765,10432,,,396,360,,
NODE_0000596,536,917,2021.266,10432,3765,,,348,396,,
NODE_0000596,539,917,2021.266,10432,3765,,,319,396,,
NODE_0000596,917,1691,2021.266,3765,10432,,,396,324,,
NODE_0000596,670,917,2021.266,10432,3765,,,267,396,,
NODE_0000596,164,917,2021.266,10432,3765,,,170,396,,
NODE_0000596,917,1192,2021.266,3765,10432,,,396,360,,
NODE_0000596,810,917,2021.266,10432,3765,,,294,396,,
NODE_0000596,694,917,2021.266,10432,3765,,,385,396,,
NODE_0000596,696,917,2021.266,10432,3765,,,261,396,,
NODE_0000596,572,917,2021.266,10432,3765,,,292,396,,
NODE_0000596,917,2882,2021.266,3765,10432,,,396,355,,
NODE_0000596,837,917,2021.266,10432,3765,,,288,396,,
NODE_0000596,709,917,2021.266,10432,3765,,,286,396,,
NODE_0000596,917,968,2021.266,3765,10432,,,396,286,,
NODE_0000596,917,2248,2021.266,3765,10432,,,396,422,,
NODE_0000596,717,917,2021.266,10432,3765,,,307,396,,
NODE_0000596,847,917,2021.266,10432,3765,,,287,396,,
NODE_0000596,917,1616,2021.266,3765,10432,,,396,306,,
NODE_0000596,465,917,2021.266,10432,3765,,,227,396,,
NODE_0000596,917,1487,2021.266,3765,10432,,,396,354,,
NODE_0000596,601,917,2021.266,10432,3765,,,269,396,,
NODE_0000596,917,1882,2021.266,3765,10432,,,396,304,,
NODE_0000596,917,2266,2021.266,3765,10432,,,396,361,,
NODE_0000596,917,2015,2021.266,3765,10432,,,396,359,,
NODE_0000596,482,917,2021.266,10432,3765,,,229,396,,
NODE_0000596,917,1014,2021.266,3765,10432,,,396,277,,
NODE_0000596,503,917,2021.266,10432,3765,,,268,396,,
NODE_0000596,917,2040,2021.266,3765,10432,,,396,347,,
NODE_0000596,917,2038,2021.266,3765,10432,,,396,315,,
NODE_0000596,510,917,2021.266,10432,3765,,,330,396,,
NODE_0000596,512,919,2021.266,10432,3765,,,289,292,,
NODE_0000596,769,919,2021.266,10432,3765,,,310,292,,
NODE_0000596,919,1794,2021.266,3765,10432,,,292,394,,
NODE_0000596,919,1669,2021.266,3765,10432,,,292,313,,
NODE_0000596,919,2569,2021.266,3765,10432,,,292,343,,
NODE_0000596,919,2699,2021.266,3765,10432,,,292,363,,
NODE_0000596,919,3596,2021.266,3765,10432,,,292,392,,
NODE_0000596,919,2192,2021.266,3765,10432,,,292,421,,
NODE_0000596,919,2193,2021.266,3765,10432,,,292,420,,
NODE_0000596,919,2838,2021.266,3765,10432,,,292,360,,
NODE_0000596,536,919,2021.266,10432,3765,,,348,292,,
NODE_0000596,539,919,2021.266,10432,3765,,,319,292,,
NODE_0000596,919,1691,2021.266,3765,10432,,,292,324,,
NODE_0000596,670,919,2021.266,10432,3765,,,267,292,,
NODE_0000596,164,919,2021.266,10432,3765,,,170,292,,
NODE_0000596,919,1192,2021.266,3765,10432,,,292,360,,
NODE_0000596,810,919,2021.266,10432,3765,,,294,292,,
NODE_0000596,694,919,2021.266,10432,3765,,,385,292,,
NODE_0000596,696,919,2021.266,10432,3765,,,261,292,,
NODE_0000596,572,919,2021.266,10432,3765,,,292,292,,
NODE_0000596,919,2882,2021.266,3765,10432,,,292,355,,
NODE_0000596,837,919,2021.266,10432,3765,,,288,292,,
NODE_0000596,709,919,2021.266,10432,3765,,,286,292,,
NODE_0000596,919,968,2021.266,3765,10432,,,292,286,,
NODE_0000596,919,2248,2021.266,3765,10432,,,292,422,,
NODE_0000596,717,919,2021.266,10432,3765,,,307,292,,
NODE_0000596,847,919,2021.266,10432,3765,,,287,292,,
NODE_0000596,919,1616,2021.266,3765,10432,,,292,306,,
NODE_0000596,465,919,2021.266,10432,3765,,,227,292,,
NODE_0000596,919,1487,2021.266,3765,10432,,,292,354,,
NODE_0000596,601,919,2021.266,10432,3765,,,269,292,,
NODE_0000596,919,1882,2021.266,3765,10432,,,292,304,,
NODE_0000596,919,2266,2021.266,3765,10432,,,292,361,,
NODE_0000596,919,2015,2021.266,3765,10432,,,292,359,,
NODE_0000596,482,919,2021.266,10432,3765,,,229,292,,
NODE_0000596,919,1014,2021.266,3765,10432,,,292,277,,
NODE_0000596,503,919,2021.266,10432,3765,,,268,292,,
NODE_0000596,919,2040,2021.266,3765,10432,,,292,347,,
NODE_0000596,919,2038,2021.266,3765,10432,,,292,315,,
NODE_0000596,510,919,2021.266,10432,3765,,,330,292,,
NODE_0000596,512,665,2021.266,10432,3765,,,289,283,,
NODE_0000596,665,769,2021.266,3765,10432,,,283,310,,
NODE_0000596,665,1794,2021.266,3765,10432,,,283,394,,
NODE_0000596,665,1669,2021.266,3765,10432,,,283,313,,
NODE_0000596,665,2569,2021.266,3765,10432,,,283,343,,
NODE_0000596,665,2699,2021.266,3765,10432,,,283,363,,
NODE_0000596,665,3596,2021.266,3765,10432,,,283,392,,
NODE_0000596,665,2192,2021.266,3765,10432,,,283,421,,
NODE_0000596,665,2193,2021.266,3765,10432,,,283,420,,
NODE_0000596,665,2838,2021.266,3765,10432,,,283,360,,
NODE_0000596,536,665,2021.266,10432,3765,,,348,283,,
NODE_0000596,539,665,2021.266,10432,3765,,,319,283,,
NODE_0000596,665,1691,2021.266,3765,10432,,,283,324,,
NODE_0000596,665,670,2021.266,3765,10432,,,283,267,,
NODE_0000596,164,665,2021.266,10432,3765,,,170,283,,
NODE_0000596,665,1192,2021.266,3765,10432,,,283,360,,
NODE_0000596,665,810,2021.266,3765,10432,,,283,294,,
NODE_0000596,665,694,2021.266,3765,10432,,,283,385,,
NODE_0000596,665,696,2021.266,3765,10432,,,283,261,,
NODE_0000596,572,665,2021.266,10432,3765,,,292,283,,
NODE_0000596,665,2882,2021.266,3765,10432,,,283,355,,
NODE_0000596,665,837,2021.266,3765,10432,,,283,288,,
NODE_0000596,665,709,2021.266,3765,10432,,,283,286,,
NODE_0000596,665,968,2021.266,3765,10432,,,283,286,,
NODE_0000596,665,2248,2021.266,3765,10432,,,283,422,,
NODE_0000596,665,717,2021.266,3765,10432,,,283,307,,
NODE_0000596,665,847,2021.266,3765,10432,,,283,287,,
NODE_0000596,665,1616,2021.266,3765,10432,,,283,306,,
NODE_0000596,465,665,2021.266,10432,3765,,,227,283,,
NODE_0000596,665,1487,2021.266,3765,10432,,,283,354,,
NODE_0000596,601,665,2021.266,10432,3765,,,269,283,,
NODE_0000596,665,1882,2021.266,3765,10432,,,283,304,,
NODE_0000596,665,2266,2021.266,3765,10432,,,283,361,,
NODE_0000596,665,2015,2021.266,3765,10432,,,283,359,,
NODE_0000596,482,665,2021.266,10432,3765,,,229,283,,
NODE_0000596,665,1014,2021.266,3765,10432,,,283,277,,
NODE_0000596,503,665,2021.266,10432,3765,,,268,283,,
NODE_0000596,665,2040,2021.266,3765,10432,,,283,347,,
NODE_0000596,665,2038,2021.266,3765,10432,,,283,315,,
NODE_0000596,510,665,2021.266,10432,3765,,,330,283,,
NODE_0000596,512,673,2021.266,10432,3765,,,289,284,,
NODE_0000596,673,769,2021.266,3765,10432,,,284,310,,
NODE_0000596,673,1794,2021.266,3765,10432,,,284,394,,
NODE_0000596,673,1669,2021.266,3765,10432,,,284,313,,
NODE_0000596,673,2569,2021.266,3765,10432,,,284,343,,
NODE_0000596,673,2699,2021.266,3765,10432,,,284,363,,
NODE_0000596,673,3596,2021.266,3765,10432,,,284,392,,
NODE_0000596,673,2192,2021.266,3765,10432,,,284,421,,
NODE_0000596,673,2193,2021.266,3765,10432,,,284,420,,
NODE_0000596,673,2838,2021.266,3765,10432,,,284,360,,
NODE_0000596,536,673,2021.266,10432,3765,,,348,284,,
NODE_0000596,539,673,2021.266,10432,3765,,,319,284,,
NODE_0000596,673,1691,2021.266,3765,10432,,,284,324,,
NODE_0000596,670,673,2021.266,10432,3765,,,267,284,,
NODE_0000596,164,673,2021.266,10432,3765,,,170,284,,
NODE_0000596,673,1192,2021.266,3765,10432,,,284,360,,
NODE_0000596,673,810,2021.266,3765,10432,,,284,294,,
NODE_0000596,673,694,2021.266,3765,10432,,,284,385,,
NODE_0000596,673,696,2021.266,3765,10432,,,284,261,,
NODE_0000596,572,673,2021.266,10432,3765,,,292,284,,
NODE_0000596,673,2882,2021.266,3765,10432,,,284,355,,
NODE_0000596,673,837,2021.266,3765,10432,,,284,288,,
NODE_0000596,673,709,2021.266,3765,10432,,,284,286,,
NODE_0000596,673,968,2021.266,3765,10432,,,284,286,,
NODE_0000596,673,2248,2021.266,3765,10432,,,284,422,,
NODE_0000596,673,717,2021.266,3765,10432,,,284,307,,
NODE_0000596,673,847,2021.266,3765,10432,,,284,287,,
NODE_0000596,673,1616,2021.266,3765,10432,,,284,306,,
NODE_0000596,465,673,2021.266,10432,3765,,,227,284,,
NODE_0000596,673,1487,2021.266,3765,10432,,,284,354,,
NODE_0000596,601,673,2021.266,10432,3765,,,269,284,,
NODE_0000596,673,1882,2021.266,3765,10432,,,284,304,,
NODE_0000596,673,2266,2021.266,3765,10432,,,284,361,,
NODE_0000596,673,2015,2021.266,3765,10432,,,284,359,,
NODE_0000596,482,673,2021.266,10432,3765,,,229,284,,
NODE_0000596,673,1014,2021.266,3765,10432,,,284,277,,
NODE_0000596,503,673,2021.266,10432,3765,,,268,284,,
NODE_0000596,673,2040,2021.266,3765,10432,,,284,347,,
NODE_0000596,673,2038,2021.266,3765,10432,,,284,315,,
NODE_0000596,510,673,2021.266,10432,3765,,,330,284,,
NODE_0000596,512,674,2021.266,10432,3765,,,289,272,,
NODE_0000596,674,769,2021.266,3765,10432,,,272,310,,
NODE_0000596,674,1794,2021.266,3765,10432,,,272,394,,
NODE_0000596,674,1669,2021.266,3765,10432,,,272,313,,
NODE_0000596,674,2569,2021.266,3765,10432,,,272,343,,
NODE_0000596,674,2699,2021.266,3765,10432,,,272,363,,
NODE_0000596,674,3596,2021.266,3765,10432,,,272,392,,
NODE_0000596,674,2192,2021.266,3765,10432,,,272,421,,
NODE_0000596,674,2193,2021.266,3765,10432,,,272,420,,
NODE_0000596,674,2838,2021.266,3765,10432,,,272,360,,
NODE_0000596,536,674,2021.266,10432,3765,,,348,272,,
NODE_0000596,539,674,2021.266,10432,3765,,,319,272,,
NODE_0000596,674,1691,2021.266,3765,10432,,,272,324,,
NODE_0000596,670,674,2021.266,10432,3765,,,267,272,,
NODE_0000596,164,674,2021.266,10432,3765,,,170,272,,
NODE_0000596,674,1192,2021.266,3765,10432,,,272,360,,
NODE_0000596,674,810,2021.266,3765,10432,,,272,294,,
NODE_0000596,674,694,2021.266,3765,10432,,,272,385,,
NODE_0000596,674,696,2021.266,3765,10432,,,272,261,,
NODE_0000596,572,674,2021.266,10432,3765,,,292,272,,
NODE_0000596,674,2882,2021.266,3765,10432,,,272,355,,
NODE_0000596,674,837,2021.266,3765,10432,,,272,288,,
NODE_0000596,674,709,2021.266,3765,10432,,,272,286,,
NODE_0000596,674,968,2021.266,3765,10432,,,272,286,,
NODE_0000596,674,2248,2021.266,3765,10432,,,272,422,,
NODE_0000596,674,717,2021.266,3765,10432,,,272,307,,
NODE_0000596,674,847,2021.266,3765,10432,,,272,287,,
NODE_0000596,674,1616,2021.266,3765,10432,,,272,306,,
NODE_0000596,465,674,2021.266,10432,3765,,,227,272,,
NODE_0000596,674,1487,2021.266,3765,10432,,,272,354,,
NODE_0000596,601,674,2021.266,10432,3765,,,269,272,,
NODE_0000596,674,1882,2021.266,3765,10432,,,272,304,,
NODE_0000596,674,2266,2021.266,3765,10432,,,272,361,,
NODE_0000596,674,2015,2021.266,3765,10432,,,272,359,,
NODE_0000596,482,674,2021.266,10432,3765,,,229,272,,
NODE_0000596,674,1014,2021.266,3765,10432,,,272,277,,
NODE_0000596,503,674,2021.266,10432,3765,,,268,272,,
NODE_0000596,674,2040,2021.266,3765,10432,,,272,347,,
NODE_0000596,674,2038,2021.266,3765,10432,,,272,315,,
NODE_0000596,510,674,2021.266,10432,3765,,,330,272,,
NODE_0000596,512,675,2021.266,10432,3765,,,289,281,,
NODE_0000596,675,769,2021.266,3765,10432,,,281,310,,
NODE_0000596,675,1794,2021.266,3765,10432,,,281,394,,
NODE_0000596,675,1669,2021.266,3765,10432,,,281,313,,
NODE_0000596,675,2569,2021.266,3765,10432,,,281,343,,
NODE_0000596,675,2699,2021.266,3765,10432,,,281,363,,
NODE_0000596,675,3596,2021.266,3765,10432,,,281,392,,
NODE_0000596,675,2192,2021.266,3765,10432,,,281,421,,
NODE_0000596,675,2193,2021.266,3765,10432,,,281,420,,
NODE_0000596,675,2838,2021.266,3765,10432,,,281,360,,
NODE_0000596,536,675,2021.266,10432,3765,,,348,281,,
NODE_0000596,539,675,2021.266,10432,3765,,,319,281,,
NODE_0000596,675,1691,2021.266,3765,10432,,,281,324,,
NODE_0000596,670,675,2021.266,10432,3765,,,267,281,,
NODE_0000596,164,675,2021.266,10432,3765,,,170,281,,
NODE_0000596,675,1192,2021.266,3765,10432,,,281,360,,
NODE_0000596,675,810,2021.266,3765,10432,,,281,294,,
NODE_0000596,675,694,2021.266,3765,10432,,,281,385,,
NODE_0000596,675,696,2021.266,3765,10432,,,281,261,,
NODE_0000596,572,675,2021.266,10432,3765,,,292,281,,
NODE_0000596,675,2882,2021.266,3765,10432,,,281,355,,
NODE_0000596,675,837,2021.266,3765,10432,,,281,288,,
NODE_0000596,675,709,2021.266,3765,10432,,,281,286,,
NODE_0000596,675,968,2021.266,3765,10432,,,281,286,,
NODE_0000596,675,2248,2021.266,3765,10432,,,281,422,,
NODE_0000596,675,717,2021.266,3765,10432,,,281,307,,
NODE_0000596,675,847,2021.266,3765,10432,,,281,287,,
NODE_0000596,675,1616,2021.266,3765,10432,,,281,306,,
NODE_0000596,465,675,2021.266,10432,3765,,,227,281,,
NODE_0000596,675,1487,2021.266,3765,10432,,,281,354,,
NODE_0000596,601,675,2021.266,10432,3765,,,269,281,,
NODE_0000596,675,1882,2021.266,3765,10432,,,281,304,,
NODE_0000596,675,2266,2021.266,3765,10432,,,281,361,,
NODE_0000596,675,2015,2021.266,3765,10432,,,281,359,,
NODE_0000596,482,675,2021.266,10432,3765,,,229,281,,
NODE_0000596,675,1014,2021.266,3765,10432,,,281,277,,
NODE_0000596,503,675,2021.266,10432,3765,,,268,281,,
NODE_0000596,675,2040,2021.266,3765,10432,,,281,347,,
NODE_0000596,675,2038,2021.266,3765,10432,,,281,315,,
NODE_0000596,510,675,2021.266,10432,3765,,,330,281,,
NODE_0000596,512,931,2021.266,10432,3765,,,289,413,,
NODE_0000596,769,931,2021.266,10432,3765,,,310,413,,
NODE_0000596,931,1794,2021.266,3765,10432,,,413,394,,
NODE_0000596,931,1669,2021.266,3765,10432,,,413,313,,
NODE_0000596,931,2569,2021.266,3765,10432,,,413,343,,
NODE_0000596,931,2699,2021.266,3765,10432,,,413,363,,
NODE_0000596,931,3596,2021.266,3765,10432,,,413,392,,
NODE_0000596,931,2192,2021.266,3765,10432,,,413,421,,
NODE_0000596,931,2193,2021.266,3765,10432,,,413,420,,
NODE_0000596,931,2838,2021.266,3765,10432,,,413,360,,
NODE_0000596,536,931,2021.266,10432,3765,,,348,413,,
NODE_0000596,539,931,2021.266,10432,3765,,,319,413,,
NODE_0000596,931,1691,2021.266,3765,10432,,,413,324,,
NODE_0000596,670,931,2021.266,10432,3765,,,267,413,,
NODE_0000596,164,931,2021.266,10432,3765,,,170,413,,
NODE_0000596,931,1192,2021.266,3765,10432,,,413,360,,
NODE_0000596,810,931,2021.266,10432,3765,,,294,413,,
NODE_0000596,694,931,2021.266,10432,3765,,,385,413,,
NODE_0000596,696,931,2021.266,10432,3765,,,261,413,,
NODE_0000596,572,931,2021.266,10432,3765,,,292,413,,
NODE_0000596,931,2882,2021.266,3765,10432,,,413,355,,
NODE_0000596,837,931,2021.266,10432,3765,,,288,413,,
NODE_0000596,709,931,2021.266,10432,3765,,,286,413,,
NODE_0000596,931,968,2021.266,3765,10432,,,413,286,,
NODE_0000596,931,2248,2021.266,3765,10432,,,413,422,,
NODE_0000596,717,931,2021.266,10432,3765,,,307,413,,
NODE_0000596,847,931,2021.266,10432,3765,,,287,413,,
NODE_0000596,931,1616,2021.266,3765,10432,,,413,306,,
NODE_0000596,465,931,2021.266,10432,3765,,,227,413,,
NODE_0000596,931,1487,2021.266,3765,10432,,,413,354,,
NODE_0000596,601,931,2021.266,10432,3765,,,269,413,,
NODE_0000596,931,1882,2021.266,3765,10432,,,413,304,,
NODE_0000596,931,2266,2021.266,3765,10432,,,413,361,,
NODE_0000596,931,2015,2021.266,3765,10432,,,413,359,,
NODE_0000596,482,931,2021.266,10432,3765,,,229,413,,
NODE_0000596,931,1014,2021.266,3765,10432,,,413,277,,
NODE_0000596,503,931,2021.266,10432,3765,,,268,413,,
NODE_0000596,931,2040,2021.266,3765,10432,,,413,347,,
NODE_0000596,931,2038,2021.266,3765,10432,,,413,315,,
NODE_0000596,510,931,2021.266,10432,3765,,,330,413,,
NODE_0000596,512,676,2021.266,10432,3765,,,289,264,,
NODE_0000596,676,769,2021.266,3765,10432,,,264,310,,
NODE_0000596,676,1794,2021.266,3765,10432,,,264,394,,
NODE_0000596,676,1669,2021.266,3765,10432,,,264,313,,
NODE_0000596,676,2569,2021.266,3765,10432,,,264,343,,
NODE_0000596,676,2699,2021.266,3765,10432,,,264,363,,
NODE_0000596,676,3596,2021.266,3765,10432,,,264,392,,
NODE_0000596,676,2192,2021.266,3765,10432,,,264,421,,
NODE_0000596,676,2193,2021.266,3765,10432,,,264,420,,
NODE_0000596,676,2838,2021.266,3765,10432,,,264,360,,
NODE_0000596,536,676,2021.266,10432,3765,,,348,264,,
NODE_0000596,539,676,2021.266,10432,3765,,,319,264,,
NODE_0000596,676,1691,2021.266,3765,10432,,,264,324,,
NODE_0000596,670,676,2021.266,10432,3765,,,267,264,,
NODE_0000596,164,676,2021.266,10432,3765,,,170,264,,
NODE_0000596,676,1192,2021.266,3765,10432,,,264,360,,
NODE_0000596,676,810,2021.266,3765,10432,,,264,294,,
NODE_0000596,676,694,2021.266,3765,10432,,,264,385,,
NODE_0000596,676,696,2021.266,3765,10432,,,264,261,,
NODE_0000596,572,676,2021.266,10432,3765,,,292,264,,
NODE_0000596,676,2882,2021.266,3765,10432,,,264,355,,
NODE_0000596,676,837,2021.266,3765,10432,,,264,288,,
NODE_0000596,676,709,2021.266,3765,10432,,,264,286,,
NODE_0000596,676,968,2021.266,3765,10432,,,264,286,,
NODE_0000596,676,2248,2021.266,3765,10432,,,264,422,,
NODE_0000596,676,717,2021.266,3765,10432,,,264,307,,
NODE_0000596,676,847,2021.266,3765,10432,,,264,287,,
NODE_0000596,676,1616,2021.266,3765,10432,,,264,306,,
NODE_0000596,465,676,2021.266,10432,3765,,,227,264,,
NODE_0000596,676,1487,2021.266,3765,10432,,,264,354,,
NODE_0000596,601,676,2021.266,10432,3765,,,269,264,,
NODE_0000596,676,1882,2021.266,3765,10432,,,264,304,,
NODE_0000596,676,2266,2021.266,3765,10432,,,264,361,,
NODE_0000596,676,2015,2021.266,3765,10432,,,264,359,,
NODE_0000596,482,676,2021.266,10432,3765,,,229,264,,
NODE_0000596,676,1014,2021.266,3765,10432,,,264,277,,
NODE_0000596,503,676,2021.266,10432,3765,,,268,264,,
NODE_0000596,676,2040,2021.266,3765,10432,,,264,347,,
NODE_0000596,676,2038,2021.266,3765,10432,,,264,315,,
NODE_0000596,510,676,2021.266,10432,3765,,,330,264,,
NODE_0000596,512,1190,2021.266,10432,3765,,,289,328,,
NODE_0000596,769,1190,2021.266,10432,3765,,,310,328,,
NODE_0000596,1190,1794,2021.266,3765,10432,,,328,394,,
NODE_0000596,1190,1669,2021.266,3765,10432,,,328,313,,
NODE_0000596,1190,2569,2021.266,3765,10432,,,328,343,,
NODE_0000596,1190,2699,2021.266,3765,10432,,,328,363,,
NODE_0000596,1190,3596,2021.266,3765,10432,,,328,392,,
NODE_0000596,1190,2192,2021.266,3765,10432,,,328,421,,
NODE_0000596,1190,2193,2021.266,3765,10432,,,328,420,,
NODE_0000596,1190,2838,2021.266,3765,10432,,,328,360,,
NODE_0000596,536,1190,2021.266,10432,3765,,,348,328,,
NODE_0000596,539,1190,2021.266,10432,3765,,,319,328,,
NODE_0000596,1190,1691,2021.266,3765,10432,,,328,324,,
NODE_0000596,670,1190,2021.266,10432,3765,,,267,328,,
NODE_0000596,164,1190,2021.266,10432,3765,,,170,328,,
NODE_0000596,1190,1192,2021.266,3765,10432,,,328,360,,
NODE_0000596,810,1190,2021.266,10432,3765,,,294,328,,
NODE_0000596,694,1190,2021.266,10432,3765,,,385,328,,
NODE_0000596,696,1190,2021.266,10432,3765,,,261,328,,
NODE_0000596,572,1190,2021.266,10432,3765,,,292,328,,
NODE_0000596,1190,2882,2021.266,3765,10432,,,328,355,,
NODE_0000596,837,1190,2021.266,10432,3765,,,288,328,,
NODE_0000596,709,1190,2021.266,10432,3765,,,286,328,,
NODE_0000596,968,1190,2021.266,10432,3765,,,286,328,,
NODE_0000596,1190,2248,2021.266,3765,10432,,,328,422,,
NODE_0000596,717,1190,2021.266,10432,3765,,,307,328,,
NODE_0000596,847,1190,2021.266,10432,3765,,,287,328,,
NODE_0000596,1190,1616,2021.266,3765,10432,,,328,306,,
NODE_0000596,465,1190,2021.266,10432,3765,,,227,328,,
NODE_0000596,1190,1487,2021.266,3765,10432,,,328,354,,
NODE_0000596,601,1190,2021.266,10432,3765,,,269,328,,
NODE_0000596,1190,1882,2021.266,3765,10432,,,328,304,,
NODE_0000596,1190,2266,2021.266,3765,10432,,,328,361,,
NODE_0000596,1190,2015,2021.266,3765,10432,,,328,359,,
NODE_0000596,482,1190,2021.266,10432,3765,,,229,328,,
NODE_0000596,1014,1190,2021.266,10432,3765,,,277,328,,
NODE_0000596,503,1190,2021.266,10432,3765,,,268,328,,
NODE_0000596,1190,2040,2021.266,3765,10432,,,328,347,,
NODE_0000596,1190,2038,2021.266,3765,10432,,,328,315,,
NODE_0000596,510,1190,2021.266,10432,3765,,,330,328,,
NODE_0000596,512,1708,2021.266,10432,3765,,,289,339,,
NODE_0000596,769,1708,2021.266,10432,3765,,,310,339,,
NODE_0000596,1708,1794,2021.266,3765,10432,,,339,394,,
NODE_0000596,1669,1708,2021.266,10432,3765,,,313,339,,
NODE_0000596,1708,2569,2021.266,3765,10432,,,339,343,,
NODE_0000596,1708,2699,2021.266,3765,10432,,,339,363,,
NODE_0000596,1708,3596,2021.266,3765,10432,,,339,392,,
NODE_0000596,1708,2192,2021.266,3765,10432,,,339,421,,
NODE_0000596,1708,2193,2021.266,3765,10432,,,339,420,,
NODE_0000596,1708,2838,2021.266,3765,10432,,,339,360,,
NODE_0000596,536,1708,2021.266,10432,3765,,,348,339,,
NODE_0000596,539,1708,2021.266,10432,3765,,,319,339,,
NODE_0000596,1691,1708,2021.266,10432,3765,,,324,339,,
NODE_0000596,670,1708,2021.266,10432,3765,,,267,339,,
NODE_0000596,164,1708,2021.266,10432,3765,,,170,339,,
NODE_0000596,1192,1708,2021.266,10432,3765,,,360,339,,
NODE_0000596,810,1708,2021.266,10432,3765,,,294,339,,
NODE_0000596,694,1708,2021.266,10432,3765,,,385,339,,
NODE_0000596,696,1708,2021.266,10432,3765,,,261,339,,
NODE_0000596,572,1708,2021.266,10432,3765,,,292,339,,
NODE_0000596,1708,2882,2021.266,3765,10432,,,339,355,,
NODE_0000596,837,1708,2021.266,10432,3765,,,288,339,,
NODE_0000596,709,1708,2021.266,10432,3765,,,286,339,,
NODE_0000596,968,1708,2021.266,10432,3765,,,286,339,,
NODE_0000596,1708,2248,2021.266,3765,10432,,,339,422,,
NODE_0000596,717,1708,2021.266,10432,3765,,,307,339,,
NODE_0000596,847,1708,2021.266,10432,3765,,,287,339,,
NODE_0000596,1616,1708,2021.266,10432,3765,,,306,339,,
NODE_0000596,465,1708,2021.266,10432,3765,,,227,339,,
NODE_0000596,1487,1708,2021.266,10432,3765,,,354,339,,
NODE_0000596,601,1708,2021.266,10432,3765,,,269,339,,
NODE_0000596,1708,1882,2021.266,3765,10432,,,339,304,,
NODE_0000596,1708,2266,2021.266,3765,10432,,,339,361,,
NODE_0000596,1708,2015,2021.266,3765,10432,,,339,359,,
NODE_0000596,482,1708,2021.266,10432,3765,,,229,339,,
NODE_0000596,1014,1708,2021.266,10432,3765,,,277,339,,
NODE_0000596,503,1708,2021.266,10432,3765,,,268,339,,
NODE_0000596,1708,2040,2021.266,3765,10432,,,339,347,,
NODE_0000596,1708,2038,2021.266,3765,10432,,,339,315,,
NODE_0000596,510,1708,2021.266,10432,3765,,,330,339,,
NODE_0000596,512,1199,2021.266,10432,3765,,,289,391,,
NODE_0000596,769,1199,2021.266,10432,3765,,,310,391,,
NODE_0000596,1199,1794,2021.266,3765,10432,,,391,394,,
NODE_0000596,1199,1669,2021.266,3765,10432,,,391,313,,
NODE_0000596,1199,2569,2021.266,3765,10432,,,391,343,,
NODE_0000596,1199,2699,2021.266,3765,10432,,,391,363,,
NODE_0000596,1199,3596,2021.266,3765,10432,,,391,392,,
NODE_0000596,1199,2192,2021.266,3765,10432,,,391,421,,
NODE_0000596,1199,2193,2021.266,3765,10432,,,391,420,,
NODE_0000596,1199,2838,2021.266,3765,10432,,,391,360,,
NODE_0000596,536,1199,2021.266,10432,3765,,,348,391,,
NODE_0000596,539,1199,2021.266,10432,3765,,,319,391,,
NODE_0000596,1199,1691,2021.266,3765,10432,,,391,324,,
NODE_0000596,670,1199,2021.266,10432,3765,,,267,391,,
NODE_0000596,164,1199,2021.266,10432,3765,,,170,391,,
NODE_0000596,1192,1199,2021.266,10432,3765,,,360,391,,
NODE_0000596,810,1199,2021.266,10432,3765,,,294,391,,
NODE_0000596,694,1199,2021.266,10432,3765,,,385,391,,
NODE_0000596,696,1199,2021.266,10432,3765,,,261,391,,
NODE_0000596,572,1199,2021.266,10432,3765,,,292,391,,
NODE_0000596,1199,2882,2021.266,3765,10432,,,391,355,,
NODE_0000596,837,1199,2021.266,10432,3765,,,288,391,,
NODE_0000596,709,1199,2021.266,10432,3765,,,286,391,,
NODE_0000596,968,1199,2021.266,10432,3765,,,286,391,,
NODE_0000596,1199,2248,2021.266,3765,10432,,,391,422,,
NODE_0000596,717,1199,2021.266,10432,3765,,,307,391,,
NODE_0000596,847,1199,2021.266,10432,3765,,,287,391,,
NODE_0000596,1199,1616,2021.266,3765,10432,,,391,306,,
NODE_0000596,465,1199,2021.266,10432,3765,,,227,391,,
NODE_0000596,1199,1487,2021.266,3765,10432,,,391,354,,
NODE_0000596,601,1199,2021.266,10432,3765,,,269,391,,
NODE_0000596,1199,1882,2021.266,3765,10432,,,391,304,,
NODE_0000596,1199,2266,2021.266,3765,10432,,,391,361,,
NODE_0000596,1199,2015,2021.266,3765,10432,,,391,359,,
NODE_0000596,482,1199,2021.266,10432,3765,,,229,391,,
NODE_0000596,1014,1199,2021.266,10432,3765,,,277,391,,
NODE_0000596,503,1199,2021.266,10432,3765,,,268,391,,
NODE_0000596,1199,2040,2021.266,3765,10432,,,391,347,,
NODE_0000596,1199,2038,2021.266,3765,10432,,,391,315,,
NODE_0000596,510,1199,2021.266,10432,3765,,,330,391,,
NODE_0000596,512,687,2021.266,10432,3765,,,289,297,,
NODE_0000596,687,769,2021.266,3765,10432,,,297,310,,
NODE_0000596,687,1794,2021.266,3765,10432,,,297,394,,
NODE_0000596,687,1669,2021.266,3765,10432,,,297,313,,
NODE_0000596,687,2569,2021.266,3765,10432,,,297,343,,
NODE_0000596,687,2699,2021.266,3765,10432,,,297,363,,
NODE_0000596,687,3596,2021.266,3765,10432,,,297,392,,
NODE_0000596,687,2192,2021.266,3765,10432,,,297,421,,
NODE_0000596,687,2193,2021.266,3765,10432,,,297,420,,
NODE_0000596,687,2838,2021.266,3765,10432,,,297,360,,
NODE_0000596,536,687,2021.266,10432,3765,,,348,297,,
NODE_0000596,539,687,2021.266,10432,3765,,,319,297,,
NODE_0000596,687,1691,2021.266,3765,10432,,,297,324,,
NODE_0000596,670,687,2021.266,10432,3765,,,267,297,,
NODE_0000596,164,687,2021.266,10432,3765,,,170,297,,
NODE_0000596,687,1192,2021.266,3765,10432,,,297,360,,
NODE_0000596,687,810,2021.266,3765,10432,,,297,294,,
NODE_0000596,687,694,2021.266,3765,10432,,,297,385,,
NODE_0000596,687,696,2021.266,3765,10432,,,297,261,,
NODE_0000596,572,687,2021.266,10432,3765,,,292,297,,
NODE_0000596,687,2882,2021.266,3765,10432,,,297,355,,
NODE_0000596,687,837,2021.266,3765,10432,,,297,288,,
NODE_0000596,687,709,2021.266,3765,10432,,,297,286,,
NODE_0000596,687,968,2021.266,3765,10432,,,297,286,,
NODE_0000596,687,2248,2021.266,3765,10432,,,297,422,,
NODE_0000596,687,717,2021.266,3765,10432,,,297,307,,
NODE_0000596,687,847,2021.266,3765,10432,,,297,287,,
NODE_0000596,687,1616,2021.266,3765,10432,,,297,306,,
NODE_0000596,465,687,2021.266,10432,3765,,,227,297,,
NODE_0000596,687,1487,2021.266,3765,10432,,,297,354,,
NODE_0000596,601,687,2021.266,10432,3765,,,269,297,,
NODE_0000596,687,1882,2021.266,3765,10432,,,297,304,,
NODE_0000596,687,2266,2021.266,3765,10432,,,297,361,,
NODE_0000596,687,2015,2021.266,3765,10432,,,297,359,,
NODE_0000596,482,687,2021.266,10432,3765,,,229,297,,
NODE_0000596,687,1014,2021.266,3765,10432,,,297,277,,
NODE_0000596,503,687,2021.266,10432,3765,,,268,297,,
NODE_0000596,687,2040,2021.266,3765,10432,,,297,347,,
NODE_0000596,687,2038,2021.266,3765,10432,,,297,315,,
NODE_0000596,510,687,2021.266,10432,3765,,,330,297,,
NODE_0000596,432,512,2021.266,3765,10432,,,209,289,,
NODE_0000596,432,769,2021.266,3765,10432,,,209,310,,
NODE_0000596,432,1794,2021.266,3765,10432,,,209,394,,
NODE_0000596,432,1669,2021.266,3765,10432,,,209,313,,
NODE_0000596,432,2569,2021.266,3765,10432,,,209,343,,
NODE_0000596,432,2699,2021.266,3765,10432,,,209,363,,
NODE_0000596,432,3596,2021.266,3765,10432,,,209,392,,
NODE_0000596,432,2192,2021.266,3765,10432,,,209,421,,
NODE_0000596,432,2193,2021.266,3765,10432,,,209,420,,
NODE_0000596,432,2838,2021.266,3765,10432,,,209,360,,
NODE_0000596,432,536,2021.266,3765,10432,,,209,348,,
NODE_0000596,432,539,2021.266,3765,10432,,,209,319,,
NODE_0000596,432,1691,2021.266,3765,10432,,,209,324,,
NODE_0000596,432,670,2021.266,3765,10432,,,209,267,,
NODE_0000596,164,432,2021.266,10432,3765,,,170,209,,
NODE_0000596,432,1192,2021.266,3765,10432,,,209,360,,
NODE_0000596,432,810,2021.266,3765,10432,,,209,294,,
NODE_0000596,432,694,2021.266,3765,10432,,,209,385,,
NODE_0000596,432,696,2021.266,3765,10432,,,209,261,,
NODE_0000596,432,572,2021.266,3765,10432,,,209,292,,
NODE_0000596,432,2882,2021.266,3765,10432,,,209,355,,
NODE_0000596,432,837,2021.266,3765,10432,,,209,288,,
NODE_0000596,432,709,2021.266,3765,10432,,,209,286,,
NODE_0000596,432,968,2021.266,3765,10432,,,209,286,,
NODE_0000596,432,2248,2021.266,3765,10432,,,209,422,,
NODE_0000596,432,717,2021.266,3765,10432,,,209,307,,
NODE_0000596,432,847,2021.266,3765,10432,,,209,287,,
NODE_0000596,432,1616,2021.266,3765,10432,,,209,306,,
NODE_0000596,432,465,2021.266,3765,10432,,,209,227,,
NODE_0000596,432,1487,2021.266,3765,10432,,,209,354,,
NODE_0000596,432,601,2021.266,3765,10432,,,209,269,,
NODE_0000596,432,1882,2021.266,3765,10432,,,209,304,,
NODE_0000596,432,2266,2021.266,3765,10432,,,209,361,,
NODE_0000596,432,2015,2021.266,3765,10432,,,209,359,,
NODE_0000596,432,482,2021.266,3765,10432,,,209,229,,
NODE_0000596,432,1014,2021.266,3765,10432,,,209,277,,
NODE_0000596,432,503,2021.266,3765,10432,,,209,268,,
NODE_0000596,432,2040,2021.266,3765,10432,,,209,347,,
NODE_0000596,432,2038,2021.266,3765,10432,,,209,315,,
NODE_0000596,432,510,2021.266,3765,10432,,,209,330,,
NODE_0000596,512,691,2021.266,10432,3765,,,289,293,,
NODE_0000596,691,769,2021.266,3765,10432,,,293,310,,
NODE_0000596,691,1794,2021.266,3765,10432,,,293,394,,
NODE_0000596,691,1669,2021.266,3765,10432,,,293,313,,
NODE_0000596,691,2569,2021.266,3765,10432,,,293,343,,
NODE_0000596,691,2699,2021.266,3765,10432,,,293,363,,
NODE_0000596,691,3596,2021.266,3765,10432,,,293,392,,
NODE_0000596,691,2192,2021.266,3765,10432,,,293,421,,
NODE_0000596,691,2193,2021.266,3765,10432,,,293,420,,
NODE_0000596,691,2838,2021.266,3765,10432,,,293,360,,
NODE_0000596,536,691,2021.266,10432,3765,,,348,293,,
NODE_0000596,539,691,2021.266,10432,3765,,,319,293,,
NODE_0000596,691,1691,2021.266,3765,10432,,,293,324,,
NODE_0000596,670,691,2021.266,10432,3765,,,267,293,,
NODE_0000596,164,691,2021.266,10432,3765,,,170,293,,
NODE_0000596,691,1192,2021.266,3765,10432,,,293,360,,
NODE_0000596,691,810,2021.266,3765,10432,,,293,294,,
NODE_0000596,691,694,2021.266,3765,10432,,,293,385,,
NODE_0000596,691,696,2021.266,3765,10432,,,293,261,,
NODE_0000596,572,691,2021.266,10432,3765,,,292,293,,
NODE_0000596,691,2882,2021.266,3765,10432,,,293,355,,
NODE_0000596,691,837,2021.266,3765,10432,,,293,288,,
NODE_0000596,691,709,2021.266,3765,10432,,,293,286,,
NODE_0000596,691,968,2021.266,3765,10432,,,293,286,,
NODE_0000596,691,2248,2021.266,3765,10432,,,293,422,,
NODE_0000596,691,717,2021.266,3765,10432,,,293,307,,
NODE_0000596,691,847,2021.266,3765,10432,,,293,287,,
NODE_0000596,691,1616,2021.266,3765,10432,,,293,306,,
NODE_0000596,465,691,2021.266,10432,3765,,,227,293,,
NODE_0000596,691,1487,2021.266,3765,10432,,,293,354,,
NODE_0000596,601,691,2021.266,10432,3765,,,269,293,,
NODE_0000596,691,1882,2021.266,3765,10432,,,293,304,,
NODE_0000596,691,2266,2021.266,3765,10432,,,293,361,,
NODE_0000596,691,2015,2021.266,3765,10432,,,293,359,,
NODE_0000596,482,691,2021.266,10432,3765,,,229,293,,
NODE_0000596,691,1014,2021.266,3765,10432,,,293,277,,
NODE_0000596,503,691,2021.266,10432,3765,,,268,293,,
NODE_0000596,691,2040,2021.266,3765,10432,,,293,347,,
NODE_0000596,691,2038,2021.266,3765,10432,,,293,315,,
NODE_0000596,510,691,2021.266,10432,3765,,,330,293,,
NODE_0000596,512,2228,2021.266,10432,3765,,,289,379,,
NODE_0000596,769,2228,2021.266,10432,3765,,,310,379,,
NODE_0000596,1794,2228,2021.266,10432,3765,,,394,379,,
NODE_0000596,1669,2228,2021.266,10432,3765,,,313,379,,
NODE_0000596,2228,2569,2021.266,3765,10432,,,379,343,,
NODE_0000596,2228,2699,2021.266,3765,10432,,,379,363,,
NODE_0000596,2228,3596,2021.266,3765,10432,,,379,392,,
NODE_0000596,2192,2228,2021.266,10432,3765,,,421,379,,
NODE_0000596,2193,2228,2021.266,10432,3765,,,420,379,,
NODE_0000596,2228,2838,2021.266,3765,10432,,,379,360,,
NODE_0000596,536,2228,2021.266,10432,3765,,,348,379,,
NODE_0000596,539,2228,2021.266,10432,3765,,,319,379,,
NODE_0000596,1691,2228,2021.266,10432,3765,,,324,379,,
NODE_0000596,670,2228,2021.266,10432,3765,,,267,379,,
NODE_0000596,164,2228,2021.266,10432,3765,,,170,379,,
NODE_0000596,1192,2228,2021.266,10432,3765,,,360,379,,
NODE_0000596,810,2228,2021.266,10432,3765,,,294,379,,
NODE_0000596,694,2228,2021.266,10432,3765,,,385,379,,
NODE_0000596,696,2228,2021.266,10432,3765,,,261,379,,
NODE_0000596,572,2228,2021.266,10432,3765,,,292,379,,
NODE_0000596,2228,2882,2021.266,3765,10432,,,379,355,,
NODE_0000596,837,2228,2021.266,10432,3765,,,288,379,,
NODE_0000596,709,2228,2021.266,10432,3765,,,286,379,,
NODE_0000596,968,2228,2021.266,10432,3765,,,286,379,,
NODE_0000596,2228,2248,2021.266,3765,10432,,,379,422,,
NODE_0000596,717,2228,2021.266,10432,3765,,,307,379,,
NODE_0000596,847,2228,2021.266,10432,3765,,,287,379,,
NODE_0000596,1616,2228,2021.266,10432,3765,,,306,379,,
NODE_0000596,465,2228,2021.266,10432,3765,,,227,379,,
NODE_0000596,1487,2228,2021.266,10432,3765,,,354,379,,
NODE_0000596,601,2228,2021.266,10432,3765,,,269,379,,
NODE_0000596,1882,2228,2021.266,10432,3765,,,304,379,,
NODE_0000596,2228,2266,2021.266,3765,10432,,,379,361,,
NODE_0000596,2015,2228,2021.266,10432,3765,,,359,379,,
NODE_0000596,482,2228,2021.266,10432,3765,,,229,379,,
NODE_0000596,1014,2228,2021.266,10432,3765,,,277,379,,
NODE_0000596,503,2228,2021.266,10432,3765,,,268,379,,
NODE_0000596,2040,2228,2021.266,10432,3765,,,347,379,,
NODE_0000596,2038,2228,2021.266,10432,3765,,,315,379,,
NODE_0000596,510,2228,2021.266,10432,3765,,,330,379,,
NODE_0000596,187,512,2021.266,3765,10432,,,169,289,,
NODE_0000596,187,769,2021.266,3765,10432,,,169,310,,
NODE_0000596,187,1794,2021.266,3765,10432,,,169,394,,
NODE_0000596,187,1669,2021.266,3765,10432,,,169,313,,
NODE_0000596,187,2569,2021.266,3765,10432,,,169,343,,
NODE_0000596,187,2699,2021.266,3765,10432,,,169,363,,
NODE_0000596,187,3596,2021.266,3765,10432,,,169,392,,
NODE_0000596,187,2192,2021.266,3765,10432,,,169,421,,
NODE_0000596,187,2193,2021.266,3765,10432,,,169,420,,
NODE_0000596,187,2838,2021.266,3765,10432,,,169,360,,
NODE_0000596,187,536,2021.266,3765,10432,,,169,348,,
NODE_0000596,187,539,2021.266,3765,10432,,,169,319,,
NODE_0000596,187,1691,2021.266,3765,10432,,,169,324,,
NODE_0000596,187,670,2021.266,3765,10432,,,169,267,,
NODE_0000596,164,187,2021.266,10432,3765,,,170,169,,
NODE_0000596,187,1192,2021.266,3765,10432,,,169,360,,
NODE_0000596,187,810,2021.266,3765,10432,,,169,294,,
NODE_0000596,187,694,2021.266,3765,10432,,,169,385,,
NODE_0000596,187,696,2021.266,3765,10432,,,169,261,,
NODE_0000596,187,572,2021.266,3765,10432,,,169,292,,
NODE_0000596,187,2882,2021.266,3765,10432,,,169,355,,
NODE_0000596,187,837,2021.266,3765,10432,,,169,288,,
NODE_0000596,187,709,2021.266,3765,10432,,,169,286,,
NODE_0000596,187,968,2021.266,3765,10432,,,169,286,,
NODE_0000596,187,2248,2021.266,3765,10432,,,169,422,,
NODE_0000596,187,717,2021.266,3765,10432,,,169,307,,
NODE_0000596,187,847,2021.266,3765,10432,,,169,287,,
NODE_0000596,187,1616,2021.266,3765,10432,,,169,306,,
NODE_0000596,187,465,2021.266,3765,10432,,,169,227,,
NODE_0000596,187,1487,2021.266,3765,10432,,,169,354,,
NODE_0000596,187,601,2021.266,3765,10432,,,169,269,,
NODE_0000596,187,1882,2021.266,3765,10432,,,169,304,,
NODE_0000596,187,2266,2021.266,3765,10432,,,169,361,,
NODE_0000596,187,2015,2021.266,3765,10432,,,169,359,,
NODE_0000596,187,482,2021.266,3765,10432,,,169,229,,
NODE_0000596,187,1014,2021.266,3765,10432,,,169,277,,
NODE_0000596,187,503,2021.266,3765,10432,,,169,268,,
NODE_0000596,187,2040,2021.266,3765,10432,,,169,347,,
NODE_0000596,187,2038,2021.266,3765,10432,,,169,315,,
NODE_0000596,187,510,2021.266,3765,10432,,,169,330,,
NODE_0000596,512,3011,2021.266,10432,3765,,,289,422,,
NODE_0000596,769,3011,2021.266,10432,3765,,,310,422,,
NODE_0000596,1794,3011,2021.266,10432,3765,,,394,422,,
NODE_0000596,1669,3011,2021.266,10432,3765,,,313,422,,
NODE_0000596,2569,3011,2021.266,10432,3765,,,343,422,,
NODE_0000596,2699,3011,2021.266,10432,3765,,,363,422,,
NODE_0000596,3011,3596,2021.266,3765,10432,,,422,392,,
NODE_0000596,2192,3011,2021.266,10432,3765,,,421,422,,
NODE_0000596,2193,3011,2021.266,10432,3765,,,420,422,,
NODE_0000596,2838,3011,2021.266,10432,3765,,,360,422,,
NODE_0000596,536,3011,2021.266,10432,3765,,,348,422,,
NODE_0000596,539,3011,2021.266,10432,3765,,,319,422,,
NODE_0000596,1691,3011,2021.266,10432,3765,,,324,422,,
NODE_0000596,670,3011,2021.266,10432,3765,,,267,422,,
NODE_0000596,164,3011,2021.266,10432,3765,,,170,422,,
NODE_0000596,1192,3011,2021.266,10432,3765,,,360,422,,
NODE_0000596,810,3011,2021.266,10432,3765,,,294,422,,
NODE_0000596,694,3011,2021.266,10432,3765,,,385,422,,
NODE_0000596,696,3011,2021.266,10432,3765,,,261,422,,
NODE_0000596,572,3011,2021.266,10432,3765,,,292,422,,
NODE_0000596,2882,3011,2021.266,10432,3765,,,355,422,,
NODE_0000596,837,3011,2021.266,10432,3765,,,288,422,,
NODE_0000596,709,3011,2021.266,10432,3765,,,286,422,,
NODE_0000596,968,3011,2021.266,10432,3765,,,286,422,,
NODE_0000596,2248,3011,2021.266,10432,3765,,,422,422,,
NODE_0000596,717,3011,2021.266,10432,3765,,,307,422,,
NODE_0000596,847,3011,2021.266,10432,3765,,,287,422,,
NODE_0000596,1616,3011,2021.266,10432,3765,,,306,422,,
NODE_0000596,465,3011,2021.266,10432,3765,,,227,422,,
NODE_0000596,1487,3011,2021.266,10432,3765,,,354,422,,
NODE_0000596,601,3011,2021.266,10432,3765,,,269,422,,
NODE_0000596,1882,3011,2021.266,10432,3765,,,304,422,,
NODE_0000596,2266,3011,2021.266,10432,3765,,,361,422,,
NODE_0000596,2015,3011,2021.266,10432,3765,,,359,422,,
NODE_0000596,482,3011,2021.266,10432,3765,,,229,422,,
NODE_0000596,1014,3011,2021.266,10432,3765,,,277,422,,
NODE_0000596,503,3011,2021.266,10432,3765,,,268,422,,
NODE_0000596,2040,3011,2021.266,10432,3765,,,347,422,,
NODE_0000596,2038,3011,2021.266,10432,3765,,,315,422,,
NODE_0000596,510,3011,2021.266,10432,3765,,,330,422,,
NODE_0000596,512,2246,2021.266,10432,3765,,,289,348,,
NODE_0000596,769,2246,2021.266,10432,3765,,,310,348,,
NODE_0000596,1794,2246,2021.266,10432,3765,,,394,348,,
NODE_0000596,1669,2246,2021.266,10432,3765,,,313,348,,
NODE_0000596,2246,2569,2021.266,3765,10432,,,348,343,,
NODE_0000596,2246,2699,2021.266,3765,10432,,,348,363,,
NODE_0000596,2246,3596,2021.266,3765,10432,,,348,392,,
NODE_0000596,2192,2246,2021.266,10432,3765,,,421,348,,
NODE_0000596,2193,2246,2021.266,10432,3765,,,420,348,,
NODE_0000596,2246,2838,2021.266,3765,10432,,,348,360,,
NODE_0000596,536,2246,2021.266,10432,3765,,,348,348,,
NODE_0000596,539,2246,2021.266,10432,3765,,,319,348,,
NODE_0000596,1691,2246,2021.266,10432,3765,,,324,348,,
NODE_0000596,670,2246,2021.266,10432,3765,,,267,348,,
NODE_0000596,164,2246,2021.266,10432,3765,,,170,348,,
NODE_0000596,1192,2246,2021.266,10432,3765,,,360,348,,
NODE_0000596,810,2246,2021.266,10432,3765,,,294,348,,
NODE_0000596,694,2246,2021.266,10432,3765,,,385,348,,
NODE_0000596,696,2246,2021.266,10432,3765,,,261,348,,
NODE_0000596,572,2246,2021.266,10432,3765,,,292,348,,
NODE_0000596,2246,2882,2021.266,3765,10432,,,348,355,,
NODE_0000596,837,2246,2021.266,10432,3765,,,288,348,,
NODE_0000596,709,2246,2021.266,10432,3765,,,286,348,,
NODE_0000596,968,2246,2021.266,10432,3765,,,286,348,,
NODE_0000596,2246,2248,2021.266,3765,10432,,,348,422,,
NODE_0000596,717,2246,2021.266,10432,3765,,,307,348,,
NODE_0000596,847,2246,2021.266,10432,3765,,,287,348,,
NODE_0000596,1616,2246,2021.266,10432,3765,,,306,348,,
NODE_0000596,465,2246,2021.266,10432,3765,,,227,348,,
NODE_0000596,1487,2246,2021.266,10432,3765,,,354,348,,
NODE_0000596,601,2246,2021.266,10432,3765,,,269,348,,
NODE_0000596,1882,2246,2021.266,10432,3765,,,304,348,,
NODE_0000596,2246,2266,2021.266,3765,10432,,,348,361,,
NODE_0000596,2015,2246,2021.266,10432,3765,,,359,348,,
NODE_0000596,482,2246,2021.266,10432,3765,,,229,348,,
NODE_0000596,1014,2246,2021.266,10432,3765,,,277,348,,
NODE_0000596,503,2246,2021.266,10432,3765,,,268,348,,
NODE_0000596,2040,2246,2021.266,10432,3765,,,347,348,,
NODE_0000596,2038,2246,2021.266,10432,3765,,,315,348,,
NODE_0000596,510,2246,2021.266,10432,3765,,,330,348,,
NODE_0000596,512,712,2021.266,10432,3765,,,289,268,,
NODE_0000596,712,769,2021.266,3765,10432,,,268,310,,
NODE_0000596,712,1794,2021.266,3765,10432,,,268,394,,
NODE_0000596,712,1669,2021.266,3765,10432,,,268,313,,
NODE_0000596,712,2569,2021.266,3765,10432,,,268,343,,
NODE_0000596,712,2699,2021.266,3765,10432,,,268,363,,
NODE_0000596,712,3596,2021.266,3765,10432,,,268,392,,
NODE_0000596,712,2192,2021.266,3765,10432,,,268,421,,
NODE_0000596,712,2193,2021.266,3765,10432,,,268,420,,
NODE_0000596,712,2838,2021.266,3765,10432,,,268,360,,
NODE_0000596,536,712,2021.266,10432,3765,,,348,268,,
NODE_0000596,539,712,2021.266,10432,3765,,,319,268,,
NODE_0000596,712,1691,2021.266,3765,10432,,,268,324,,
NODE_0000596,670,712,2021.266,10432,3765,,,267,268,,
NODE_0000596,164,712,2021.266,10432,3765,,,170,268,,
NODE_0000596,712,1192,2021.266,3765,10432,,,268,360,,
NODE_0000596,712,810,2021.266,3765,10432,,,268,294,,
NODE_0000596,694,712,2021.266,10432,3765,,,385,268,,
NODE_0000596,696,712,2021.266,10432,3765,,,261,268,,
NODE_0000596,572,712,2021.266,10432,3765,,,292,268,,
NODE_0000596,712,2882,2021.266,3765,10432,,,268,355,,
NODE_0000596,712,837,2021.266,3765,10432,,,268,288,,
NODE_0000596,709,712,2021.266,10432,3765,,,286,268,,
NODE_0000596,712,968,2021.266,3765,10432,,,268,286,,
NODE_0000596,712,2248,2021.266,3765,10432,,,268,422,,
NODE_0000596,712,717,2021.266,3765,10432,,,268,307,,
NODE_0000596,712,847,2021.266,3765,10432,,,268,287,,
NODE_0000596,712,1616,2021.266,3765,10432,,,268,306,,
NODE_0000596,465,712,2021.266,10432,3765,,,227,268,,
NODE_0000596,712,1487,2021.266,3765,10432,,,268,354,,
NODE_0000596,601,712,2021.266,10432,3765,,,269,268,,
NODE_0000596,712,1882,2021.266,3765,10432,,,268,304,,
NODE_0000596,712,2266,2021.266,3765,10432,,,268,361,,
NODE_0000596,712,2015,2021.266,3765,10432,,,268,359,,
NODE_0000596,482,712,2021.266,10432,3765,,,229,268,,
NODE_0000596,712,1014,2021.266,3765,10432,,,268,277,,
NODE_0000596,503,712,2021.266,10432,3765,,,268,268,,
NODE_0000596,712,2040,2021.266,3765,10432,,,268,347,,
NODE_0000596,712,2038,2021.266,3765,10432,,,268,315,,
NODE_0000596,510,712,2021.266,10432,3765,,,330,268,,
NODE_0000596,458,512,2021.266,3765,10432,,,228,289,,
NODE_0000596,458,769,2021.266,3765,10432,,,228,310,,
NODE_0000596,458,1794,2021.266,3765,10432,,,228,394,,
NODE_0000596,458,1669,2021.266,3765,10432,,,228,313,,
NODE_0000596,458,2569,2021.266,3765,10432,,,228,343,,
NODE_0000596,458,2699,2021.266,3765,10432,,,228,363,,
NODE_0000596,458,3596,2021.266,3765,10432,,,228,392,,
NODE_0000596,458,2192,2021.266,3765,10432,,,228,421,,
NODE_0000596,458,2193,2021.266,3765,10432,,,228,420,,
NODE_0000596,458,2838,2021.266,3765,10432,,,228,360,,
NODE_0000596,458,536,2021.266,3765,10432,,,228,348,,
NODE_0000596,458,539,2021.266,3765,10432,,,228,319,,
NODE_0000596,458,1691,2021.266,3765,10432,,,228,324,,
NODE_0000596,458,670,2021.266,3765,10432,,,228,267,,
NODE_0000596,164,458,2021.266,10432,3765,,,170,228,,
NODE_0000596,458,1192,2021.266,3765,10432,,,228,360,,
NODE_0000596,458,810,2021.266,3765,10432,,,228,294,,
NODE_0000596,458,694,2021.266,3765,10432,,,228,385,,
NODE_0000596,458,696,2021.266,3765,10432,,,228,261,,
NODE_0000596,458,572,2021.266,3765,10432,,,228,292,,
NODE_0000596,458,2882,2021.266,3765,10432,,,228,355,,
NODE_0000596,458,837,2021.266,3765,10432,,,228,288,,
NODE_0000596,458,709,2021.266,3765,10432,,,228,286,,
NODE_0000596,458,968,2021.266,3765,10432,,,228,286,,
NODE_0000596,458,2248,2021.266,3765,10432,,,228,422,,
NODE_0000596,458,717,2021.266,3765,10432,,,228,307,,
NODE_0000596,458,847,2021.266,3765,10432,,,228,287,,
NODE_0000596,458,1616,2021.266,3765,10432,,,228,306,,
NODE_0000596,458,465,2021.266,3765,10432,,,228,227,,
NODE_0000596,458,1487,2021.266,3765,10432,,,228,354,,
NODE_0000596,458,601,2021.266,3765,10432,,,228,269,,
NODE_0000596,458,1882,2021.266,3765,10432,,,228,304,,
NODE_0000596,458,2266,2021.266,3765,10432,,,228,361,,
NODE_0000596,458,2015,2021.266,3765,10432,,,228,359,,
NODE_0000596,458,482,2021.266,3765,10432,,,228,229,,
NODE_0000596,458,1014,2021.266,3765,10432,,,228,277,,
NODE_0000596,458,503,2021.266,3765,10432,,,228,268,,
NODE_0000596,458,2040,2021.266,3765,10432,,,228,347,,
NODE_0000596,458,2038,2021.266,3765,10432,,,228,315,,
NODE_0000596,458,510,2021.266,3765,10432,,,228,330,,
NODE_0000596,464,512,2021.266,3765,10432,,,224,289,,
NODE_0000596,464,769,2021.266,3765,10432,,,224,310,,
NODE_0000596,464,1794,2021.266,3765,10432,,,224,394,,
NODE_0000596,464,1669,2021.266,3765,10432,,,224,313,,
NODE_0000596,464,2569,2021.266,3765,10432,,,224,343,,
NODE_0000596,464,2699,2021.266,3765,10432,,,224,363,,
NODE_0000596,464,3596,2021.266,3765,10432,,,224,392,,
NODE_0000596,464,2192,2021.266,3765,10432,,,224,421,,
NODE_0000596,464,2193,2021.266,3765,10432,,,224,420,,
NODE_0000596,464,2838,2021.266,3765,10432,,,224,360,,
NODE_0000596,464,536,2021.266,3765,10432,,,224,348,,
NODE_0000596,464,539,2021.266,3765,10432,,,224,319,,
NODE_0000596,464,1691,2021.266,3765,10432,,,224,324,,
NODE_0000596,464,670,2021.266,3765,10432,,,224,267,,
NODE_0000596,164,464,2021.266,10432,3765,,,170,224,,
NODE_0000596,464,1192,2021.266,3765,10432,,,224,360,,
NODE_0000596,464,810,2021.266,3765,10432,,,224,294,,
NODE_0000596,464,694,2021.266,3765,10432,,,224,385,,
NODE_0000596,464,696,2021.266,3765,10432,,,224,261,,
NODE_0000596,464,572,2021.266,3765,10432,,,224,292,,
NODE_0000596,464,2882,2021.266,3765,10432,,,224,355,,
NODE_0000596,464,837,2021.266,3765,10432,,,224,288,,
NODE_0000596,464,709,2021.266,3765,10432,,,224,286,,
NODE_0000596,464,968,2021.266,3765,10432,,,224,286,,
NODE_0000596,464,2248,2021.266,3765,10432,,,224,422,,
NODE_0000596,464,717,2021.266,3765,10432,,,224,307,,
NODE_0000596,464,847,2021.266,3765,10432,,,224,287,,
NODE_0000596,464,1616,2021.266,3765,10432,,,224,306,,
NODE_0000596,464,465,2021.266,3765,10432,,,224,227,,
NODE_0000596,464,1487,2021.266,3765,10432,,,224,354,,
NODE_0000596,464,601,2021.266,3765,10432,,,224,269,,
NODE_0000596,464,1882,2021.266,3765,10432,,,224,304,,
NODE_0000596,464,2266,2021.266,3765,10432,,,224,361,,
NODE_0000596,464,2015,2021.266,3765,10432,,,224,359,,
NODE_0000596,464,482,2021.266,3765,10432,,,224,229,,
NODE_0000596,464,1014,2021.266,3765,10432,,,224,277,,
NODE_0000596,464,503,2021.266,3765,10432,,,224,268,,
NODE_0000596,464,2040,2021.266,3765,10432,,,224,347,,
NODE_0000596,464,2038,2021.266,3765,10432,,,224,315,,
NODE_0000596,464,510,2021.266,3765,10432,,,224,330,,
NODE_0000596,474,512,2021.266,3765,10432,,,228,289,,
NODE_0000596,474,769,2021.266,3765,10432,,,228,310,,
NODE_0000596,474,1794,2021.266,3765,10432,,,228,394,,
NODE_0000596,474,1669,2021.266,3765,10432,,,228,313,,
NODE_0000596,474,2569,2021.266,3765,10432,,,228,343,,
NODE_0000596,474,2699,2021.266,3765,10432,,,228,363,,
NODE_0000596,474,3596,2021.266,3765,10432,,,228,392,,
NODE_0000596,474,2192,2021.266,3765,10432,,,228,421,,
NODE_0000596,474,2193,2021.266,3765,10432,,,228,420,,
NODE_0000596,474,2838,2021.266,3765,10432,,,228,360,,
NODE_0000596,474,536,2021.266,3765,10432,,,228,348,,
NODE_0000596,474,539,2021.266,3765,10432,,,228,319,,
NODE_0000596,474,1691,2021.266,3765,10432,,,228,324,,
NODE_0000596,474,670,2021.266,3765,10432,,,228,267,,
NODE_0000596,164,474,2021.266,10432,3765,,,170,228,,
NODE_0000596,474,1192,2021.266,3765,10432,,,228,360,,
NODE_0000596,474,810,2021.266,3765,10432,,,228,294,,
NODE_0000596,474,694,2021.266,3765,10432,,,228,385,,
NODE_0000596,474,696,2021.266,3765,10432,,,228,261,,
NODE_0000596,474,572,2021.266,3765,10432,,,228,292,,
NODE_0000596,474,2882,2021.266,3765,10432,,,228,355,,
NODE_0000596,474,837,2021.266,3765,10432,,,228,288,,
NODE_0000596,474,709,2021.266,3765,10432,,,228,286,,
NODE_0000596,474,968,2021.266,3765,10432,,,228,286,,
NODE_0000596,474,2248,2021.266,3765,10432,,,228,422,,
NODE_0000596,474,717,2021.266,3765,10432,,,228,307,,
NODE_0000596,474,847,2021.266,3765,10432,,,228,287,,
NODE_0000596,474,1616,2021.266,3765,10432,,,228,306,,
NODE_0000596,465,474,2021.266,10432,3765,,,227,228,,
NODE_0000596,474,1487,2021.266,3765,10432,,,228,354,,
NODE_0000596,474,601,2021.266,3765,10432,,,228,269,,
NODE_0000596,474,1882,2021.266,3765,10432,,,228,304,,
NODE_0000596,474,2266,2021.266,3765,10432,,,228,361,,
NODE_0000596,474,2015,2021.266,3765,10432,,,228,359,,
NODE_0000596,474,482,2021.266,3765,10432,,,228,229,,
NODE_0000596,474,1014,2021.266,3765,10432,,,228,277,,
NODE_0000596,474,503,2021.266,3765,10432,,,228,268,,
NODE_0000596,474,2040,2021.266,3765,10432,,,228,347,,
NODE_0000596,474,2038,2021.266,3765,10432,,,228,315,,
NODE_0000596,474,510,2021.266,3765,10432,,,228,330,,
NODE_0000596,512,1244,2021.266,10432,3765,,,289,344,,
NODE_0000596,769,1244,2021.266,10432,3765,,,310,344,,
NODE_0000596,1244,1794,2021.266,3765,10432,,,344,394,,
NODE_0000596,1244,1669,2021.266,3765,10432,,,344,313,,
NODE_0000596,1244,2569,2021.266,3765,10432,,,344,343,,
NODE_0000596,1244,2699,2021.266,3765,10432,,,344,363,,
NODE_0000596,1244,3596,2021.266,3765,10432,,,344,392,,
NODE_0000596,1244,2192,2021.266,3765,10432,,,344,421,,
NODE_0000596,1244,2193,2021.266,3765,10432,,,344,420,,
NODE_0000596,1244,2838,2021.266,3765,10432,,,344,360,,
NODE_0000596,536,1244,2021.266,10432,3765,,,348,344,,
NODE_0000596,539,1244,2021.266,10432,3765,,,319,344,,
NODE_0000596,1244,1691,2021.266,3765,10432,,,344,324,,
NODE_0000596,670,1244,2021.266,10432,3765,,,267,344,,
NODE_0000596,164,1244,2021.266,10432,3765,,,170,344,,
NODE_0000596,1192,1244,2021.266,10432,3765,,,360,344,,
NODE_0000596,810,1244,2021.266,10432,3765,,,294,344,,
NODE_0000596,694,1244,2021.266,10432,3765,,,385,344,,
NODE_0000596,696,1244,2021.266,10432,3765,,,261,344,,
NODE_0000596,572,1244,2021.266,10432,3765,,,292,344,,
NODE_0000596,1244,2882,2021.266,3765,10432,,,344,355,,
NODE_0000596,837,1244,2021.266,10432,3765,,,288,344,,
NODE_0000596,709,1244,2021.266,10432,3765,,,286,344,,
NODE_0000596,968,1244,2021.266,10432,3765,,,286,344,,
NODE_0000596,1244,2248,2021.266,3765,10432,,,344,422,,
NODE_0000596,717,1244,2021.266,10432,3765,,,307,344,,
NODE_0000596,847,1244,2021.266,10432,3765,,,287,344,,
NODE_0000596,1244,1616,2021.266,3765,10432,,,344,306,,
NODE_0000596,465,1244,2021.266,10432,3765,,,227,344,,
NODE_0000596,1244,1487,2021.266,3765,10432,,,344,354,,
NODE_0000596,601,1244,2021.266,10432,3765,,,269,344,,
NODE_0000596,1244,1882,2021.266,3765,10432,,,344,304,,
NODE_0000596,1244,2266,2021.266,3765,10432,,,344,361,,
NODE_0000596,1244,2015,2021.266,3765,10432,,,344,359,,
NODE_0000596,482,1244,2021.266,10432,3765,,,229,344,,
NODE_0000596,1014,1244,2021.266,10432,3765,,,277,344,,
NODE_0000596,503,1244,2021.266,10432,3765,,,268,344,,
NODE_0000596,1244,2040,2021.266,3765,10432,,,344,347,,
NODE_0000596,1244,2038,2021.266,3765,10432,,,344,315,,
NODE_0000596,510,1244,2021.266,10432,3765,,,330,344,,
NODE_0000596,512,2268,2021.266,10432,3765,,,289,382,,
NODE_0000596,769,2268,2021.266,10432,3765,,,310,382,,
NODE_0000596,1794,2268,2021.266,10432,3765,,,394,382,,
NODE_0000596,1669,2268,2021.266,10432,3765,,,313,382,,
NODE_0000596,2268,2569,2021.266,3765,10432,,,382,343,,
NODE_0000596,2268,2699,2021.266,3765,10432,,,382,363,,
NODE_0000596,2268,3596,2021.266,3765,10432,,,382,392,,
NODE_0000596,2192,2268,2021.266,10432,3765,,,421,382,,
NODE_0000596,2193,2268,2021.266,10432,3765,,,420,382,,
NODE_0000596,2268,2838,2021.266,3765,10432,,,382,360,,
NODE_0000596,536,2268,2021.266,10432,3765,,,348,382,,
NODE_0000596,539,2268,2021.266,10432,3765,,,319,382,,
NODE_0000596,1691,2268,2021.266,10432,3765,,,324,382,,
NODE_0000596,670,2268,2021.266,10432,3765,,,267,382,,
NODE_0000596,164,2268,2021.266,10432,3765,,,170,382,,
NODE_0000596,1192,2268,2021.266,10432,3765,,,360,382,,
NODE_0000596,810,2268,2021.266,10432,3765,,,294,382,,
NODE_0000596,694,2268,2021.266,10432,3765,,,385,382,,
NODE_0000596,696,2268,2021.266,10432,3765,,,261,382,,
NODE_0000596,572,2268,2021.266,10432,3765,,,292,382,,
NODE_0000596,2268,2882,2021.266,3765,10432,,,382,355,,
NODE_0000596,837,2268,2021.266,10432,3765,,,288,382,,
NODE_0000596,709,2268,2021.266,10432,3765,,,286,382,,
NODE_0000596,968,2268,2021.266,10432,3765,,,286,382,,
NODE_0000596,2248,2268,2021.266,10432,3765,,,422,382,,
NODE_0000596,717,2268,2021.266,10432,3765,,,307,382,,
NODE_0000596,847,2268,2021.266,10432,3765,,,287,382,,
NODE_0000596,1616,2268,2021.266,10432,3765,,,306,382,,
NODE_0000596,465,2268,2021.266,10432,3765,,,227,382,,
NODE_0000596,1487,2268,2021.266,10432,3765,,,354,382,,
NODE_0000596,601,2268,2021.266,10432,3765,,,269,382,,
NODE_0000596,1882,2268,2021.266,10432,3765,,,304,382,,
NODE_0000596,2266,2268,2021.266,10432,3765,,,361,382,,
NODE_0000596,2015,2268,2021.266,10432,3765,,,359,382,,
NODE_0000596,482,2268,2021.266,10432,3765,,,229,382,,
NODE_0000596,1014,2268,2021.266,10432,3765,,,277,382,,
NODE_0000596,503,2268,2021.266,10432,3765,,,268,382,,
NODE_0000596,2040,2268,2021.266,10432,3765,,,347,382,,
NODE_0000596,2038,2268,2021.266,10432,3765,,,315,382,,
NODE_0000596,510,2268,2021.266,10432,3765,,,330,382,,
NODE_0000596,512,746,2021.266,10432,3765,,,289,268,,
NODE_0000596,746,769,2021.266,3765,10432,,,268,310,,
NODE_0000596,746,1794,2021.266,3765,10432,,,268,394,,
NODE_0000596,746,1669,2021.266,3765,10432,,,268,313,,
NODE_0000596,746,2569,2021.266,3765,10432,,,268,343,,
NODE_0000596,746,2699,2021.266,3765,10432,,,268,363,,
NODE_0000596,746,3596,2021.266,3765,10432,,,268,392,,
NODE_0000596,746,2192,2021.266,3765,10432,,,268,421,,
NODE_0000596,746,2193,2021.266,3765,10432,,,268,420,,
NODE_0000596,746,2838,2021.266,3765,10432,,,268,360,,
NODE_0000596,536,746,2021.266,10432,3765,,,348,268,,
NODE_0000596,539,746,2021.266,10432,3765,,,319,268,,
NODE_0000596,746,1691,2021.266,3765,10432,,,268,324,,
NODE_0000596,670,746,2021.266,10432,3765,,,267,268,,
NODE_0000596,164,746,2021.266,10432,3765,,,170,268,,
NODE_0000596,746,1192,2021.266,3765,10432,,,268,360,,
NODE_0000596,746,810,2021.266,3765,10432,,,268,294,,
NODE_0000596,694,746,2021.266,10432,3765,,,385,268,,
NODE_0000596,696,746,2021.266,10432,3765,,,261,268,,
NODE_0000596,572,746,2021.266,10432,3765,,,292,268,,
NODE_0000596,746,2882,2021.266,3765,10432,,,268,355,,
NODE_0000596,746,837,2021.266,3765,10432,,,268,288,,
NODE_0000596,709,746,2021.266,10432,3765,,,286,268,,
NODE_0000596,746,968,2021.266,3765,10432,,,268,286,,
NODE_0000596,746,2248,2021.266,3765,10432,,,268,422,,
NODE_0000596,717,746,2021.266,10432,3765,,,307,268,,
NODE_0000596,746,847,2021.266,3765,10432,,,268,287,,
NODE_0000596,746,1616,2021.266,3765,10432,,,268,306,,
NODE_0000596,465,746,2021.266,10432,3765,,,227,268,,
NODE_0000596,746,1487,2021.266,3765,10432,,,268,354,,
NODE_0000596,601,746,2021.266,10432,3765,,,269,268,,
NODE_0000596,746,1882,2021.266,3765,10432,,,268,304,,
NODE_0000596,746,2266,2021.266,3765,10432,,,268,361,,
NODE_0000596,746,2015,2021.266,3765,10432,,,268,359,,
NODE_0000596,482,746,2021.266,10432,3765,,,229,268,,
NODE_0000596,746,1014,2021.266,3765,10432,,,268,277,,
NODE_0000596,503,746,2021.266,10432,3765,,,268,268,,
NODE_0000596,746,2040,2021.266,3765,10432,,,268,347,,
NODE_0000596,746,2038,2021.266,3765,10432,,,268,315,,
NODE_0000596,510,746,2021.266,10432,3765,,,330,268,,
NODE_0000596,512,748,2021.266,10432,3765,,,289,259,,
NODE_0000596,748,769,2021.266,3765,10432,,,259,310,,
NODE_0000596,748,1794,2021.266,3765,10432,,,259,394,,
NODE_0000596,748,1669,2021.266,3765,10432,,,259,313,,
NODE_0000596,748,2569,2021.266,3765,10432,,,259,343,,
NODE_0000596,748,2699,2021.266,3765,10432,,,259,363,,
NODE_0000596,748,3596,2021.266,3765,10432,,,259,392,,
NODE_0000596,748,2192,2021.266,3765,10432,,,259,421,,
NODE_0000596,748,2193,2021.266,3765,10432,,,259,420,,
NODE_0000596,748,2838,2021.266,3765,10432,,,259,360,,
NODE_0000596,536,748,2021.266,10432,3765,,,348,259,,
NODE_0000596,539,748,2021.266,10432,3765,,,319,259,,
NODE_0000596,748,1691,2021.266,3765,10432,,,259,324,,
NODE_0000596,670,748,2021.266,10432,3765,,,267,259,,
NODE_0000596,164,748,2021.266,10432,3765,,,170,259,,
NODE_0000596,748,1192,2021.266,3765,10432,,,259,360,,
NODE_0000596,748,810,2021.266,3765,10432,,,259,294,,
NODE_0000596,694,748,2021.266,10432,3765,,,385,259,,
NODE_0000596,696,748,2021.266,10432,3765,,,261,259,,
NODE_0000596,572,748,2021.266,10432,3765,,,292,259,,
NODE_0000596,748,2882,2021.266,3765,10432,,,259,355,,
NODE_0000596,748,837,2021.266,3765,10432,,,259,288,,
NODE_0000596,709,748,2021.266,10432,3765,,,286,259,,
NODE_0000596,748,968,2021.266,3765,10432,,,259,286,,
NODE_0000596,748,2248,2021.266,3765,10432,,,259,422,,
NODE_0000596,717,748,2021.266,10432,3765,,,307,259,,
NODE_0000596,748,847,2021.266,3765,10432,,,259,287,,
NODE_0000596,748,1616,2021.266,3765,10432,,,259,306,,
NODE_0000596,465,748,2021.266,10432,3765,,,227,259,,
NODE_0000596,748,1487,2021.266,3765,10432,,,259,354,,
NODE_0000596,601,748,2021.266,10432,3765,,,269,259,,
NODE_0000596,748,1882,2021.266,3765,10432,,,259,304,,
NODE_0000596,748,2266,2021.266,3765,10432,,,259,361,,
NODE_0000596,748,2015,2021.266,3765,10432,,,259,359,,
NODE_0000596,482,748,2021.266,10432,3765,,,229,259,,
NODE_0000596,748,1014,2021.266,3765,10432,,,259,277,,
NODE_0000596,503,748,2021.266,10432,3765,,,268,259,,
NODE_0000596,748,2040,2021.266,3765,10432,,,259,347,,
NODE_0000596,748,2038,2021.266,3765,10432,,,259,315,,
NODE_0000596,510,748,2021.266,10432,3765,,,330,259,,
NODE_0000596,240,512,2021.266,3765,10432,,,172,289,,
NODE_0000596,240,769,2021.266,3765,10432,,,172,310,,
NODE_0000596,240,1794,2021.266,3765,10432,,,172,394,,
NODE_0000596,240,1669,2021.266,3765,10432,,,172,313,,
NODE_0000596,240,2569,2021.266,3765,10432,,,172,343,,
NODE_0000596,240,2699,2021.266,3765,10432,,,172,363,,
NODE_0000596,240,3596,2021.266,3765,10432,,,172,392,,
NODE_0000596,240,2192,2021.266,3765,10432,,,172,421,,
NODE_0000596,240,2193,2021.266,3765,10432,,,172,420,,
NODE_0000596,240,2838,2021.266,3765,10432,,,172,360,,
NODE_0000596,240,536,2021.266,3765,10432,,,172,348,,
NODE_0000596,240,539,2021.266,3765,10432,,,172,319,,
NODE_0000596,240,1691,2021.266,3765,10432,,,172,324,,
NODE_0000596,240,670,2021.266,3765,10432,,,172,267,,
NODE_0000596,164,240,2021.266,10432,3765,,,170,172,,
NODE_0000596,240,1192,2021.266,3765,10432,,,172,360,,
NODE_0000596,240,810,2021.266,3765,10432,,,172,294,,
NODE_0000596,240,694,2021.266,3765,10432,,,172,385,,
NODE_0000596,240,696,2021.266,3765,10432,,,172,261,,
NODE_0000596,240,572,2021.266,3765,10432,,,172,292,,
NODE_0000596,240,2882,2021.266,3765,10432,,,172,355,,
NODE_0000596,240,837,2021.266,3765,10432,,,172,288,,
NODE_0000596,240,709,2021.266,3765,10432,,,172,286,,
NODE_0000596,240,968,2021.266,3765,10432,,,172,286,,
NODE_0000596,240,2248,2021.266,3765,10432,,,172,422,,
NODE_0000596,240,717,2021.266,3765,10432,,,172,307,,
NODE_0000596,240,847,2021.266,3765,10432,,,172,287,,
NODE_0000596,240,1616,2021.266,3765,10432,,,172,306,,
NODE_0000596,240,465,2021.266,3765,10432,,,172,227,,
NODE_0000596,240,1487,2021.266,3765,10432,,,172,354,,
NODE_0000596,240,601,2021.266,3765,10432,,,172,269,,
NODE_0000596,240,1882,2021.266,3765,10432,,,172,304,,
NODE_0000596,240,2266,2021.266,3765,10432,,,172,361,,
NODE_0000596,240,2015,2021.266,3765,10432,,,172,359,,
NODE_0000596,240,482,2021.266,3765,10432,,,172,229,,
NODE_0000596,240,1014,2021.266,3765,10432,,,172,277,,
NODE_0000596,240,503,2021.266,3765,10432,,,172,268,,
NODE_0000596,240,2040,2021.266,3765,10432,,,172,347,,
NODE_0000596,240,2038,2021.266,3765,10432,,,172,315,,
NODE_0000596,240,510,2021.266,3765,10432,,,172,330,,
NODE_0000596,512,754,2021.266,10432,3765,,,289,247,,
NODE_0000596,754,769,2021.266,3765,10432,,,247,310,,
NODE_0000596,754,1794,2021.266,3765,10432,,,247,394,,
NODE_0000596,754,1669,2021.266,3765,10432,,,247,313,,
NODE_0000596,754,2569,2021.266,3765,10432,,,247,343,,
NODE_0000596,754,2699,2021.266,3765,10432,,,247,363,,
NODE_0000596,754,3596,2021.266,3765,10432,,,247,392,,
NODE_0000596,754,2192,2021.266,3765,10432,,,247,421,,
NODE_0000596,754,2193,2021.266,3765,10432,,,247,420,,
NODE_0000596,754,2838,2021.266,3765,10432,,,247,360,,
NODE_0000596,536,754,2021.266,10432,3765,,,348,247,,
NODE_0000596,539,754,2021.266,10432,3765,,,319,247,,
NODE_0000596,754,1691,2021.266,3765,10432,,,247,324,,
NODE_0000596,670,754,2021.266,10432,3765,,,267,247,,
NODE_0000596,164,754,2021.266,10432,3765,,,170,247,,
NODE_0000596,754,1192,2021.266,3765,10432,,,247,360,,
NODE_0000596,754,810,2021.266,3765,10432,,,247,294,,
NODE_0000596,694,754,2021.266,10432,3765,,,385,247,,
NODE_0000596,696,754,2021.266,10432,3765,,,261,247,,
NODE_0000596,572,754,2021.266,10432,3765,,,292,247,,
NODE_0000596,754,2882,2021.266,3765,10432,,,247,355,,
NODE_0000596,754,837,2021.266,3765,10432,,,247,288,,
NODE_0000596,709,754,2021.266,10432,3765,,,286,247,,
NODE_0000596,754,968,2021.266,3765,10432,,,247,286,,
NODE_0000596,754,2248,2021.266,3765,10432,,,247,422,,
NODE_0000596,717,754,2021.266,10432,3765,,,307,247,,
NODE_0000596,754,847,2021.266,3765,10432,,,247,287,,
NODE_0000596,754,1616,2021.266,3765,10432,,,247,306,,
NODE_0000596,465,754,2021.266,10432,3765,,,227,247,,
NODE_0000596,754,1487,2021.266,3765,10432,,,247,354,,
NODE_0000596,601,754,2021.266,10432,3765,,,269,247,,
NODE_0000596,754,1882,2021.266,3765,10432,,,247,304,,
NODE_0000596,754,2266,2021.266,3765,10432,,,247,361,,
NODE_0000596,754,2015,2021.266,3765,10432,,,247,359,,
NODE_0000596,482,754,2021.266,10432,3765,,,229,247,,
NODE_0000596,754,1014,2021.266,3765,10432,,,247,277,,
NODE_0000596,503,754,2021.266,10432,3765,,,268,247,,
NODE_0000596,754,2040,2021.266,3765,10432,,,247,347,,
NODE_0000596,754,2038,2021.266,3765,10432,,,247,315,,
NODE_0000596,510,754,2021.266,10432,3765,,,330,247,,
NODE_0000596,512,1013,2021.266,10432,3765,,,289,258,,
NODE_0000596,769,1013,2021.266,10432,3765,,,310,258,,
NODE_0000596,1013,1794,2021.266,3765,10432,,,258,394,,
NODE_0000596,1013,1669,2021.266,3765,10432,,,258,313,,
NODE_0000596,1013,2569,2021.266,3765,10432,,,258,343,,
NODE_0000596,1013,2699,2021.266,3765,10432,,,258,363,,
NODE_0000596,1013,3596,2021.266,3765,10432,,,258,392,,
NODE_0000596,1013,2192,2021.266,3765,10432,,,258,421,,
NODE_0000596,1013,2193,2021.266,3765,10432,,,258,420,,
NODE_0000596,1013,2838,2021.266,3765,10432,,,258,360,,
NODE_0000596,536,1013,2021.266,10432,3765,,,348,258,,
NODE_0000596,539,1013,2021.266,10432,3765,,,319,258,,
NODE_0000596,1013,1691,2021.266,3765,10432,,,258,324,,
NODE_0000596,670,1013,2021.266,10432,3765,,,267,258,,
NODE_0000596,164,1013,2021.266,10432,3765,,,170,258,,
NODE_0000596,1013,1192,2021.266,3765,10432,,,258,360,,
NODE_0000596,810,1013,2021.266,10432,3765,,,294,258,,
NODE_0000596,694,1013,2021.266,10432,3765,,,385,258,,
NODE_0000596,696,1013,2021.266,10432,3765,,,261,258,,
NODE_0000596,572,1013,2021.266,10432,3765,,,292,258,,
NODE_0000596,1013,2882,2021.266,3765,10432,,,258,355,,
NODE_0000596,837,1013,2021.266,10432,3765,,,288,258,,
NODE_0000596,709,1013,2021.266,10432,3765,,,286,258,,
NODE_0000596,968,1013,2021.266,10432,3765,,,286,258,,
NODE_0000596,1013,2248,2021.266,3765,10432,,,258,422,,
NODE_0000596,717,1013,2021.266,10432,3765,,,307,258,,
NODE_0000596,847,1013,2021.266,10432,3765,,,287,258,,
NODE_0000596,1013,1616,2021.266,3765,10432,,,258,306,,
NODE_0000596,465,1013,2021.266,10432,3765,,,227,258,,
NODE_0000596,1013,1487,2021.266,3765,10432,,,258,354,,
NODE_0000596,601,1013,2021.266,10432,3765,,,269,258,,
NODE_0000596,1013,1882,2021.266,3765,10432,,,258,304,,
NODE_0000596,1013,2266,2021.266,3765,10432,,,258,361,,
NODE_0000596,1013,2015,2021.266,3765,10432,,,258,359,,
NODE_0000596,482,1013,2021.266,10432,3765,,,229,258,,
NODE_0000596,1013,1014,2021.266,3765,10432,,,258,277,,
NODE_0000596,503,1013,2021.266,10432,3765,,,268,258,,
NODE_0000596,1013,2040,2021.266,3765,10432,,,258,347,,
NODE_0000596,1013,2038,2021.266,3765,10432,,,258,315,,
NODE_0000596,510,1013,2021.266,10432,3765,,,330,258,,
NODE_0000596,512,2041,2021.266,10432,3765,,,289,363,,
NODE_0000596,769,2041,2021.266,10432,3765,,,310,363,,
NODE_0000596,1794,2041,2021.266,10432,3765,,,394,363,,
NODE_0000596,1669,2041,2021.266,10432,3765,,,313,363,,
NODE_0000596,2041,2569,2021.266,3765,10432,,,363,343,,
NODE_0000596,2041,2699,2021.266,3765,10432,,,363,363,,
NODE_0000596,2041,3596,2021.266,3765,10432,,,363,392,,
NODE_0000596,2041,2192,2021.266,3765,10432,,,363,421,,
NODE_0000596,2041,2193,2021.266,3765,10432,,,363,420,,
NODE_0000596,2041,2838,2021.266,3765,10432,,,363,360,,
NODE_0000596,536,2041,2021.266,10432,3765,,,348,363,,
NODE_0000596,539,2041,2021.266,10432,3765,,,319,363,,
NODE_0000596,1691,2041,2021.266,10432,3765,,,324,363,,
NODE_0000596,670,2041,2021.266,10432,3765,,,267,363,,
NODE_0000596,164,2041,2021.266,10432,3765,,,170,363,,
NODE_0000596,1192,2041,2021.266,10432,3765,,,360,363,,
NODE_0000596,810,2041,2021.266,10432,3765,,,294,363,,
NODE_0000596,694,2041,2021.266,10432,3765,,,385,363,,
NODE_0000596,696,2041,2021.266,10432,3765,,,261,363,,
NODE_0000596,572,2041,2021.266,10432,3765,,,292,363,,
NODE_0000596,2041,2882,2021.266,3765,10432,,,363,355,,
NODE_0000596,837,2041,2021.266,10432,3765,,,288,363,,
NODE_0000596,709,2041,2021.266,10432,3765,,,286,363,,
NODE_0000596,968,2041,2021.266,10432,3765,,,286,363,,
NODE_0000596,2041,2248,2021.266,3765,10432,,,363,422,,
NODE_0000596,717,2041,2021.266,10432,3765,,,307,363,,
NODE_0000596,847,2041,2021.266,10432,3765,,,287,363,,
NODE_0000596,1616,2041,2021.266,10432,3765,,,306,363,,
NODE_0000596,465,2041,2021.266,10432,3765,,,227,363,,
NODE_0000596,1487,2041,2021.266,10432,3765,,,354,363,,
NODE_0000596,601,2041,2021.266,10432,3765,,,269,363,,
NODE_0000596,1882,2041,2021.266,10432,3765,,,304,363,,
NODE_0000596,2041,2266,2021.266,3765,10432,,,363,361,,
NODE_0000596,2015,2041,2021.266,10432,3765,,,359,363,,
NODE_0000596,482,2041,2021.266,10432,3765,,,229,363,,
NODE_0000596,1014,2041,2021.266,10432,3765,,,277,363,,
NODE_0000596,503,2041,2021.266,10432,3765,,,268,363,,
NODE_0000596,2040,2041,2021.266,10432,3765,,,347,363,,
NODE_0000596,2038,2041,2021.266,10432,3765,,,315,363,,
NODE_0000596,510,2041,2021.266,10432,3765,,,330,363,,
NODE_0000596,508,512,2021.266,3765,10432,,,332,289,,
NODE_0000596,508,769,2021.266,3765,10432,,,332,310,,
NODE_0000596,508,1794,2021.266,3765,10432,,,332,394,,
NODE_0000596,508,1669,2021.266,3765,10432,,,332,313,,
NODE_0000596,508,2569,2021.266,3765,10432,,,332,343,,
NODE_0000596,508,2699,2021.266,3765,10432,,,332,363,,
NODE_0000596,508,3596,2021.266,3765,10432,,,332,392,,
NODE_0000596,508,2192,2021.266,3765,10432,,,332,421,,
NODE_0000596,508,2193,2021.266,3765,10432,,,332,420,,
NODE_0000596,508,2838,2021.266,3765,10432,,,332,360,,
NODE_0000596,508,536,2021.266,3765,10432,,,332,348,,
NODE_0000596,508,539,2021.266,3765,10432,,,332,319,,
NODE_0000596,508,1691,2021.266,3765,10432,,,332,324,,
NODE_0000596,508,670,2021.266,3765,10432,,,332,267,,
NODE_0000596,164,508,2021.266,10432,3765,,,170,332,,
NODE_0000596,508,1192,2021.266,3765,10432,,,332,360,,
NODE_0000596,508,810,2021.266,3765,10432,,,332,294,,
NODE_0000596,508,694,2021.266,3765,10432,,,332,385,,
NODE_0000596,508,696,2021.266,3765,10432,,,332,261,,
NODE_0000596,508,572,2021.266,3765,10432,,,332,292,,
NODE_0000596,508,2882,2021.266,3765,10432,,,332,355,,
NODE_0000596,508,837,2021.266,3765,10432,,,332,288,,
NODE_0000596,508,709,2021.266,3765,10432,,,332,286,,
NODE_0000596,508,968,2021.266,3765,10432,,,332,286,,
NODE_0000596,508,2248,2021.266,3765,10432,,,332,422,,
NODE_0000596,508,717,2021.266,3765,10432,,,332,307,,
NODE_0000596,508,847,2021.266,3765,10432,,,332,287,,
NODE_0000596,508,1616,2021.266,3765,10432,,,332,306,,
NODE_0000596,465,508,2021.266,10432,3765,,,227,332,,
NODE_0000596,508,1487,2021.266,3765,10432,,,332,354,,
NODE_0000596,508,601,2021.266,3765,10432,,,332,269,,
NODE_0000596,508,1882,2021.266,3765,10432,,,332,304,,
NODE_0000596,508,2266,2021.266,3765,10432,,,332,361,,
NODE_0000596,508,2015,2021.266,3765,10432,,,332,359,,
NODE_0000596,482,508,2021.266,10432,3765,,,229,332,,
NODE_0000596,508,1014,2021.266,3765,10432,,,332,277,,
NODE_0000596,503,508,2021.266,10432,3765,,,268,332,,
NODE_0000596,508,2040,2021.266,3765,10432,,,332,347,,
NODE_0000596,508,2038,2021.266,3765,10432,,,332,315,,
NODE_0000596,508,510,2021.266,3765,10432,,,332,330,,
NODE_0000596,512,767,2021.266,10432,3765,,,289,251,,
NODE_0000596,767,769,2021.266,3765,10432,,,251,310,,
NODE_0000596,767,1794,2021.266,3765,10432,,,251,394,,
NODE_0000596,767,1669,2021.266,3765,10432,,,251,313,,
NODE_0000596,767,2569,2021.266,3765,10432,,,251,343,,
NODE_0000596,767,2699,2021.266,3765,10432,,,251,363,,
NODE_0000596,767,3596,2021.266,3765,10432,,,251,392,,
NODE_0000596,767,2192,2021.266,3765,10432,,,251,421,,
NODE_0000596,767,2193,2021.266,3765,10432,,,251,420,,
NODE_0000596,767,2838,2021.266,3765,10432,,,251,360,,
NODE_0000596,536,767,2021.266,10432,3765,,,348,251,,
NODE_0000596,539,767,2021.266,10432,3765,,,319,251,,
NODE_0000596,767,1691,2021.266,3765,10432,,,251,324,,
NODE_0000596,670,767,2021.266,10432,3765,,,267,251,,
NODE_0000596,164,767,2021.266,10432,3765,,,170,251,,
NODE_0000596,767,1192,2021.266,3765,10432,,,251,360,,
NODE_0000596,767,810,2021.266,3765,10432,,,251,294,,
NODE_0000596,694,767,2021.266,10432,3765,,,385,251,,
NODE_0000596,696,767,2021.266,10432,3765,,,261,251,,
NODE_0000596,572,767,2021.266,10432,3765,,,292,251,,
NODE_0000596,767,2882,2021.266,3765,10432,,,251,355,,
NODE_0000596,767,837,2021.266,3765,10432,,,251,288,,
NODE_0000596,709,767,2021.266,10432,3765,,,286,251,,
NODE_0000596,767,968,2021.266,3765,10432,,,251,286,,
NODE_0000596,767,2248,2021.266,3765,10432,,,251,422,,
NODE_0000596,717,767,2021.266,10432,3765,,,307,251,,
NODE_0000596,767,847,2021.266,3765,10432,,,251,287,,
NODE_0000596,767,1616,2021.266,3765,10432,,,251,306,,
NODE_0000596,465,767,2021.266,10432,3765,,,227,251,,
NODE_0000596,767,1487,2021.266,3765,10432,,,251,354,,
NODE_0000596,601,767,2021.266,10432,3765,,,269,251,,
NODE_0000596,767,1882,2021.266,3765,10432,,,251,304,,
NODE_0000596,767,2266,2021.266,3765,10432,,,251,361,,
NODE_0000596,767,2015,2021.266,3765,10432,,,251,359,,
NODE_0000596,482,767,2021.266,10432,3765,,,229,251,,
NODE_0000596,767,1014,2021.266,3765,10432,,,251,277,,
NODE_0000596,503,767,2021.266,10432,3765,,,268,251,,
NODE_0000596,767,2040,2021.266,3765,10432,,,251,347,,
NODE_0000596,767,2038,2021.266,3765,10432,,,251,315,,
NODE_0000596,510,767,2021.266,10432,3765,,,330,251,,
NODE_0000595,512,3431,2021.267,14197,1,,378.0,289,378,,1.0
NODE_0000595,769,3431,2021.267,14197,1,,378.0,310,378,,1.0
NODE_0000595,1794,3431,2021.267,14197,1,,378.0,394,378,,1.0
NODE_0000595,1288,3431,2021.267,14197,1,,378.0,279,378,,1.0
NODE_0000595,2569,3431,2021.267,14197,1,,378.0,343,378,,1.0
NODE_0000595,2059,3431,2021.267,14197,1,,378.0,371,378,,1.0
NODE_0000595,511,3431,2021.267,14197,1,,378.0,269,378,,1.0
NODE_0000595,3431,3596,2021.267,1,14197,378.0,,378,392,1.0,
NODE_0000595,787,3431,2021.267,14197,1,,378.0,333,378,,1.0
NODE_0000595,534,3431,2021.267,14197,1,,378.0,260,378,,1.0
NODE_0000595,2838,3431,2021.267,14197,1,,378.0,360,378,,1.0
NODE_0000595,536,3431,2021.267,14197,1,,378.0,348,378,,1.0
NODE_0000595,3099,3431,2021.267,14197,1,,378.0,367,378,,1.0
NODE_0000595,539,3431,2021.267,14197,1,,378.0,319,378,,1.0
NODE_0000595,1056,3431,2021.267,14197,1,,378.0,275,378,,1.0
NODE_0000595,548,3431,2021.267,14197,1,,378.0,268,378,,1.0
NODE_0000595,810,3431,2021.267,14197,1,,378.0,294,378,,1.0
NODE_0000595,1074,3431,2021.267,14197,1,,378.0,330,378,,1.0
NODE_0000595,572,3431,2021.267,14197,1,,378.0,292,378,,1.0
NODE_0000595,2882,3431,2021.267,14197,1,,378.0,355,378,,1.0
NODE_0000595,579,3431,2021.267,14197,1,,378.0,259,378,,1.0
NODE_0000595,1604,3431,2021.267,14197,1,,378.0,339,378,,1.0
NODE_0000595,1859,3431,2021.267,14197,1,,378.0,343,378,,1.0
NODE_0000595,837,3431,2021.267,14197,1,,378.0,288,378,,1.0
NODE_0000595,840,3431,2021.267,14197,1,,378.0,335,378,,1.0
NODE_0000595,590,3431,2021.267,14197,1,,378.0,325,378,,1.0
NODE_0000595,847,3431,2021.267,14197,1,,378.0,287,378,,1.0
NODE_0000595,592,3431,2021.267,14197,1,,378.0,271,378,,1.0
NODE_0000595,1616,3431,2021.267,14197,1,,378.0,306,378,,1.0
NODE_0000595,599,3431,2021.267,14197,1,,378.0,291,378,,1.0
NODE_0000595,601,3431,2021.267,14197,1,,378.0,269,378,,1.0
NODE_0000595,3418,3431,2021.267,14197,1,,378.0,404,378,,1.0
NODE_0000595,1882,3431,2021.267,14197,1,,378.0,304,378,,1.0
NODE_0000595,2914,3431,2021.267,14197,1,,378.0,417,378,,1.0
NODE_0000595,866,3431,2021.267,14197,1,,378.0,286,378,,1.0
NODE_0000595,3172,3431,2021.267,14197,1,,378.0,417,378,,1.0
NODE_0000595,1639,3431,2021.267,14197,1,,378.0,379,378,,1.0
NODE_0000595,616,3431,2021.267,14197,1,,378.0,248,378,,1.0
NODE_0000595,620,3431,2021.267,14197,1,,378.0,259,378,,1.0
NODE_0000595,1903,3431,2021.267,14197,1,,378.0,357,378,,1.0
NODE_0000595,628,3431,2021.267,14197,1,,378.0,268,378,,1.0
NODE_0000595,629,3431,2021.267,14197,1,,378.0,268,378,,1.0
NODE_0000595,1145,3431,2021.267,14197,1,,378.0,292,378,,1.0
NODE_0000595,634,3431,2021.267,14197,1,,378.0,274,378,,1.0
NODE_0000595,638,3431,2021.267,14197,1,,378.0,265,378,,1.0
NODE_0000595,1669,3431,2021.267,14197,1,,378.0,313,378,,1.0
NODE_0000595,2182,3431,2021.267,14197,1,,378.0,407,378,,1.0
NODE_0000595,136,3431,2021.267,14197,1,,378.0,170,378,,1.0
NODE_0000595,2699,3431,2021.267,14197,1,,378.0,363,378,,1.0
NODE_0000595,2192,3431,2021.267,14197,1,,378.0,421,378,,1.0
NODE_0000595,2193,3431,2021.267,14197,1,,378.0,420,378,,1.0
NODE_0000595,914,3431,2021.267,14197,1,,378.0,290,378,,1.0
NODE_0000595,917,3431,2021.267,14197,1,,378.0,396,378,,1.0
NODE_0000595,919,3431,2021.267,14197,1,,378.0,292,378,,1.0
NODE_0000595,665,3431,2021.267,14197,1,,378.0,283,378,,1.0
NODE_0000595,1691,3431,2021.267,14197,1,,378.0,324,378,,1.0
NODE_0000595,670,3431,2021.267,14197,1,,378.0,267,378,,1.0
NODE_0000595,673,3431,2021.267,14197,1,,378.0,284,378,,1.0
NODE_0000595,674,3431,2021.267,14197,1,,378.0,272,378,,1.0
NODE_0000595,675,3431,2021.267,14197,1,,378.0,281,378,,1.0
NODE_0000595,931,3431,2021.267,14197,1,,378.0,413,378,,1.0
NODE_0000595,676,3431,2021.267,14197,1,,378.0,264,378,,1.0
NODE_0000595,1190,3431,2021.267,14197,1,,378.0,328,378,,1.0
NODE_0000595,164,3431,2021.267,14197,1,,378.0,170,378,,1.0
NODE_0000595,1192,3431,2021.267,14197,1,,378.0,360,378,,1.0
NODE_0000595,1708,3431,2021.267,14197,1,,378.0,339,378,,1.0
NODE_0000595,1199,3431,2021.267,14197,1,,378.0,391,378,,1.0
NODE_0000595,687,3431,2021.267,14197,1,,378.0,297,378,,1.0
NODE_0000595,432,3431,2021.267,14197,1,,378.0,209,378,,1.0
NODE_0000595,691,3431,2021.267,14197,1,,378.0,293,378,,1.0
NODE_0000595,2228,3431,2021.267,14197,1,,378.0,379,378,,1.0
NODE_0000595,694,3431,2021.267,14197,1,,378.0,385,378,,1.0
NODE_0000595,696,3431,2021.267,14197,1,,378.0,261,378,,1.0
NODE_0000595,187,3431,2021.267,14197,1,,378.0,169,378,,1.0
NODE_0000595,3011,3431,2021.267,14197,1,,378.0,422,378,,1.0
NODE_0000595,709,3431,2021.267,14197,1,,378.0,286,378,,1.0
NODE_0000595,2246,3431,2021.267,14197,1,,378.0,348,378,,1.0
NODE_0000595,712,3431,2021.267,14197,1,,378.0,268,378,,1.0
NODE_0000595,968,3431,2021.267,14197,1,,378.0,286,378,,1.0
NODE_0000595,458,3431,2021.267,14197,1,,378.0,228,378,,1.0
NODE_0000595,2248,3431,2021.267,14197,1,,378.0,422,378,,1.0
NODE_0000595,717,3431,2021.267,14197,1,,378.0,307,378,,1.0
NODE_0000595,1487,3431,2021.267,14197,1,,378.0,354,378,,1.0
NODE_0000595,464,3431,2021.267,14197,1,,378.0,224,378,,1.0
NODE_0000595,465,3431,2021.267,14197,1,,378.0,227,378,,1.0
NODE_0000595,474,3431,2021.267,14197,1,,378.0,228,378,,1.0
NODE_0000595,2266,3431,2021.267,14197,1,,378.0,361,378,,1.0
NODE_0000595,1244,3431,2021.267,14197,1,,378.0,344,378,,1.0
NODE_0000595,2268,3431,2021.267,14197,1,,378.0,382,378,,1.0
NODE_0000595,2015,3431,2021.267,14197,1,,378.0,359,378,,1.0
NODE_0000595,482,3431,2021.267,14197,1,,378.0,229,378,,1.0
NODE_0000595,746,3431,2021.267,14197,1,,378.0,268,378,,1.0
NODE_0000595,748,3431,2021.267,14197,1,,378.0,259,378,,1.0
NODE_0000595,240,3431,2021.267,14197,1,,378.0,172,378,,1.0
NODE_0000595,754,3431,2021.267,14197,1,,378.0,247,378,,1.0
NODE_0000595,1013,3431,2021.267,14197,1,,378.0,258,378,,1.0
NODE_0000595,1014,3431,2021.267,14197,1,,378.0,277,378,,1.0
NODE_0000595,503,3431,2021.267,14197,1,,378.0,268,378,,1.0
NODE_0000595,2040,3431,2021.267,14197,1,,378.0,347,378,,1.0
NODE_0000595,2041,3431,2021.267,14197,1,,378.0,363,378,,1.0
NODE_0000595,2038,3431,2021.267,14197,1,,378.0,315,378,,1.0
NODE_0000595,508,3431,2021.267,14197,1,,378.0,332,378,,1.0
NODE_0000595,510,3431,2021.267,14197,1,,378.0,330,378,,1.0
NODE_0000595,767,3431,2021.267,14197,1,,378.0,251,378,,1.0
NODE_0000594,512,2281,2021.085,14198,1,,423.0,289,423,,1.0
NODE_0000594,769,2281,2021.085,14198,1,,423.0,310,423,,1.0
NODE_0000594,1794,2281,2021.085,14198,1,,423.0,394,423,,1.0
NODE_0000594,1288,2281,2021.085,14198,1,,423.0,279,423,,1.0
NODE_0000594,2281,2569,2021.085,1,14198,423.0,,423,343,1.0,
NODE_0000594,2059,2281,2021.085,14198,1,,423.0,371,423,,1.0
NODE_0000594,2281,3596,2021.085,1,14198,423.0,,423,392,1.0,
NODE_0000594,787,2281,2021.085,14198,1,,423.0,333,423,,1.0
NODE_0000594,767,2281,2021.085,14198,1,,423.0,251,423,,1.0
NODE_0000594,534,2281,2021.085,14198,1,,423.0,260,423,,1.0
NODE_0000594,2281,2838,2021.085,1,14198,423.0,,423,360,1.0,
NODE_0000594,536,2281,2021.085,14198,1,,423.0,348,423,,1.0
NODE_0000594,2281,3099,2021.085,1,14198,423.0,,423,367,1.0,
NODE_0000594,539,2281,2021.085,14198,1,,423.0,319,423,,1.0
NODE_0000594,1056,2281,2021.085,14198,1,,423.0,275,423,,1.0
NODE_0000594,548,2281,2021.085,14198,1,,423.0,268,423,,1.0
NODE_0000594,810,2281,2021.085,14198,1,,423.0,294,423,,1.0
NODE_0000594,1074,2281,2021.085,14198,1,,423.0,330,423,,1.0
NODE_0000594,572,2281,2021.085,14198,1,,423.0,292,423,,1.0
NODE_0000594,2281,2882,2021.085,1,14198,423.0,,423,355,1.0,
NODE_0000594,579,2281,2021.085,14198,1,,423.0,259,423,,1.0
NODE_0000594,1604,2281,2021.085,14198,1,,423.0,339,423,,1.0
NODE_0000594,1859,2281,2021.085,14198,1,,423.0,343,423,,1.0
NODE_0000594,837,2281,2021.085,14198,1,,423.0,288,423,,1.0
NODE_0000594,840,2281,2021.085,14198,1,,423.0,335,423,,1.0
NODE_0000594,590,2281,2021.085,14198,1,,423.0,325,423,,1.0
NODE_0000594,847,2281,2021.085,14198,1,,423.0,287,423,,1.0
NODE_0000594,592,2281,2021.085,14198,1,,423.0,271,423,,1.0
NODE_0000594,1616,2281,2021.085,14198,1,,423.0,306,423,,1.0
NODE_0000594,599,2281,2021.085,14198,1,,423.0,291,423,,1.0
NODE_0000594,601,2281,2021.085,14198,1,,423.0,269,423,,1.0
NODE_0000594,2281,3418,2021.085,1,14198,423.0,,423,404,1.0,
NODE_0000594,1882,2281,2021.085,14198,1,,423.0,304,423,,1.0
NODE_0000594,2281,2914,2021.085,1,14198,423.0,,423,417,1.0,
NODE_0000594,866,2281,2021.085,14198,1,,423.0,286,423,,1.0
NODE_0000594,2281,3172,2021.085,1,14198,423.0,,423,417,1.0,
NODE_0000594,2281,3431,2021.085,1,14198,423.0,,423,378,1.0,
NODE_0000594,1639,2281,2021.085,14198,1,,423.0,379,423,,1.0
NODE_0000594,616,2281,2021.085,14198,1,,423.0,248,423,,1.0
NODE_0000594,620,2281,2021.085,14198,1,,423.0,259,423,,1.0
NODE_0000594,1903,2281,2021.085,14198,1,,423.0,357,423,,1.0
NODE_0000594,628,2281,2021.085,14198,1,,423.0,268,423,,1.0
NODE_0000594,629,2281,2021.085,14198,1,,423.0,268,423,,1.0
NODE_0000594,1145,2281,2021.085,14198,1,,423.0,292,423,,1.0
NODE_0000594,634,2281,2021.085,14198,1,,423.0,274,423,,1.0
NODE_0000594,638,2281,2021.085,14198,1,,423.0,265,423,,1.0
NODE_0000594,1669,2281,2021.085,14198,1,,423.0,313,423,,1.0
NODE_0000594,2182,2281,2021.085,14198,1,,423.0,407,423,,1.0
NODE_0000594,136,2281,2021.085,14198,1,,423.0,170,423,,1.0
NODE_0000594,2281,2699,2021.085,1,14198,423.0,,423,363,1.0,
NODE_0000594,2192,2281,2021.085,14198,1,,423.0,421,423,,1.0
NODE_0000594,2193,2281,2021.085,14198,1,,423.0,420,423,,1.0
NODE_0000594,914,2281,2021.085,14198,1,,423.0,290,423,,1.0
NODE_0000594,917,2281,2021.085,14198,1,,423.0,396,423,,1.0
NODE_0000594,919,2281,2021.085,14198,1,,423.0,292,423,,1.0
NODE_0000594,665,2281,2021.085,14198,1,,423.0,283,423,,1.0
NODE_0000594,1691,2281,2021.085,14198,1,,423.0,324,423,,1.0
NODE_0000594,670,2281,2021.085,14198,1,,423.0,267,423,,1.0
NODE_0000594,673,2281,2021.085,14198,1,,423.0,284,423,,1.0
NODE_0000594,674,2281,2021.085,14198,1,,423.0,272,423,,1.0
NODE_0000594,675,2281,2021.085,14198,1,,423.0,281,423,,1.0
NODE_0000594,931,2281,2021.085,14198,1,,423.0,413,423,,1.0
NODE_0000594,676,2281,2021.085,14198,1,,423.0,264,423,,1.0
NODE_0000594,1190,2281,2021.085,14198,1,,423.0,328,423,,1.0
NODE_0000594,164,2281,2021.085,14198,1,,423.0,170,423,,1.0
NODE_0000594,1192,2281,2021.085,14198,1,,423.0,360,423,,1.0
NODE_0000594,1708,2281,2021.085,14198,1,,423.0,339,423,,1.0
NODE_0000594,1199,2281,2021.085,14198,1,,423.0,391,423,,1.0
NODE_0000594,687,2281,2021.085,14198,1,,423.0,297,423,,1.0
NODE_0000594,432,2281,2021.085,14198,1,,423.0,209,423,,1.0
NODE_0000594,691,2281,2021.085,14198,1,,423.0,293,423,,1.0
NODE_0000594,2228,2281,2021.085,14198,1,,423.0,379,423,,1.0
NODE_0000594,694,2281,2021.085,14198,1,,423.0,385,423,,1.0
NODE_0000594,696,2281,2021.085,14198,1,,423.0,261,423,,1.0
NODE_0000594,187,2281,2021.085,14198,1,,423.0,169,423,,1.0
NODE_0000594,2281,3011,2021.085,1,14198,423.0,,423,422,1.0,
NODE_0000594,709,2281,2021.085,14198,1,,423.0,286,423,,1.0
NODE_0000594,2246,2281,2021.085,14198,1,,423.0,348,423,,1.0
NODE_0000594,712,2281,2021.085,14198,1,,423.0,268,423,,1.0
NODE_0000594,968,2281,2021.085,14198,1,,423.0,286,423,,1.0
NODE_0000594,458,2281,2021.085,14198,1,,423.0,228,423,,1.0
NODE_0000594,2248,2281,2021.085,14198,1,,423.0,422,423,,1.0
NODE_0000594,717,2281,2021.085,14198,1,,423.0,307,423,,1.0
NODE_0000594,1487,2281,2021.085,14198,1,,423.0,354,423,,1.0
NODE_0000594,464,2281,2021.085,14198,1,,423.0,224,423,,1.0
NODE_0000594,465,2281,2021.085,14198,1,,423.0,227,423,,1.0
NODE_0000594,474,2281,2021.085,14198,1,,423.0,228,423,,1.0
NODE_0000594,2266,2281,2021.085,14198,1,,423.0,361,423,,1.0
NODE_0000594,1244,2281,2021.085,14198,1,,423.0,344,423,,1.0
NODE_0000594,2268,2281,2021.085,14198,1,,423.0,382,423,,1.0
NODE_0000594,2015,2281,2021.085,14198,1,,423.0,359,423,,1.0
NODE_0000594,482,2281,2021.085,14198,1,,423.0,229,423,,1.0
NODE_0000594,746,2281,2021.085,14198,1,,423.0,268,423,,1.0
NODE_0000594,748,2281,2021.085,14198,1,,423.0,259,423,,1.0
NODE_0000594,240,2281,2021.085,14198,1,,423.0,172,423,,1.0
NODE_0000594,754,2281,2021.085,14198,1,,423.0,247,423,,1.0
NODE_0000594,1013,2281,2021.085,14198,1,,423.0,258,423,,1.0
NODE_0000594,1014,2281,2021.085,14198,1,,423.0,277,423,,1.0
NODE_0000594,503,2281,2021.085,14198,1,,423.0,268,423,,1.0
NODE_0000594,2040,2281,2021.085,14198,1,,423.0,347,423,,1.0
NODE_0000594,2041,2281,2021.085,14198,1,,423.0,363,423,,1.0
NODE_0000594,2038,2281,2021.085,14198,1,,423.0,315,423,,1.0
NODE_0000594,508,2281,2021.085,14198,1,,423.0,332,423,,1.0
NODE_0000594,510,2281,2021.085,14198,1,,423.0,330,423,,1.0
NODE_0000594,511,2281,2021.085,14198,1,,423.0,269,423,,1.0
NODE_0000002,512,517,2020.751,14199,592,,,289,278,,
NODE_0000002,517,769,2020.751,592,14199,,,278,310,,
NODE_0000002,517,1794,2020.751,592,14199,,,278,394,,
NODE_0000002,517,1288,2020.751,592,14199,,,278,279,,
NODE_0000002,517,2569,2020.751,592,14199,,,278,343,,
NODE_0000002,517,2059,2020.751,592,14199,,,278,371,,
NODE_0000002,517,3596,2020.751,592,14199,,,278,392,,
NODE_0000002,511,517,2020.751,14199,592,,,269,278,,
NODE_0000002,517,787,2020.751,592,14199,,,278,333,,
NODE_0000002,517,534,2020.751,592,14199,,,278,260,,
NODE_0000002,517,2838,2020.751,592,14199,,,278,360,,
NODE_0000002,517,536,2020.751,592,14199,,,278,348,,
NODE_0000002,517,3099,2020.751,592,14199,,,278,367,,
NODE_0000002,517,539,2020.751,592,14199,,,278,319,,
NODE_0000002,517,1056,2020.751,592,14199,,,278,275,,
NODE_0000002,517,548,2020.751,592,14199,,,278,268,,
NODE_0000002,517,810,2020.751,592,14199,,,278,294,,
NODE_0000002,517,1074,2020.751,592,14199,,,278,330,,
NODE_0000002,517,572,2020.751,592,14199,,,278,292,,
NODE_0000002,517,2882,2020.751,592,14199,,,278,355,,
NODE_0000002,517,579,2020.751,592,14199,,,278,259,,
NODE_0000002,517,1604,2020.751,592,14199,,,278,339,,
NODE_0000002,517,1859,2020.751,592,14199,,,278,343,,
NODE_0000002,517,837,2020.751,592,14199,,,278,288,,
NODE_0000002,517,840,2020.751,592,14199,,,278,335,,
NODE_0000002,517,590,2020.751,592,14199,,,278,325,,
NODE_0000002,517,847,2020.751,592,14199,,,278,287,,
NODE_0000002,517,592,2020.751,592,14199,,,278,271,,
NODE_0000002,517,1616,2020.751,592,14199,,,278,306,,
NODE_0000002,517,599,2020.751,592,14199,,,278,291,,
NODE_0000002,517,601,2020.751,592,14199,,,278,269,,
NODE_0000002,517,3418,2020.751,592,14199,,,278,404,,
NODE_0000002,517,1882,2020.751,592,14199,,,278,304,,
NODE_0000002,517,2914,2020.751,592,14199,,,278,417,,
NODE_0000002,517,866,2020.751,592,14199,,,278,286,,
NODE_0000002,517,3172,2020.751,592,14199,,,278,417,,
NODE_0000002,517,3431,2020.751,592,14199,,,278,378,,
NODE_0000002,517,1639,2020.751,592,14199,,,278,379,,
NODE_0000002,517,616,2020.751,592,14199,,,278,248,,
NODE_0000002,517,620,2020.751,592,14199,,,278,259,,
NODE_0000002,517,1903,2020.751,592,14199,,,278,357,,
NODE_0000002,517,628,2020.751,592,14199,,,278,268,,
NODE_0000002,517,629,2020.751,592,14199,,,278,268,,
NODE_0000002,517,1145,2020.751,592,14199,,,278,292,,
NODE_0000002,517,634,2020.751,592,14199,,,278,274,,
NODE_0000002,517,638,2020.751,592,14199,,,278,265,,
NODE_0000002,517,1669,2020.751,592,14199,,,278,313,,
NODE_0000002,517,2182,2020.751,592,14199,,,278,407,,
NODE_0000002,136,517,2020.751,14199,592,,,170,278,,
NODE_0000002,517,2699,2020.751,592,14199,,,278,363,,
NODE_0000002,517,2192,2020.751,592,14199,,,278,421,,
NODE_0000002,517,2193,2020.751,592,14199,,,278,420,,
NODE_0000002,517,914,2020.751,592,14199,,,278,290,,
NODE_0000002,517,917,2020.751,592,14199,,,278,396,,
NODE_0000002,517,919,2020.751,592,14199,,,278,292,,
NODE_0000002,517,665,2020.751,592,14199,,,278,283,,
NODE_0000002,517,1691,2020.751,592,14199,,,278,324,,
NODE_0000002,517,670,2020.751,592,14199,,,278,267,,
NODE_0000002,517,673,2020.751,592,14199,,,278,284,,
NODE_0000002,517,674,2020.751,592,14199,,,278,272,,
NODE_0000002,517,675,2020.751,592,14199,,,278,281,,
NODE_0000002,517,931,2020.751,592,14199,,,278,413,,
NODE_0000002,517,676,2020.751,592,14199,,,278,264,,
NODE_0000002,517,1190,2020.751,592,14199,,,278,328,,
NODE_0000002,164,517,2020.751,14199,592,,,170,278,,
NODE_0000002,517,1192,2020.751,592,14199,,,278,360,,
NODE_0000002,517,1708,2020.751,592,14199,,,278,339,,
NODE_0000002,517,1199,2020.751,592,14199,,,278,391,,
NODE_0000002,517,687,2020.751,592,14199,,,278,297,,
NODE_0000002,432,517,2020.751,14199,592,,,209,278,,
NODE_0000002,517,691,2020.751,592,14199,,,278,293,,
NODE_0000002,517,2228,2020.751,592,14199,,,278,379,,
NODE_0000002,517,694,2020.751,592,14199,,,278,385,,
NODE_0000002,517,696,2020.751,592,14199,,,278,261,,
NODE_0000002,187,517,2020.751,14199,592,,,169,278,,
NODE_0000002,517,3011,2020.751,592,14199,,,278,422,,
NODE_0000002,517,709,2020.751,592,14199,,,278,286,,
NODE_0000002,517,2246,2020.751,592,14199,,,278,348,,
NODE_0000002,517,712,2020.751,592,14199,,,278,268,,
NODE_0000002,517,968,2020.751,592,14199,,,278,286,,
NODE_0000002,458,517,2020.751,14199,592,,,228,278,,
NODE_0000002,517,2248,2020.751,592,14199,,,278,422,,
NODE_0000002,517,717,2020.751,592,14199,,,278,307,,
NODE_0000002,517,1487,2020.751,592,14199,,,278,354,,
NODE_0000002,464,517,2020.751,14199,592,,,224,278,,
NODE_0000002,465,517,2020.751,14199,592,,,227,278,,
NODE_0000002,474,517,2020.751,14199,592,,,228,278,,
NODE_0000002,517,2266,2020.751,592,14199,,,278,361,,
NODE_0000002,517,1244,2020.751,592,14199,,,278,344,,
NODE_0000002,517,2268,2020.751,592,14199,,,278,382,,
NODE_0000002,517,2015,2020.751,592,14199,,,278,359,,
NODE_0000002,482,517,2020.751,14199,592,,,229,278,,
NODE_0000002,517,2281,2020.751,592,14199,,,278,423,,
NODE_0000002,517,746,2020.751,592,14199,,,278,268,,
NODE_0000002,517,748,2020.751,592,14199,,,278,259,,
NODE_0000002,240,517,2020.751,14199,592,,,172,278,,
NODE_0000002,517,754,2020.751,592,14199,,,278,247,,
NODE_0000002,517,1013,2020.751,592,14199,,,278,258,,
NODE_0000002,517,1014,2020.751,592,14199,,,278,277,,
NODE_0000002,503,517,2020.751,14199,592,,,268,278,,
NODE_0000002,517,2040,2020.751,592,14199,,,278,347,,
NODE_0000002,517,2041,2020.751,592,14199,,,278,363,,
NODE_0000002,517,2038,2020.751,592,14199,,,278,315,,
NODE_0000002,508,517,2020.751,14199,592,,,332,278,,
NODE_0000002,510,517,2020.751,14199,592,,,330,278,,
NODE_0000002,517,767,2020.751,592,14199,,,278,251,,
NODE_0000002,230,512,2020.751,592,14199,,,294,289,,
NODE_0000002,230,769,2020.751,592,14199,,,294,310,,
NODE_0000002,230,1794,2020.751,592,14199,,,294,394,,
NODE_0000002,230,1288,2020.751,592,14199,,,294,279,,
NODE_0000002,230,2569,2020.751,592,14199,,,294,343,,
NODE_0000002,230,2059,2020.751,592,14199,,,294,371,,
NODE_0000002,230,3596,2020.751,592,14199,,,294,392,,
NODE_0000002,230,511,2020.751,592,14199,,,294,269,,
NODE_0000002,230,787,2020.751,592,14199,,,294,333,,
NODE_0000002,230,534,2020.751,592,14199,,,294,260,,
NODE_0000002,230,2838,2020.751,592,14199,,,294,360,,
NODE_0000002,230,536,2020.751,592,14199,,,294,348,,
NODE_0000002,230,3099,2020.751,592,14199,,,294,367,,
NODE_0000002,230,539,2020.751,592,14199,,,294,319,,
NODE_0000002,230,1056,2020.751,592,14199,,,294,275,,
NODE_0000002,230,548,2020.751,592,14199,,,294,268,,
NODE_0000002,230,810,2020.751,592,14199,,,294,294,,
NODE_0000002,230,1074,2020.751,592,14199,,,294,330,,
NODE_0000002,230,572,2020.751,592,14199,,,294,292,,
NODE_0000002,230,2882,2020.751,592,14199,,,294,355,,
NODE_0000002,230,579,2020.751,592,14199,,,294,259,,
NODE_0000002,230,1604,2020.751,592,14199,,,294,339,,
NODE_0000002,230,1859,2020.751,592,14199,,,294,343,,
NODE_0000002,230,837,2020.751,592,14199,,,294,288,,
NODE_0000002,230,840,2020.751,592,14199,,,294,335,,
NODE_0000002,230,590,2020.751,592,14199,,,294,325,,
NODE_0000002,230,847,2020.751,592,14199,,,294,287,,
NODE_0000002,230,592,2020.751,592,14199,,,294,271,,
NODE_0000002,230,1616,2020.751,592,14199,,,294,306,,
NODE_0000002,230,599,2020.751,592,14199,,,294,291,,
NODE_0000002,230,601,2020.751,592,14199,,,294,269,,
NODE_0000002,230,3418,2020.751,592,14199,,,294,404,,
NODE_0000002,230,1882,2020.751,592,14199,,,294,304,,
NODE_0000002,230,2914,2020.751,592,14199,,,294,417,,
NODE_0000002,230,866,2020.751,592,14199,,,294,286,,
NODE_0000002,230,3172,2020.751,592,14199,,,294,417,,
NODE_0000002,230,3431,2020.751,592,14199,,,294,378,,
NODE_0000002,230,1639,2020.751,592,14199,,,294,379,,
NODE_0000002,230,616,2020.751,592,14199,,,294,248,,
NODE_0000002,230,620,2020.751,592,14199,,,294,259,,
NODE_0000002,230,1903,2020.751,592,14199,,,294,357,,
NODE_0000002,230,628,2020.751,592,14199,,,294,268,,
NODE_0000002,230,629,2020.751,592,14199,,,294,268,,
NODE_0000002,230,1145,2020.751,592,14199,,,294,292,,
NODE_0000002,230,634,2020.751,592,14199,,,294,274,,
NODE_0000002,230,638,2020.751,592,14199,,,294,265,,
NODE_0000002,230,1669,2020.751,592,14199,,,294,313,,
NODE_0000002,230,2182,2020.751,592,14199,,,294,407,,
NODE_0000002,136,230,2020.751,14199,592,,,170,294,,
NODE_0000002,230,2699,2020.751,592,14199,,,294,363,,
NODE_0000002,230,2192,2020.751,592,14199,,,294,421,,
NODE_0000002,230,2193,2020.751,592,14199,,,294,420,,
NODE_0000002,230,914,2020.751,592,14199,,,294,290,,
NODE_0000002,230,917,2020.751,592,14199,,,294,396,,
NODE_0000002,230,919,2020.751,592,14199,,,294,292,,
NODE_0000002,230,665,2020.751,592,14199,,,294,283,,
NODE_0000002,230,1691,2020.751,592,14199,,,294,324,,
NODE_0000002,230,670,2020.751,592,14199,,,294,267,,
NODE_0000002,230,673,2020.751,592,14199,,,294,284,,
NODE_0000002,230,674,2020.751,592,14199,,,294,272,,
NODE_0000002,230,675,2020.751,592,14199,,,294,281,,
NODE_0000002,230,931,2020.751,592,14199,,,294,413,,
NODE_0000002,230,676,2020.751,592,14199,,,294,264,,
NODE_0000002,230,1190,2020.751,592,14199,,,294,328,,
NODE_0000002,164,230,2020.751,14199,592,,,170,294,,
NODE_0000002,230,1192,2020.751,592,14199,,,294,360,,
NODE_0000002,230,1708,2020.751,592,14199,,,294,339,,
NODE_0000002,230,1199,2020.751,592,14199,,,294,391,,
NODE_0000002,230,687,2020.751,592,14199,,,294,297,,
NODE_0000002,230,432,2020.751,592,14199,,,294,209,,
NODE_0000002,230,691,2020.751,592,14199,,,294,293,,
NODE_0000002,230,2228,2020.751,592,14199,,,294,379,,
NODE_0000002,230,694,2020.751,592,14199,,,294,385,,
NODE_0000002,230,696,2020.751,592,14199,,,294,261,,
NODE_0000002,187,230,2020.751,14199,592,,,169,294,,
NODE_0000002,230,3011,2020.751,592,14199,,,294,422,,
NODE_0000002,230,709,2020.751,592,14199,,,294,286,,
NODE_0000002,230,2246,2020.751,592,14199,,,294,348,,
NODE_0000002,230,712,2020.751,592,14199,,,294,268,,
NODE_0000002,230,968,2020.751,592,14199,,,294,286,,
NODE_0000002,230,458,2020.751,592,14199,,,294,228,,
NODE_0000002,230,2248,2020.751,592,14199,,,294,422,,
NODE_0000002,230,717,2020.751,592,14199,,,294,307,,
NODE_0000002,230,1487,2020.751,592,14199,,,294,354,,
NODE_0000002,230,464,2020.751,592,14199,,,294,224,,
NODE_0000002,230,465,2020.751,592,14199,,,294,227,,
NODE_0000002,230,474,2020.751,592,14199,,,294,228,,
NODE_0000002,230,2266,2020.751,592,14199,,,294,361,,
NODE_0000002,230,1244,2020.751,592,14199,,,294,344,,
NODE_0000002,230,2268,2020.751,592,14199,,,294,382,,
NODE_0000002,230,2015,2020.751,592,14199,,,294,359,,
NODE_0000002,230,482,2020.751,592,14199,,,294,229,,
NODE_0000002,230,2281,2020.751,592,14199,,,294,423,,
NODE_0000002,230,746,2020.751,592,14199,,,294,268,,
NODE_0000002,230,748,2020.751,592,14199,,,294,259,,
NODE_0000002,230,240,2020.751,592,14199,,,294,172,,
NODE_0000002,230,754,2020.751,592,14199,,,294,247,,
NODE_0000002,230,1013,2020.751,592,14199,,,294,258,,
NODE_0000002,230,1014,2020.751,592,14199,,,294,277,,
NODE_0000002,230,503,2020.751,592,14199,,,294,268,,
NODE_0000002,230,2040,2020.751,592,14199,,,294,347,,
NODE_0000002,230,2041,2020.751,592,14199,,,294,363,,
NODE_0000002,230,2038,2020.751,592,14199,,,294,315,,
NODE_0000002,230,508,2020.751,592,14199,,,294,332,,
NODE_0000002,230,510,2020.751,592,14199,,,294,330,,
NODE_0000002,230,767,2020.751,592,14199,,,294,251,,
NODE_0000002,512,551,2020.751,14199,592,,,289,244,,
NODE_0000002,551,769,2020.751,592,14199,,,244,310,,
NODE_0000002,551,1794,2020.751,592,14199,,,244,394,,
NODE_0000002,551,1288,2020.751,592,14199,,,244,279,,
NODE_0000002,551,2569,2020.751,592,14199,,,244,343,,
NODE_0000002,551,2059,2020.751,592,14199,,,244,371,,
NODE_0000002,551,3596,2020.751,592,14199,,,244,392,,
NODE_0000002,511,551,2020.751,14199,592,,,269,244,,
NODE_0000002,551,787,2020.751,592,14199,,,244,333,,
NODE_0000002,534,551,2020.751,14199,592,,,260,244,,
NODE_0000002,551,2838,2020.751,592,14199,,,244,360,,
NODE_0000002,536,551,2020.751,14199,592,,,348,244,,
NODE_0000002,551,3099,2020.751,592,14199,,,244,367,,
NODE_0000002,539,551,2020.751,14199,592,,,319,244,,
NODE_0000002,551,1056,2020.751,592,14199,,,244,275,,
NODE_0000002,548,551,2020.751,14199,592,,,268,244,,
NODE_0000002,551,810,2020.751,592,14199,,,244,294,,
NODE_0000002,551,1074,2020.751,592,14199,,,244,330,,
NODE_0000002,551,572,2020.751,592,14199,,,244,292,,
NODE_0000002,551,2882,2020.751,592,14199,,,244,355,,
NODE_0000002,551,579,2020.751,592,14199,,,244,259,,
NODE_0000002,551,1604,2020.751,592,14199,,,244,339,,
NODE_0000002,551,1859,2020.751,592,14199,,,244,343,,
NODE_0000002,551,837,2020.751,592,14199,,,244,288,,
NODE_0000002,551,840,2020.751,592,14199,,,244,335,,
NODE_0000002,551,590,2020.751,592,14199,,,244,325,,
NODE_0000002,551,847,2020.751,592,14199,,,244,287,,
NODE_0000002,551,592,2020.751,592,14199,,,244,271,,
NODE_0000002,551,1616,2020.751,592,14199,,,244,306,,
NODE_0000002,551,599,2020.751,592,14199,,,244,291,,
NODE_0000002,551,601,2020.751,592,14199,,,244,269,,
NODE_0000002,551,3418,2020.751,592,14199,,,244,404,,
NODE_0000002,551,1882,2020.751,592,14199,,,244,304,,
NODE_0000002,551,2914,2020.751,592,14199,,,244,417,,
NODE_0000002,551,866,2020.751,592,14199,,,244,286,,
NODE_0000002,551,3172,2020.751,592,14199,,,244,417,,
NODE_0000002,551,3431,2020.751,592,14199,,,244,378,,
NODE_0000002,551,1639,2020.751,592,14199,,,244,379,,
NODE_0000002,551,616,2020.751,592,14199,,,244,248,,
NODE_0000002,551,620,2020.751,592,14199,,,244,259,,
NODE_0000002,551,1903,2020.751,592,14199,,,244,357,,
NODE_0000002,551,628,2020.751,592,14199,,,244,268,,
NODE_0000002,551,629,2020.751,592,14199,,,244,268,,
NODE_0000002,551,1145,2020.751,592,14199,,,244,292,,
NODE_0000002,551,634,2020.751,592,14199,,,244,274,,
NODE_0000002,551,638,2020.751,592,14199,,,244,265,,
NODE_0000002,551,1669,2020.751,592,14199,,,244,313,,
NODE_0000002,551,2182,2020.751,592,14199,,,244,407,,
NODE_0000002,136,551,2020.751,14199,592,,,170,244,,
NODE_0000002,551,2699,2020.751,592,14199,,,244,363,,
NODE_0000002,551,2192,2020.751,592,14199,,,244,421,,
NODE_0000002,551,2193,2020.751,592,14199,,,244,420,,
NODE_0000002,551,914,2020.751,592,14199,,,244,290,,
NODE_0000002,551,917,2020.751,592,14199,,,244,396,,
NODE_0000002,551,919,2020.751,592,14199,,,244,292,,
NODE_0000002,551,665,2020.751,592,14199,,,244,283,,
NODE_0000002,551,1691,2020.751,592,14199,,,244,324,,
NODE_0000002,551,670,2020.751,592,14199,,,244,267,,
NODE_0000002,551,673,2020.751,592,14199,,,244,284,,
NODE_0000002,551,674,2020.751,592,14199,,,244,272,,
NODE_0000002,551,675,2020.751,592,14199,,,244,281,,
NODE_0000002,551,931,2020.751,592,14199,,,244,413,,
NODE_0000002,551,676,2020.751,592,14199,,,244,264,,
NODE_0000002,551,1190,2020.751,592,14199,,,244,328,,
NODE_0000002,164,551,2020.751,14199,592,,,170,244,,
NODE_0000002,551,1192,2020.751,592,14199,,,244,360,,
NODE_0000002,551,1708,2020.751,592,14199,,,244,339,,
NODE_0000002,551,1199,2020.751,592,14199,,,244,391,,
NODE_0000002,551,687,2020.751,592,14199,,,244,297,,
NODE_0000002,432,551,2020.751,14199,592,,,209,244,,
NODE_0000002,551,691,2020.751,592,14199,,,244,293,,
NODE_0000002,551,2228,2020.751,592,14199,,,244,379,,
NODE_0000002,551,694,2020.751,592,14199,,,244,385,,
NODE_0000002,551,696,2020.751,592,14199,,,244,261,,
NODE_0000002,187,551,2020.751,14199,592,,,169,244,,
NODE_0000002,551,3011,2020.751,592,14199,,,244,422,,
NODE_0000002,551,709,2020.751,592,14199,,,244,286,,
NODE_0000002,551,2246,2020.751,592,14199,,,244,348,,
NODE_0000002,551,712,2020.751,592,14199,,,244,268,,
NODE_0000002,551,968,2020.751,592,14199,,,244,286,,
NODE_0000002,458,551,2020.751,14199,592,,,228,244,,
NODE_0000002,551,2248,2020.751,592,14199,,,244,422,,
NODE_0000002,551,717,2020.751,592,14199,,,244,307,,
NODE_0000002,551,1487,2020.751,592,14199,,,244,354,,
NODE_0000002,464,551,2020.751,14199,592,,,224,244,,
NODE_0000002,465,551,2020.751,14199,592,,,227,244,,
NODE_0000002,474,551,2020.751,14199,592,,,228,244,,
NODE_0000002,551,2266,2020.751,592,14199,,,244,361,,
NODE_0000002,551,1244,2020.751,592,14199,,,244,344,,
NODE_0000002,551,2268,2020.751,592,14199,,,244,382,,
NODE_0000002,551,2015,2020.751,592,14199,,,244,359,,
NODE_0000002,482,551,2020.751,14199,592,,,229,244,,
NODE_0000002,551,2281,2020.751,592,14199,,,244,423,,
NODE_0000002,551,746,2020.751,592,14199,,,244,268,,
NODE_0000002,551,748,2020.751,592,14199,,,244,259,,
NODE_0000002,240,551,2020.751,14199,592,,,172,244,,
NODE_0000002,551,754,2020.751,592,14199,,,244,247,,
NODE_0000002,551,1013,2020.751,592,14199,,,244,258,,
NODE_0000002,551,1014,2020.751,592,14199,,,244,277,,
NODE_0000002,503,551,2020.751,14199,592,,,268,244,,
NODE_0000002,551,2040,2020.751,592,14199,,,244,347,,
NODE_0000002,551,2041,2020.751,592,14199,,,244,363,,
NODE_0000002,551,2038,2020.751,592,14199,,,244,315,,
NODE_0000002,508,551,2020.751,14199,592,,,332,244,,
NODE_0000002,510,551,2020.751,14199,592,,,330,244,,
NODE_0000002,551,767,2020.751,592,14199,,,244,251,,
NODE_0000002,512,935,2020.751,14199,592,,,289,294,,
NODE_0000002,769,935,2020.751,14199,592,,,310,294,,
NODE_0000002,935,1794,2020.751,592,14199,,,294,394,,
NODE_0000002,935,1288,2020.751,592,14199,,,294,279,,
NODE_0000002,935,2569,2020.751,592,14199,,,294,343,,
NODE_0000002,935,2059,2020.751,592,14199,,,294,371,,
NODE_0000002,935,3596,2020.751,592,14199,,,294,392,,
NODE_0000002,511,935,2020.751,14199,592,,,269,294,,
NODE_0000002,787,935,2020.751,14199,592,,,333,294,,
NODE_0000002,534,935,2020.751,14199,592,,,260,294,,
NODE_0000002,935,2838,2020.751,592,14199,,,294,360,,
NODE_0000002,536,935,2020.751,14199,592,,,348,294,,
NODE_0000002,935,3099,2020.751,592,14199,,,294,367,,
NODE_0000002,539,935,2020.751,14199,592,,,319,294,,
NODE_0000002,935,1056,2020.751,592,14199,,,294,275,,
NODE_0000002,548,935,2020.751,14199,592,,,268,294,,
NODE_0000002,810,935,2020.751,14199,592,,,294,294,,
NODE_0000002,935,1074,2020.751,592,14199,,,294,330,,
NODE_0000002,572,935,2020.751,14199,592,,,292,294,,
NODE_0000002,935,2882,2020.751,592,14199,,,294,355,,
NODE_0000002,579,935,2020.751,14199,592,,,259,294,,
NODE_0000002,935,1604,2020.751,592,14199,,,294,339,,
NODE_0000002,935,1859,2020.751,592,14199,,,294,343,,
NODE_0000002,837,935,2020.751,14199,592,,,288,294,,
NODE_0000002,840,935,2020.751,14199,592,,,335,294,,
NODE_0000002,590,935,2020.751,14199,592,,,325,294,,
NODE_0000002,847,935,2020.751,14199,592,,,287,294,,
NODE_0000002,592,935,2020.751,14199,592,,,271,294,,
NODE_0000002,935,1616,2020.751,592,14199,,,294,306,,
NODE_0000002,599,935,2020.751,14199,592,,,291,294,,
NODE_0000002,601,935,2020.751,14199,592,,,269,294,,
NODE_0000002,935,3418,2020.751,592,14199,,,294,404,,
NODE_0000002,935,1882,2020.751,592,14199,,,294,304,,
NODE_0000002,935,2914,2020.751,592,14199,,,294,417,,
NODE_0000002,866,935,2020.751,14199,592,,,286,294,,
NODE_0000002,935,3172,2020.751,592,14199,,,294,417,,
NODE_0000002,935,3431,2020.751,592,14199,,,294,378,,
NODE_0000002,935,1639,2020.751,592,14199,,,294,379,,
NODE_0000002,616,935,2020.751,14199,592,,,248,294,,
NODE_0000002,620,935,2020.751,14199,592,,,259,294,,
NODE_0000002,935,1903,2020.751,592,14199,,,294,357,,
NODE_0000002,628,935,2020.751,14199,592,,,268,294,,
NODE_0000002,629,935,2020.751,14199,592,,,268,294,,
NODE_0000002,935,1145,2020.751,592,14199,,,294,292,,
NODE_0000002,634,935,2020.751,14199,592,,,274,294,,
NODE_0000002,638,935,2020.751,14199,592,,,265,294,,
NODE_0000002,935,1669,2020.751,592,14199,,,294,313,,
NODE_0000002,935,2182,2020.751,592,14199,,,294,407,,
NODE_0000002,136,935,2020.751,14199,592,,,170,294,,
NODE_0000002,935,2699,2020.751,592,14199,,,294,363,,
NODE_0000002,935,2192,2020.751,592,14199,,,294,421,,
NODE_0000002,935,2193,2020.751,592,14199,,,294,420,,
NODE_0000002,914,935,2020.751,14199,592,,,290,294,,
NODE_0000002,917,935,2020.751,14199,592,,,396,294,,
NODE_0000002,919,935,2020.751,14199,592,,,292,294,,
NODE_0000002,665,935,2020.751,14199,592,,,283,294,,
NODE_0000002,935,1691,2020.751,592,14199,,,294,324,,
NODE_0000002,670,935,2020.751,14199,592,,,267,294,,
NODE_0000002,673,935,2020.751,14199,592,,,284,294,,
NODE_0000002,674,935,2020.751,14199,592,,,272,294,,
NODE_0000002,675,935,2020.751,14199,592,,,281,294,,
NODE_0000002,931,935,2020.751,14199,592,,,413,294,,
NODE_0000002,676,935,2020.751,14199,592,,,264,294,,
NODE_0000002,935,1190,2020.751,592,14199,,,294,328,,
NODE_0000002,164,935,2020.751,14199,592,,,170,294,,
NODE_0000002,935,1192,2020.751,592,14199,,,294,360,,
NODE_0000002,935,1708,2020.751,592,14199,,,294,339,,
NODE_0000002,935,1199,2020.751,592,14199,,,294,391,,
NODE_0000002,687,935,2020.751,14199,592,,,297,294,,
NODE_0000002,432,935,2020.751,14199,592,,,209,294,,
NODE_0000002,691,935,2020.751,14199,592,,,293,294,,
NODE_0000002,935,2228,2020.751,592,14199,,,294,379,,
NODE_0000002,694,935,2020.751,14199,592,,,385,294,,
NODE_0000002,696,935,2020.751,14199,592,,,261,294,,
NODE_0000002,187,935,2020.751,14199,592,,,169,294,,
NODE_0000002,935,3011,2020.751,592,14199,,,294,422,,
NODE_0000002,709,935,2020.751,14199,592,,,286,294,,
NODE_0000002,935,2246,2020.751,592,14199,,,294,348,,
NODE_0000002,712,935,2020.751,14199,592,,,268,294,,
NODE_0000002,935,968,2020.751,592,14199,,,294,286,,
NODE_0000002,458,935,2020.751,14199,592,,,228,294,,
NODE_0000002,935,2248,2020.751,592,14199,,,294,422,,
NODE_0000002,717,935,2020.751,14199,592,,,307,294,,
NODE_0000002,935,1487,2020.751,592,14199,,,294,354,,
NODE_0000002,464,935,2020.751,14199,592,,,224,294,,
NODE_0000002,465,935,2020.751,14199,592,,,227,294,,
NODE_0000002,474,935,2020.751,14199,592,,,228,294,,
NODE_0000002,935,2266,2020.751,592,14199,,,294,361,,
NODE_0000002,935,1244,2020.751,592,14199,,,294,344,,
NODE_0000002,935,2268,2020.751,592,14199,,,294,382,,
NODE_0000002,935,2015,2020.751,592,14199,,,294,359,,
NODE_0000002,482,935,2020.751,14199,592,,,229,294,,
NODE_0000002,935,2281,2020.751,592,14199,,,294,423,,
NODE_0000002,746,935,2020.751,14199,592,,,268,294,,
NODE_0000002,748,935,2020.751,14199,592,,,259,294,,
NODE_0000002,240,935,2020.751,14199,592,,,172,294,,
NODE_0000002,754,935,2020.751,14199,592,,,247,294,,
NODE_0000002,935,1013,2020.751,592,14199,,,294,258,,
NODE_0000002,935,1014,2020.751,592,14199,,,294,277,,
NODE_0000002,503,935,2020.751,14199,592,,,268,294,,
NODE_0000002,935,2040,2020.751,592,14199,,,294,347,,
NODE_0000002,935,2041,2020.751,592,14199,,,294,363,,
NODE_0000002,935,2038,2020.751,592,14199,,,294,315,,
NODE_0000002,508,935,2020.751,14199,592,,,332,294,,
NODE_0000002,510,935,2020.751,14199,592,,,330,294,,
NODE_0000002,767,935,2020.751,14199,592,,,251,294,,
NODE_0000002,512,3049,2020.751,14199,592,,,289,368,,
NODE_0000002,769,3049,2020.751,14199,592,,,310,368,,
NODE_0000002,1794,3049,2020.751,14199,592,,,394,368,,
NODE_0000002,1288,3049,2020.751,14199,592,,,279,368,,
NODE_0000002,2569,3049,2020.751,14199,592,,,343,368,,
NODE_0000002,2059,3049,2020.751,14199,592,,,371,368,,
NODE_0000002,3049,3596,2020.751,592,14199,,,368,392,,
NODE_0000002,511,3049,2020.751,14199,592,,,269,368,,
NODE_0000002,787,3049,2020.751,14199,592,,,333,368,,
NODE_0000002,534,3049,2020.751,14199,592,,,260,368,,
NODE_0000002,2838,3049,2020.751,14199,592,,,360,368,,
NODE_0000002,536,3049,2020.751,14199,592,,,348,368,,
NODE_0000002,3049,3099,2020.751,592,14199,,,368,367,,
NODE_0000002,539,3049,2020.751,14199,592,,,319,368,,
NODE_0000002,1056,3049,2020.751,14199,592,,,275,368,,
NODE_0000002,548,3049,2020.751,14199,592,,,268,368,,
NODE_0000002,810,3049,2020.751,14199,592,,,294,368,,
NODE_0000002,1074,3049,2020.751,14199,592,,,330,368,,
NODE_0000002,572,3049,2020.751,14199,592,,,292,368,,
NODE_0000002,2882,3049,2020.751,14199,592,,,355,368,,
NODE_0000002,579,3049,2020.751,14199,592,,,259,368,,
NODE_0000002,1604,3049,2020.751,14199,592,,,339,368,,
NODE_0000002,1859,3049,2020.751,14199,592,,,343,368,,
NODE_0000002,837,3049,2020.751,14199,592,,,288,368,,
NODE_0000002,840,3049,2020.751,14199,592,,,335,368,,
NODE_0000002,590,3049,2020.751,14199,592,,,325,368,,
NODE_0000002,847,3049,2020.751,14199,592,,,287,368,,
NODE_0000002,592,3049,2020.751,14199,592,,,271,368,,
NODE_0000002,1616,3049,2020.751,14199,592,,,306,368,,
NODE_0000002,599,3049,2020.751,14199,592,,,291,368,,
NODE_0000002,601,3049,2020.751,14199,592,,,269,368,,
NODE_0000002,3049,3418,2020.751,592,14199,,,368,404,,
NODE_0000002,1882,3049,2020.751,14199,592,,,304,368,,
NODE_0000002,2914,3049,2020.751,14199,592,,,417,368,,
NODE_0000002,866,3049,2020.751,14199,592,,,286,368,,
NODE_0000002,3049,3172,2020.751,592,14199,,,368,417,,
NODE_0000002,3049,3431,2020.751,592,14199,,,368,378,,
NODE_0000002,1639,3049,2020.751,14199,592,,,379,368,,
NODE_0000002,616,3049,2020.751,14199,592,,,248,368,,
NODE_0000002,620,3049,2020.751,14199,592,,,259,368,,
NODE_0000002,1903,3049,2020.751,14199,592,,,357,368,,
NODE_0000002,628,3049,2020.751,14199,592,,,268,368,,
NODE_0000002,629,3049,2020.751,14199,592,,,268,368,,
NODE_0000002,1145,3049,2020.751,14199,592,,,292,368,,
NODE_0000002,634,3049,2020.751,14199,592,,,274,368,,
NODE_0000002,638,3049,2020.751,14199,592,,,265,368,,
NODE_0000002,1669,3049,2020.751,14199,592,,,313,368,,
NODE_0000002,2182,3049,2020.751,14199,592,,,407,368,,
NODE_0000002,136,3049,2020.751,14199,592,,,170,368,,
NODE_0000002,2699,3049,2020.751,14199,592,,,363,368,,
NODE_0000002,2192,3049,2020.751,14199,592,,,421,368,,
NODE_0000002,2193,3049,2020.751,14199,592,,,420,368,,
NODE_0000002,914,3049,2020.751,14199,592,,,290,368,,
NODE_0000002,917,3049,2020.751,14199,592,,,396,368,,
NODE_0000002,919,3049,2020.751,14199,592,,,292,368,,
NODE_0000002,665,3049,2020.751,14199,592,,,283,368,,
NODE_0000002,1691,3049,2020.751,14199,592,,,324,368,,
NODE_0000002,670,3049,2020.751,14199,592,,,267,368,,
NODE_0000002,673,3049,2020.751,14199,592,,,284,368,,
NODE_0000002,674,3049,2020.751,14199,592,,,272,368,,
NODE_0000002,675,3049,2020.751,14199,592,,,281,368,,
NODE_0000002,931,3049,2020.751,14199,592,,,413,368,,
NODE_0000002,676,3049,2020.751,14199,592,,,264,368,,
NODE_0000002,1190,3049,2020.751,14199,592,,,328,368,,
NODE_0000002,164,3049,2020.751,14199,592,,,170,368,,
NODE_0000002,1192,3049,2020.751,14199,592,,,360,368,,
NODE_0000002,1708,3049,2020.751,14199,592,,,339,368,,
NODE_0000002,1199,3049,2020.751,14199,592,,,391,368,,
NODE_0000002,687,3049,2020.751,14199,592,,,297,368,,
NODE_0000002,432,3049,2020.751,14199,592,,,209,368,,
NODE_0000002,691,3049,2020.751,14199,592,,,293,368,,
NODE_0000002,2228,3049,2020.751,14199,592,,,379,368,,
NODE_0000002,694,3049,2020.751,14199,592,,,385,368,,
NODE_0000002,696,3049,2020.751,14199,592,,,261,368,,
NODE_0000002,187,3049,2020.751,14199,592,,,169,368,,
NODE_0000002,3011,3049,2020.751,14199,592,,,422,368,,
NODE_0000002,709,3049,2020.751,14199,592,,,286,368,,
NODE_0000002,2246,3049,2020.751,14199,592,,,348,368,,
NODE_0000002,712,3049,2020.751,14199,592,,,268,368,,
NODE_0000002,968,3049,2020.751,14199,592,,,286,368,,
NODE_0000002,458,3049,2020.751,14199,592,,,228,368,,
NODE_0000002,2248,3049,2020.751,14199,592,,,422,368,,
NODE_0000002,717,3049,2020.751,14199,592,,,307,368,,
NODE_0000002,1487,3049,2020.751,14199,592,,,354,368,,
NODE_0000002,464,3049,2020.751,14199,592,,,224,368,,
NODE_0000002,465,3049,2020.751,14199,592,,,227,368,,
NODE_0000002,474,3049,2020.751,14199,592,,,228,368,,
NODE_0000002,2266,3049,2020.751,14199,592,,,361,368,,
NODE_0000002,1244,3049,2020.751,14199,592,,,344,368,,
NODE_0000002,2268,3049,2020.751,14199,592,,,382,368,,
NODE_0000002,2015,3049,2020.751,14199,592,,,359,368,,
NODE_0000002,482,3049,2020.751,14199,592,,,229,368,,
NODE_0000002,2281,3049,2020.751,14199,592,,,423,368,,
NODE_0000002,746,3049,2020.751,14199,592,,,268,368,,
NODE_0000002,748,3049,2020.751,14199,592,,,259,368,,
NODE_0000002,240,3049,2020.751,14199,592,,,172,368,,
NODE_0000002,754,3049,2020.751,14199,592,,,247,368,,
NODE_0000002,1013,3049,2020.751,14199,592,,,258,368,,
NODE_0000002,1014,3049,2020.751,14199,592,,,277,368,,
NODE_0000002,503,3049,2020.751,14199,592,,,268,368,,
NODE_0000002,2040,3049,2020.751,14199,592,,,347,368,,
NODE_0000002,2041,3049,2020.751,14199,592,,,363,368,,
NODE_0000002,2038,3049,2020.751,14199,592,,,315,368,,
NODE_0000002,508,3049,2020.751,14199,592,,,332,368,,
NODE_0000002,510,3049,2020.751,14199,592,,,330,368,,
NODE_0000002,767,3049,2020.751,14199,592,,,251,368,,
NODE_0000002,512,3690,2020.751,14199,592,,,289,423,,
NODE_0000002,769,3690,2020.751,14199,592,,,310,423,,
NODE_0000002,1794,3690,2020.751,14199,592,,,394,423,,
NODE_0000002,1288,3690,2020.751,14199,592,,,279,423,,
NODE_0000002,2569,3690,2020.751,14199,592,,,343,423,,
NODE_0000002,2059,3690,2020.751,14199,592,,,371,423,,
NODE_0000002,3596,3690,2020.751,14199,592,,,392,423,,
NODE_0000002,511,3690,2020.751,14199,592,,,269,423,,
NODE_0000002,787,3690,2020.751,14199,592,,,333,423,,
NODE_0000002,534,3690,2020.751,14199,592,,,260,423,,
NODE_0000002,2838,3690,2020.751,14199,592,,,360,423,,
NODE_0000002,536,3690,2020.751,14199,592,,,348,423,,
NODE_0000002,3099,3690,2020.751,14199,592,,,367,423,,
NODE_0000002,539,3690,2020.751,14199,592,,,319,423,,
NODE_0000002,1056,3690,2020.751,14199,592,,,275,423,,
NODE_0000002,548,3690,2020.751,14199,592,,,268,423,,
NODE_0000002,810,3690,2020.751,14199,592,,,294,423,,
NODE_0000002,1074,3690,2020.751,14199,592,,,330,423,,
NODE_0000002,572,3690,2020.751,14199,592,,,292,423,,
NODE_0000002,2882,3690,2020.751,14199,592,,,355,423,,
NODE_0000002,579,3690,2020.751,14199,592,,,259,423,,
NODE_0000002,1604,3690,2020.751,14199,592,,,339,423,,
NODE_0000002,1859,3690,2020.751,14199,592,,,343,423,,
NODE_0000002,837,3690,2020.751,14199,592,,,288,423,,
NODE_0000002,840,3690,2020.751,14199,592,,,335,423,,
NODE_0000002,590,3690,2020.751,14199,592,,,325,423,,
NODE_0000002,847,3690,2020.751,14199,592,,,287,423,,
NODE_0000002,592,3690,2020.751,14199,592,,,271,423,,
NODE_0000002,1616,3690,2020.751,14199,592,,,306,423,,
NODE_0000002,599,3690,2020.751,14199,592,,,291,423,,
NODE_0000002,601,3690,2020.751,14199,592,,,269,423,,
NODE_0000002,3418,3690,2020.751,14199,592,,,404,423,,
NODE_0000002,1882,3690,2020.751,14199,592,,,304,423,,
NODE_0000002,2914,3690,2020.751,14199,592,,,417,423,,
NODE_0000002,866,3690,2020.751,14199,592,,,286,423,,
NODE_0000002,3172,3690,2020.751,14199,592,,,417,423,,
NODE_0000002,3431,3690,2020.751,14199,592,,,378,423,,
NODE_0000002,1639,3690,2020.751,14199,592,,,379,423,,
NODE_0000002,616,3690,2020.751,14199,592,,,248,423,,
NODE_0000002,620,3690,2020.751,14199,592,,,259,423,,
NODE_0000002,1903,3690,2020.751,14199,592,,,357,423,,
NODE_0000002,628,3690,2020.751,14199,592,,,268,423,,
NODE_0000002,629,3690,2020.751,14199,592,,,268,423,,
NODE_0000002,1145,3690,2020.751,14199,592,,,292,423,,
NODE_0000002,634,3690,2020.751,14199,592,,,274,423,,
NODE_0000002,638,3690,2020.751,14199,592,,,265,423,,
NODE_0000002,1669,3690,2020.751,14199,592,,,313,423,,
NODE_0000002,2182,3690,2020.751,14199,592,,,407,423,,
NODE_0000002,136,3690,2020.751,14199,592,,,170,423,,
NODE_0000002,2699,3690,2020.751,14199,592,,,363,423,,
NODE_0000002,2192,3690,2020.751,14199,592,,,421,423,,
NODE_0000002,2193,3690,2020.751,14199,592,,,420,423,,
NODE_0000002,914,3690,2020.751,14199,592,,,290,423,,
NODE_0000002,917,3690,2020.751,14199,592,,,396,423,,
NODE_0000002,919,3690,2020.751,14199,592,,,292,423,,
NODE_0000002,665,3690,2020.751,14199,592,,,283,423,,
NODE_0000002,1691,3690,2020.751,14199,592,,,324,423,,
NODE_0000002,670,3690,2020.751,14199,592,,,267,423,,
NODE_0000002,673,3690,2020.751,14199,592,,,284,423,,
NODE_0000002,674,3690,2020.751,14199,592,,,272,423,,
NODE_0000002,675,3690,2020.751,14199,592,,,281,423,,
NODE_0000002,931,3690,2020.751,14199,592,,,413,423,,
NODE_0000002,676,3690,2020.751,14199,592,,,264,423,,
NODE_0000002,1190,3690,2020.751,14199,592,,,328,423,,
NODE_0000002,164,3690,2020.751,14199,592,,,170,423,,
NODE_0000002,1192,3690,2020.751,14199,592,,,360,423,,
NODE_0000002,1708,3690,2020.751,14199,592,,,339,423,,
NODE_0000002,1199,3690,2020.751,14199,592,,,391,423,,
NODE_0000002,687,3690,2020.751,14199,592,,,297,423,,
NODE_0000002,432,3690,2020.751,14199,592,,,209,423,,
NODE_0000002,691,3690,2020.751,14199,592,,,293,423,,
NODE_0000002,2228,3690,2020.751,14199,592,,,379,423,,
NODE_0000002,694,3690,2020.751,14199,592,,,385,423,,
NODE_0000002,696,3690,2020.751,14199,592,,,261,423,,
NODE_0000002,187,3690,2020.751,14199,592,,,169,423,,
NODE_0000002,3011,3690,2020.751,14199,592,,,422,423,,
NODE_0000002,709,3690,2020.751,14199,592,,,286,423,,
NODE_0000002,2246,3690,2020.751,14199,592,,,348,423,,
NODE_0000002,712,3690,2020.751,14199,592,,,268,423,,
NODE_0000002,968,3690,2020.751,14199,592,,,286,423,,
NODE_0000002,458,3690,2020.751,14199,592,,,228,423,,
NODE_0000002,2248,3690,2020.751,14199,592,,,422,423,,
NODE_0000002,717,3690,2020.751,14199,592,,,307,423,,
NODE_0000002,1487,3690,2020.751,14199,592,,,354,423,,
NODE_0000002,464,3690,2020.751,14199,592,,,224,423,,
NODE_0000002,465,3690,2020.751,14199,592,,,227,423,,
NODE_0000002,474,3690,2020.751,14199,592,,,228,423,,
NODE_0000002,2266,3690,2020.751,14199,592,,,361,423,,
NODE_0000002,1244,3690,2020.751,14199,592,,,344,423,,
NODE_0000002,2268,3690,2020.751,14199,592,,,382,423,,
NODE_0000002,2015,3690,2020.751,14199,592,,,359,423,,
NODE_0000002,482,3690,2020.751,14199,592,,,229,423,,
NODE_0000002,2281,3690,2020.751,14199,592,,,423,423,,
NODE_0000002,746,3690,2020.751,14199,592,,,268,423,,
NODE_0000002,748,3690,2020.751,14199,592,,,259,423,,
NODE_0000002,240,3690,2020.751,14199,592,,,172,423,,
NODE_0000002,754,3690,2020.751,14199,592,,,247,423,,
NODE_0000002,1013,3690,2020.751,14199,592,,,258,423,,
NODE_0000002,1014,3690,2020.751,14199,592,,,277,423,,
NODE_0000002,503,3690,2020.751,14199,592,,,268,423,,
NODE_0000002,2040,3690,2020.751,14199,592,,,347,423,,
NODE_0000002,2041,3690,2020.751,14199,592,,,363,423,,
NODE_0000002,2038,3690,2020.751,14199,592,,,315,423,,
NODE_0000002,508,3690,2020.751,14199,592,,,332,423,,
NODE_0000002,510,3690,2020.751,14199,592,,,330,423,,
NODE_0000002,767,3690,2020.751,14199,592,,,251,423,,
NODE_0000002,460,512,2020.751,592,14199,,,239,289,,
NODE_0000002,460,769,2020.751,592,14199,,,239,310,,
NODE_0000002,460,1794,2020.751,592,14199,,,239,394,,
NODE_0000002,460,1288,2020.751,592,14199,,,239,279,,
NODE_0000002,460,2569,2020.751,592,14199,,,239,343,,
NODE_0000002,460,2059,2020.751,592,14199,,,239,371,,
NODE_0000002,460,3596,2020.751,592,14199,,,239,392,,
NODE_0000002,460,511,2020.751,592,14199,,,239,269,,
NODE_0000002,460,787,2020.751,592,14199,,,239,333,,
NODE_0000002,460,534,2020.751,592,14199,,,239,260,,
NODE_0000002,460,2838,2020.751,592,14199,,,239,360,,
NODE_0000002,460,536,2020.751,592,14199,,,239,348,,
NODE_0000002,460,3099,2020.751,592,14199,,,239,367,,
NODE_0000002,460,539,2020.751,592,14199,,,239,319,,
NODE_0000002,460,1056,2020.751,592,14199,,,239,275,,
NODE_0000002,460,548,2020.751,592,14199,,,239,268,,
NODE_0000002,460,810,2020.751,592,14199,,,239,294,,
NODE_0000002,460,1074,2020.751,592,14199,,,239,330,,
NODE_0000002,460,572,2020.751,592,14199,,,239,292,,
NODE_0000002,460,2882,2020.751,592,14199,,,239,355,,
NODE_0000002,460,579,2020.751,592,14199,,,239,259,,
NODE_0000002,460,1604,2020.751,592,14199,,,239,339,,
NODE_0000002,460,1859,2020.751,592,14199,,,239,343,,
NODE_0000002,460,837,2020.751,592,14199,,,239,288,,
NODE_0000002,460,840,2020.751,592,14199,,,239,335,,
NODE_0000002,460,590,2020.751,592,14199,,,239,325,,
NODE_0000002,460,847,2020.751,592,14199,,,239,287,,
NODE_0000002,460,592,2020.751,592,14199,,,239,271,,
NODE_0000002,460,1616,2020.751,592,14199,,,239,306,,
NODE_0000002,460,599,2020.751,592,14199,,,239,291,,
NODE_0000002,460,601,2020.751,592,14199,,,239,269,,
NODE_0000002,460,3418,2020.751,592,14199,,,239,404,,
NODE_0000002,460,1882,2020.751,592,14199,,,239,304,,
NODE_0000002,460,2914,2020.751,592,14199,,,239,417,,
NODE_0000002,460,866,2020.751,592,14199,,,239,286,,
NODE_0000002,460,3172,2020.751,592,14199,,,239,417,,
NODE_0000002,460,3431,2020.751,592,14199,,,239,378,,
NODE_0000002,460,1639,2020.751,592,14199,,,239,379,,
NODE_0000002,460,616,2020.751,592,14199,,,239,248,,
NODE_0000002,460,620,2020.751,592,14199,,,239,259,,
NODE_0000002,460,1903,2020.751,592,14199,,,239,357,,
NODE_0000002,460,628,2020.751,592,14199,,,239,268,,
NODE_0000002,460,629,2020.751,592,14199,,,239,268,,
NODE_0000002,460,1145,2020.751,592,14199,,,239,292,,
NODE_0000002,460,634,2020.751,592,14199,,,239,274,,
NODE_0000002,460,638,2020.751,592,14199,,,239,265,,
NODE_0000002,460,1669,2020.751,592,14199,,,239,313,,
NODE_0000002,460,2182,2020.751,592,14199,,,239,407,,
NODE_0000002,136,460,2020.751,14199,592,,,170,239,,
NODE_0000002,460,2699,2020.751,592,14199,,,239,363,,
NODE_0000002,460,2192,2020.751,592,14199,,,239,421,,
NODE_0000002,460,2193,2020.751,592,14199,,,239,420,,
NODE_0000002,460,914,2020.751,592,14199,,,239,290,,
NODE_0000002,460,917,2020.751,592,14199,,,239,396,,
NODE_0000002,460,919,2020.751,592,14199,,,239,292,,
NODE_0000002,460,665,2020.751,592,14199,,,239,283,,
NODE_0000002,460,1691,2020.751,592,14199,,,239,324,,
NODE_0000002,460,670,2020.751,592,14199,,,239,267,,
NODE_0000002,460,673,2020.751,592,14199,,,239,284,,
NODE_0000002,460,674,2020.751,592,14199,,,239,272,,
NODE_0000002,460,675,2020.751,592,14199,,,239,281,,
NODE_0000002,460,931,2020.751,592,14199,,,239,413,,
NODE_0000002,460,676,2020.751,592,14199,,,239,264,,
NODE_0000002,460,1190,2020.751,592,14199,,,239,328,,
NODE_0000002,164,460,2020.751,14199,592,,,170,239,,
NODE_0000002,460,1192,2020.751,592,14199,,,239,360,,
NODE_0000002,460,1708,2020.751,592,14199,,,239,339,,
NODE_0000002,460,1199,2020.751,592,14199,,,239,391,,
NODE_0000002,460,687,2020.751,592,14199,,,239,297,,
NODE_0000002,432,460,2020.751,14199,592,,,209,239,,
NODE_0000002,460,691,2020.751,592,14199,,,239,293,,
NODE_0000002,460,2228,2020.751,592,14199,,,239,379,,
NODE_0000002,460,694,2020.751,592,14199,,,239,385,,
NODE_0000002,460,696,2020.751,592,14199,,,239,261,,
NODE_0000002,187,460,2020.751,14199,592,,,169,239,,
NODE_0000002,460,3011,2020.751,592,14199,,,239,422,,
NODE_0000002,460,709,2020.751,592,14199,,,239,286,,
NODE_0000002,460,2246,2020.751,592,14199,,,239,348,,
NODE_0000002,460,712,2020.751,592,14199,,,239,268,,
NODE_0000002,460,968,2020.751,592,14199,,,239,286,,
NODE_0000002,458,460,2020.751,14199,592,,,228,239,,
NODE_0000002,460,2248,2020.751,592,14199,,,239,422,,
NODE_0000002,460,717,2020.751,592,14199,,,239,307,,
NODE_0000002,460,1487,2020.751,592,14199,,,239,354,,
NODE_0000002,460,464,2020.751,592,14199,,,239,224,,
NODE_0000002,460,465,2020.751,592,14199,,,239,227,,
NODE_0000002,460,474,2020.751,592,14199,,,239,228,,
NODE_0000002,460,2266,2020.751,592,14199,,,239,361,,
NODE_0000002,460,1244,2020.751,592,14199,,,239,344,,
NODE_0000002,460,2268,2020.751,592,14199,,,239,382,,
NODE_0000002,460,2015,2020.751,592,14199,,,239,359,,
NODE_0000002,460,482,2020.751,592,14199,,,239,229,,
NODE_0000002,460,2281,2020.751,592,14199,,,239,423,,
NODE_0000002,460,746,2020.751,592,14199,,,239,268,,
NODE_0000002,460,748,2020.751,592,14199,,,239,259,,
NODE_0000002,240,460,2020.751,14199,592,,,172,239,,
NODE_0000002,460,754,2020.751,592,14199,,,239,247,,
NODE_0000002,460,1013,2020.751,592,14199,,,239,258,,
NODE_0000002,460,1014,2020.751,592,14199,,,239,277,,
NODE_0000002,460,503,2020.751,592,14199,,,239,268,,
NODE_0000002,460,2040,2020.751,592,14199,,,239,347,,
NODE_0000002,460,2041,2020.751,592,14199,,,239,363,,
NODE_0000002,460,2038,2020.751,592,14199,,,239,315,,
NODE_0000002,460,508,2020.751,592,14199,,,239,332,,
NODE_0000002,460,510,2020.751,592,14199,,,239,330,,
NODE_0000002,460,767,2020.751,592,14199,,,239,251,,
NODE_0000002,429,512,2020.751,592,14199,,,203,289,,
NODE_0000002,429,769,2020.751,592,14199,,,203,310,,
NODE_0000002,429,1794,2020.751,592,14199,,,203,394,,
NODE_0000002,429,1288,2020.751,592,14199,,,203,279,,
NODE_0000002,429,2569,2020.751,592,14199,,,203,343,,
NODE_0000002,429,2059,2020.751,592,14199,,,203,371,,
NODE_0000002,429,3596,2020.751,592,14199,,,203,392,,
NODE_0000002,429,511,2020.751,592,14199,,,203,269,,
NODE_0000002,429,787,2020.751,592,14199,,,203,333,,
NODE_0000002,429,534,2020.751,592,14199,,,203,260,,
NODE_0000002,429,2838,2020.751,592,14199,,,203,360,,
NODE_0000002,429,536,2020.751,592,14199,,,203,348,,
NODE_0000002,429,3099,2020.751,592,14199,,,203,367,,
NODE_0000002,429,539,2020.751,592,14199,,,203,319,,
NODE_0000002,429,1056,2020.751,592,14199,,,203,275,,
NODE_0000002,429,548,2020.751,592,14199,,,203,268,,
NODE_0000002,429,810,2020.751,592,14199,,,203,294,,
NODE_0000002,429,1074,2020.751,592,14199,,,203,330,,
NODE_0000002,429,572,2020.751,592,14199,,,203,292,,
NODE_0000002,429,2882,2020.751,592,14199,,,203,355,,
NODE_0000002,429,579,2020.751,592,14199,,,203,259,,
NODE_0000002,429,1604,2020.751,592,14199,,,203,339,,
NODE_0000002,429,1859,2020.751,592,14199,,,203,343,,
NODE_0000002,429,837,2020.751,592,14199,,,203,288,,
NODE_0000002,429,840,2020.751,592,14199,,,203,335,,
NODE_0000002,429,590,2020.751,592,14199,,,203,325,,
NODE_0000002,429,847,2020.751,592,14199,,,203,287,,
NODE_0000002,429,592,2020.751,592,14199,,,203,271,,
NODE_0000002,429,1616,2020.751,592,14199,,,203,306,,
NODE_0000002,429,599,2020.751,592,14199,,,203,291,,
NODE_0000002,429,601,2020.751,592,14199,,,203,269,,
NODE_0000002,429,3418,2020.751,592,14199,,,203,404,,
NODE_0000002,429,1882,2020.751,592,14199,,,203,304,,
NODE_0000002,429,2914,2020.751,592,14199,,,203,417,,
NODE_0000002,429,866,2020.751,592,14199,,,203,286,,
NODE_0000002,429,3172,2020.751,592,14199,,,203,417,,
NODE_0000002,429,3431,2020.751,592,14199,,,203,378,,
NODE_0000002,429,1639,2020.751,592,14199,,,203,379,,
NODE_0000002,429,616,2020.751,592,14199,,,203,248,,
NODE_0000002,429,620,2020.751,592,14199,,,203,259,,
NODE_0000002,429,1903,2020.751,592,14199,,,203,357,,
NODE_0000002,429,628,2020.751,592,14199,,,203,268,,
NODE_0000002,429,629,2020.751,592,14199,,,203,268,,
NODE_0000002,429,1145,2020.751,592,14199,,,203,292,,
NODE_0000002,429,634,2020.751,592,14199,,,203,274,,
NODE_0000002,429,638,2020.751,592,14199,,,203,265,,
NODE_0000002,429,1669,2020.751,592,14199,,,203,313,,
NODE_0000002,429,2182,2020.751,592,14199,,,203,407,,
NODE_0000002,136,429,2020.751,14199,592,,,170,203,,
NODE_0000002,429,2699,2020.751,592,14199,,,203,363,,
NODE_0000002,429,2192,2020.751,592,14199,,,203,421,,
NODE_0000002,429,2193,2020.751,592,14199,,,203,420,,
NODE_0000002,429,914,2020.751,592,14199,,,203,290,,
NODE_0000002,429,917,2020.751,592,14199,,,203,396,,
NODE_0000002,429,919,2020.751,592,14199,,,203,292,,
NODE_0000002,429,665,2020.751,592,14199,,,203,283,,
NODE_0000002,429,1691,2020.751,592,14199,,,203,324,,
NODE_0000002,429,670,2020.751,592,14199,,,203,267,,
NODE_0000002,429,673,2020.751,592,14199,,,203,284,,
NODE_0000002,429,674,2020.751,592,14199,,,203,272,,
NODE_0000002,429,675,2020.751,592,14199,,,203,281,,
NODE_0000002,429,931,2020.751,592,14199,,,203,413,,
NODE_0000002,429,676,2020.751,592,14199,,,203,264,,
NODE_0000002,429,1190,2020.751,592,14199,,,203,328,,
NODE_0000002,164,429,2020.751,14199,592,,,170,203,,
NODE_0000002,429,1192,2020.751,592,14199,,,203,360,,
NODE_0000002,429,1708,2020.751,592,14199,,,203,339,,
NODE_0000002,429,1199,2020.751,592,14199,,,203,391,,
NODE_0000002,429,687,2020.751,592,14199,,,203,297,,
NODE_0000002,429,432,2020.751,592,14199,,,203,209,,
NODE_0000002,429,691,2020.751,592,14199,,,203,293,,
NODE_0000002,429,2228,2020.751,592,14199,,,203,379,,
NODE_0000002,429,694,2020.751,592,14199,,,203,385,,
NODE_0000002,429,696,2020.751,592,14199,,,203,261,,
NODE_0000002,187,429,2020.751,14199,592,,,169,203,,
NODE_0000002,429,3011,2020.751,592,14199,,,203,422,,
NODE_0000002,429,709,2020.751,592,14199,,,203,286,,
NODE_0000002,429,2246,2020.751,592,14199,,,203,348,,
NODE_0000002,429,712,2020.751,592,14199,,,203,268,,
NODE_0000002,429,968,2020.751,592,14199,,,203,286,,
NODE_0000002,429,458,2020.751,592,14199,,,203,228,,
NODE_0000002,429,2248,2020.751,592,14199,,,203,422,,
NODE_0000002,429,717,2020.751,592,14199,,,203,307,,
NODE_0000002,429,1487,2020.751,592,14199,,,203,354,,
NODE_0000002,429,464,2020.751,592,14199,,,203,224,,
NODE_0000002,429,465,2020.751,592,14199,,,203,227,,
NODE_0000002,429,474,2020.751,592,14199,,,203,228,,
NODE_0000002,429,2266,2020.751,592,14199,,,203,361,,
NODE_0000002,429,1244,2020.751,592,14199,,,203,344,,
NODE_0000002,429,2268,2020.751,592,14199,,,203,382,,
NODE_0000002,429,2015,2020.751,592,14199,,,203,359,,
NODE_0000002,429,482,2020.751,592,14199,,,203,229,,
NODE_0000002,429,2281,2020.751,592,14199,,,203,423,,
NODE_0000002,429,746,2020.751,592,14199,,,203,268,,
NODE_0000002,429,748,2020.751,592,14199,,,203,259,,
NODE_0000002,240,429,2020.751,14199,592,,,172,203,,
NODE_0000002,429,754,2020.751,592,14199,,,203,247,,
NODE_0000002,429,1013,2020.751,592,14199,,,203,258,,
NODE_0000002,429,1014,2020.751,592,14199,,,203,277,,
NODE_0000002,429,503,2020.751,592,14199,,,203,268,,
NODE_0000002,429,2040,2020.751,592,14199,,,203,347,,
NODE_0000002,429,2041,2020.751,592,14199,,,203,363,,
NODE_0000002,429,2038,2020.751,592,14199,,,203,315,,
NODE_0000002,429,508,2020.751,592,14199,,,203,332,,
NODE_0000002,429,510,2020.751,592,14199,,,203,330,,
NODE_0000002,429,767,2020.751,592,14199,,,203,251,,
NODE_0000002,512,1561,2020.751,14199,592,,,289,302,,
NODE_0000002,769,1561,2020.751,14199,592,,,310,302,,
NODE_0000002,1561,1794,2020.751,592,14199,,,302,394,,
NODE_0000002,1288,1561,2020.751,14199,592,,,279,302,,
NODE_0000002,1561,2569,2020.751,592,14199,,,302,343,,
NODE_0000002,1561,2059,2020.751,592,14199,,,302,371,,
NODE_0000002,1561,3596,2020.751,592,14199,,,302,392,,
NODE_0000002,511,1561,2020.751,14199,592,,,269,302,,
NODE_0000002,787,1561,2020.751,14199,592,,,333,302,,
NODE_0000002,534,1561,2020.751,14199,592,,,260,302,,
NODE_0000002,1561,2838,2020.751,592,14199,,,302,360,,
NODE_0000002,536,1561,2020.751,14199,592,,,348,302,,
NODE_0000002,1561,3099,2020.751,592,14199,,,302,367,,
NODE_0000002,539,1561,2020.751,14199,592,,,319,302,,
NODE_0000002,1056,1561,2020.751,14199,592,,,275,302,,
NODE_0000002,548,1561,2020.751,14199,592,,,268,302,,
NODE_0000002,810,1561,2020.751,14199,592,,,294,302,,
NODE_0000002,1074,1561,2020.751,14199,592,,,330,302,,
NODE_0000002,572,1561,2020.751,14199,592,,,292,302,,
NODE_0000002,1561,2882,2020.751,592,14199,,,302,355,,
NODE_0000002,579,1561,2020.751,14199,592,,,259,302,,
NODE_0000002,1561,1604,2020.751,592,14199,,,302,339,,
NODE_0000002,1561,1859,2020.751,592,14199,,,302,343,,
NODE_0000002,837,1561,2020.751,14199,592,,,288,302,,
NODE_0000002,840,1561,2020.751,14199,592,,,335,302,,
NODE_0000002,590,1561,2020.751,14199,592,,,325,302,,
NODE_0000002,847,1561,2020.751,14199,592,,,287,302,,
NODE_0000002,592,1561,2020.751,14199,592,,,271,302,,
NODE_0000002,1561,1616,2020.751,592,14199,,,302,306,,
NODE_0000002,599,1561,2020.751,14199,592,,,291,302,,
NODE_0000002,601,1561,2020.751,14199,592,,,269,302,,
NODE_0000002,1561,3418,2020.751,592,14199,,,302,404,,
NODE_0000002,1561,1882,2020.751,592,14199,,,302,304,,
NODE_0000002,1561,2914,2020.751,592,14199,,,302,417,,
NODE_0000002,866,1561,2020.751,14199,592,,,286,302,,
NODE_0000002,1561,3172,2020.751,592,14199,,,302,417,,
NODE_0000002,1561,3431,2020.751,592,14199,,,302,378,,
NODE_0000002,1561,1639,2020.751,592,14199,,,302,379,,
NODE_0000002,616,1561,2020.751,14199,592,,,248,302,,
NODE_0000002,620,1561,2020.751,14199,592,,,259,302,,
NODE_0000002,1561,1903,2020.751,592,14199,,,302,357,,
NODE_0000002,628,1561,2020.751,14199,592,,,268,302,,
NODE_0000002,629,1561,2020.751,14199,592,,,268,302,,
NODE_0000002,1145,1561,2020.751,14199,592,,,292,302,,
NODE_0000002,634,1561,2020.751,14199,592,,,274,302,,
NODE_0000002,638,1561,2020.751,14199,592,,,265,302,,
NODE_0000002,1561,1669,2020.751,592,14199,,,302,313,,
NODE_0000002,1561,2182,2020.751,592,14199,,,302,407,,
NODE_0000002,136,1561,2020.751,14199,592,,,170,302,,
NODE_0000002,1561,2699,2020.751,592,14199,,,302,363,,
NODE_0000002,1561,2192,2020.751,592,14199,,,302,421,,
NODE_0000002,1561,2193,2020.751,592,14199,,,302,420,,
NODE_0000002,914,1561,2020.751,14199,592,,,290,302,,
NODE_0000002,917,1561,2020.751,14199,592,,,396,302,,
NODE_0000002,919,1561,2020.751,14199,592,,,292,302,,
NODE_0000002,665,1561,2020.751,14199,592,,,283,302,,
NODE_0000002,1561,1691,2020.751,592,14199,,,302,324,,
NODE_0000002,670,1561,2020.751,14199,592,,,267,302,,
NODE_0000002,673,1561,2020.751,14199,592,,,284,302,,
NODE_0000002,674,1561,2020.751,14199,592,,,272,302,,
NODE_0000002,675,1561,2020.751,14199,592,,,281,302,,
NODE_0000002,931,1561,2020.751,14199,592,,,413,302,,
NODE_0000002,676,1561,2020.751,14199,592,,,264,302,,
NODE_0000002,1190,1561,2020.751,14199,592,,,328,302,,
NODE_0000002,164,1561,2020.751,14199,592,,,170,302,,
NODE_0000002,1192,1561,2020.751,14199,592,,,360,302,,
NODE_0000002,1561,1708,2020.751,592,14199,,,302,339,,
NODE_0000002,1199,1561,2020.751,14199,592,,,391,302,,
NODE_0000002,687,1561,2020.751,14199,592,,,297,302,,
NODE_0000002,432,1561,2020.751,14199,592,,,209,302,,
NODE_0000002,691,1561,2020.751,14199,592,,,293,302,,
NODE_0000002,1561,2228,2020.751,592,14199,,,302,379,,
NODE_0000002,694,1561,2020.751,14199,592,,,385,302,,
NODE_0000002,696,1561,2020.751,14199,592,,,261,302,,
NODE_0000002,187,1561,2020.751,14199,592,,,169,302,,
NODE_0000002,1561,3011,2020.751,592,14199,,,302,422,,
NODE_0000002,709,1561,2020.751,14199,592,,,286,302,,
NODE_0000002,1561,2246,2020.751,592,14199,,,302,348,,
NODE_0000002,712,1561,2020.751,14199,592,,,268,302,,
NODE_0000002,968,1561,2020.751,14199,592,,,286,302,,
NODE_0000002,458,1561,2020.751,14199,592,,,228,302,,
NODE_0000002,1561,2248,2020.751,592,14199,,,302,422,,
NODE_0000002,717,1561,2020.751,14199,592,,,307,302,,
NODE_0000002,1487,1561,2020.751,14199,592,,,354,302,,
NODE_0000002,464,1561,2020.751,14199,592,,,224,302,,
NODE_0000002,465,1561,2020.751,14199,592,,,227,302,,
NODE_0000002,474,1561,2020.751,14199,592,,,228,302,,
NODE_0000002,1561,2266,2020.751,592,14199,,,302,361,,
NODE_0000002,1244,1561,2020.751,14199,592,,,344,302,,
NODE_0000002,1561,2268,2020.751,592,14199,,,302,382,,
NODE_0000002,1561,2015,2020.751,592,14199,,,302,359,,
NODE_0000002,482,1561,2020.751,14199,592,,,229,302,,
NODE_0000002,1561,2281,2020.751,592,14199,,,302,423,,
NODE_0000002,746,1561,2020.751,14199,592,,,268,302,,
NODE_0000002,748,1561,2020.751,14199,592,,,259,302,,
NODE_0000002,240,1561,2020.751,14199,592,,,172,302,,
NODE_0000002,754,1561,2020.751,14199,592,,,247,302,,
NODE_0000002,1013,1561,2020.751,14199,592,,,258,302,,
NODE_0000002,1014,1561,2020.751,14199,592,,,277,302,,
NODE_0000002,503,1561,2020.751,14199,592,,,268,302,,
NODE_0000002,1561,2040,2020.751,592,14199,,,302,347,,
NODE_0000002,1561,2041,2020.751,592,14199,,,302,363,,
NODE_0000002,1561,2038,2020.751,592,14199,,,302,315,,
NODE_0000002,508,1561,2020.751,14199,592,,,332,302,,
NODE_0000002,510,1561,2020.751,14199,592,,,330,302,,
NODE_0000002,767,1561,2020.751,14199,592,,,251,302,,
NODE_0000002,512,562,2020.751,14199,592,,,289,254,,
NODE_0000002,562,769,2020.751,592,14199,,,254,310,,
NODE_0000002,562,1794,2020.751,592,14199,,,254,394,,
NODE_0000002,562,1288,2020.751,592,14199,,,254,279,,
NODE_0000002,562,2569,2020.751,592,14199,,,254,343,,
NODE_0000002,562,2059,2020.751,592,14199,,,254,371,,
NODE_0000002,562,3596,2020.751,592,14199,,,254,392,,
NODE_0000002,511,562,2020.751,14199,592,,,269,254,,
NODE_0000002,562,787,2020.751,592,14199,,,254,333,,
NODE_0000002,534,562,2020.751,14199,592,,,260,254,,
NODE_0000002,562,2838,2020.751,592,14199,,,254,360,,
NODE_0000002,536,562,2020.751,14199,592,,,348,254,,
NODE_0000002,562,3099,2020.751,592,14199,,,254,367,,
NODE_0000002,539,562,2020.751,14199,592,,,319,254,,
NODE_0000002,562,1056,2020.751,592,14199,,,254,275,,
NODE_0000002,548,562,2020.751,14199,592,,,268,254,,
NODE_0000002,562,810,2020.751,592,14199,,,254,294,,
NODE_0000002,562,1074,2020.751,592,14199,,,254,330,,
NODE_0000002,562,572,2020.751,592,14199,,,254,292,,
NODE_0000002,562,2882,2020.751,592,14199,,,254,355,,
NODE_0000002,562,579,2020.751,592,14199,,,254,259,,
NODE_0000002,562,1604,2020.751,592,14199,,,254,339,,
NODE_0000002,562,1859,2020.751,592,14199,,,254,343,,
NODE_0000002,562,837,2020.751,592,14199,,,254,288,,
NODE_0000002,562,840,2020.751,592,14199,,,254,335,,
NODE_0000002,562,590,2020.751,592,14199,,,254,325,,
NODE_0000002,562,847,2020.751,592,14199,,,254,287,,
NODE_0000002,562,592,2020.751,592,14199,,,254,271,,
NODE_0000002,562,1616,2020.751,592,14199,,,254,306,,
NODE_0000002,562,599,2020.751,592,14199,,,254,291,,
NODE_0000002,562,601,2020.751,592,14199,,,254,269,,
NODE_0000002,562,3418,2020.751,592,14199,,,254,404,,
NODE_0000002,562,1882,2020.751,592,14199,,,254,304,,
NODE_0000002,562,2914,2020.751,592,14199,,,254,417,,
NODE_0000002,562,866,2020.751,592,14199,,,254,286,,
NODE_0000002,562,3172,2020.751,592,14199,,,254,417,,
NODE_0000002,562,3431,2020.751,592,14199,,,254,378,,
NODE_0000002,562,1639,2020.751,592,14199,,,254,379,,
NODE_0000002,562,616,2020.751,592,14199,,,254,248,,
NODE_0000002,562,620,2020.751,592,14199,,,254,259,,
NODE_0000002,562,1903,2020.751,592,14199,,,254,357,,
NODE_0000002,562,628,2020.751,592,14199,,,254,268,,
NODE_0000002,562,629,2020.751,592,14199,,,254,268,,
NODE_0000002,562,1145,2020.751,592,14199,,,254,292,,
NODE_0000002,562,634,2020.751,592,14199,,,254,274,,
NODE_0000002,562,638,2020.751,592,14199,,,254,265,,
NODE_0000002,562,1669,2020.751,592,14199,,,254,313,,
NODE_0000002,562,2182,2020.751,592,14199,,,254,407,,
NODE_0000002,136,562,2020.751,14199,592,,,170,254,,
NODE_0000002,562,2699,2020.751,592,14199,,,254,363,,
NODE_0000002,562,2192,2020.751,592,14199,,,254,421,,
NODE_0000002,562,2193,2020.751,592,14199,,,254,420,,
NODE_0000002,562,914,2020.751,592,14199,,,254,290,,
NODE_0000002,562,917,2020.751,592,14199,,,254,396,,
NODE_0000002,562,919,2020.751,592,14199,,,254,292,,
NODE_0000002,562,665,2020.751,592,14199,,,254,283,,
NODE_0000002,562,1691,2020.751,592,14199,,,254,324,,
NODE_0000002,562,670,2020.751,592,14199,,,254,267,,
NODE_0000002,562,673,2020.751,592,14199,,,254,284,,
NODE_0000002,562,674,2020.751,592,14199,,,254,272,,
NODE_0000002,562,675,2020.751,592,14199,,,254,281,,
NODE_0000002,562,931,2020.751,592,14199,,,254,413,,
NODE_0000002,562,676,2020.751,592,14199,,,254,264,,
NODE_0000002,562,1190,2020.751,592,14199,,,254,328,,
NODE_0000002,164,562,2020.751,14199,592,,,170,254,,
NODE_0000002,562,1192,2020.751,592,14199,,,254,360,,
NODE_0000002,562,1708,2020.751,592,14199,,,254,339,,
NODE_0000002,562,1199,2020.751,592,14199,,,254,391,,
NODE_0000002,562,687,2020.751,592,14199,,,254,297,,
NODE_0000002,432,562,2020.751,14199,592,,,209,254,,
NODE_0000002,562,691,2020.751,592,14199,,,254,293,,
NODE_0000002,562,2228,2020.751,592,14199,,,254,379,,
NODE_0000002,562,694,2020.751,592,14199,,,254,385,,
NODE_0000002,562,696,2020.751,592,14199,,,254,261,,
NODE_0000002,187,562,2020.751,14199,592,,,169,254,,
NODE_0000002,562,3011,2020.751,592,14199,,,254,422,,
NODE_0000002,562,709,2020.751,592,14199,,,254,286,,
NODE_0000002,562,2246,2020.751,592,14199,,,254,348,,
NODE_0000002,562,712,2020.751,592,14199,,,254,268,,
NODE_0000002,562,968,2020.751,592,14199,,,254,286,,
NODE_0000002,458,562,2020.751,14199,592,,,228,254,,
NODE_0000002,562,2248,2020.751,592,14199,,,254,422,,
NODE_0000002,562,717,2020.751,592,14199,,,254,307,,
NODE_0000002,562,1487,2020.751,592,14199,,,254,354,,
NODE_0000002,464,562,2020.751,14199,592,,,224,254,,
NODE_0000002,465,562,2020.751,14199,592,,,227,254,,
NODE_0000002,474,562,2020.751,14199,592,,,228,254,,
NODE_0000002,562,2266,2020.751,592,14199,,,254,361,,
NODE_0000002,562,1244,2020.751,592,14199,,,254,344,,
NODE_0000002,562,2268,2020.751,592,14199,,,254,382,,
NODE_0000002,562,2015,2020.751,592,14199,,,254,359,,
NODE_0000002,482,562,2020.751,14199,592,,,229,254,,
NODE_0000002,562,2281,2020.751,592,14199,,,254,423,,
NODE_0000002,562,746,2020.751,592,14199,,,254,268,,
NODE_0000002,562,748,2020.751,592,14199,,,254,259,,
NODE_0000002,240,562,2020.751,14199,592,,,172,254,,
NODE_0000002,562,754,2020.751,592,14199,,,254,247,,
NODE_0000002,562,1013,2020.751,592,14199,,,254,258,,
NODE_0000002,562,1014,2020.751,592,14199,,,254,277,,
NODE_0000002,503,562,2020.751,14199,592,,,268,254,,
NODE_0000002,562,2040,2020.751,592,14199,,,254,347,,
NODE_0000002,562,2041,2020.751,592,14199,,,254,363,,
NODE_0000002,562,2038,2020.751,592,14199,,,254,315,,
NODE_0000002,508,562,2020.751,14199,592,,,332,254,,
NODE_0000002,510,562,2020.751,14199,592,,,330,254,,
NODE_0000002,562,767,2020.751,592,14199,,,254,251,,
NODE_0000002,512,3667,2020.751,14199,592,,,289,421,,
NODE_0000002,769,3667,2020.751,14199,592,,,310,421,,
NODE_0000002,1794,3667,2020.751,14199,592,,,394,421,,
NODE_0000002,1288,3667,2020.751,14199,592,,,279,421,,
NODE_0000002,2569,3667,2020.751,14199,592,,,343,421,,
NODE_0000002,2059,3667,2020.751,14199,592,,,371,421,,
NODE_0000002,3596,3667,2020.751,14199,592,,,392,421,,
NODE_0000002,511,3667,2020.751,14199,592,,,269,421,,
NODE_0000002,787,3667,2020.751,14199,592,,,333,421,,
NODE_0000002,534,3667,2020.751,14199,592,,,260,421,,
NODE_0000002,2838,3667,2020.751,14199,592,,,360,421,,
NODE_0000002,536,3667,2020.751,14199,592,,,348,421,,
NODE_0000002,3099,3667,2020.751,14199,592,,,367,421,,
NODE_0000002,539,3667,2020.751,14199,592,,,319,421,,
NODE_0000002,1056,3667,2020.751,14199,592,,,275,421,,
NODE_0000002,548,3667,2020.751,14199,592,,,268,421,,
NODE_0000002,810,3667,2020.751,14199,592,,,294,421,,
NODE_0000002,1074,3667,2020.751,14199,592,,,330,421,,
NODE_0000002,572,3667,2020.751,14199,592,,,292,421,,
NODE_0000002,2882,3667,2020.751,14199,592,,,355,421,,
NODE_0000002,579,3667,2020.751,14199,592,,,259,421,,
NODE_0000002,1604,3667,2020.751,14199,592,,,339,421,,
NODE_0000002,1859,3667,2020.751,14199,592,,,343,421,,
NODE_0000002,837,3667,2020.751,14199,592,,,288,421,,
NODE_0000002,840,3667,2020.751,14199,592,,,335,421,,
NODE_0000002,590,3667,2020.751,14199,592,,,325,421,,
NODE_0000002,847,3667,2020.751,14199,592,,,287,421,,
NODE_0000002,592,3667,2020.751,14199,592,,,271,421,,
NODE_0000002,1616,3667,2020.751,14199,592,,,306,421,,
NODE_0000002,599,3667,2020.751,14199,592,,,291,421,,
NODE_0000002,601,3667,2020.751,14199,592,,,269,421,,
NODE_0000002,3418,3667,2020.751,14199,592,,,404,421,,
NODE_0000002,1882,3667,2020.751,14199,592,,,304,421,,
NODE_0000002,2914,3667,2020.751,14199,592,,,417,421,,
NODE_0000002,866,3667,2020.751,14199,592,,,286,421,,
NODE_0000002,3172,3667,2020.751,14199,592,,,417,421,,
NODE_0000002,3431,3667,2020.751,14199,592,,,378,421,,
NODE_0000002,1639,3667,2020.751,14199,592,,,379,421,,
NODE_0000002,616,3667,2020.751,14199,592,,,248,421,,
NODE_0000002,620,3667,2020.751,14199,592,,,259,421,,
NODE_0000002,1903,3667,2020.751,14199,592,,,357,421,,
NODE_0000002,628,3667,2020.751,14199,592,,,268,421,,
NODE_0000002,629,3667,2020.751,14199,592,,,268,421,,
NODE_0000002,1145,3667,2020.751,14199,592,,,292,421,,
NODE_0000002,634,3667,2020.751,14199,592,,,274,421,,
NODE_0000002,638,3667,2020.751,14199,592,,,265,421,,
NODE_0000002,1669,3667,2020.751,14199,592,,,313,421,,
NODE_0000002,2182,3667,2020.751,14199,592,,,407,421,,
NODE_0000002,136,3667,2020.751,14199,592,,,170,421,,
NODE_0000002,2699,3667,2020.751,14199,592,,,363,421,,
NODE_0000002,2192,3667,2020.751,14199,592,,,421,421,,
NODE_0000002,2193,3667,2020.751,14199,592,,,420,421,,
NODE_0000002,914,3667,2020.751,14199,592,,,290,421,,
NODE_0000002,917,3667,2020.751,14199,592,,,396,421,,
NODE_0000002,919,3667,2020.751,14199,592,,,292,421,,
NODE_0000002,665,3667,2020.751,14199,592,,,283,421,,
NODE_0000002,1691,3667,2020.751,14199,592,,,324,421,,
NODE_0000002,670,3667,2020.751,14199,592,,,267,421,,
NODE_0000002,673,3667,2020.751,14199,592,,,284,421,,
NODE_0000002,674,3667,2020.751,14199,592,,,272,421,,
NODE_0000002,675,3667,2020.751,14199,592,,,281,421,,
NODE_0000002,931,3667,2020.751,14199,592,,,413,421,,
NODE_0000002,676,3667,2020.751,14199,592,,,264,421,,
NODE_0000002,1190,3667,2020.751,14199,592,,,328,421,,
NODE_0000002,164,3667,2020.751,14199,592,,,170,421,,
NODE_0000002,1192,3667,2020.751,14199,592,,,360,421,,
NODE_0000002,1708,3667,2020.751,14199,592,,,339,421,,
NODE_0000002,1199,3667,2020.751,14199,592,,,391,421,,
NODE_0000002,687,3667,2020.751,14199,592,,,297,421,,
NODE_0000002,432,3667,2020.751,14199,592,,,209,421,,
NODE_0000002,691,3667,2020.751,14199,592,,,293,421,,
NODE_0000002,2228,3667,2020.751,14199,592,,,379,421,,
NODE_0000002,694,3667,2020.751,14199,592,,,385,421,,
NODE_0000002,696,3667,2020.751,14199,592,,,261,421,,
NODE_0000002,187,3667,2020.751,14199,592,,,169,421,,
NODE_0000002,3011,3667,2020.751,14199,592,,,422,421,,
NODE_0000002,709,3667,2020.751,14199,592,,,286,421,,
NODE_0000002,2246,3667,2020.751,14199,592,,,348,421,,
NODE_0000002,712,3667,2020.751,14199,592,,,268,421,,
NODE_0000002,968,3667,2020.751,14199,592,,,286,421,,
NODE_0000002,458,3667,2020.751,14199,592,,,228,421,,
NODE_0000002,2248,3667,2020.751,14199,592,,,422,421,,
NODE_0000002,717,3667,2020.751,14199,592,,,307,421,,
NODE_0000002,1487,3667,2020.751,14199,592,,,354,421,,
NODE_0000002,464,3667,2020.751,14199,592,,,224,421,,
NODE_0000002,465,3667,2020.751,14199,592,,,227,421,,
NODE_0000002,474,3667,2020.751,14199,592,,,228,421,,
NODE_0000002,2266,3667,2020.751,14199,592,,,361,421,,
NODE_0000002,1244,3667,2020.751,14199,592,,,344,421,,
NODE_0000002,2268,3667,2020.751,14199,592,,,382,421,,
NODE_0000002,2015,3667,2020.751,14199,592,,,359,421,,
NODE_0000002,482,3667,2020.751,14199,592,,,229,421,,
NODE_0000002,2281,3667,2020.751,14199,592,,,423,421,,
NODE_0000002,746,3667,2020.751,14199,592,,,268,421,,
NODE_0000002,748,3667,2020.751,14199,592,,,259,421,,
NODE_0000002,240,3667,2020.751,14199,592,,,172,421,,
NODE_0000002,754,3667,2020.751,14199,592,,,247,421,,
NODE_0000002,1013,3667,2020.751,14199,592,,,258,421,,
NODE_0000002,1014,3667,2020.751,14199,592,,,277,421,,
NODE_0000002,503,3667,2020.751,14199,592,,,268,421,,
NODE_0000002,2040,3667,2020.751,14199,592,,,347,421,,
NODE_0000002,2041,3667,2020.751,14199,592,,,363,421,,
NODE_0000002,2038,3667,2020.751,14199,592,,,315,421,,
NODE_0000002,508,3667,2020.751,14199,592,,,332,421,,
NODE_0000002,510,3667,2020.751,14199,592,,,330,421,,
NODE_0000002,767,3667,2020.751,14199,592,,,251,421,,
NODE_0000002,512,3571,2020.751,14199,592,,,289,383,,
NODE_0000002,769,3571,2020.751,14199,592,,,310,383,,
NODE_0000002,1794,3571,2020.751,14199,592,,,394,383,,
NODE_0000002,1288,3571,2020.751,14199,592,,,279,383,,
NODE_0000002,2569,3571,2020.751,14199,592,,,343,383,,
NODE_0000002,2059,3571,2020.751,14199,592,,,371,383,,
NODE_0000002,3571,3596,2020.751,592,14199,,,383,392,,
NODE_0000002,511,3571,2020.751,14199,592,,,269,383,,
NODE_0000002,787,3571,2020.751,14199,592,,,333,383,,
NODE_0000002,534,3571,2020.751,14199,592,,,260,383,,
NODE_0000002,2838,3571,2020.751,14199,592,,,360,383,,
NODE_0000002,536,3571,2020.751,14199,592,,,348,383,,
NODE_0000002,3099,3571,2020.751,14199,592,,,367,383,,
NODE_0000002,539,3571,2020.751,14199,592,,,319,383,,
NODE_0000002,1056,3571,2020.751,14199,592,,,275,383,,
NODE_0000002,548,3571,2020.751,14199,592,,,268,383,,
NODE_0000002,810,3571,2020.751,14199,592,,,294,383,,
NODE_0000002,1074,3571,2020.751,14199,592,,,330,383,,
NODE_0000002,572,3571,2020.751,14199,592,,,292,383,,
NODE_0000002,2882,3571,2020.751,14199,592,,,355,383,,
NODE_0000002,579,3571,2020.751,14199,592,,,259,383,,
NODE_0000002,1604,3571,2020.751,14199,592,,,339,383,,
NODE_0000002,1859,3571,2020.751,14199,592,,,343,383,,
NODE_0000002,837,3571,2020.751,14199,592,,,288,383,,
NODE_0000002,840,3571,2020.751,14199,592,,,335,383,,
NODE_0000002,590,3571,2020.751,14199,592,,,325,383,,
NODE_0000002,847,3571,2020.751,14199,592,,,287,383,,
NODE_0000002,592,3571,2020.751,14199,592,,,271,383,,
NODE_0000002,1616,3571,2020.751,14199,592,,,306,383,,
NODE_0000002,599,3571,2020.751,14199,592,,,291,383,,
NODE_0000002,601,3571,2020.751,14199,592,,,269,383,,
NODE_0000002,3418,3571,2020.751,14199,592,,,404,383,,
NODE_0000002,1882,3571,2020.751,14199,592,,,304,383,,
NODE_0000002,2914,3571,2020.751,14199,592,,,417,383,,
NODE_0000002,866,3571,2020.751,14199,592,,,286,383,,
NODE_0000002,3172,3571,2020.751,14199,592,,,417,383,,
NODE_0000002,3431,3571,2020.751,14199,592,,,378,383,,
NODE_0000002,1639,3571,2020.751,14199,592,,,379,383,,
NODE_0000002,616,3571,2020.751,14199,592,,,248,383,,
NODE_0000002,620,3571,2020.751,14199,592,,,259,383,,
NODE_0000002,1903,3571,2020.751,14199,592,,,357,383,,
NODE_0000002,628,3571,2020.751,14199,592,,,268,383,,
NODE_0000002,629,3571,2020.751,14199,592,,,268,383,,
NODE_0000002,1145,3571,2020.751,14199,592,,,292,383,,
NODE_0000002,634,3571,2020.751,14199,592,,,274,383,,
NODE_0000002,638,3571,2020.751,14199,592,,,265,383,,
NODE_0000002,1669,3571,2020.751,14199,592,,,313,383,,
NODE_0000002,2182,3571,2020.751,14199,592,,,407,383,,
NODE_0000002,136,3571,2020.751,14199,592,,,170,383,,
NODE_0000002,2699,3571,2020.751,14199,592,,,363,383,,
NODE_0000002,2192,3571,2020.751,14199,592,,,421,383,,
NODE_0000002,2193,3571,2020.751,14199,592,,,420,383,,
NODE_0000002,914,3571,2020.751,14199,592,,,290,383,,
NODE_0000002,917,3571,2020.751,14199,592,,,396,383,,
NODE_0000002,919,3571,2020.751,14199,592,,,292,383,,
NODE_0000002,665,3571,2020.751,14199,592,,,283,383,,
NODE_0000002,1691,3571,2020.751,14199,592,,,324,383,,
NODE_0000002,670,3571,2020.751,14199,592,,,267,383,,
NODE_0000002,673,3571,2020.751,14199,592,,,284,383,,
NODE_0000002,674,3571,2020.751,14199,592,,,272,383,,
NODE_0000002,675,3571,2020.751,14199,592,,,281,383,,
NODE_0000002,931,3571,2020.751,14199,592,,,413,383,,
NODE_0000002,676,3571,2020.751,14199,592,,,264,383,,
NODE_0000002,1190,3571,2020.751,14199,592,,,328,383,,
NODE_0000002,164,3571,2020.751,14199,592,,,170,383,,
NODE_0000002,1192,3571,2020.751,14199,592,,,360,383,,
NODE_0000002,1708,3571,2020.751,14199,592,,,339,383,,
NODE_0000002,1199,3571,2020.751,14199,592,,,391,383,,
NODE_0000002,687,3571,2020.751,14199,592,,,297,383,,
NODE_0000002,432,3571,2020.751,14199,592,,,209,383,,
NODE_0000002,691,3571,2020.751,14199,592,,,293,383,,
NODE_0000002,2228,3571,2020.751,14199,592,,,379,383,,
NODE_0000002,694,3571,2020.751,14199,592,,,385,383,,
NODE_0000002,696,3571,2020.751,14199,592,,,261,383,,
NODE_0000002,187,3571,2020.751,14199,592,,,169,383,,
NODE_0000002,3011,3571,2020.751,14199,592,,,422,383,,
NODE_0000002,709,3571,2020.751,14199,592,,,286,383,,
NODE_0000002,2246,3571,2020.751,14199,592,,,348,383,,
NODE_0000002,712,3571,2020.751,14199,592,,,268,383,,
NODE_0000002,968,3571,2020.751,14199,592,,,286,383,,
NODE_0000002,458,3571,2020.751,14199,592,,,228,383,,
NODE_0000002,2248,3571,2020.751,14199,592,,,422,383,,
NODE_0000002,717,3571,2020.751,14199,592,,,307,383,,
NODE_0000002,1487,3571,2020.751,14199,592,,,354,383,,
NODE_0000002,464,3571,2020.751,14199,592,,,224,383,,
NODE_0000002,465,3571,2020.751,14199,592,,,227,383,,
NODE_0000002,474,3571,2020.751,14199,592,,,228,383,,
NODE_0000002,2266,3571,2020.751,14199,592,,,361,383,,
NODE_0000002,1244,3571,2020.751,14199,592,,,344,383,,
NODE_0000002,2268,3571,2020.751,14199,592,,,382,383,,
NODE_0000002,2015,3571,2020.751,14199,592,,,359,383,,
NODE_0000002,482,3571,2020.751,14199,592,,,229,383,,
NODE_0000002,2281,3571,2020.751,14199,592,,,423,383,,
NODE_0000002,746,3571,2020.751,14199,592,,,268,383,,
NODE_0000002,748,3571,2020.751,14199,592,,,259,383,,
NODE_0000002,240,3571,2020.751,14199,592,,,172,383,,
NODE_0000002,754,3571,2020.751,14199,592,,,247,383,,
NODE_0000002,1013,3571,2020.751,14199,592,,,258,383,,
NODE_0000002,1014,3571,2020.751,14199,592,,,277,383,,
NODE_0000002,503,3571,2020.751,14199,592,,,268,383,,
NODE_0000002,2040,3571,2020.751,14199,592,,,347,383,,
NODE_0000002,2041,3571,2020.751,14199,592,,,363,383,,
NODE_0000002,2038,3571,2020.751,14199,592,,,315,383,,
NODE_0000002,508,3571,2020.751,14199,592,,,332,383,,
NODE_0000002,510,3571,2020.751,14199,592,,,330,383,,
NODE_0000002,767,3571,2020.751,14199,592,,,251,383,,
NODE_0000002,276,512,2020.751,592,14199,,,172,289,,
NODE_0000002,276,769,2020.751,592,14199,,,172,310,,
NODE_0000002,276,1794,2020.751,592,14199,,,172,394,,
NODE_0000002,276,1288,2020.751,592,14199,,,172,279,,
NODE_0000002,276,2569,2020.751,592,14199,,,172,343,,
NODE_0000002,276,2059,2020.751,592,14199,,,172,371,,
NODE_0000002,276,3596,2020.751,592,14199,,,172,392,,
NODE_0000002,276,511,2020.751,592,14199,,,172,269,,
NODE_0000002,276,787,2020.751,592,14199,,,172,333,,
NODE_0000002,276,534,2020.751,592,14199,,,172,260,,
NODE_0000002,276,2838,2020.751,592,14199,,,172,360,,
NODE_0000002,276,536,2020.751,592,14199,,,172,348,,
NODE_0000002,276,3099,2020.751,592,14199,,,172,367,,
NODE_0000002,276,539,2020.751,592,14199,,,172,319,,
NODE_0000002,276,1056,2020.751,592,14199,,,172,275,,
NODE_0000002,276,548,2020.751,592,14199,,,172,268,,
NODE_0000002,276,810,2020.751,592,14199,,,172,294,,
NODE_0000002,276,1074,2020.751,592,14199,,,172,330,,
NODE_0000002,276,572,2020.751,592,14199,,,172,292,,
NODE_0000002,276,2882,2020.751,592,14199,,,172,355,,
NODE_0000002,276,579,2020.751,592,14199,,,172,259,,
NODE_0000002,276,1604,2020.751,592,14199,,,172,339,,
NODE_0000002,276,1859,2020.751,592,14199,,,172,343,,
NODE_0000002,276,837,2020.751,592,14199,,,172,288,,
NODE_0000002,276,840,2020.751,592,14199,,,172,335,,
NODE_0000002,276,590,2020.751,592,14199,,,172,325,,
NODE_0000002,276,847,2020.751,592,14199,,,172,287,,
NODE_0000002,276,592,2020.751,592,14199,,,172,271,,
NODE_0000002,276,1616,2020.751,592,14199,,,172,306,,
NODE_0000002,276,599,2020.751,592,14199,,,172,291,,
NODE_0000002,276,601,2020.751,592,14199,,,172,269,,
NODE_0000002,276,3418,2020.751,592,14199,,,172,404,,
NODE_0000002,276,1882,2020.751,592,14199,,,172,304,,
NODE_0000002,276,2914,2020.751,592,14199,,,172,417,,
NODE_0000002,276,866,2020.751,592,14199,,,172,286,,
NODE_0000002,276,3172,2020.751,592,14199,,,172,417,,
NODE_0000002,276,3431,2020.751,592,14199,,,172,378,,
NODE_0000002,276,1639,2020.751,592,14199,,,172,379,,
NODE_0000002,276,616,2020.751,592,14199,,,172,248,,
NODE_0000002,276,620,2020.751,592,14199,,,172,259,,
NODE_0000002,276,1903,2020.751,592,14199,,,172,357,,
NODE_0000002,276,628,2020.751,592,14199,,,172,268,,
NODE_0000002,276,629,2020.751,592,14199,,,172,268,,
NODE_0000002,276,1145,2020.751,592,14199,,,172,292,,
NODE_0000002,276,634,2020.751,592,14199,,,172,274,,
NODE_0000002,276,638,2020.751,592,14199,,,172,265,,
NODE_0000002,276,1669,2020.751,592,14199,,,172,313,,
NODE_0000002,276,2182,2020.751,592,14199,,,172,407,,
NODE_0000002,136,276,2020.751,14199,592,,,170,172,,
NODE_0000002,276,2699,2020.751,592,14199,,,172,363,,
NODE_0000002,276,2192,2020.751,592,14199,,,172,421,,
NODE_0000002,276,2193,2020.751,592,14199,,,172,420,,
NODE_0000002,276,914,2020.751,592,14199,,,172,290,,
NODE_0000002,276,917,2020.751,592,14199,,,172,396,,
NODE_0000002,276,919,2020.751,592,14199,,,172,292,,
NODE_0000002,276,665,2020.751,592,14199,,,172,283,,
NODE_0000002,276,1691,2020.751,592,14199,,,172,324,,
NODE_0000002,276,670,2020.751,592,14199,,,172,267,,
NODE_0000002,276,673,2020.751,592,14199,,,172,284,,
NODE_0000002,276,674,2020.751,592,14199,,,172,272,,
NODE_0000002,276,675,2020.751,592,14199,,,172,281,,
NODE_0000002,276,931,2020.751,592,14199,,,172,413,,
NODE_0000002,276,676,2020.751,592,14199,,,172,264,,
NODE_0000002,276,1190,2020.751,592,14199,,,172,328,,
NODE_0000002,164,276,2020.751,14199,592,,,170,172,,
NODE_0000002,276,1192,2020.751,592,14199,,,172,360,,
NODE_0000002,276,1708,2020.751,592,14199,,,172,339,,
NODE_0000002,276,1199,2020.751,592,14199,,,172,391,,
NODE_0000002,276,687,2020.751,592,14199,,,172,297,,
NODE_0000002,276,432,2020.751,592,14199,,,172,209,,
NODE_0000002,276,691,2020.751,592,14199,,,172,293,,
NODE_0000002,276,2228,2020.751,592,14199,,,172,379,,
NODE_0000002,276,694,2020.751,592,14199,,,172,385,,
NODE_0000002,276,696,2020.751,592,14199,,,172,261,,
NODE_0000002,187,276,2020.751,14199,592,,,169,172,,
NODE_0000002,276,3011,2020.751,592,14199,,,172,422,,
NODE_0000002,276,709,2020.751,592,14199,,,172,286,,
NODE_0000002,276,2246,2020.751,592,14199,,,172,348,,
NODE_0000002,276,712,2020.751,592,14199,,,172,268,,
NODE_0000002,276,968,2020.751,592,14199,,,172,286,,
NODE_0000002,276,458,2020.751,592,14199,,,172,228,,
NODE_0000002,276,2248,2020.751,592,14199,,,172,422,,
NODE_0000002,276,717,2020.751,592,14199,,,172,307,,
NODE_0000002,276,1487,2020.751,592,14199,,,172,354,,
NODE_0000002,276,464,2020.751,592,14199,,,172,224,,
NODE_0000002,276,465,2020.751,592,14199,,,172,227,,
NODE_0000002,276,474,2020.751,592,14199,,,172,228,,
NODE_0000002,276,2266,2020.751,592,14199,,,172,361,,
NODE_0000002,276,1244,2020.751,592,14199,,,172,344,,
NODE_0000002,276,2268,2020.751,592,14199,,,172,382,,
NODE_0000002,276,2015,2020.751,592,14199,,,172,359,,
NODE_0000002,276,482,2020.751,592,14199,,,172,229,,
NODE_0000002,276,2281,2020.751,592,14199,,,172,423,,
NODE_0000002,276,746,2020.751,592,14199,,,172,268,,
NODE_0000002,276,748,2020.751,592,14199,,,172,259,,
NODE_0000002,240,276,2020.751,14199,592,,,172,172,,
NODE_0000002,276,754,2020.751,592,14199,,,172,247,,
NODE_0000002,276,1013,2020.751,592,14199,,,172,258,,
NODE_0000002,276,1014,2020.751,592,14199,,,172,277,,
NODE_0000002,276,503,2020.751,592,14199,,,172,268,,
NODE_0000002,276,2040,2020.751,592,14199,,,172,347,,
NODE_0000002,276,2041,2020.751,592,14199,,,172,363,,
NODE_0000002,276,2038,2020.751,592,14199,,,172,315,,
NODE_0000002,276,508,2020.751,592,14199,,,172,332,,
NODE_0000002,276,510,2020.751,592,14199,,,172,330,,
NODE_0000002,276,767,2020.751,592,14199,,,172,251,,
NODE_0000002,504,512,2020.751,592,14199,,,257,289,,
NODE_0000002,504,769,2020.751,592,14199,,,257,310,,
NODE_0000002,504,1794,2020.751,592,14199,,,257,394,,
NODE_0000002,504,1288,2020.751,592,14199,,,257,279,,
NODE_0000002,504,2569,2020.751,592,14199,,,257,343,,
NODE_0000002,504,2059,2020.751,592,14199,,,257,371,,
NODE_0000002,504,3596,2020.751,592,14199,,,257,392,,
NODE_0000002,504,511,2020.751,592,14199,,,257,269,,
NODE_0000002,504,787,2020.751,592,14199,,,257,333,,
NODE_0000002,504,534,2020.751,592,14199,,,257,260,,
NODE_0000002,504,2838,2020.751,592,14199,,,257,360,,
NODE_0000002,504,536,2020.751,592,14199,,,257,348,,
NODE_0000002,504,3099,2020.751,592,14199,,,257,367,,
NODE_0000002,504,539,2020.751,592,14199,,,257,319,,
NODE_0000002,504,1056,2020.751,592,14199,,,257,275,,
NODE_0000002,504,548,2020.751,592,14199,,,257,268,,
NODE_0000002,504,810,2020.751,592,14199,,,257,294,,
NODE_0000002,504,1074,2020.751,592,14199,,,257,330,,
NODE_0000002,504,572,2020.751,592,14199,,,257,292,,
NODE_0000002,504,2882,2020.751,592,14199,,,257,355,,
NODE_0000002,504,579,2020.751,592,14199,,,257,259,,
NODE_0000002,504,1604,2020.751,592,14199,,,257,339,,
NODE_0000002,504,1859,2020.751,592,14199,,,257,343,,
NODE_0000002,504,837,2020.751,592,14199,,,257,288,,
NODE_0000002,504,840,2020.751,592,14199,,,257,335,,
NODE_0000002,504,590,2020.751,592,14199,,,257,325,,
NODE_0000002,504,847,2020.751,592,14199,,,257,287,,
NODE_0000002,504,592,2020.751,592,14199,,,257,271,,
NODE_0000002,504,1616,2020.751,592,14199,,,257,306,,
NODE_0000002,504,599,2020.751,592,14199,,,257,291,,
NODE_0000002,504,601,2020.751,592,14199,,,257,269,,
NODE_0000002,504,3418,2020.751,592,14199,,,257,404,,
NODE_0000002,504,1882,2020.751,592,14199,,,257,304,,
NODE_0000002,504,2914,2020.751,592,14199,,,257,417,,
NODE_0000002,504,866,2020.751,592,14199,,,257,286,,
NODE_0000002,504,3172,2020.751,592,14199,,,257,417,,
NODE_0000002,504,3431,2020.751,592,14199,,,257,378,,
NODE_0000002,504,1639,2020.751,592,14199,,,257,379,,
NODE_0000002,504,616,2020.751,592,14199,,,257,248,,
NODE_0000002,504,620,2020.751,592,14199,,,257,259,,
NODE_0000002,504,1903,2020.751,592,14199,,,257,357,,
NODE_0000002,504,628,2020.751,592,14199,,,257,268,,
NODE_0000002,504,629,2020.751,592,14199,,,257,268,,
NODE_0000002,504,1145,2020.751,592,14199,,,257,292,,
NODE_0000002,504,634,2020.751,592,14199,,,257,274,,
NODE_0000002,504,638,2020.751,592,14199,,,257,265,,
NODE_0000002,504,1669,2020.751,592,14199,,,257,313,,
NODE_0000002,504,2182,2020.751,592,14199,,,257,407,,
NODE_0000002,136,504,2020.751,14199,592,,,170,257,,
NODE_0000002,504,2699,2020.751,592,14199,,,257,363,,
NODE_0000002,504,2192,2020.751,592,14199,,,257,421,,
NODE_0000002,504,2193,2020.751,592,14199,,,257,420,,
NODE_0000002,504,914,2020.751,592,14199,,,257,290,,
NODE_0000002,504,917,2020.751,592,14199,,,257,396,,
NODE_0000002,504,919,2020.751,592,14199,,,257,292,,
NODE_0000002,504,665,2020.751,592,14199,,,257,283,,
NODE_0000002,504,1691,2020.751,592,14199,,,257,324,,
NODE_0000002,504,670,2020.751,592,14199,,,257,267,,
NODE_0000002,504,673,2020.751,592,14199,,,257,284,,
NODE_0000002,504,674,2020.751,592,14199,,,257,272,,
NODE_0000002,504,675,2020.751,592,14199,,,257,281,,
NODE_0000002,504,931,2020.751,592,14199,,,257,413,,
NODE_0000002,504,676,2020.751,592,14199,,,257,264,,
NODE_0000002,504,1190,2020.751,592,14199,,,257,328,,
NODE_0000002,164,504,2020.751,14199,592,,,170,257,,
NODE_0000002,504,1192,2020.751,592,14199,,,257,360,,
NODE_0000002,504,1708,2020.751,592,14199,,,257,339,,
NODE_0000002,504,1199,2020.751,592,14199,,,257,391,,
NODE_0000002,504,687,2020.751,592,14199,,,257,297,,
NODE_0000002,432,504,2020.751,14199,592,,,209,257,,
NODE_0000002,504,691,2020.751,592,14199,,,257,293,,
NODE_0000002,504,2228,2020.751,592,14199,,,257,379,,
NODE_0000002,504,694,2020.751,592,14199,,,257,385,,
NODE_0000002,504,696,2020.751,592,14199,,,257,261,,
NODE_0000002,187,504,2020.751,14199,592,,,169,257,,
NODE_0000002,504,3011,2020.751,592,14199,,,257,422,,
NODE_0000002,504,709,2020.751,592,14199,,,257,286,,
NODE_0000002,504,2246,2020.751,592,14199,,,257,348,,
NODE_0000002,504,712,2020.751,592,14199,,,257,268,,
NODE_0000002,504,968,2020.751,592,14199,,,257,286,,
NODE_0000002,458,504,2020.751,14199,592,,,228,257,,
NODE_0000002,504,2248,2020.751,592,14199,,,257,422,,
NODE_0000002,504,717,2020.751,592,14199,,,257,307,,
NODE_0000002,504,1487,2020.751,592,14199,,,257,354,,
NODE_0000002,464,504,2020.751,14199,592,,,224,257,,
NODE_0000002,465,504,2020.751,14199,592,,,227,257,,
NODE_0000002,474,504,2020.751,14199,592,,,228,257,,
NODE_0000002,504,2266,2020.751,592,14199,,,257,361,,
NODE_0000002,504,1244,2020.751,592,14199,,,257,344,,
NODE_0000002,504,2268,2020.751,592,14199,,,257,382,,
NODE_0000002,504,2015,2020.751,592,14199,,,257,359,,
NODE_0000002,482,504,2020.751,14199,592,,,229,257,,
NODE_0000002,504,2281,2020.751,592,14199,,,257,423,,
NODE_0000002,504,746,2020.751,592,14199,,,257,268,,
NODE_0000002,504,748,2020.751,592,14199,,,257,259,,
NODE_0000002,240,504,2020.751,14199,592,,,172,257,,
NODE_0000002,504,754,2020.751,592,14199,,,257,247,,
NODE_0000002,504,1013,2020.751,592,14199,,,257,258,,
NODE_0000002,504,1014,2020.751,592,14199,,,257,277,,
NODE_0000002,503,504,2020.751,14199,592,,,268,257,,
NODE_0000002,504,2040,2020.751,592,14199,,,257,347,,
NODE_0000002,504,2041,2020.751,592,14199,,,257,363,,
NODE_0000002,504,2038,2020.751,592,14199,,,257,315,,
NODE_0000002,504,508,2020.751,592,14199,,,257,332,,
NODE_0000002,504,510,2020.751,592,14199,,,257,330,,
NODE_0000002,504,767,2020.751,592,14199,,,257,251,,
NODE_0000002,512,1049,2020.751,14199,592,,,289,322,,
NODE_0000002,769,1049,2020.751,14199,592,,,310,322,,
NODE_0000002,1049,1794,2020.751,592,14199,,,322,394,,
NODE_0000002,1049,1288,2020.751,592,14199,,,322,279,,
NODE_0000002,1049,2569,2020.751,592,14199,,,322,343,,
NODE_0000002,1049,2059,2020.751,592,14199,,,322,371,,
NODE_0000002,1049,3596,2020.751,592,14199,,,322,392,,
NODE_0000002,511,1049,2020.751,14199,592,,,269,322,,
NODE_0000002,787,1049,2020.751,14199,592,,,333,322,,
NODE_0000002,534,1049,2020.751,14199,592,,,260,322,,
NODE_0000002,1049,2838,2020.751,592,14199,,,322,360,,
NODE_0000002,536,1049,2020.751,14199,592,,,348,322,,
NODE_0000002,1049,3099,2020.751,592,14199,,,322,367,,
NODE_0000002,539,1049,2020.751,14199,592,,,319,322,,
NODE_0000002,1049,1056,2020.751,592,14199,,,322,275,,
NODE_0000002,548,1049,2020.751,14199,592,,,268,322,,
NODE_0000002,810,1049,2020.751,14199,592,,,294,322,,
NODE_0000002,1049,1074,2020.751,592,14199,,,322,330,,
NODE_0000002,572,1049,2020.751,14199,592,,,292,322,,
NODE_0000002,1049,2882,2020.751,592,14199,,,322,355,,
NODE_0000002,579,1049,2020.751,14199,592,,,259,322,,
NODE_0000002,1049,1604,2020.751,592,14199,,,322,339,,
NODE_0000002,1049,1859,2020.751,592,14199,,,322,343,,
NODE_0000002,837,1049,2020.751,14199,592,,,288,322,,
NODE_0000002,840,1049,2020.751,14199,592,,,335,322,,
NODE_0000002,590,1049,2020.751,14199,592,,,325,322,,
NODE_0000002,847,1049,2020.751,14199,592,,,287,322,,
NODE_0000002,592,1049,2020.751,14199,592,,,271,322,,
NODE_0000002,1049,1616,2020.751,592,14199,,,322,306,,
NODE_0000002,599,1049,2020.751,14199,592,,,291,322,,
NODE_0000002,601,1049,2020.751,14199,592,,,269,322,,
NODE_0000002,1049,3418,2020.751,592,14199,,,322,404,,
NODE_0000002,1049,1882,2020.751,592,14199,,,322,304,,
NODE_0000002,1049,2914,2020.751,592,14199,,,322,417,,
NODE_0000002,866,1049,2020.751,14199,592,,,286,322,,
NODE_0000002,1049,3172,2020.751,592,14199,,,322,417,,
NODE_0000002,1049,3431,2020.751,592,14199,,,322,378,,
NODE_0000002,1049,1639,2020.751,592,14199,,,322,379,,
NODE_0000002,616,1049,2020.751,14199,592,,,248,322,,
NODE_0000002,620,1049,2020.751,14199,592,,,259,322,,
NODE_0000002,1049,1903,2020.751,592,14199,,,322,357,,
NODE_0000002,628,1049,2020.751,14199,592,,,268,322,,
NODE_0000002,629,1049,2020.751,14199,592,,,268,322,,
NODE_0000002,1049,1145,2020.751,592,14199,,,322,292,,
NODE_0000002,634,1049,2020.751,14199,592,,,274,322,,
NODE_0000002,638,1049,2020.751,14199,592,,,265,322,,
NODE_0000002,1049,1669,2020.751,592,14199,,,322,313,,
NODE_0000002,1049,2182,2020.751,592,14199,,,322,407,,
NODE_0000002,136,1049,2020.751,14199,592,,,170,322,,
NODE_0000002,1049,2699,2020.751,592,14199,,,322,363,,
NODE_0000002,1049,2192,2020.751,592,14199,,,322,421,,
NODE_0000002,1049,2193,2020.751,592,14199,,,322,420,,
NODE_0000002,914,1049,2020.751,14199,592,,,290,322,,
NODE_0000002,917,1049,2020.751,14199,592,,,396,322,,
NODE_0000002,919,1049,2020.751,14199,592,,,292,322,,
NODE_0000002,665,1049,2020.751,14199,592,,,283,322,,
NODE_0000002,1049,1691,2020.751,592,14199,,,322,324,,
NODE_0000002,670,1049,2020.751,14199,592,,,267,322,,
NODE_0000002,673,1049,2020.751,14199,592,,,284,322,,
NODE_0000002,674,1049,2020.751,14199,592,,,272,322,,
NODE_0000002,675,1049,2020.751,14199,592,,,281,322,,
NODE_0000002,931,1049,2020.751,14199,592,,,413,322,,
NODE_0000002,676,1049,2020.751,14199,592,,,264,322,,
NODE_0000002,1049,1190,2020.751,592,14199,,,322,328,,
NODE_0000002,164,1049,2020.751,14199,592,,,170,322,,
NODE_0000002,1049,1192,2020.751,592,14199,,,322,360,,
NODE_0000002,1049,1708,2020.751,592,14199,,,322,339,,
NODE_0000002,1049,1199,2020.751,592,14199,,,322,391,,
NODE_0000002,687,1049,2020.751,14199,592,,,297,322,,
NODE_0000002,432,1049,2020.751,14199,592,,,209,322,,
NODE_0000002,691,1049,2020.751,14199,592,,,293,322,,
NODE_0000002,1049,2228,2020.751,592,14199,,,322,379,,
NODE_0000002,694,1049,2020.751,14199,592,,,385,322,,
NODE_0000002,696,1049,2020.751,14199,592,,,261,322,,
NODE_0000002,187,1049,2020.751,14199,592,,,169,322,,
NODE_0000002,1049,3011,2020.751,592,14199,,,322,422,,
NODE_0000002,709,1049,2020.751,14199,592,,,286,322,,
NODE_0000002,1049,2246,2020.751,592,14199,,,322,348,,
NODE_0000002,712,1049,2020.751,14199,592,,,268,322,,
NODE_0000002,968,1049,2020.751,14199,592,,,286,322,,
NODE_0000002,458,1049,2020.751,14199,592,,,228,322,,
NODE_0000002,1049,2248,2020.751,592,14199,,,322,422,,
NODE_0000002,717,1049,2020.751,14199,592,,,307,322,,
NODE_0000002,1049,1487,2020.751,592,14199,,,322,354,,
NODE_0000002,464,1049,2020.751,14199,592,,,224,322,,
NODE_0000002,465,1049,2020.751,14199,592,,,227,322,,
NODE_0000002,474,1049,2020.751,14199,592,,,228,322,,
NODE_0000002,1049,2266,2020.751,592,14199,,,322,361,,
NODE_0000002,1049,1244,2020.751,592,14199,,,322,344,,
NODE_0000002,1049,2268,2020.751,592,14199,,,322,382,,
NODE_0000002,1049,2015,2020.751,592,14199,,,322,359,,
NODE_0000002,482,1049,2020.751,14199,592,,,229,322,,
NODE_0000002,1049,2281,2020.751,592,14199,,,322,423,,
NODE_0000002,746,1049,2020.751,14199,592,,,268,322,,
NODE_0000002,748,1049,2020.751,14199,592,,,259,322,,
NODE_0000002,240,1049,2020.751,14199,592,,,172,322,,
NODE_0000002,754,1049,2020.751,14199,592,,,247,322,,
NODE_0000002,1013,1049,2020.751,14199,592,,,258,322,,
NODE_0000002,1014,1049,2020.751,14199,592,,,277,322,,
NODE_0000002,503,1049,2020.751,14199,592,,,268,322,,
NODE_0000002,1049,2040,2020.751,592,14199,,,322,347,,
NODE_0000002,1049,2041,2020.751,592,14199,,,322,363,,
NODE_0000002,1049,2038,2020.751,592,14199,,,322,315,,
NODE_0000002,508,1049,2020.751,14199,592,,,332,322,,
NODE_0000002,510,1049,2020.751,14199,592,,,330,322,,
NODE_0000002,767,1049,2020.751,14199,592,,,251,322,,
