run_label,component_id,epi_a,epi_b,actual_duration_days,genomic_duration_days,error_days,abs_error_days,n_transmission_events
nextstrain_tree_graph_300day,136,361806152_2,365936048_1,499,430.6297500000319,-68.37024999996811,68.37024999996811,78
nextstrain_tree_graph_300day,136,366358260_2,366421892_3,323,223.16775000003787,-99.83224999996213,99.83224999996213,50
nextstrain_tree_graph_300day,136,365948985_3,366348427_2,300,282.33824999996745,-17.661750000032555,17.661750000032555,49
nextstrain_tree_graph_300day,136,364450070_2,364984131_1,379,310.46250000004983,-68.53749999995017,68.53749999995017,57
nextstrain_tree_graph_300day,136,361812386_3,366750329_2,440,371.45925000001927,-68.54074999998073,68.54074999998073,69
nextstrain_tree_graph_300day,136,361811414_1,364454468_2,391,323.2462499999967,-67.75375000000332,67.75375000000332,64
nextstrain_tree_graph_300day,136,366344952_2,366354027_1,302,284.1645000000073,-17.83549999999269,17.83549999999269,48
nextstrain_tree_graph_300day,136,361807338_2,367854889_2,243,174.58950000002392,-68.41049999997608,68.41049999997608,38
nextstrain_tree_graph_300day,136,366029592_3,366519297_2,568,499.6619999999774,-68.33800000002259,68.33800000002259,91
nextstrain_tree_graph_300day,136,366345992_1,367852445_2,304,235.5862500000764,-68.4137499999236,68.4137499999236,47
nextstrain_tree_graph_300day,136,361796869_2,366422607_1,151,161.80575000007707,10.805750000077069,10.805750000077069,24
nextstrain_tree_graph_300day,136,365955942_3,366750329_2,496,455.4667500000259,-40.53324999997409,40.53324999997409,72
nextstrain_tree_graph_300day,136,366422607_1,366455875_3,420,351.7357500000704,-68.26424999992958,68.26424999992958,67
nextstrain_tree_graph_300day,136,365955677_2,366342010_1,254,186.27749999999668,-67.72250000000332,67.72250000000332,41
nextstrain_tree_graph_300day,136,364984131_1,366454462_2,255,127.47224999989237,-127.52775000010763,127.52775000010763,40
nextstrain_tree_graph_300day,136,364454468_2,366492476_1,286,217.32375000000997,-68.67624999999003,68.67624999999003,46
nextstrain_tree_graph_300day,136,364581501_2,366484529_1,338,226.8202499999515,-111.1797500000485,111.1797500000485,46
nextstrain_tree_graph_300day,136,366377432_3,366459586_3,398,366.3457499999741,-31.65425000002591,31.65425000002591,59
nextstrain_tree_graph_300day,136,362340173_2,367852881_2,303,234.1252500000279,-68.8747499999721,68.8747499999721,48
nextstrain_tree_graph_300day,136,365940460_1,366492055_1,490,422.59424999997276,-67.40575000002724,67.40575000002724,74
nextstrain_tree_graph_300day,136,364447067_2,366430999_2,235,167.64975000002192,-67.35024999997808,67.35024999997808,40
nextstrain_tree_graph_300day,136,365977653_2,366485555_1,324,255.30975000002525,-68.69024999997475,68.69024999997475,49
nextstrain_tree_graph_300day,136,362340930_1,364439026_1,263,206.36625000010298,-56.63374999989702,56.63374999989702,41
nextstrain_tree_graph_300day,136,366350314_2,366425390_3,324,174.58950000002392,-149.41049999997608,149.41049999997608,46
nextstrain_tree_graph_300day,136,364447067_2,366354027_1,280,212.57549999995615,-67.42450000004385,67.42450000004385,48
nextstrain_tree_graph_300day,136,364980205_2,366492476_1,344,273.5722500000917,-70.42774999990831,70.42774999990831,54
nextstrain_tree_graph_300day,136,366422607_1,367852670_2,176,107.38350000003521,-68.61649999996479,68.61649999996479,32
nextstrain_tree_graph_300day,136,365956951_1,366486821_2,388,166.55400000004784,-221.44599999995216,221.44599999995216,60
nextstrain_tree_graph_300day,136,366465454_2,366490437_1,479,410.54100000000864,-68.45899999999136,68.45899999999136,74
nextstrain_tree_graph_300day,136,366048482_2,366417285_3,413,373.65074999996745,-39.349250000032555,39.349250000032555,62
nextstrain_tree_graph_300day,136,364440656_4,365960479_1,234,106.28774999989503,-127.71225000010497,127.71225000010497,34
nextstrain_tree_graph_300day,136,365956951_1,366358260_2,402,335.29950000004385,-66.70049999995615,66.70049999995615,66
nextstrain_tree_graph_300day,136,366492476_1,367852920_2,318,249.4657500000804,-68.53424999991961,68.53424999991961,46
nextstrain_tree_graph_300day,136,366345992_1,366419880_2,294,276.4942500000226,-17.50574999997741,17.50574999997741,42
nextstrain_tree_graph_300day,136,362349055_2,366452079_5,399,331.2817500000558,-67.71824999994419,67.71824999994419,60
nextstrain_tree_graph_300day,136,361812386_3,366351692_1,354,336.39525000001794,-17.60474999998206,17.60474999998206,53
nextstrain_tree_graph_300day,136,366447070_2,366504920_3,423,354.65775000000133,-68.34224999999867,68.34224999999867,65
nextstrain_tree_graph_300day,136,363876459_1,366418332_2,404,336.7605000000093,-67.2394999999907,67.2394999999907,59
nextstrain_tree_graph_300day,136,366340431_1,366447070_2,321,254.94450000003388,-66.05549999996612,66.05549999996612,45
nextstrain_tree_graph_300day,136,366340431_1,367854697_1,330,259.3275000000133,-70.67249999998671,70.67249999998671,50
nextstrain_tree_graph_300day,136,366501540_2,367852811_1,201,132.5857500000206,-68.4142499999794,68.4142499999794,33
nextstrain_tree_graph_300day,136,365950593_2,366377432_3,254,234.12524999994486,-19.874750000055144,19.874750000055144,37
nextstrain_tree_graph_300day,136,365948985_3,366358637_3,344,326.533500000002,-17.466499999998007,17.466499999998007,56
nextstrain_tree_graph_300day,136,366373788_2,366760401_3,164,211.1144999999907,47.1144999999907,47.1144999999907,26
nextstrain_tree_graph_300day,136,366485555_1,366504356_2,337,268.4587500000465,-68.5412499999535,68.5412499999535,49
nextstrain_tree_graph_300day,136,365948734_2,366345992_1,252,234.1252500000279,-17.874749999972096,17.874749999972096,37
nextstrain_tree_graph_300day,136,367854196_1,367855088_1,79,10.227000000007308,-68.77299999999269,68.77299999999269,13
nextstrain_tree_graph_300day,136,362341022_1,364452179_2,296,227.1855000000259,-68.81449999997409,68.81449999997409,45
nextstrain_tree_graph_300day,136,365935317_2,365954739_1,138,130.02899999991496,-7.971000000085041,7.971000000085041,22
nextstrain_tree_graph_300day,136,363676224_1,366495602_2,239,170.2065000000445,-68.79349999995549,68.79349999995549,37
nextstrain_tree_graph_300day,136,366493564_2,367853159_1,113,72.6847499999422,-40.3152500000578,40.3152500000578,16
nextstrain_tree_graph_300day,136,361798887_2,366358926_2,281,264.07574999998405,-16.924250000015945,16.924250000015945,46
nextstrain_tree_graph_300day,136,365936797_2,366417285_3,247,174.95475000001528,-72.04524999998472,72.04524999998472,38
nextstrain_tree_graph_300day,136,365936048_1,366455875_3,518,449.62275000008106,-68.37724999991894,68.37724999991894,79
nextstrain_tree_graph_300day,136,366430999_2,366763717_2,222,153.40500000002658,-68.59499999997342,68.59499999997342,38
nextstrain_tree_graph_300day,136,365955867_3,367852670_2,316,247.27425000004916,-68.72574999995084,68.72574999995084,53
nextstrain_tree_graph_300day,136,361796177_3,366373788_2,381,312.28875000000664,-68.71124999999336,68.71124999999336,57
nextstrain_tree_graph_300day,136,365965361_2,367854787_1,253,184.45125000003986,-68.54874999996014,68.54874999996014,39
nextstrain_tree_graph_300day,136,365537541_2,367854908_2,85,16.436250000026575,-68.56374999997342,68.56374999997342,14
nextstrain_tree_graph_300day,136,366432299_2,367854908_2,228,159.24899999997143,-68.75100000002857,68.75100000002857,38
nextstrain_tree_graph_300day,136,365954739_1,366029592_3,470,401.4097499999754,-68.59025000002458,68.59025000002458,74
nextstrain_tree_graph_300day,136,365956569_1,366490840_5,397,328.3597499999588,-68.64025000004119,68.64025000004119,62
nextstrain_tree_graph_300day,136,361304556_2,366451045_1,369,300.2355000000425,-68.76449999995748,68.76449999995748,57
nextstrain_tree_graph_300day,136,361803151_3,367854036_2,311,242.52599999999535,-68.47400000000465,68.47400000000465,48
nextstrain_tree_graph_300day,136,365936048_1,366485555_1,400,359.77124999996346,-40.22875000003654,40.22875000003654,59
nextstrain_tree_graph_300day,136,366356348_3,366440146_2,380,311.19300000003255,-68.80699999996745,68.80699999996745,61
nextstrain_tree_graph_300day,136,362349629_3,366357517_2,256,238.14300000001595,-17.856999999984055,17.856999999984055,38
nextstrain_tree_graph_300day,136,364447067_2,364449397_1,278,210.38400000000797,-67.61599999999203,67.61599999999203,47
nextstrain_tree_graph_300day,136,364439026_1,367853838_1,289,248.73524999993157,-40.26475000006843,40.26475000006843,43
nextstrain_tree_graph_300day,136,365940606_2,365941711_2,23,2.922000000013952,-20.077999999986048,20.077999999986048,4
nextstrain_tree_graph_300day,136,365957240_2,367853673_1,289,218.41949999998405,-70.58050000001595,70.58050000001595,42
nextstrain_tree_graph_300day,136,366377432_3,366750329_2,527,458.3887499999568,-68.61125000004319,68.61125000004319,80
nextstrain_tree_graph_300day,136,366029660_1,366340431_1,426,383.147249999992,-42.85275000000797,42.85275000000797,61
nextstrain_tree_graph_300day,136,366442812_1,366504356_2,277,208.55775000005116,-68.44224999994884,68.44224999994884,44
nextstrain_tree_graph_300day,136,366490840_5,367852291_1,305,236.31674999997608,-68.68325000002392,68.68325000002392,46
nextstrain_tree_graph_300day,136,367852663_1,367855882_1,58,17.531999999917616,-40.468000000082384,40.468000000082384,9
nextstrain_tree_graph_300day,136,365938664_2,366358637_3,333,265.53675000003255,-67.46324999996745,67.46324999996745,56
nextstrain_tree_graph_300day,136,363676224_1,366349138_2,285,216.22800000003588,-68.77199999996412,68.77199999996412,44
nextstrain_tree_graph_300day,136,361804435_2,366454662_3,302,233.39474999996213,-68.60525000003787,68.60525000003787,49
nextstrain_tree_graph_300day,136,366345992_1,366351692_1,119,43.46475000005182,-75.53524999994818,75.53524999994818,17
nextstrain_tree_graph_300day,136,361796869_2,364440656_4,303,234.1252500000279,-68.8747499999721,68.8747499999721,49
nextstrain_tree_graph_300day,136,362352177_3,366351692_1,501,432.4559999999887,-68.5440000000113,68.5440000000113,72
nextstrain_tree_graph_300day,136,361812386_3,364436806_2,373,304.6185000000219,-68.38149999997808,68.38149999997808,58
nextstrain_tree_graph_300day,136,364440656_4,366453670_1,296,134.77725000005182,-161.22274999994818,161.22274999994818,44
nextstrain_tree_graph_300day,136,366356017_1,367855879_1,234,166.18875000005647,-67.81124999994353,67.81124999994353,37
nextstrain_tree_graph_300day,136,366422607_1,367853838_1,173,104.46150000002126,-68.53849999997874,68.53849999997874,31
nextstrain_tree_graph_300day,136,365945270_2,366341901_2,308,290.3737499999435,-17.626250000056473,17.626250000056473,49
nextstrain_tree_graph_300day,136,366357698_3,367853660_1,240,171.3022500000186,-68.6977499999814,68.6977499999814,40
nextstrain_tree_graph_300day,136,366511110_3,367853660_1,289,220.24575000002392,-68.75424999997608,68.75424999997608,43
nextstrain_tree_graph_300day,136,364455868_2,365975191_1,289,220.24575000002392,-68.75424999997608,68.75424999997608,43
nextstrain_tree_graph_300day,136,364581501_2,366760851_2,331,262.6147500000186,-68.3852499999814,68.3852499999814,51
nextstrain_tree_graph_300day,136,366465454_2,366750329_2,467,327.99449999996745,-139.00550000003255,139.00550000003255,70
nextstrain_tree_graph_300day,136,366514158_2,367853159_1,68,27.758999999924924,-40.241000000075076,40.241000000075076,11
nextstrain_tree_graph_300day,136,362347424_2,364955878_1,486,419.3070000000505,-66.6929999999495,66.6929999999495,73
nextstrain_tree_graph_300day,136,363608334_3,366506930_2,504,436.4737500000598,-67.5262499999402,67.5262499999402,71
nextstrain_tree_graph_300day,136,365935216_1,366454662_3,374,307.54049999995283,-66.45950000004717,66.45950000004717,60
nextstrain_tree_graph_300day,136,365977653_2,366358857_4,383,288.18224999999535,-94.81775000000465,94.81775000000465,59
nextstrain_tree_graph_300day,136,365975191_1,367852445_2,215,146.46525000002458,-68.53474999997542,68.53474999997542,34
nextstrain_tree_graph_300day,136,365948985_3,366750329_2,471,402.5054999999495,-68.4945000000505,68.4945000000505,75
nextstrain_tree_graph_300day,136,365971304_2,366422607_1,275,206.36625000001993,-68.63374999998007,68.63374999998007,45
nextstrain_tree_graph_300day,136,366358857_4,367852920_2,470,401.40975000005847,-68.59024999994153,68.59024999994153,69
nextstrain_tree_graph_300day,136,364442510_1,367852369_2,364,295.4872499999887,-68.5127500000113,68.5127500000113,53
nextstrain_tree_graph_300day,136,362342260_3,364955878_1,403,243.98700000004385,-159.01299999995615,159.01299999995615,61
nextstrain_tree_graph_300day,136,361801634_2,364454468_2,283,214.401749999996,-68.59825000000399,68.59825000000399,50
nextstrain_tree_graph_300day,136,365958041_1,366356017_1,201,183.35549999998273,-17.644500000017274,17.644500000017274,31
nextstrain_tree_graph_300day,136,366511110_3,367853838_1,293,224.26350000001196,-68.73649999998804,68.73649999998804,45
nextstrain_tree_graph_300day,136,366341901_2,367853794_2,243,174.58950000002392,-68.41049999997608,68.41049999997608,40
nextstrain_tree_graph_300day,136,362352177_3,366504920_3,389,207.0967499999196,-181.9032500000804,181.9032500000804,54
nextstrain_tree_graph_300day,136,365957240_2,366492476_1,265,128.56800000003255,-136.43199999996745,136.43199999996745,39
nextstrain_tree_graph_300day,136,361796177_3,366497912_2,391,322.51575000001395,-68.48424999998605,68.48424999998605,58
nextstrain_tree_graph_300day,136,366377432_3,367852670_2,312,243.25649999997808,-68.74350000002192,68.74350000002192,50
nextstrain_tree_graph_300day,136,366425190_2,366750329_2,375,306.44474999997874,-68.55525000002126,68.55525000002126,57
nextstrain_tree_graph_300day,136,365955677_2,367854026_2,130,61.36200000004385,-68.63799999995615,68.63799999995615,21
nextstrain_tree_graph_300day,136,365975191_1,366432115_2,412,364.15424999994286,-47.84575000005714,47.84575000005714,61
nextstrain_tree_graph_300day,136,362349629_3,366344952_2,284,170.2065000000445,-113.79349999995549,113.79349999995549,41
nextstrain_tree_graph_300day,136,363608334_3,366445087_3,329,260.4232500000704,-68.57674999992958,68.57674999992958,49
nextstrain_tree_graph_300day,136,362342260_3,362349629_3,398,329.45550000001595,-68.54449999998405,68.54449999998405,59
nextstrain_tree_graph_300day,136,367853697_1,367854863_1,187,118.3409999999422,-68.6590000000578,68.6590000000578,30
nextstrain_tree_graph_300day,136,362349629_3,365955867_3,434,365.25000000008305,-68.74999999991695,68.74999999991695,69
nextstrain_tree_graph_300day,136,364448594_1,367855088_1,235,194.67824999996412,-40.32175000003588,40.32175000003588,36
nextstrain_tree_graph_300day,136,364439026_1,365972382_3,459,391.5480000000425,-67.45199999995748,67.45199999995748,70
nextstrain_tree_graph_300day,136,364436806_2,366354817_2,468,399.5835000000186,-68.4164999999814,68.4164999999814,69
nextstrain_tree_graph_300day,136,365938664_2,366506930_2,397,217.32375000000997,-179.67624999999003,179.67624999999003,58
nextstrain_tree_graph_300day,136,361815557_2,366358637_3,141,176.05050000007242,35.05050000007242,35.05050000007242,23
nextstrain_tree_graph_300day,136,364448594_1,366519297_2,510,441.5872500000219,-68.41274999997808,68.41274999997808,80
nextstrain_tree_graph_300day,136,366447070_2,367990803_1,343,274.6680000000658,-68.33199999993423,68.33199999993423,55
nextstrain_tree_graph_300day,136,366040704_2,366371478_2,391,290.3737500000266,-100.62624999997342,100.62624999997342,55
nextstrain_tree_graph_300day,136,366356348_3,366445087_3,358,289.2780000000525,-68.72199999994751,68.72199999994751,59
nextstrain_tree_graph_300day,136,366377432_3,366501540_2,425,356.48399999995814,-68.51600000004186,68.51600000004186,68
nextstrain_tree_graph_300day,136,365945270_2,366432865_1,413,342.60449999995416,-70.39550000004584,70.39550000004584,64
nextstrain_tree_graph_300day,136,366447070_2,367852811_1,224,155.5965000000578,-68.4034999999422,68.4034999999422,36
nextstrain_tree_graph_300day,136,361797149_1,364441749_2,283,214.401749999996,-68.59825000000399,68.59825000000399,47
nextstrain_tree_graph_300day,136,364980205_2,367852811_1,249,178.607250000095,-70.39274999990499,70.39274999990499,39
nextstrain_tree_graph_300day,136,364441749_2,366341901_2,335,266.63250000000664,-68.36749999999336,68.36749999999336,54
nextstrain_tree_graph_300day,136,366377432_3,367854908_2,309,240.33449999996412,-68.66550000003588,68.66550000003588,49
nextstrain_tree_graph_300day,136,365945270_2,366461387_3,462,393.37424999999934,-68.62575000000066,68.62575000000066,71
nextstrain_tree_graph_300day,136,364439026_1,366358260_2,533,465.32850000004186,-67.67149999995814,67.67149999995814,84
nextstrain_tree_graph_300day,136,366424495_4,366490437_1,526,457.2930000000658,-68.70699999993423,68.70699999993423,84
nextstrain_tree_graph_300day,136,365955867_3,367852291_1,281,240.33450000004717,-40.66549999995283,40.66549999995283,46
nextstrain_tree_graph_300day,136,361797149_1,366433173_2,381,312.28875000000664,-68.71124999999336,68.71124999999336,59
nextstrain_tree_graph_300day,136,364991283_2,366432865_1,393,322.51575000001395,-70.48424999998605,70.48424999998605,59
nextstrain_tree_graph_300day,136,365948111_3,366377432_3,399,75.24149999996479,-323.7585000000352,323.7585000000352,59
nextstrain_tree_graph_300day,136,365537541_2,365938096_1,199,158.51850000007175,-40.481499999928246,40.481499999928246,28
nextstrain_tree_graph_300day,136,365955677_2,366420939_1,235,94.96499999999668,-140.03500000000332,140.03500000000332,38
nextstrain_tree_graph_300day,136,366048482_2,366423166_3,297,329.45550000001595,32.455500000015945,32.455500000015945,45
nextstrain_tree_graph_300day,136,366040704_2,366458425_1,334,266.2672500000153,-67.73274999998472,67.73274999998472,51
nextstrain_tree_graph_300day,136,366377432_3,367854889_2,306,237.41249999995017,-68.58750000004983,68.58750000004983,47
nextstrain_tree_graph_300day,136,366358926_2,367854036_2,226,157.42275000001462,-68.57724999998538,68.57724999998538,37
nextstrain_tree_graph_300day,136,362347384_1,364454468_2,362,321.78524999986513,-40.21475000013487,40.21475000013487,54
nextstrain_tree_graph_300day,136,366422171_2,366750329_2,340,405.42749999996346,65.42749999996346,65.42749999996346,49
nextstrain_tree_graph_300day,136,361796177_3,362340173_2,455,315.21074999993755,-139.78925000006245,139.78925000006245,63
nextstrain_tree_graph_300day,136,365943732_1,366453921_2,272,203.44425000000598,-68.55574999999402,68.55574999999402,46
nextstrain_tree_graph_300day,136,365956569_1,366373788_2,239,170.20649999996147,-68.79350000003853,68.79350000003853,39
nextstrain_tree_graph_300day,136,366754587_1,367852369_2,181,112.49699999999734,-68.50300000000266,68.50300000000266,28
nextstrain_tree_graph_300day,136,361797149_1,365936048_1,377,308.2710000000186,-68.7289999999814,68.7289999999814,61
nextstrain_tree_graph_300day,136,364442510_1,365953326_1,533,465.32850000004186,-67.67149999995814,67.67149999995814,81
nextstrain_tree_graph_300day,136,361813371_2,366490437_1,317,248.37000000002325,-68.62999999997675,68.62999999997675,53
nextstrain_tree_graph_300day,136,365951794_2,366760851_2,161,92.40825000005714,-68.59174999994286,68.59174999994286,29
nextstrain_tree_graph_300day,136,362339754_4,365941711_2,207,138.0644999999741,-68.93550000002591,68.93550000002591,36
nextstrain_tree_graph_300day,136,366440146_2,366486821_2,376,214.76700000007042,-161.23299999992958,161.23299999992958,57
nextstrain_tree_graph_300day,136,361815557_2,366484529_1,199,183.35549999998273,-15.644500000017274,15.644500000017274,31
nextstrain_tree_graph_300day,136,366048482_2,366358857_4,472,432.4559999999887,-39.544000000011295,39.544000000011295,72
nextstrain_tree_graph_300day,136,364984131_1,366465454_2,307,125.28074999994419,-181.7192500000558,181.7192500000558,48
nextstrain_tree_graph_300day,136,365955677_2,366511110_3,310,182.2597499999256,-127.74025000007441,127.74025000007441,47
nextstrain_tree_graph_300day,136,365956951_1,366356017_1,343,275.3985000000485,-67.6014999999515,67.6014999999515,54
nextstrain_tree_graph_300day,136,365963007_2,366515166_1,258,189.19950000001063,-68.80049999998937,68.80049999998937,38
nextstrain_tree_graph_300day,136,361806152_2,365965361_2,480,411.6367499999827,-68.36325000001727,68.36325000001727,74
nextstrain_tree_graph_300day,136,366453921_2,366514158_2,112,43.46475000005182,-68.53524999994818,68.53524999994818,19
nextstrain_tree_graph_300day,136,366358857_4,366417285_3,393,106.28775000006112,-286.7122499999389,286.7122499999389,60
nextstrain_tree_graph_300day,136,365935216_1,365955942_3,455,388.62600000002857,-66.37399999997143,66.37399999997143,70
nextstrain_tree_graph_300day,136,361813632_1,366493564_2,393,324.3420000000538,-68.65799999994618,68.65799999994618,61
nextstrain_tree_graph_300day,136,366346882_2,367853329_1,172,103.36574999996412,-68.63425000003588,68.63425000003588,29
nextstrain_tree_graph_300day,136,366029660_1,367852881_2,326,257.1360000000651,-68.86399999993489,68.86399999993489,53
nextstrain_tree_graph_300day,136,366435360_2,366462603_1,210,220.61099999993223,10.610999999932233,10.610999999932233,30
nextstrain_tree_graph_300day,136,366348427_2,366350314_2,217,199.06125000002658,-17.938749999973425,17.938749999973425,34
nextstrain_tree_graph_300day,136,361806152_2,365977653_2,391,322.51575000001395,-68.48424999998605,68.48424999998605,62
nextstrain_tree_graph_300day,136,366452976_3,366504356_2,325,185.547000000097,-139.452999999903,139.452999999903,49
nextstrain_tree_graph_300day,136,364439026_1,366422607_1,410,341.5087500000631,-68.49124999993688,68.49124999993688,64
nextstrain_tree_graph_300day,136,366422607_1,366462603_1,273,204.54000000006312,-68.45999999993688,68.45999999993688,46
nextstrain_tree_graph_300day,136,366504356_2,367855088_1,172,103.36575000004717,-68.63424999995283,68.63424999995283,26
nextstrain_tree_graph_300day,136,361809225_2,366453670_1,279,210.38400000000797,-68.61599999999203,68.61599999999203,46
nextstrain_tree_graph_300day,136,365938096_1,366371478_2,469,400.67925000007574,-68.32074999992426,68.32074999992426,70
nextstrain_tree_graph_300day,136,365965361_2,366377432_3,477,408.3494999999774,-68.65050000002259,68.65050000002259,72
nextstrain_tree_graph_300day,136,361813632_1,365935216_1,417,401.4097499999754,-15.590250000024582,15.590250000024582,65
nextstrain_tree_graph_300day,136,366459586_3,366763717_2,313,244.35224999995216,-68.64775000004784,68.64775000004784,54
nextstrain_tree_graph_300day,136,366445087_3,366764902_2,93,124.18500000005315,31.18500000005315,31.18500000005315,15
nextstrain_tree_graph_300day,136,365938096_1,367855343_1,196,155.23125000006644,-40.76874999993356,40.76874999993356,28
nextstrain_tree_graph_300day,136,365975191_1,366495602_2,282,213.30600000002192,-68.69399999997808,68.69399999997808,43
nextstrain_tree_graph_300day,136,362340173_2,366362270_2,351,211.11449999990765,-139.88550000009235,139.88550000009235,52
nextstrain_tree_graph_300day,136,361304556_2,366764902_2,242,173.12850000005847,-68.87149999994153,68.87149999994153,38
nextstrain_tree_graph_300day,136,366028524_4,367989113_1,187,163.9972500001083,-23.002749999891705,23.002749999891705,31
nextstrain_tree_graph_300day,136,366486821_2,366760851_2,324,200.88750000006644,-123.11249999993356,123.11249999993356,52
nextstrain_tree_graph_300day,136,364439026_1,366453670_1,428,359.40600000005514,-68.59399999994486,68.59399999994486,63
nextstrain_tree_graph_300day,136,365940460_1,366445087_3,366,297.31350000002857,-68.68649999997143,68.68649999997143,57
nextstrain_tree_graph_300day,136,366432865_1,367854908_2,283,212.57549999995615,-70.42450000004385,70.42450000004385,42
nextstrain_tree_graph_300day,136,366442269_2,366512809_2,305,236.31675000005913,-68.68324999994087,68.68324999994087,46
nextstrain_tree_graph_300day,136,366452161_1,366506930_2,542,474.459749999992,-67.54025000000797,67.54025000000797,77
nextstrain_tree_graph_300day,136,365941711_2,366432115_2,250,218.0542499999927,-31.94575000000731,31.94575000000731,36
nextstrain_tree_graph_300day,136,365977653_2,366526584_2,363,294.3915000000146,-68.60849999998538,68.60849999998538,58
nextstrain_tree_graph_300day,136,365962431_2,366492476_1,416,347.352750000091,-68.64724999990898,68.64724999990898,63
nextstrain_tree_graph_300day,136,366433173_2,366507025_3,300,90.21674999994286,-209.78325000005714,209.78325000005714,39
nextstrain_tree_graph_300day,136,361304556_2,366434873_1,321,252.3877500000113,-68.6122499999887,68.6122499999887,50
nextstrain_tree_graph_300day,136,366048482_2,366425190_2,325,257.5012499999734,-67.49875000002658,67.49875000002658,50
nextstrain_tree_graph_300day,136,366449998_3,366760851_2,214,146.83050000001595,-67.16949999998405,67.16949999998405,32
nextstrain_tree_graph_300day,136,367852369_2,367853091_3,339,270.6502499999947,-68.34975000000532,68.34975000000532,51
nextstrain_tree_graph_300day,136,366341901_2,367852369_2,274,205.63574999995416,-68.36425000004584,68.36425000004584,44
nextstrain_tree_graph_300day,136,367853660_1,367855343_1,78,9.13125000003322,-68.86874999996678,68.86874999996678,12
nextstrain_tree_graph_300day,136,364449397_1,365958262_1,147,121.99350000002192,-25.006499999978075,25.006499999978075,23
nextstrain_tree_graph_300day,136,366424495_4,367855879_1,277,253.11825000007707,-23.88174999992293,23.88174999992293,45
nextstrain_tree_graph_300day,136,364454468_2,366454029_2,298,229.3769999999741,-68.62300000002591,68.62300000002591,52
nextstrain_tree_graph_300day,136,366354817_2,366442269_2,448,379.4947500000784,-68.5052499999216,68.5052499999216,66
nextstrain_tree_graph_300day,136,366029592_3,366349138_2,443,374.3812500000332,-68.61874999996678,68.61874999996678,69
nextstrain_tree_graph_300day,136,361806152_2,365951794_2,225,219.5152500000412,-5.484749999958808,5.484749999958808,33
nextstrain_tree_graph_300day,136,362340930_1,366358260_2,350,282.3382500000505,-67.6617499999495,67.6617499999495,59
nextstrain_tree_graph_300day,136,364441749_2,367853673_1,181,112.49699999999734,-68.50300000000266,68.50300000000266,29
nextstrain_tree_graph_300day,136,366515348_2,367852744_1,268,199.42650000001794,-68.57349999998206,68.57349999998206,41
nextstrain_tree_graph_300day,136,365979149_1,366495546_2,320,251.2920000000372,-68.7079999999628,68.7079999999628,45
nextstrain_tree_graph_300day,136,366504356_2,367854238_1,174,105.19200000008703,-68.80799999991297,68.80799999991297,27
nextstrain_tree_graph_300day,136,365951794_2,366357698_3,199,181.16400000003455,-17.835999999965452,17.835999999965452,32
nextstrain_tree_graph_300day,136,361796554_1,365537541_2,158,89.48625000004319,-68.51374999995681,68.51374999995681,26
nextstrain_tree_graph_300day,136,366345992_1,366753776_1,469,400.67925000007574,-68.32074999992426,68.32074999992426,70
nextstrain_tree_graph_300day,136,365963007_2,367985121_1,287,46.75199999997409,-240.2480000000259,240.2480000000259,43
nextstrain_tree_graph_300day,136,362342260_3,367853040_2,278,209.65350000002525,-68.34649999997475,68.34649999997475,42
nextstrain_tree_graph_300day,136,365939892_2,366358857_4,357,288.18224999999535,-68.81775000000465,68.81775000000465,57
nextstrain_tree_graph_300day,136,365948111_3,367852744_1,250,181.5292500000259,-68.47074999997409,68.47074999997409,42
nextstrain_tree_graph_300day,136,366447125_1,367853040_2,225,156.32700000004053,-68.67299999995947,68.67299999995947,35
nextstrain_tree_graph_300day,136,367852369_2,367854889_2,113,44.56049999994286,-68.43950000005714,68.43950000005714,17
nextstrain_tree_graph_300day,136,366754587_1,367852435_1,144,75.24150000004784,-68.75849999995216,68.75849999995216,23
nextstrain_tree_graph_300day,136,365955942_3,367853673_1,310,241.43025000002126,-68.56974999997874,68.56974999997874,45
nextstrain_tree_graph_300day,136,366362780_2,367852636_1,250,179.33775000007773,-70.66224999992227,70.66224999992227,39
nextstrain_tree_graph_300day,136,366358637_3,366422171_2,411,342.6045000000372,-68.3954999999628,68.3954999999628,66
nextstrain_tree_graph_300day,136,367853838_1,367989113_1,204,135.50775000003455,-68.49224999996545,68.49224999996545,36
nextstrain_tree_graph_300day,136,366356348_3,366421892_3,313,212.21025000004784,-100.78974999995216,100.78974999995216,48
nextstrain_tree_graph_300day,136,364445519_1,367852362_1,214,173.49374999996678,-40.50625000003322,40.50625000003322,31
nextstrain_tree_graph_300day,136,366354817_2,366425190_2,326,308.2710000000186,-17.728999999981397,17.728999999981397,45
nextstrain_tree_graph_300day,136,366420939_1,366454029_2,326,257.5012499999734,-68.49875000002658,68.49875000002658,55
nextstrain_tree_graph_300day,136,364448594_1,366449881_2,367,298.4092500000857,-68.5907499999143,68.5907499999143,56
nextstrain_tree_graph_300day,136,365948734_2,365954678_1,248,179.33774999999468,-68.66225000000532,68.66225000000532,41
nextstrain_tree_graph_300day,136,366352836_2,366495546_2,356,287.4517500000126,-68.54824999998738,68.54824999998738,57
nextstrain_tree_graph_300day,136,365954739_1,366341901_2,383,314.4802499999548,-68.51975000004518,68.51975000004518,61
nextstrain_tree_graph_300day,136,363676224_1,366515348_2,359,290.3737500000266,-68.62624999997342,68.62624999997342,56
nextstrain_tree_graph_300day,136,366453670_1,366511110_3,356,210.74925000008238,-145.25074999991762,145.25074999991762,53
nextstrain_tree_graph_300day,136,366515348_2,367853091_3,467,197.2349999999867,-269.7650000000133,269.7650000000133,71
nextstrain_tree_graph_300day,136,363608334_3,366044048_3,405,336.39525000001794,-68.60474999998206,68.60474999998206,61
nextstrain_tree_graph_300day,136,366497912_2,366526584_2,361,292.56524999997475,-68.43475000002525,68.43475000002525,57
nextstrain_tree_graph_300day,136,361804435_2,366492476_1,257,188.4690000000279,-68.5309999999721,68.5309999999721,43
nextstrain_tree_graph_300day,136,361796869_2,367853697_1,167,98.252250000002,-68.747749999998,68.747749999998,31
nextstrain_tree_graph_300day,136,366432299_2,366463218_2,355,286.35600000003853,-68.64399999996147,68.64399999996147,59
nextstrain_tree_graph_300day,136,366497912_2,366519297_2,400,331.6469999999641,-68.35300000003588,68.35300000003588,63
nextstrain_tree_graph_300day,136,366345992_1,367854026_2,304,235.5862500000764,-68.4137499999236,68.4137499999236,47
nextstrain_tree_graph_300day,136,366345992_1,366420939_1,437,368.5372500000053,-68.46274999999468,68.46274999999468,68
nextstrain_tree_graph_300day,136,366764902_2,367853838_1,121,52.23075000001063,-68.76924999998937,68.76924999998937,21
nextstrain_tree_graph_300day,136,361809225_2,366497912_2,249,180.43349999996877,-68.56650000003123,68.56650000003123,42
nextstrain_tree_graph_300day,136,366454462_2,366507025_3,326,257.5012499999734,-68.49875000002658,68.49875000002658,49
nextstrain_tree_graph_300day,136,365957240_2,367853159_1,285,214.401749999996,-70.59825000000399,70.59825000000399,41
nextstrain_tree_graph_300day,136,361807338_2,365941711_2,168,148.29150000006445,-19.708499999935555,19.708499999935555,24
nextstrain_tree_graph_300day,136,361807338_2,366501052_1,313,245.44800000009235,-67.55199999990765,67.55199999990765,46
nextstrain_tree_graph_300day,136,364448870_3,366760401_3,392,322.51575000001395,-69.48424999998605,69.48424999998605,60
nextstrain_tree_graph_300day,136,365948221_2,367852920_2,244,175.3200000000897,-68.67999999991031,68.67999999991031,36
nextstrain_tree_graph_300day,136,362342260_3,365971304_2,351,189.92999999999336,-161.07000000000664,161.07000000000664,52
nextstrain_tree_graph_300day,136,366371478_2,366492476_1,423,354.6577500000844,-68.34224999991562,68.34224999991562,65
nextstrain_tree_graph_300day,136,366340431_1,366452161_1,545,474.459749999992,-70.54025000000797,70.54025000000797,80
nextstrain_tree_graph_300day,136,366452161_1,367852670_2,256,222.07199999998073,-33.92800000001927,33.92800000001927,38
nextstrain_tree_graph_300day,136,366454462_2,366492476_1,205,77.43299999991297,-127.56700000008703,127.56700000008703,32
nextstrain_tree_graph_300day,136,366422607_1,366526584_2,265,151.94399999997808,-113.05600000002192,113.05600000002192,40
nextstrain_tree_graph_300day,136,364448594_1,366359795_2,362,293.2957500000405,-68.70424999995947,68.70424999995947,60
nextstrain_tree_graph_300day,136,361803151_3,367853329_1,260,191.3909999999588,-68.60900000004119,68.60900000004119,42
nextstrain_tree_graph_300day,136,362347384_1,366462603_1,388,319.59375,-68.40625,68.40625,58
nextstrain_tree_graph_300day,136,364439026_1,366348427_2,432,363.4237500000432,-68.57624999995681,68.57624999995681,68
nextstrain_tree_graph_300day,136,361811414_1,361815557_2,255,238.14300000001595,-16.856999999984055,16.856999999984055,40
nextstrain_tree_graph_300day,136,366029660_1,366358637_3,375,290.3737500000266,-84.62624999997342,84.62624999997342,58
nextstrain_tree_graph_300day,136,361804435_2,365954739_1,302,233.39474999996213,-68.60525000003787,68.60525000003787,50
nextstrain_tree_graph_300day,136,365940606_2,366356348_3,239,220.97625000000664,-18.023749999993356,18.023749999993356,39
nextstrain_tree_graph_300day,136,365936797_2,367853660_1,170,102.26999999999003,-67.73000000000997,67.73000000000997,26
nextstrain_tree_graph_300day,136,366344952_2,367853091_3,466,397.3920000000704,-68.60799999992958,68.60799999992958,74
nextstrain_tree_graph_300day,136,366362616_1,366488579_1,382,314.4802499999548,-67.51975000004518,67.51975000004518,62
nextstrain_tree_graph_300day,136,365936797_2,365958041_1,202,134.4119999999774,-67.58800000002259,67.58800000002259,34
nextstrain_tree_graph_300day,136,365956951_1,366442812_1,291,223.53300000002923,-67.46699999997077,67.46699999997077,48
nextstrain_tree_graph_300day,136,361807338_2,365935216_1,315,92.04299999998273,-222.95700000001727,222.95700000001727,47
nextstrain_tree_graph_300day,136,366442812_1,366491738_3,186,168.38025000000465,-17.61974999999535,17.61974999999535,29
nextstrain_tree_graph_300day,136,366029592_3,366501546_1,331,262.24950000002724,-68.75049999997276,68.75049999997276,52
nextstrain_tree_graph_300day,136,364442510_1,366357698_3,492,423.32475000003853,-68.67524999996147,68.67524999996147,76
nextstrain_tree_graph_300day,136,364984131_1,366433173_2,421,352.46625000005315,-68.53374999994685,68.53374999994685,62
nextstrain_tree_graph_300day,136,362339754_4,365938664_2,287,219.14999999996678,-67.85000000003322,67.85000000003322,46
nextstrain_tree_graph_300day,136,366461007_2,366760401_3,314,245.4480000000093,-68.5519999999907,68.5519999999907,50
nextstrain_tree_graph_300day,136,364439026_1,366490437_1,491,450.7184999999721,-40.281500000027904,40.281500000027904,74
nextstrain_tree_graph_300day,136,366455875_3,367854908_2,331,262.6147500000186,-68.3852499999814,68.3852499999814,52
nextstrain_tree_graph_300day,136,361799777_2,366526584_2,296,279.4162499999535,-16.583750000046507,16.583750000046507,48
nextstrain_tree_graph_300day,136,365537541_2,367854036_2,136,67.57125000006312,-68.42874999993688,68.42874999993688,19
nextstrain_tree_graph_300day,136,366485555_1,366763109_2,308,239.23874999999003,-68.76125000000997,68.76125000000997,48
nextstrain_tree_graph_300day,136,365954739_1,367852881_2,223,154.1355000000093,-68.8644999999907,68.8644999999907,35
nextstrain_tree_graph_300day,136,365963007_2,366763717_2,185,151.5787499999867,-33.42125000001329,33.42125000001329,28
nextstrain_tree_graph_300day,136,366419880_2,367990803_1,259,190.66050000005913,-68.33949999994087,68.33949999994087,41
nextstrain_tree_graph_300day,136,367853091_3,367853802_1,303,234.49050000001927,-68.50949999998073,68.50949999998073,47
nextstrain_tree_graph_300day,136,366418332_2,366764902_2,231,262.24950000002724,31.24950000002724,31.24950000002724,36
nextstrain_tree_graph_300day,136,366358260_2,366451045_1,460,392.27850000002525,-67.72149999997475,67.72149999997475,75
nextstrain_tree_graph_300day,136,364450070_2,366422607_1,322,253.48350000006843,-68.51649999993157,68.51649999993157,51
nextstrain_tree_graph_300day,136,366357698_3,367852636_1,245,176.41575000006378,-68.58424999993622,68.58424999993622,41
nextstrain_tree_graph_300day,136,366492476_1,367853040_2,181,112.49700000008039,-68.50299999991961,68.50299999991961,29
nextstrain_tree_graph_300day,136,361809225_2,366454462_2,225,156.32699999995748,-68.67300000004252,68.67300000004252,39
nextstrain_tree_graph_300day,136,366452079_5,367854238_1,287,218.05425000007574,-68.94574999992426,68.94574999992426,43
nextstrain_tree_graph_300day,136,365971304_2,367854026_2,187,118.34100000002525,-68.65899999997475,68.65899999997475,29
nextstrain_tree_graph_300day,136,366340431_1,366465454_2,527,456.5625,-70.4375,70.4375,78
nextstrain_tree_graph_300day,136,366362780_2,366455875_3,496,425.51625000006976,-70.48374999993024,70.48374999993024,76
nextstrain_tree_graph_300day,136,366422171_2,366423021_2,347,278.3204999999794,-68.6795000000206,68.6795000000206,54
nextstrain_tree_graph_300day,136,361798887_2,367855882_1,254,186.27749999999668,-67.72250000000332,67.72250000000332,43
nextstrain_tree_graph_300day,136,364449397_1,365975191_1,301,253.11824999999402,-47.88175000000598,47.88175000000598,46
nextstrain_tree_graph_300day,136,366357517_2,366511110_3,408,339.3172500000319,-68.68274999996811,68.68274999996811,64
nextstrain_tree_graph_300day,136,366357517_2,367854036_2,250,181.5292500000259,-68.47074999997409,68.47074999997409,40
nextstrain_tree_graph_300day,136,367853673_1,367854089_1,20,11.687999999889712,-8.312000000110288,8.312000000110288,4
nextstrain_tree_graph_300day,136,361803077_3,367852445_2,272,203.44425000008903,-68.55574999991097,68.55574999991097,45
nextstrain_tree_graph_300day,136,364454468_2,366430999_2,268,199.42650000001794,-68.57349999998206,68.57349999998206,45
nextstrain_tree_graph_300day,136,366346882_2,366507025_3,361,292.56524999997475,-68.43475000002525,68.43475000002525,56
nextstrain_tree_graph_300day,136,366357698_3,366435360_2,436,367.4415000000312,-68.55849999996877,68.55849999996877,67
nextstrain_tree_graph_300day,136,366488579_1,367853660_1,221,152.30924999996944,-68.69075000003056,68.69075000003056,34
nextstrain_tree_graph_300day,136,366459586_3,366753776_1,419,350.6400000000133,-68.35999999998671,68.35999999998671,66
nextstrain_tree_graph_300day,136,366453670_1,366463218_2,318,249.4657500000804,-68.53424999991961,68.53424999991961,51
nextstrain_tree_graph_300day,136,366419880_2,367852670_2,142,73.41525000000797,-68.58474999999203,68.58474999999203,25
nextstrain_tree_graph_300day,136,366358926_2,366435360_2,367,298.40925000000266,-68.59074999999734,68.59074999999734,57
nextstrain_tree_graph_300day,136,365938664_2,366352836_2,417,349.54424999995615,-67.45575000004385,67.45575000004385,66
nextstrain_tree_graph_300day,136,365977653_2,366447070_2,302,233.39475000004518,-68.60524999995482,68.60524999995482,49
nextstrain_tree_graph_300day,136,365938664_2,365972368_1,236,55.15275000002458,-180.84724999997542,180.84724999997542,38
nextstrain_tree_graph_300day,136,365977653_2,366342010_1,288,220.24575000002392,-67.75424999997608,67.75424999997608,46
nextstrain_tree_graph_300day,136,366422171_2,367853802_1,252,183.35549999998273,-68.64450000001727,68.64450000001727,39
nextstrain_tree_graph_300day,136,366423166_3,368276811_2,247,62.8230000000093,-184.1769999999907,184.1769999999907,38
nextstrain_tree_graph_300day,136,364980205_2,365979149_1,451,380.5905000000525,-70.40949999994751,70.40949999994751,65
nextstrain_tree_graph_300day,136,366350314_2,366432115_2,322,146.09999999995017,-175.90000000004983,175.90000000004983,45
nextstrain_tree_graph_300day,136,365965361_2,366484867_1,254,213.30600000002192,-40.693999999978075,40.693999999978075,39
nextstrain_tree_graph_300day,136,361801634_2,366433173_2,368,299.5050000000598,-68.4949999999402,68.4949999999402,58
nextstrain_tree_graph_300day,136,365940606_2,366421892_3,172,154.1355000000093,-17.8644999999907,17.8644999999907,27
nextstrain_tree_graph_300day,136,362340930_1,362347424_2,354,313.7497499999721,-40.250250000027904,40.250250000027904,52
nextstrain_tree_graph_300day,136,365940606_2,366427408_1,245,213.30600000002192,-31.693999999978075,31.693999999978075,32
nextstrain_tree_graph_300day,136,364984131_1,367854089_1,226,157.42275000001462,-68.57724999998538,68.57724999998538,35
nextstrain_tree_graph_300day,136,361799777_2,366424495_4,400,332.3775000000299,-67.6224999999701,67.6224999999701,68
nextstrain_tree_graph_300day,136,367853329_1,367853792_2,61,21.184499999997342,-39.81550000000266,39.81550000000266,11
nextstrain_tree_graph_300day,136,366455875_3,367852362_1,330,261.5190000000445,-68.48099999995549,68.48099999995549,50
nextstrain_tree_graph_300day,136,362347384_1,365972368_1,374,305.34900000000465,-68.65099999999535,68.65099999999535,55
nextstrain_tree_graph_300day,136,366359795_2,367853697_1,172,103.36574999996412,-68.63425000003588,68.63425000003588,33
nextstrain_tree_graph_300day,136,363876459_1,365936797_2,356,217.68900000000133,-138.31099999999867,138.31099999999867,52
nextstrain_tree_graph_300day,136,366504920_3,367854089_1,280,211.47974999998206,-68.52025000001794,68.52025000001794,41
nextstrain_tree_graph_300day,136,362347424_2,364441749_2,425,356.4840000000412,-68.51599999995881,68.51599999995881,63
nextstrain_tree_graph_300day,136,365953326_1,365954678_1,436,368.5372500000053,-67.46274999999468,67.46274999999468,69
nextstrain_tree_graph_300day,136,364449397_1,366434873_1,321,252.3877500000113,-68.6122499999887,68.6122499999887,52
nextstrain_tree_graph_300day,136,365938604_1,366358857_4,445,56.24849999999867,-388.75150000000133,388.75150000000133,66
nextstrain_tree_graph_300day,136,366349138_2,366516440_1,417,349.5442500000392,-67.4557499999608,67.4557499999608,66
nextstrain_tree_graph_300day,136,366492476_1,367990803_1,272,49.67400000007109,-222.3259999999289,222.3259999999289,42
nextstrain_tree_graph_300day,136,367852369_2,367852636_1,85,44.925749999934226,-40.074250000065774,40.074250000065774,12
nextstrain_tree_graph_300day,136,366432299_2,366760401_3,329,17.166749999926253,-311.83325000007375,311.83325000007375,51
nextstrain_tree_graph_300day,136,362352177_3,366435360_2,469,82.18125000004983,-386.81874999995017,386.81874999995017,64
nextstrain_tree_graph_300day,136,364955878_1,366047155_1,458,391.5480000000425,-66.45199999995748,66.45199999995748,76
nextstrain_tree_graph_300day,136,366340431_1,366377432_3,495,475.19024999997475,-19.809750000025247,19.809750000025247,70
nextstrain_tree_graph_300day,136,364448594_1,365955867_3,500,431.36025000009766,-68.63974999990234,68.63974999990234,79
nextstrain_tree_graph_300day,136,365962134_1,366356348_3,344,275.3985000000485,-68.6014999999515,68.6014999999515,56
nextstrain_tree_graph_300day,136,364442510_1,365955867_3,533,91.31250000008305,-441.68749999991695,441.68749999991695,82
nextstrain_tree_graph_300day,136,361796177_3,366512809_2,404,335.29950000004385,-68.70049999995615,68.70049999995615,61
nextstrain_tree_graph_300day,136,367852636_1,367853329_1,85,16.436250000026575,-68.56374999997342,68.56374999997342,14
nextstrain_tree_graph_300day,136,361812386_3,366427408_1,382,364.5195000000173,-17.480499999982726,17.480499999982726,54
nextstrain_tree_graph_300day,136,366352836_2,366425228_2,349,331.28174999997276,-17.71825000002724,17.71825000002724,53
nextstrain_tree_graph_300day,136,366423166_3,367852670_2,232,163.26675000004252,-68.73324999995748,68.73324999995748,38
nextstrain_tree_graph_300day,136,364440656_4,366354027_1,340,271.3807499999774,-68.61925000002259,68.61925000002259,54
nextstrain_tree_graph_300day,136,366029592_3,366377432_3,474,114.32324999995416,-359.67675000004584,359.67675000004584,69
nextstrain_tree_graph_300day,136,365936797_2,366753776_1,312,151.94400000006112,-160.05599999993888,160.05599999993888,46
nextstrain_tree_graph_300day,136,365953326_1,366349138_2,399,331.2817500000558,-67.71824999994419,67.71824999994419,62
nextstrain_tree_graph_300day,136,365950253_2,366417285_3,428,359.7712500000465,-68.2287499999535,68.2287499999535,66
nextstrain_tree_graph_300day,136,362352177_3,364440656_4,310,120.16724999989901,-189.832750000101,189.832750000101,43
nextstrain_tree_graph_300day,136,365957240_2,366440146_2,263,187.73850000004518,-75.26149999995482,75.26149999995482,38
nextstrain_tree_graph_300day,136,366425228_2,367852291_1,170,101.17425000001595,-68.82574999998405,68.82574999998405,29
nextstrain_tree_graph_300day,136,365940460_1,367853159_1,294,225.35924999998605,-68.64075000001395,68.64075000001395,46
nextstrain_tree_graph_300day,136,366434873_1,366506930_2,419,178.6072499999289,-240.3927500000711,240.3927500000711,61
nextstrain_tree_graph_300day,136,366420939_1,367854787_1,219,150.48300000001262,-68.51699999998738,68.51699999998738,36
nextstrain_tree_graph_300day,136,367852291_1,367854196_1,51,10.227000000007308,-40.77299999999269,40.77299999999269,8
nextstrain_tree_graph_300day,136,361815557_2,364448594_1,305,236.31675000005913,-68.68324999994087,68.68324999994087,50
nextstrain_tree_graph_300day,136,366451045_1,366763109_2,177,242.160750000004,65.16075000000399,65.16075000000399,28
nextstrain_tree_graph_300day,136,361807338_2,366358926_2,273,255.30975000002525,-17.690249999974753,17.690249999974753,42
nextstrain_tree_graph_300day,136,364452179_2,366351692_1,351,282.3382500000505,-68.6617499999495,68.6617499999495,57
nextstrain_tree_graph_300day,136,361804435_2,366418332_2,371,302.4269999999907,-68.5730000000093,68.5730000000093,61
nextstrain_tree_graph_300day,136,361815557_2,365962431_2,354,285.26025000006445,-68.73974999993555,68.73974999993555,57
nextstrain_tree_graph_300day,136,367853329_1,367985121_1,154,129.66375000000664,-24.336249999993356,24.336249999993356,26
nextstrain_tree_graph_300day,136,366422607_1,367852369_2,205,136.60350000000864,-68.39649999999136,68.39649999999136,34
nextstrain_tree_graph_300day,136,365968385_2,366764902_2,42,32.14199999998738,-9.858000000012623,9.858000000012623,7
nextstrain_tree_graph_300day,136,364452179_2,367854089_1,119,78.5287499999701,-40.4712500000299,40.4712500000299,20
nextstrain_tree_graph_300day,136,366461387_3,367853329_1,274,249.46574999999734,-24.534250000002658,24.534250000002658,40
nextstrain_tree_graph_300day,136,366453921_2,366512809_2,142,117.24525000005116,-24.754749999948842,24.754749999948842,24
nextstrain_tree_graph_300day,136,364991283_2,366449998_3,366,297.31350000002857,-68.68649999997143,68.68649999997143,56
nextstrain_tree_graph_300day,136,365956569_1,366452976_3,389,322.51575000001395,-66.48424999998605,66.48424999998605,62
nextstrain_tree_graph_300day,136,366514158_2,367854238_1,66,25.567499999976746,-40.43250000002325,40.43250000002325,12
nextstrain_tree_graph_300day,136,366425228_2,366504920_3,374,305.34900000000465,-68.65099999999535,68.65099999999535,58
nextstrain_tree_graph_300day,136,361813371_2,367852670_2,118,49.30874999999668,-68.69125000000332,68.69125000000332,23
nextstrain_tree_graph_300day,136,364451122_2,366447070_2,460,392.6437500000166,-67.35624999998339,67.35624999998339,77
nextstrain_tree_graph_300day,136,366359795_2,366451045_1,339,270.2850000000033,-68.71499999999668,68.71499999999668,57
nextstrain_tree_graph_300day,136,365938096_1,366506930_2,357,117.61050000004252,-239.38949999995748,239.38949999995748,50
nextstrain_tree_graph_300day,136,361304556_2,367855879_1,202,134.0467500000691,-67.9532499999309,67.9532499999309,31
nextstrain_tree_graph_300day,136,366515166_1,367852920_2,221,152.3092500000525,-68.69074999994751,68.69074999994751,31
nextstrain_tree_graph_300day,136,362347424_2,365974798_2,439,370.3635000000452,-68.63649999995482,68.63649999995482,64
nextstrain_tree_graph_300day,136,366485555_1,367985121_1,373,304.6185000000219,-68.38149999997808,68.38149999997808,57
nextstrain_tree_graph_300day,136,367852369_2,367854697_1,60,36.15974999997542,-23.840250000024582,23.840250000024582,8
nextstrain_tree_graph_300day,136,362347384_1,366040704_2,460,391.5479999999595,-68.45200000004053,68.45200000004053,68
nextstrain_tree_graph_300day,136,365945270_2,366417285_3,403,334.5689999999781,-68.43100000002192,68.43100000002192,64
nextstrain_tree_graph_300day,136,365939892_2,367853838_1,109,40.17749999996346,-68.82250000003654,68.82250000003654,21
nextstrain_tree_graph_300day,136,361809225_2,366356348_3,242,276.85950000001395,34.85950000001395,34.85950000001395,39
nextstrain_tree_graph_300day,136,365955942_3,366442812_1,407,338.58675000004916,-68.41324999995084,68.41324999995084,62
nextstrain_tree_graph_300day,136,361801634_2,366511110_3,386,317.4022500000518,-68.59774999994818,68.59774999994818,62
nextstrain_tree_graph_300day,136,364454468_2,366349138_2,304,235.221000000002,-68.778999999998,68.778999999998,48
nextstrain_tree_graph_300day,136,365936797_2,367852920_2,312,244.3522500000352,-67.64774999996479,67.64774999996479,45
nextstrain_tree_graph_300day,136,365938604_1,365954739_1,338,149.38724999987244,-188.61275000012756,188.61275000012756,50
nextstrain_tree_graph_300day,136,366427408_1,367854697_1,304,235.58624999999336,-68.41375000000664,68.41375000000664,45
nextstrain_tree_graph_300day,136,366420939_1,367855088_1,214,145.36949999996745,-68.63050000003255,68.63050000003255,35
nextstrain_tree_graph_300day,136,366515348_2,367853802_1,268,199.42650000001794,-68.57349999998206,68.57349999998206,42
nextstrain_tree_graph_300day,136,366357698_3,367853659_2,250,181.16400000003455,-68.83599999996545,68.83599999996545,43
nextstrain_tree_graph_300day,136,365951709_3,367852744_1,120,51.13500000003654,-68.86499999996346,68.86499999996346,22
nextstrain_tree_graph_300day,136,365975191_1,366495546_2,247,178.2420000000206,-68.7579999999794,68.7579999999794,40
nextstrain_tree_graph_300day,136,365948221_2,367855088_1,102,33.237750000044514,-68.76224999995549,68.76224999995549,18
nextstrain_tree_graph_300day,136,364439026_1,366422171_2,493,424.4205000000126,-68.57949999998738,68.57949999998738,73
nextstrain_tree_graph_300day,136,366455875_3,366515348_2,475,200.8874999999834,-274.1125000000166,274.1125000000166,73
nextstrain_tree_graph_300day,136,366417285_3,367854908_2,273,204.53999999998007,-68.46000000001993,68.46000000001993,42
nextstrain_tree_graph_300day,136,361796177_3,366423166_3,459,390.45225000006843,-68.54774999993157,68.54774999993157,69
nextstrain_tree_graph_300day,136,366432299_2,367854036_2,279,210.38400000000797,-68.61599999999203,68.61599999999203,43
nextstrain_tree_graph_300day,136,365953326_1,367852435_1,280,212.21025000004784,-67.78974999995216,67.78974999995216,45
nextstrain_tree_graph_300day,136,366459586_3,367853802_1,249,180.43349999996877,-68.56650000003123,68.56650000003123,43
nextstrain_tree_graph_300day,136,366453921_2,366492055_1,292,224.62875000000332,-67.37124999999668,67.37124999999668,44
nextstrain_tree_graph_300day,136,366449998_3,367852744_1,252,183.35549999998273,-68.64450000001727,68.64450000001727,37
nextstrain_tree_graph_300day,136,365974798_2,366356348_3,393,324.3420000000538,-68.65799999994618,68.65799999994618,63
nextstrain_tree_graph_300day,136,366354027_1,366495546_2,240,171.3022500000186,-68.6977499999814,68.6977499999814,41
nextstrain_tree_graph_300day,136,362340173_2,366514158_2,321,252.3877500000113,-68.6122499999887,68.6122499999887,51
nextstrain_tree_graph_300day,136,366447125_1,367853660_1,220,151.21349999999535,-68.78650000000465,68.78650000000465,33
nextstrain_tree_graph_300day,136,366493564_2,366495602_2,43,6.939750000001993,-36.06024999999801,36.06024999999801,5
nextstrain_tree_graph_300day,136,365954678_1,367854238_1,233,164.3625000000166,-68.63749999998339,68.63749999998339,38
nextstrain_tree_graph_300day,136,361813371_2,365940606_2,68,50.039249999979404,-17.960750000020596,17.960750000020596,12
nextstrain_tree_graph_300day,136,366453670_1,367854863_1,269,68.3017499999628,-200.6982500000372,200.6982500000372,40
nextstrain_tree_graph_300day,136,364980205_2,367852362_1,247,176.41575000006378,-70.58424999993622,70.58424999993622,39
nextstrain_tree_graph_300day,136,364980205_2,368854278_2,402,382.4167500000093,-19.5832499999907,19.5832499999907,55
nextstrain_tree_graph_300day,136,361801634_2,367852744_1,173,104.46150000002126,-68.53849999997874,68.53849999997874,31
nextstrain_tree_graph_300day,136,365950593_2,366512809_2,183,112.13175000000598,-70.86824999999402,70.86824999999402,31
nextstrain_tree_graph_300day,136,364442510_1,365955677_2,349,221.34149999991496,-127.65850000008504,127.65850000008504,52
nextstrain_tree_graph_300day,136,366377432_3,367853329_1,309,240.33449999996412,-68.66550000003588,68.66550000003588,48
nextstrain_tree_graph_300day,136,366454662_3,366501546_1,139,158.15324999999734,19.153249999997342,19.153249999997342,21
nextstrain_tree_graph_300day,136,364448594_1,366452976_3,488,421.4985000000817,-66.50149999991828,66.50149999991828,75
nextstrain_tree_graph_300day,136,366447125_1,366492476_1,292,130.75950000006378,-161.24049999993622,161.24049999993622,44
nextstrain_tree_graph_300day,136,361813371_2,367854026_2,116,47.48250000003986,-68.51749999996014,68.51749999996014,21
nextstrain_tree_graph_300day,136,364439026_1,366354817_2,554,485.4172500000651,-68.58274999993489,68.58274999993489,82
nextstrain_tree_graph_300day,136,366350314_2,366425228_2,94,30.31575000003056,-63.68424999996944,63.68424999996944,14
nextstrain_tree_graph_300day,136,364452179_2,366763717_2,215,146.10000000003322,-68.89999999996678,68.89999999996678,38
nextstrain_tree_graph_300day,136,364955878_1,364980205_2,402,333.47325000008703,-68.52674999991297,68.52674999991297,64
nextstrain_tree_graph_300day,136,365958041_1,367852378_2,119,50.40449999997077,-68.59550000002923,68.59550000002923,21
nextstrain_tree_graph_300day,136,361809225_2,366432865_1,371,300.60074999995084,-70.39925000004916,70.39925000004916,58
nextstrain_tree_graph_300day,136,362340930_1,366452079_5,343,274.3027500000744,-68.69724999992559,68.69724999992559,51
nextstrain_tree_graph_300day,136,362349055_2,366430999_2,146,80.35500000000997,-65.64499999999003,65.64499999999003,21
nextstrain_tree_graph_300day,136,366484529_1,366490840_5,454,387.53024999997143,-66.46975000002857,66.46975000002857,70
nextstrain_tree_graph_300day,136,365951709_3,366760851_2,182,113.22750000006312,-68.77249999993688,68.77249999993688,33
nextstrain_tree_graph_300day,136,366358260_2,366514158_2,312,244.3522500000352,-67.64774999996479,67.64774999996479,53
nextstrain_tree_graph_300day,136,365960479_1,365968385_2,170,129.29850000001528,-40.70149999998472,40.70149999998472,26
nextstrain_tree_graph_300day,136,364447067_2,365962431_2,361,321.7852499999482,-39.21475000005182,39.21475000005182,56
nextstrain_tree_graph_300day,136,366357517_2,366493564_2,260,191.39100000004186,-68.60899999995814,68.60899999995814,42
nextstrain_tree_graph_300day,136,365950593_2,367854363_1,89,18.26249999998339,-70.73750000001661,70.73750000001661,15
nextstrain_tree_graph_300day,136,366352836_2,367852920_2,461,392.6437500000166,-68.35624999998339,68.35624999998339,69
nextstrain_tree_graph_300day,136,366362270_2,367852881_2,208,139.16025000003123,-68.83974999996877,68.83974999996877,36
nextstrain_tree_graph_300day,136,361797149_1,366362270_2,252,234.12524999994486,-17.874750000055144,17.874750000055144,41
nextstrain_tree_graph_300day,136,366425228_2,367853091_3,397,328.35975000004186,-68.64024999995814,68.64024999995814,63
nextstrain_tree_graph_300day,136,364441749_2,365955867_3,362,139.52550000010564,-222.47449999989436,222.47449999989436,59
nextstrain_tree_graph_300day,136,366459586_3,367852369_2,285,216.5932499999442,-68.40675000005581,68.40675000005581,47
nextstrain_tree_graph_300day,136,366432865_1,366753776_1,349,85.83374999996346,-263.16625000003654,263.16625000003654,48
nextstrain_tree_graph_300day,136,366358926_2,367852744_1,171,102.26999999999003,-68.73000000000997,68.73000000000997,30
nextstrain_tree_graph_300day,136,366029592_3,366433173_2,520,451.44900000003787,-68.55099999996213,68.55099999996213,79
nextstrain_tree_graph_300day,136,366495546_2,367853802_1,45,40.54274999995482,-4.457250000045178,4.457250000045178,8
nextstrain_tree_graph_300day,136,365537541_2,366356017_1,238,169.4760000000618,-68.52399999993821,68.52399999993821,37
nextstrain_tree_graph_300day,136,366484529_1,366493564_2,290,223.53300000002923,-66.46699999997077,66.46699999997077,45
nextstrain_tree_graph_300day,136,361805289_2,366432115_2,325,307.17524999996147,-17.824750000038534,17.824750000038534,50
nextstrain_tree_graph_300day,136,366421892_3,366501540_2,335,266.63250000000664,-68.36749999999336,68.36749999999336,56
nextstrain_tree_graph_300day,136,361797149_1,362342260_3,383,314.4802499999548,-68.51975000004518,68.51975000004518,60
nextstrain_tree_graph_300day,136,366425190_2,367854363_1,153,84.372749999998,-68.627250000002,68.627250000002,23
nextstrain_tree_graph_300day,136,366351692_1,366463218_2,343,325.4377500000279,-17.562249999972096,17.562249999972096,52
nextstrain_tree_graph_300day,136,365975191_1,366345992_1,399,351.370499999996,-47.629500000003986,47.629500000003986,59
nextstrain_tree_graph_300day,136,365948734_2,366358926_2,106,90.58200000001727,-15.417999999982726,15.417999999982726,19
nextstrain_tree_graph_300day,136,361815557_2,364581501_2,243,225.35924999998605,-17.640750000013952,17.640750000013952,35
nextstrain_tree_graph_300day,136,366442269_2,367852362_1,150,138.06450000005714,-11.935499999942863,11.935499999942863,21
nextstrain_tree_graph_300day,136,361813132_3,366486821_2,478,409.44525000003455,-68.55474999996545,68.55474999996545,76
nextstrain_tree_graph_300day,136,364452179_2,365945270_2,285,216.22800000003588,-68.77199999996412,68.77199999996412,50
nextstrain_tree_graph_300day,136,366432115_2,366452161_1,527,458.3887499999568,-68.61125000004319,68.61125000004319,79
nextstrain_tree_graph_300day,136,365962431_2,366515348_2,508,439.39575000007375,-68.60424999992625,68.60424999992625,77
nextstrain_tree_graph_300day,136,365945270_2,366029660_1,350,360.8670000000206,10.867000000020596,10.867000000020596,54
nextstrain_tree_graph_300day,136,366487301_1,367854787_1,299,230.47275000003123,-68.52724999996877,68.52724999996877,48
nextstrain_tree_graph_300day,136,365957240_2,366420939_1,391,261.5189999998784,-129.48100000012158,129.48100000012158,58
nextstrain_tree_graph_300day,136,366362616_1,367853794_2,242,174.58950000002392,-67.41049999997608,67.41049999997608,41
nextstrain_tree_graph_300day,136,366432115_2,366454662_3,457,388.26074999995416,-68.73925000004584,68.73925000004584,69
nextstrain_tree_graph_300day,136,365936797_2,367853159_1,174,106.28774999997808,-67.71225000002192,67.71225000002192,27
nextstrain_tree_graph_300day,136,364442510_1,365950253_2,487,418.57650000006777,-68.42349999993223,68.42349999993223,74
nextstrain_tree_graph_300day,136,366349138_2,366501546_1,112,131.12475000005514,19.124750000055144,19.124750000055144,17
nextstrain_tree_graph_300day,136,364452179_2,366487301_1,369,300.2355000000425,-68.76449999995748,68.76449999995748,60
nextstrain_tree_graph_300day,136,361801634_2,366501540_2,293,224.62875000000332,-68.37124999999668,68.37124999999668,52
nextstrain_tree_graph_300day,136,365940460_1,366377432_3,439,79.25924999995283,-359.74075000004717,359.74075000004717,62
nextstrain_tree_graph_300day,136,366488579_1,367852670_2,228,159.24899999997143,-68.75100000002857,68.75100000002857,37
nextstrain_tree_graph_300day,136,366373788_2,366493564_2,212,143.17800000001927,-68.82199999998073,68.82199999998073,32
nextstrain_tree_graph_300day,136,365935216_1,366490628_2,295,228.64649999999136,-66.35350000000864,66.35350000000864,49
nextstrain_tree_graph_300day,136,366354027_1,367853659_2,213,144.27374999999336,-68.72625000000664,68.72625000000664,37
nextstrain_tree_graph_300day,136,361806152_2,366452161_1,523,454.73624999996014,-68.26375000003986,68.26375000003986,80
nextstrain_tree_graph_300day,136,363676224_1,366346882_2,179,65.37974999994884,-113.62025000005116,113.62025000005116,25
nextstrain_tree_graph_300day,136,366433173_2,367853040_2,244,203.80949999999734,-40.19050000000266,40.19050000000266,35
nextstrain_tree_graph_300day,136,365938096_1,366512809_2,288,126.74175000007574,-161.25824999992426,161.25824999992426,43
nextstrain_tree_graph_300day,136,362340930_1,365948985_3,307,238.5082500000073,-68.49174999999269,68.49174999999269,52
nextstrain_tree_graph_300day,136,361813632_1,366434873_1,448,379.49474999999535,-68.50525000000465,68.50525000000465,71
nextstrain_tree_graph_300day,164,362797243_2,366399775_3,371,314.11499999996346,-56.88500000003654,56.88500000003654,59
nextstrain_tree_graph_300day,164,362649664_2,364168826_3,360,303.1574999999734,-56.842500000026575,56.842500000026575,59
nextstrain_tree_graph_300day,164,362956173_2,367145000_2,429,372.18974999991894,-56.810250000081055,56.810250000081055,65
nextstrain_tree_graph_300day,164,366080660_2,366155964_2,119,62.09249999986048,-56.90750000013952,56.90750000013952,23
nextstrain_tree_graph_300day,164,365837323_1,367157703_1,369,313.0192499999063,-55.98075000009368,55.98075000009368,60
nextstrain_tree_graph_300day,164,366106345_2,368377558_1,274,216.95849999993555,-57.041500000064445,57.041500000064445,43
nextstrain_tree_graph_300day,164,363105480_1,366104693_2,232,211.11450000007375,-20.885499999926253,20.885499999926253,34
nextstrain_tree_graph_300day,164,362669035_3,366316170_2,273,215.86274999996147,-57.137250000038534,57.137250000038534,40
nextstrain_tree_graph_300day,164,366100173_2,368734227_2,179,134.046749999903,-44.953250000097,44.953250000097,31
nextstrain_tree_graph_300day,164,361653313_3,364700449_2,263,206.00099999994552,-56.99900000005448,56.99900000005448,44
nextstrain_tree_graph_300day,164,363870071_3,365812123_2,389,332.0122499999555,-56.987750000044514,56.987750000044514,63
nextstrain_tree_graph_300day,164,366145826_2,366147800_3,327,278.3204999999794,-48.679500000020596,48.679500000020596,46
nextstrain_tree_graph_300day,164,364181465_3,365664510_2,246,189.19949999992758,-56.80050000007242,56.80050000007242,38
nextstrain_tree_graph_300day,164,362671061_3,365694227_3,320,262.9799999999269,-57.02000000007308,57.02000000007308,50
nextstrain_tree_graph_300day,164,365634131_2,367224128_2,332,275.0332499999741,-56.96675000002591,56.96675000002591,51
nextstrain_tree_graph_300day,164,362288409_4,366088350_2,173,158.1532499999143,-14.846750000085706,14.846750000085706,27
nextstrain_tree_graph_300day,164,363395125_1,364675825_2,245,196.13925000001262,-48.86074999998738,48.86074999998738,34
nextstrain_tree_graph_300day,164,362847197_2,366158003_2,158,108.84450000000066,-49.155499999999336,49.155499999999336,24
nextstrain_tree_graph_300day,164,362600193_2,363711080_1,274,216.95849999993555,-57.041500000064445,57.041500000064445,43
nextstrain_tree_graph_300day,164,361518155_2,368506166_3,347,332.0122499999555,-14.987750000044514,14.987750000044514,52
nextstrain_tree_graph_300day,164,362113687_2,365400649_2,228,188.46899999994486,-39.531000000055144,39.531000000055144,32
nextstrain_tree_graph_300day,164,362877151_2,364357338_1,465,412.36724999996545,-52.63275000003455,52.63275000003455,68
nextstrain_tree_graph_300day,164,363587191_1,367757341_3,469,412.0019999999741,-56.99800000002591,56.99800000002591,75
nextstrain_tree_graph_300day,164,362399713_2,367477778_1,235,177.87674999994618,-57.123250000053815,57.123250000053815,38
nextstrain_tree_graph_300day,164,363629514_2,368361703_3,286,233.02949999997077,-52.97050000002923,52.97050000002923,45
nextstrain_tree_graph_300day,164,363845949_3,364134036_2,226,237.41250000003322,11.41250000003322,11.41250000003322,34
nextstrain_tree_graph_300day,164,363058299_2,365362534_3,294,237.0472499999588,-56.95275000004119,56.95275000004119,49
nextstrain_tree_graph_300day,164,361256477_2,368492336_1,275,217.68899999991828,-57.31100000008172,57.31100000008172,45
nextstrain_tree_graph_300day,164,363034102_3,364683136_2,329,272.11124999996014,-56.88875000003986,56.88875000003986,57
nextstrain_tree_graph_300day,164,362910272_1,367157703_1,354,298.04399999992825,-55.956000000071754,55.956000000071754,59
nextstrain_tree_graph_300day,164,363259775_3,364472109_2,272,215.13224999997874,-56.86775000002126,56.86775000002126,43
nextstrain_tree_graph_300day,164,361574891_2,362753998_3,154,134.41200000006046,-19.58799999993954,19.58799999993954,28
nextstrain_tree_graph_300day,164,361439201_1,362923685_2,269,211.84499999989038,-57.155000000109624,57.155000000109624,44
nextstrain_tree_graph_300day,164,364233198_2,365630771_2,254,201.25274999997475,-52.74725000002525,52.74725000002525,43
nextstrain_tree_graph_300day,164,365327207_4,368400317_3,363,306.0794999999874,-56.92050000001262,56.92050000001262,54
nextstrain_tree_graph_300day,164,361444549_2,363255753_4,286,229.01174999998273,-56.988250000017274,56.988250000017274,48
nextstrain_tree_graph_300day,164,362141170_2,364592245_2,192,146.8304999999329,-45.1695000000671,45.1695000000671,29
nextstrain_tree_graph_300day,164,362884425_2,366107177_2,140,82.9117499999495,-57.08825000005049,57.08825000005049,27
nextstrain_tree_graph_300day,164,362776816_2,366989057_3,234,177.14624999996346,-56.85375000003654,56.85375000003654,38
nextstrain_tree_graph_300day,164,362314562_2,366229703_3,300,243.25649999989503,-56.74350000010497,56.74350000010497,47
nextstrain_tree_graph_300day,164,365658837_2,366150501_3,289,235.95149999998472,-53.04850000001528,53.04850000001528,40
nextstrain_tree_graph_300day,164,366802013_2,368465069_3,507,441.22200000003056,-65.77799999996944,65.77799999996944,78
nextstrain_tree_graph_300day,164,362747090_2,366153237_2,253,204.1747499999887,-48.825250000011295,48.825250000011295,36
nextstrain_tree_graph_300day,164,363943312_3,366665779_2,424,367.0762499999568,-56.923750000043185,56.923750000043185,66
nextstrain_tree_graph_300day,164,361946489_2,368728119_1,405,348.44849999998206,-56.55150000001794,56.55150000001794,65
nextstrain_tree_graph_300day,164,364999160_2,366926170_3,353,300.2354999999595,-52.76450000004053,52.76450000004053,55
nextstrain_tree_graph_300day,164,361632978_4,366167248_2,288,231.2032499999309,-56.796750000069096,56.796750000069096,48
nextstrain_tree_graph_300day,164,362291713_3,366248971_1,309,256.040250000008,-52.95974999999203,52.95974999999203,49
nextstrain_tree_graph_300day,164,366091094_2,366113414_2,73,47.84774999994818,-25.152250000051822,25.152250000051822,13
nextstrain_tree_graph_300day,164,362738414_1,366322373_2,260,203.80949999999734,-56.19050000000266,56.19050000000266,40
nextstrain_tree_graph_300day,164,362434958_3,366146068_4,279,230.10749999995681,-48.892500000043185,48.892500000043185,39
nextstrain_tree_graph_300day,164,362490883_2,365316188_4,186,128.93324999994087,-57.06675000005913,57.06675000005913,33
nextstrain_tree_graph_300day,164,363062706_1,368648032_2,362,307.17524999996147,-54.824750000038534,54.824750000038534,58
nextstrain_tree_graph_300day,164,362362180_2,362879671_3,310,253.11824999999402,-56.88175000000598,56.88175000000598,50
nextstrain_tree_graph_300day,164,364670591_1,368830252_2,241,188.10374999987044,-52.896250000129555,52.896250000129555,41
nextstrain_tree_graph_300day,164,367350612_3,368351333_1,436,380.225249999895,-55.77475000010497,55.77475000010497,66
nextstrain_tree_graph_300day,164,365337009_3,366057302_2,392,334.9342499998864,-57.06575000011361,57.06575000011361,59
nextstrain_tree_graph_300day,164,367044953_3,368507624_2,311,262.98000000000997,-48.019999999990034,48.019999999990034,47
nextstrain_tree_graph_300day,164,364815107_1,366156308_2,272,221.34149999991496,-50.65850000008504,50.65850000008504,43
nextstrain_tree_graph_300day,164,366695748_1,368605863_2,397,341.1434999999887,-55.856500000011295,55.856500000011295,65
nextstrain_tree_graph_300day,164,362669326_2,366118208_2,315,258.2317499998731,-56.7682500001269,56.7682500001269,49
nextstrain_tree_graph_300day,164,362781640_2,367451938_2,294,249.8309999999887,-44.169000000011295,44.169000000011295,49
nextstrain_tree_graph_300day,164,363815269_2,366118125_1,207,151.2134999999123,-55.7865000000877,55.7865000000877,32
nextstrain_tree_graph_300day,164,364089712_3,366153095_2,319,265.90199999994087,-53.09800000005913,53.09800000005913,45
nextstrain_tree_graph_300day,164,365443398_3,366104331_2,294,254.57924999995947,-39.42075000004053,39.42075000004053,47
nextstrain_tree_graph_300day,164,366088899_2,366155591_3,97,39.812249999972096,-57.187750000027904,57.187750000027904,17
nextstrain_tree_graph_300day,164,362633070_4,366105109_2,226,169.11074999998738,-56.88925000001262,56.88925000001262,37
nextstrain_tree_graph_300day,164,365178507_2,366114481_2,231,178.24199999993755,-52.75800000006245,52.75800000006245,40
nextstrain_tree_graph_300day,164,364508082_3,365178507_2,295,238.14300000001595,-56.856999999984055,56.856999999984055,50
nextstrain_tree_graph_300day,164,363093111_3,365887284_2,210,155.2312499999834,-54.76875000001661,54.76875000001661,37
nextstrain_tree_graph_300day,164,362386626_1,366218488_3,438,422.5942499998897,-15.405750000110288,15.405750000110288,59
nextstrain_tree_graph_300day,164,362540635_3,362597552_1,189,134.04674999998605,-54.95325000001395,54.95325000001395,33
nextstrain_tree_graph_300day,164,362616016_2,366120241_2,301,243.9869999999608,-57.0130000000392,57.0130000000392,48
nextstrain_tree_graph_300day,164,362647638_3,365862202_3,288,234.85574999992758,-53.14425000007242,53.14425000007242,48
nextstrain_tree_graph_300day,164,362911160_3,367536023_4,563,514.2719999999641,-48.72800000003588,48.72800000003588,82
nextstrain_tree_graph_300day,164,362276534_2,368364283_2,523,466.05899999994153,-56.941000000058466,56.941000000058466,83
nextstrain_tree_graph_300day,164,367670279_1,367670677_2,143,136.96875000008305,-6.031249999916952,6.031249999916952,23
nextstrain_tree_graph_300day,164,362847968_2,365367608_2,348,291.10424999992625,-56.89575000007375,56.89575000007375,55
nextstrain_tree_graph_300day,164,365593221_2,366103423_2,304,246.90899999997475,-57.09100000002525,57.09100000002525,48
nextstrain_tree_graph_300day,164,362126861_3,366107664_2,174,116.8799999998937,-57.1200000001063,57.1200000001063,30
nextstrain_tree_graph_300day,164,364761318_3,368546227_3,329,273.9375,-55.0625,55.0625,50
nextstrain_tree_graph_300day,164,365177327_1,365577624_1,382,326.1682499999276,-55.83175000007242,55.83175000007242,62
nextstrain_tree_graph_300day,164,362708715_2,368121346_2,373,320.3242499999827,-52.675750000017274,52.675750000017274,56
nextstrain_tree_graph_300day,164,363738227_3,366720641_1,497,440.85674999995615,-56.14325000004385,56.14325000004385,78
nextstrain_tree_graph_300day,164,363106242_1,366269809_2,380,347.352750000008,-32.64724999999203,32.64724999999203,53
nextstrain_tree_graph_300day,164,362741739_3,364028924_3,327,270.2850000000033,-56.71499999999668,56.71499999999668,54
nextstrain_tree_graph_300day,164,365558754_3,367535610_2,357,295.4872499999887,-61.512750000011295,61.512750000011295,54
nextstrain_tree_graph_300day,164,362789237_2,365694965_3,374,317.03699999989436,-56.96300000010564,56.96300000010564,59
nextstrain_tree_graph_300day,164,364692267_2,368009436_2,299,241.79549999992958,-57.204500000070425,57.204500000070425,46
nextstrain_tree_graph_300day,164,364066196_2,366117333_3,123,66.11024999993157,-56.88975000006843,56.88975000006843,21
nextstrain_tree_graph_300day,164,367649604_3,368798011_1,379,322.1504999998565,-56.84950000014351,56.84950000014351,67
nextstrain_tree_graph_300day,164,367540658_1,368709082_3,330,273.2069999999342,-56.793000000065774,56.793000000065774,51
nextstrain_tree_graph_300day,164,361578943_2,368656805_2,418,386.7997499999887,-31.200250000011295,31.200250000011295,61
nextstrain_tree_graph_300day,164,361608890_2,364610096_3,402,345.16124999997675,-56.83875000002325,56.83875000002325,64
nextstrain_tree_graph_300day,164,363314834_2,364655676_2,268,211.11449999990765,-56.88550000009235,56.88550000009235,45
nextstrain_tree_graph_300day,164,365098594_2,365452875_2,329,274.3027499999083,-54.697250000091685,54.697250000091685,54
nextstrain_tree_graph_300day,164,361300532_1,365574039_3,351,299.1397499999854,-51.86025000001462,51.86025000001462,56
nextstrain_tree_graph_300day,164,363023416_1,363323123_3,358,299.1397499999854,-58.86025000001462,58.86025000001462,58
nextstrain_tree_graph_300day,164,366090702_2,367798598_1,325,269.1892499999462,-55.810750000053815,55.810750000053815,53
nextstrain_tree_graph_300day,164,362406942_1,363006066_2,191,163.9972499999422,-27.0027500000578,27.0027500000578,32
nextstrain_tree_graph_300day,164,361626480_3,362601473_3,372,315.21074999993755,-56.78925000006245,56.78925000006245,56
nextstrain_tree_graph_300day,164,363823254_2,367041060_3,302,256.77074999990765,-45.22925000009235,45.22925000009235,49
nextstrain_tree_graph_300day,164,365913422_2,366106706_2,160,107.0182499999608,-52.9817500000392,52.9817500000392,27
nextstrain_tree_graph_300day,164,365467412_2,366155964_2,344,288.1822499999123,-55.8177500000877,55.8177500000877,54
nextstrain_tree_graph_300day,164,363124230_3,365762595_4,500,435.74325000007707,-64.25674999992293,64.25674999992293,77
nextstrain_tree_graph_300day,164,365137520_3,365330439_3,380,323.24624999991363,-56.75375000008637,56.75375000008637,63
nextstrain_tree_graph_300day,164,367834331_2,368494541_3,304,246.9089999998917,-57.091000000108295,57.091000000108295,48
nextstrain_tree_graph_300day,164,362143021_2,362532293_1,327,273.9375,-53.0625,53.0625,54
nextstrain_tree_graph_300day,164,363111501_4,363124286_4,477,417.84599999991894,-59.154000000081055,59.154000000081055,77
nextstrain_tree_graph_300day,164,362100932_3,368757569_2,419,391.91324999995084,-27.086750000049165,27.086750000049165,57
nextstrain_tree_graph_300day,164,362499752_2,364649946_3,401,352.10099999997874,-48.89900000002126,48.89900000002126,60
nextstrain_tree_graph_300day,164,366109832_3,366145322_3,69,42.00375000000332,-26.996249999996678,26.996249999996678,12
nextstrain_tree_graph_300day,164,366292753_2,368630603_1,227,169.8412499999701,-57.1587500000299,57.1587500000299,41
nextstrain_tree_graph_300day,164,366104456_2,366142175_2,108,50.76974999987908,-57.23025000012092,57.23025000012092,19
nextstrain_tree_graph_300day,164,363835387_2,364655372_3,317,272.11124999996014,-44.88875000003986,44.88875000003986,48
nextstrain_tree_graph_300day,164,362777571_4,366793832_2,390,333.1079999999296,-56.892000000070425,56.892000000070425,61
nextstrain_tree_graph_300day,164,365517347_1,366117971_1,177,119.8019999999907,-57.1980000000093,57.1980000000093,33
nextstrain_tree_graph_300day,164,362757991_1,364723161_3,379,325.8029999999362,-53.19700000006378,53.19700000006378,62
nextstrain_tree_graph_300day,164,366299342_4,368458574_1,260,206.73149999992825,-53.268500000071754,53.268500000071754,43
nextstrain_tree_graph_300day,164,365091343_3,366993353_1,505,448.1617499999495,-56.83825000005049,56.83825000005049,79
nextstrain_tree_graph_300day,164,362010731_3,363923817_2,379,321.7852499999482,-57.21475000005182,57.21475000005182,57
nextstrain_tree_graph_300day,164,366085487_2,368527348_2,209,155.96174999996612,-53.038250000033884,53.038250000033884,33
nextstrain_tree_graph_300day,164,361311335_3,362188573_2,348,295.12199999999734,-52.87800000000266,52.87800000000266,53
nextstrain_tree_graph_300day,164,363545426_1,364998599_2,398,345.16124999997675,-52.83875000002325,52.83875000002325,56
nextstrain_tree_graph_300day,164,362969770_1,363679386_3,264,113.9579999999628,-150.0420000000372,150.0420000000372,38
nextstrain_tree_graph_300day,164,364515368_4,364774265_2,310,257.135999999899,-52.86400000010099,52.86400000010099,50
nextstrain_tree_graph_300day,164,362829814_2,365355519_1,205,147.926249999907,-57.073750000093014,57.073750000093014,35
nextstrain_tree_graph_300day,164,361312967_3,366577155_1,405,348.448499999899,-56.55150000010099,56.55150000010099,66
nextstrain_tree_graph_300day,164,363268974_3,366118714_2,225,168.01499999993024,-56.98500000006976,56.98500000006976,37
nextstrain_tree_graph_300day,164,362902281_3,366012560_2,317,257.8664999999648,-59.13350000003521,59.13350000003521,49
nextstrain_tree_graph_300day,164,364116492_2,367106221_3,146,88.75574999997741,-57.24425000002259,57.24425000002259,25
nextstrain_tree_graph_300day,164,366618544_3,367598412_2,379,334.93424999996944,-44.06575000003056,44.06575000003056,56
nextstrain_tree_graph_300day,164,362429984_3,365599307_4,204,147.19574999992426,-56.80425000007574,56.80425000007574,36
nextstrain_tree_graph_300day,164,361910789_1,366087434_2,290,233.02949999988772,-56.97050000011228,56.97050000011228,44
nextstrain_tree_graph_300day,164,361488422_3,366132745_2,145,91.67774999990831,-53.322250000091685,53.322250000091685,23
nextstrain_tree_graph_300day,164,362462082_1,366173616_2,228,178.97249999992027,-49.027500000079726,49.027500000079726,34
nextstrain_tree_graph_300day,164,365203432_3,368059637_1,485,429.1687499999834,-55.83125000001661,55.83125000001661,77
nextstrain_tree_graph_300day,164,366117457_2,367973359_2,240,187.0079999999794,-52.992000000020596,52.992000000020596,39
nextstrain_tree_graph_300day,164,366093729_2,366105912_1,114,56.9789999999814,-57.0210000000186,57.0210000000186,21
nextstrain_tree_graph_300day,164,362791837_1,364774398_2,364,421.13324999992426,57.13324999992426,57.13324999992426,52
nextstrain_tree_graph_300day,164,361515227_2,366095438_3,185,128.2027499998751,-56.797250000124905,56.797250000124905,31
nextstrain_tree_graph_300day,164,363241530_1,365335164_3,403,373.6507499998844,-29.349250000115603,29.349250000115603,58
nextstrain_tree_graph_300day,164,366174674_2,368760103_3,274,225.359249999903,-48.640750000097,48.640750000097,40
nextstrain_tree_graph_300day,164,362565474_2,365658349_2,273,220.24574999994087,-52.75425000005913,52.75425000005913,43
nextstrain_tree_graph_300day,164,362722848_2,366133182_3,155,98.61749999991031,-56.38250000008969,56.38250000008969,27
nextstrain_tree_graph_300day,164,364353722_2,366130588_2,221,161.80574999999402,-59.19425000000598,59.19425000000598,35
nextstrain_tree_graph_300day,164,366090382_2,368400476_2,158,101.1742499999329,-56.8257500000671,56.8257500000671,28
nextstrain_tree_graph_300day,164,362471406_1,366966398_4,386,352.83150000012756,-33.16849999987244,33.16849999987244,59
nextstrain_tree_graph_300day,164,365113847_3,366086032_2,122,69.03224999994552,-52.96775000005448,52.96775000005448,22
nextstrain_tree_graph_300day,164,363947291_1,365448370_2,354,297.3134999999455,-56.68650000005448,56.68650000005448,58
nextstrain_tree_graph_300day,164,363215758_3,365397106_2,350,292.9304999999661,-57.069500000033884,57.069500000033884,56
nextstrain_tree_graph_300day,164,362451237_4,366770733_1,416,363.0584999999688,-52.941500000031226,52.941500000031226,68
nextstrain_tree_graph_300day,164,362779389_4,367057721_2,443,390.086999999911,-52.91300000008903,52.91300000008903,68
nextstrain_tree_graph_300day,164,363428099_2,366745621_2,286,237.0472499999588,-48.95275000004119,48.95275000004119,42
nextstrain_tree_graph_300day,164,365548968_2,365574251_2,343,285.9907499999641,-57.00925000003588,57.00925000003588,57
nextstrain_tree_graph_300day,164,363058828_2,364184710_2,172,115.05374999993688,-56.94625000006312,56.94625000006312,28
nextstrain_tree_graph_300day,164,362701049_2,363048363_2,541,482.1299999998937,-58.8700000001063,58.8700000001063,80
nextstrain_tree_graph_300day,164,363457166_3,364520866_2,389,326.533500000002,-62.46649999999801,62.46649999999801,59
nextstrain_tree_graph_300day,164,363252174_2,368565122_1,317,268.09349999988905,-48.90650000011095,48.90650000011095,46
nextstrain_tree_graph_300day,164,362446526_1,363094148_3,351,302.06174999999934,-48.938250000000664,48.938250000000664,54
nextstrain_tree_graph_300day,164,363276482_3,366436430_2,396,348.0832499999907,-47.9167500000093,47.9167500000093,63
nextstrain_tree_graph_300day,164,366184375_3,367731447_2,245,188.83424999993622,-56.16575000006378,56.16575000006378,43
nextstrain_tree_graph_300day,164,366151674_2,368221760_1,329,274.30274999999136,-54.69725000000864,54.69725000000864,51
nextstrain_tree_graph_300day,164,367748568_3,368836555_3,393,336.0299999999435,-56.97000000005647,56.97000000005647,61
nextstrain_tree_graph_300day,164,365249025_2,365322723_4,527,478.1122499999887,-48.887750000011295,48.887750000011295,76
nextstrain_tree_graph_300day,164,363084343_3,366136033_2,233,204.90524999997143,-28.09475000002857,28.09475000002857,35
nextstrain_tree_graph_300day,164,362397252_3,366196660_3,223,165.823499999899,-57.17650000010099,57.17650000010099,38
nextstrain_tree_graph_300day,164,365040593_2,366143971_2,252,222.43724999988905,-29.562750000110952,29.562750000110952,37
nextstrain_tree_graph_300day,164,364668015_3,368433703_2,310,252.7529999999196,-57.24700000008039,57.24700000008039,53
nextstrain_tree_graph_300day,164,362209712_3,365579779_5,460,406.8884999999289,-53.11150000007109,53.11150000007109,73
nextstrain_tree_graph_300day,164,362439060_2,366720103_2,349,296.2177499998884,-52.78225000011162,52.78225000011162,58
nextstrain_tree_graph_300day,164,365114085_2,366179943_1,194,136.96874999991695,-57.03125000008305,57.03125000008305,33
nextstrain_tree_graph_300day,164,361823037_3,366153236_2,245,188.1037499999535,-56.89625000004651,56.89625000004651,40
nextstrain_tree_graph_300day,164,362222767_2,365740063_1,512,482.8604999999595,-29.139500000040528,29.139500000040528,75
nextstrain_tree_graph_300day,164,362453273_2,364756904_4,328,275.39849999996545,-52.60150000003455,52.60150000003455,50
nextstrain_tree_graph_300day,164,362589468_2,368727969_2,243,185.91224999992227,-57.08775000007773,57.08775000007773,39
nextstrain_tree_graph_300day,164,366714065_2,368469151_1,253,195.7739999999382,-57.22600000006179,57.22600000006179,41
nextstrain_tree_graph_300day,164,366073925_1,366182157_3,123,66.11024999993157,-56.88975000006843,56.88975000006843,23
nextstrain_tree_graph_300day,164,367482203_1,368268942_2,458,401.4097499999754,-56.59025000002458,56.59025000002458,81
nextstrain_tree_graph_300day,164,361896230_2,366152248_2,73,24.106499999928246,-48.893500000071754,48.893500000071754,12
nextstrain_tree_graph_300day,164,363381416_2,367949964_1,318,269.9197499999289,-48.08025000007109,48.08025000007109,49
nextstrain_tree_graph_300day,164,365310309_3,368596703_2,498,441.2219999999475,-56.77800000005249,56.77800000005249,75
nextstrain_tree_graph_300day,164,366224910_2,366633545_2,309,275.7637499999568,-33.236250000043185,33.236250000043185,48
nextstrain_tree_graph_300day,164,362299768_2,363084210_4,232,211.11450000007375,-20.885499999926253,20.885499999926253,38
nextstrain_tree_graph_300day,164,362708319_5,366152598_2,319,261.88424999995283,-57.11575000004717,57.11575000004717,50
nextstrain_tree_graph_300day,164,362524386_1,365502952_2,312,254.94449999995084,-57.055500000049165,57.055500000049165,49
nextstrain_tree_graph_300day,164,363247257_2,366679171_4,348,299.13974999990234,-48.860250000097665,48.860250000097665,53
nextstrain_tree_graph_300day,164,361885319_3,364402372_2,123,100.07849999987576,-22.92150000012424,22.92150000012424,21
nextstrain_tree_graph_300day,164,366133987_2,366135513_2,101,44.925749999934226,-56.074250000065774,56.074250000065774,17
nextstrain_tree_graph_300day,164,366953034_2,366966606_2,453,395.9309999999389,-57.06900000006112,57.06900000006112,71
nextstrain_tree_graph_300day,164,363135358_1,368663572_2,392,342.9697499999455,-49.03025000005448,49.03025000005448,62
nextstrain_tree_graph_300day,164,365670001_3,365865989_2,237,192.12149999994153,-44.878500000058466,44.878500000058466,40
nextstrain_tree_graph_300day,164,364721474_2,366077814_2,145,96.06074999988772,-48.93925000011228,48.93925000011228,20
nextstrain_tree_graph_300day,164,365437947_3,366101698_3,320,260.7884999998957,-59.21150000010431,59.21150000010431,51
nextstrain_tree_graph_300day,164,362137187_1,368512460_2,286,229.01174999998273,-56.988250000017274,56.988250000017274,46
nextstrain_tree_graph_300day,164,362363748_3,365407600_2,215,158.15324999999734,-56.84675000000266,56.84675000000266,35
nextstrain_tree_graph_300day,164,362627401_1,365367845_4,498,441.2219999999475,-56.77800000005249,56.77800000005249,85
nextstrain_tree_graph_300day,164,366076957_2,367580010_1,271,215.86274999996147,-55.137250000038534,55.137250000038534,41
nextstrain_tree_graph_300day,164,364488235_3,364727035_3,253,195.7739999999382,-57.22600000006179,57.22600000006179,43
nextstrain_tree_graph_300day,164,363079920_3,368567904_3,242,185.18174999993954,-56.81825000006046,56.81825000006046,42
nextstrain_tree_graph_300day,164,362499580_3,365398720_3,265,211.84499999997342,-53.155000000026575,53.155000000026575,44
nextstrain_tree_graph_300day,164,363004421_3,368323250_2,244,199.06124999994353,-44.93875000005647,44.93875000005647,38
nextstrain_tree_graph_300day,164,365113089_2,365554863_2,160,115.05374999993688,-44.94625000006312,44.94625000006312,26
nextstrain_tree_graph_300day,164,362901275_3,366083040_2,323,267.72824999998073,-55.27175000001927,55.27175000001927,47
nextstrain_tree_graph_300day,164,362529344_1,368477737_2,489,454.3709999999688,-34.629000000031226,34.629000000031226,69
nextstrain_tree_graph_300day,164,365107603_2,367604107_2,187,151.94399999997808,-35.056000000021925,35.056000000021925,28
nextstrain_tree_graph_300day,164,365360754_2,365920615_2,242,189.19949999992758,-52.80050000007242,52.80050000007242,38
nextstrain_tree_graph_300day,164,362892351_2,366989937_2,422,365.24999999991695,-56.75000000008305,56.75000000008305,69
nextstrain_tree_graph_300day,164,362617572_3,366107934_2,221,172.03274999991828,-48.96725000008172,48.96725000008172,33
nextstrain_tree_graph_300day,164,365658349_2,366731319_1,332,279.05099999996213,-52.94900000003787,52.94900000003787,51
nextstrain_tree_graph_300day,164,361479675_3,365663420_1,168,111.03599999994884,-56.96400000005116,56.96400000005116,27
nextstrain_tree_graph_300day,164,363314635_1,365097675_3,373,315.9412499999203,-57.058750000079726,57.058750000079726,59
nextstrain_tree_graph_300day,164,363786611_2,365481271_3,203,175.685249999998,-27.314750000001993,27.314750000001993,33
nextstrain_tree_graph_300day,164,363408784_2,366295861_4,387,359.77124999996346,-27.22875000003654,27.22875000003654,59
nextstrain_tree_graph_300day,164,362971942_2,364073071_2,317,260.05799999991297,-56.942000000087035,56.942000000087035,54
nextstrain_tree_graph_300day,164,362456257_4,363107211_1,292,235.95149999990167,-56.04850000009833,56.04850000009833,47
nextstrain_tree_graph_300day,164,362684829_2,364824707_2,398,345.16124999997675,-52.83875000002325,52.83875000002325,60
nextstrain_tree_graph_300day,164,366724146_2,367155338_2,137,79.98974999993555,-57.010250000064445,57.010250000064445,24
nextstrain_tree_graph_300day,164,361824123_2,366990754_2,444,395.2004999998731,-48.7995000001269,48.7995000001269,68
nextstrain_tree_graph_300day,164,365426538_2,368758826_2,499,443.0482499999874,-55.95175000001262,55.95175000001262,79
nextstrain_tree_graph_300day,164,362916751_2,368506877_2,216,158.88374999998007,-57.11625000001993,57.11625000001993,36
nextstrain_tree_graph_300day,164,363104213_1,365921994_2,313,256.0402499999249,-56.959750000075076,56.959750000075076,54
nextstrain_tree_graph_300day,164,363159317_2,363317194_3,344,287.0864999999382,-56.91350000006179,56.91350000006179,53
nextstrain_tree_graph_300day,164,363191989_2,368838728_2,454,405.06224999988905,-48.93775000011095,48.93775000011095,68
nextstrain_tree_graph_300day,164,361958666_2,366133982_2,281,223.89824999993755,-57.10175000006245,57.10175000006245,42
nextstrain_tree_graph_300day,164,365673722_2,366103441_2,117,63.91874999990034,-53.08125000009966,53.08125000009966,22
nextstrain_tree_graph_300day,164,364223877_4,366147253_2,179,170.20649999996147,-8.793500000038534,8.793500000038534,29
nextstrain_tree_graph_300day,164,364734395_2,368670293_3,396,211.84499999997342,-184.15500000002658,184.15500000002658,60
nextstrain_tree_graph_300day,164,364151520_2,366151721_2,90,36.890249999958144,-53.109750000041856,53.109750000041856,15
nextstrain_tree_graph_300day,164,364259232_3,367116617_3,428,415.28925000006245,-12.710749999937548,12.710749999937548,68
nextstrain_tree_graph_300day,164,365104402_1,366196705_1,261,204.1747499999887,-56.825250000011295,56.825250000011295,42
nextstrain_tree_graph_300day,164,363429340_2,365695899_2,198,140.986499999905,-57.01350000009501,57.01350000009501,34
nextstrain_tree_graph_300day,164,366137616_3,367907096_3,239,181.89449999993423,-57.105500000065774,57.105500000065774,41
nextstrain_tree_graph_300day,164,364714596_3,366179852_2,182,125.28074999994419,-56.71925000005581,56.71925000005581,31
nextstrain_tree_graph_300day,164,366068685_2,366651416_2,267,210.01874999993356,-56.98125000006644,56.98125000006644,47
nextstrain_tree_graph_300day,164,366106198_2,367000810_2,203,146.09999999995017,-56.90000000004983,56.90000000004983,35
nextstrain_tree_graph_300day,164,363157996_3,363474961_1,466,421.4984999999156,-44.50150000008438,44.50150000008438,71
nextstrain_tree_graph_300day,164,362977900_2,368586924_3,503,445.97025000000133,-57.02974999999867,57.02974999999867,68
nextstrain_tree_graph_300day,164,362135679_4,364467407_1,446,389.35649999992825,-56.643500000071754,56.643500000071754,65
nextstrain_tree_graph_300day,164,365840900_4,366259809_4,362,317.03699999989436,-44.96300000010564,44.96300000010564,55
nextstrain_tree_graph_300day,164,362697027_2,367485652_3,418,375.1117499999329,-42.8882500000671,42.8882500000671,65
nextstrain_tree_graph_300day,164,362865146_1,366854960_2,359,302.0617499999163,-56.93825000008371,56.93825000008371,58
nextstrain_tree_graph_300day,164,362520653_1,364735713_2,287,231.2032499999309,-55.796750000069096,55.796750000069096,44
nextstrain_tree_graph_300day,164,363146922_2,364653001_3,514,456.9277499999083,-57.072250000091685,57.072250000091685,77
nextstrain_tree_graph_300day,164,366152127_1,366802838_2,169,111.76649999993157,-57.23350000006843,57.23350000006843,33
nextstrain_tree_graph_300day,164,363056595_2,366133786_2,204,176.7809999999721,-27.219000000027904,27.219000000027904,35
nextstrain_tree_graph_300day,164,362600205_1,363968710_2,492,439.3957499999907,-52.6042500000093,52.6042500000093,72
nextstrain_tree_graph_300day,164,365551595_1,366152902_2,222,173.12849999997542,-48.87150000002458,48.87150000002458,33
nextstrain_tree_graph_300day,164,361585499_1,366104693_2,246,188.83424999993622,-57.16575000006378,57.16575000006378,41
nextstrain_tree_graph_300day,164,362153932_1,366086579_3,279,222.07199999998073,-56.92800000001927,56.92800000001927,42
nextstrain_tree_graph_300day,164,365880031_3,366641173_3,391,338.2214999998917,-52.778500000108295,52.778500000108295,60
nextstrain_tree_graph_300day,164,364179191_3,366076312_3,317,258.2317499998731,-58.7682500001269,58.7682500001269,48
nextstrain_tree_graph_300day,164,362499862_3,365897180_4,438,380.95574999987775,-57.04425000012225,57.04425000012225,66
nextstrain_tree_graph_300day,164,361601442_1,364033544_2,294,258.9622499999389,-35.03775000006112,35.03775000006112,45
nextstrain_tree_graph_300day,164,362669089_2,365286619_3,244,187.0079999999794,-56.992000000020596,56.992000000020596,39
nextstrain_tree_graph_300day,164,363044114_2,365411867_2,383,329.82074999992426,-53.17925000007574,53.17925000007574,57
nextstrain_tree_graph_300day,164,361858812_1,362972161_3,405,352.10099999997874,-52.89900000002126,52.89900000002126,64
nextstrain_tree_graph_300day,164,364754317_2,366208315_2,124,103.00050000005581,-20.99949999994419,20.99949999994419,21
nextstrain_tree_graph_300day,164,362981420_3,366196708_2,273,243.25649999997808,-29.743500000021925,29.743500000021925,44
nextstrain_tree_graph_300day,164,366151525_3,368732718_3,234,181.1639999999515,-52.8360000000485,52.8360000000485,38
nextstrain_tree_graph_300day,164,361283411_1,362476219_1,272,220.24574999994087,-51.75425000005913,51.75425000005913,48
nextstrain_tree_graph_300day,164,361490999_2,364520866_2,486,433.1864999998884,-52.81350000011162,52.81350000011162,72
nextstrain_tree_graph_300day,164,363071864_1,363838450_3,264,211.84499999997342,-52.155000000026575,52.155000000026575,42
nextstrain_tree_graph_300day,164,367377445_1,368654892_3,514,445.60500000000997,-68.39499999999003,68.39499999999003,76
nextstrain_tree_graph_300day,164,366107916_2,367002306_2,190,132.9509999999289,-57.04900000007109,57.04900000007109,30
nextstrain_tree_graph_300day,164,362758364_3,364763853_2,435,382.41674999992625,-52.58325000007375,52.58325000007375,66
nextstrain_tree_graph_300day,164,364226845_1,364996404_4,443,390.4522499999854,-52.54775000001462,52.54775000001462,66
nextstrain_tree_graph_300day,164,362065922_2,362843197_3,350,300.9659999999422,-49.0340000000578,49.0340000000578,51
nextstrain_tree_graph_300day,164,364236900_1,366106706_2,216,162.9014999999681,-53.09850000003189,53.09850000003189,36
nextstrain_tree_graph_300day,164,366162303_1,368812007_2,211,157.0574999999402,-53.942500000059795,53.942500000059795,34
nextstrain_tree_graph_300day,164,362309306_2,362757991_1,213,159.97949999995416,-53.02050000004584,53.02050000004584,38
nextstrain_tree_graph_300day,164,366615515_2,368500735_2,407,361.9627499999947,-45.037250000005315,45.037250000005315,65
nextstrain_tree_graph_300day,164,361458413_2,367132235_1,487,430.2644999999575,-56.73550000004252,56.73550000004252,76
nextstrain_tree_graph_300day,164,366846071_1,368031340_1,297,239.9692499998897,-57.03075000011029,57.03075000011029,49
nextstrain_tree_graph_300day,164,363025103_1,364320034_3,373,316.3064999999947,-56.693500000005315,56.693500000005315,59
nextstrain_tree_graph_300day,164,364787396_3,366117420_2,267,211.11449999990765,-55.88550000009235,55.88550000009235,42
nextstrain_tree_graph_300day,164,361236377_2,368725858_1,269,214.0364999999216,-54.9635000000784,54.9635000000784,41
nextstrain_tree_graph_300day,164,364288058_1,365586073_2,207,154.13549999992625,-52.86450000007375,52.86450000007375,29
nextstrain_tree_graph_300day,164,366105308_2,367914256_1,195,149.75249999994685,-45.24750000005315,45.24750000005315,30
nextstrain_tree_graph_300day,164,362542944_2,363373947_4,416,393.0089999999249,-22.991000000075076,22.991000000075076,59
nextstrain_tree_graph_300day,164,365647701_2,366962868_1,423,367.0762499999568,-55.923750000043185,55.923750000043185,67
nextstrain_tree_graph_300day,164,362391752_2,366988546_3,346,288.9127499999781,-57.087250000021925,57.087250000021925,57
nextstrain_tree_graph_300day,164,366720103_2,367216814_2,501,456.1972499999256,-44.80275000007441,44.80275000007441,80
nextstrain_tree_graph_300day,164,366724116_2,367475159_4,453,399.9487499999269,-53.05125000007308,53.05125000007308,68
nextstrain_tree_graph_300day,164,361509898_2,366082072_2,171,121.99349999993888,-49.00650000006112,49.00650000006112,25
nextstrain_tree_graph_300day,164,361950169_2,366199083_2,178,162.5362499998937,-15.463750000106302,15.463750000106302,24
nextstrain_tree_graph_300day,164,365874248_3,366077130_2,275,221.70674999998937,-53.29325000001063,53.29325000001063,44
nextstrain_tree_graph_300day,164,361452439_2,364497874_3,350,329.09024999994153,-20.909750000058466,20.909750000058466,55
nextstrain_tree_graph_300day,164,362391167_3,365623717_2,279,221.70674999990632,-57.29325000009368,57.29325000009368,47
nextstrain_tree_graph_300day,164,364298929_1,365513765_2,245,210.01874999993356,-34.98125000006644,34.98125000006644,36
nextstrain_tree_graph_300day,164,362708735_1,368302424_2,470,421.13324999992426,-48.86675000007574,48.86675000007574,73
nextstrain_tree_graph_300day,164,362931668_4,365391197_2,457,399.9487499999269,-57.05125000007308,57.05125000007308,70
nextstrain_tree_graph_300day,164,361973837_2,365584700_3,334,276.8594999999309,-57.140500000069096,57.140500000069096,50
nextstrain_tree_graph_300day,164,365439684_2,367278164_3,249,200.15700000000066,-48.842999999999336,48.842999999999336,39
nextstrain_tree_graph_300day,164,363263894_3,366185810_2,182,132.9509999999289,-49.04900000007109,49.04900000007109,29
nextstrain_tree_graph_300day,164,363329843_1,366245930_2,184,127.10699999998405,-56.893000000015945,56.893000000015945,34
nextstrain_tree_graph_300day,164,362310993_2,362948239_2,238,185.91224999992227,-52.08775000007773,52.08775000007773,37
nextstrain_tree_graph_300day,164,361780011_1,366165691_2,273,215.1322499998957,-57.86775000010431,57.86775000010431,47
nextstrain_tree_graph_300day,164,363494180_1,364802662_2,489,437.2042499999595,-51.79575000004053,51.79575000004053,67
nextstrain_tree_graph_300day,164,361962520_2,363473934_2,329,280.1467499999362,-48.85325000006378,48.85325000006378,54
nextstrain_tree_graph_300day,164,361905150_2,365242571_2,123,93.50399999986513,-29.49600000013487,29.49600000013487,19
nextstrain_tree_graph_300day,164,365111512_4,366846081_2,322,265.1714999998751,-56.828500000124905,56.828500000124905,52
nextstrain_tree_graph_300day,164,366088368_2,367197047_1,175,117.97574999995084,-57.024250000049165,57.024250000049165,30
nextstrain_tree_graph_300day,164,364495496_1,366214820_2,194,140.986499999905,-53.01350000009501,53.01350000009501,36
nextstrain_tree_graph_300day,164,361767786_4,363403401_2,282,233.02949999997077,-48.97050000002923,48.97050000002923,42
nextstrain_tree_graph_300day,164,364745494_2,365622956_2,363,307.1752499998784,-55.82475000012158,55.82475000012158,59
nextstrain_tree_graph_300day,164,362065960_3,365388475_3,382,325.0724999999535,-56.92750000004651,56.92750000004651,62
nextstrain_tree_graph_300day,164,362864952_3,364655479_3,336,283.06874999995017,-52.93125000004983,52.93125000004983,53
nextstrain_tree_graph_300day,164,365707573_2,366133500_2,353,300.2354999998764,-52.764500000123576,52.764500000123576,55
nextstrain_tree_graph_300day,164,366090087_2,366135805_2,55,13.879499999920938,-41.12050000007906,41.12050000007906,9
nextstrain_tree_graph_300day,164,365443505_3,366076958_2,139,81.81599999989237,-57.18400000010763,57.18400000010763,23
nextstrain_tree_graph_300day,164,363370571_2,366548621_3,317,260.05799999991297,-56.942000000087035,56.942000000087035,48
nextstrain_tree_graph_300day,164,365694227_3,366578129_4,369,315.9412499999203,-53.058750000079726,53.058750000079726,57
nextstrain_tree_graph_300day,164,364602509_1,366900486_3,477,428.07299999992625,-48.92700000007375,48.92700000007375,66
nextstrain_tree_graph_300day,164,362509451_2,366110670_2,288,231.2032499999309,-56.796750000069096,56.796750000069096,45
nextstrain_tree_graph_300day,164,362473546_2,366118714_2,96,38.71649999991496,-57.28350000008504,57.28350000008504,18
nextstrain_tree_graph_300day,164,363315283_1,368565174_2,253,199.79174999992625,-53.20825000007375,53.20825000007375,43
nextstrain_tree_graph_300day,164,364804152_2,367267080_3,275,230.10749999995681,-44.892500000043185,44.892500000043185,40
nextstrain_tree_graph_300day,164,362697027_2,365308227_1,434,377.3032499998811,-56.696750000118925,56.696750000118925,69
nextstrain_tree_graph_300day,164,362483225_2,365353941_2,412,355.38824999998405,-56.611750000015945,56.611750000015945,63
nextstrain_tree_graph_300day,164,364823141_3,365082414_3,266,211.1144999999907,-54.8855000000093,54.8855000000093,46
nextstrain_tree_graph_300day,164,366148802_2,368566932_3,268,211.11449999990765,-56.88550000009235,56.88550000009235,41
nextstrain_tree_graph_300day,164,363203356_2,366113304_2,329,277.955249999905,-51.04475000009501,51.04475000009501,50
nextstrain_tree_graph_300day,164,365576912_2,366146703_2,239,185.91224999992227,-53.08775000007773,53.08775000007773,40
nextstrain_tree_graph_300day,164,361910789_1,366149295_1,304,246.9089999998917,-57.091000000108295,57.091000000108295,45
nextstrain_tree_graph_300day,164,365585597_4,368725858_1,318,262.9799999999269,-55.02000000007308,55.02000000007308,46
nextstrain_tree_graph_300day,164,364667112_1,366128783_3,279,226.08974999988573,-52.910250000114274,52.910250000114274,48
nextstrain_tree_graph_300day,164,362230930_2,362444529_2,165,111.76649999993157,-53.23350000006843,53.23350000006843,26
nextstrain_tree_graph_300day,164,365666343_2,366096827_2,121,63.91874999998339,-57.08125000001661,57.08125000001661,24
nextstrain_tree_graph_300day,164,363146076_1,366801338_2,311,253.8487499998937,-57.1512500001063,57.1512500001063,52
nextstrain_tree_graph_300day,164,361632978_4,363017479_1,410,353.1967499998698,-56.80325000013022,56.80325000013022,67
nextstrain_tree_graph_300day,164,366134386_2,368635274_2,295,237.77774999994153,-57.222250000058466,57.222250000058466,47
nextstrain_tree_graph_300day,164,361693744_1,362880079_2,361,309.0014999999183,-51.99850000008172,51.99850000008172,55
nextstrain_tree_graph_300day,164,362389319_2,364181192_2,180,123.08924999991297,-56.910750000087035,56.910750000087035,32
nextstrain_tree_graph_300day,164,365659011_3,365685020_2,506,451.08374999996346,-54.91625000003654,54.91625000003654,77
nextstrain_tree_graph_300day,164,366070610_3,367823631_1,221,172.03275000000133,-48.96724999999867,48.96724999999867,34
nextstrain_tree_graph_300day,164,361646335_2,368598212_3,240,181.16399999986845,-58.83600000013155,58.83600000013155,41
nextstrain_tree_graph_300day,164,363095979_2,366152329_3,278,229.01174999989968,-48.98825000010032,48.98825000010032,41
nextstrain_tree_graph_300day,164,365832538_2,365853152_1,350,292.93049999988307,-57.06950000011693,57.06950000011693,54
nextstrain_tree_graph_300day,164,362454498_1,366146707_2,541,490.16549999995283,-50.83450000004717,50.83450000004717,73
nextstrain_tree_graph_300day,164,362972162_2,368004522_3,342,289.27799999996944,-52.72200000003056,52.72200000003056,49
nextstrain_tree_graph_300day,164,365692110_2,367018250_2,400,351.00525000000465,-48.99474999999535,48.99474999999535,60
nextstrain_tree_graph_300day,164,365223582_2,366088193_1,110,90.94724999992559,-19.05275000007441,19.05275000007441,17
nextstrain_tree_graph_300day,164,364460221_4,364692560_1,437,383.87774999997475,-53.12225000002525,53.12225000002525,60
nextstrain_tree_graph_300day,164,361577822_2,362772572_3,366,313.01924999998937,-52.98075000001063,52.98075000001063,53
nextstrain_tree_graph_300day,164,363364645_1,366607656_2,410,363.0584999998857,-46.941500000114274,46.941500000114274,69
nextstrain_tree_graph_300day,164,366077200_2,366880026_3,298,241.06499999994685,-56.93500000005315,56.93500000005315,44
nextstrain_tree_graph_300day,164,362808762_2,367670677_2,294,237.0472499999588,-56.95275000004119,56.95275000004119,49
nextstrain_tree_graph_300day,164,364551643_3,364564188_1,363,314.11499999996346,-48.88500000003654,48.88500000003654,56
nextstrain_tree_graph_300day,164,363806740_2,366148954_2,281,223.89824999993755,-57.10175000006245,57.10175000006245,44
nextstrain_tree_graph_300day,164,364741991_4,368684393_3,378,321.0547499998824,-56.945250000117596,56.945250000117596,59
nextstrain_tree_graph_300day,164,363478425_2,366382365_1,321,272.11124999996014,-48.88875000003986,48.88875000003986,50
nextstrain_tree_graph_300day,164,362850535_4,362956827_1,500,443.04824999990433,-56.95175000009567,56.95175000009567,73
nextstrain_tree_graph_300day,164,362438307_1,366153283_2,322,264.8062499999668,-57.19375000003322,57.19375000003322,49
nextstrain_tree_graph_300day,164,363247466_3,366148189_3,259,210.01874999993356,-48.98125000006644,48.98125000006644,36
nextstrain_tree_graph_300day,164,362559689_1,365294817_2,257,241.4302499999382,-15.569750000061788,15.569750000061788,39
nextstrain_tree_graph_300day,164,362327109_1,365536860_2,257,213.67124999993024,-43.32875000006976,43.32875000006976,41
nextstrain_tree_graph_300day,164,367164836_2,367432014_2,290,237.0472499999588,-52.95275000004119,52.95275000004119,46
nextstrain_tree_graph_300day,164,364781544_3,364948793_2,397,340.41299999992293,-56.58700000007707,56.58700000007707,63
nextstrain_tree_graph_300day,164,363124304_3,363255588_3,183,124.1849999999701,-58.8150000000299,58.8150000000299,32
nextstrain_tree_graph_300day,164,365655550_2,366733247_1,375,322.15049999993954,-52.84950000006046,52.84950000006046,57
nextstrain_tree_graph_300day,164,362841201_2,364028460_1,330,271.015499999903,-58.984500000097,58.984500000097,53
nextstrain_tree_graph_300day,164,362981816_2,363488375_3,175,117.97574999995084,-57.024250000049165,57.024250000049165,32
nextstrain_tree_graph_300day,164,364197947_2,366414575_1,489,477.38174999992293,-11.618250000077069,11.618250000077069,73
nextstrain_tree_graph_300day,164,361578943_2,365650682_2,416,359.4059999999721,-56.594000000027904,56.594000000027904,64
nextstrain_tree_graph_300day,164,367475075_2,367959344_3,333,306.0794999999874,-26.920500000012623,26.920500000012623,46
nextstrain_tree_graph_300day,164,365741223_2,366192511_1,445,387.8954999999628,-57.104500000037206,57.104500000037206,67
nextstrain_tree_graph_300day,164,362908230_2,367456649_2,386,334.20374999990366,-51.796250000096336,51.796250000096336,62
nextstrain_tree_graph_300day,164,362548976_2,368685977_2,374,325.0724999999535,-48.92750000004651,48.92750000004651,56
nextstrain_tree_graph_300day,164,362362554_4,365102642_2,331,296.21774999997143,-34.78225000002857,34.78225000002857,49
nextstrain_tree_graph_300day,164,366088350_2,366247185_2,76,18.992999999883068,-57.00700000011693,57.00700000011693,14
nextstrain_tree_graph_300day,164,366103423_2,366985965_2,179,121.99349999993888,-57.00650000006112,57.00650000006112,30
nextstrain_tree_graph_300day,164,366102517_2,368031141_1,233,180.06824999989436,-52.93175000010564,52.93175000010564,37
nextstrain_tree_graph_300day,164,362437486_2,362871384_2,369,312.2887499999236,-56.711250000076404,56.711250000076404,61
nextstrain_tree_graph_300day,164,362439060_2,365268490_1,335,278.32049999989636,-56.679500000103644,56.679500000103644,56
nextstrain_tree_graph_300day,164,366152355_2,366188257_2,58,20.81924999992293,-37.18075000007707,37.18075000007707,10
nextstrain_tree_graph_300day,164,365511880_3,366875590_2,360,303.1574999999734,-56.842500000026575,56.842500000026575,55
nextstrain_tree_graph_300day,164,362897447_1,367451884_3,277,220.24574999994087,-56.75425000005913,56.75425000005913,45
nextstrain_tree_graph_300day,164,363328144_2,368387026_2,375,318.1327499999515,-56.8672500000485,56.8672500000485,61
nextstrain_tree_graph_300day,164,362902054_4,366122447_2,192,135.1424999998771,-56.85750000012291,56.85750000012291,34
nextstrain_tree_graph_300day,164,362197828_3,366649906_1,369,311.92349999993223,-57.07650000006777,57.07650000006777,57
nextstrain_tree_graph_300day,164,362863324_3,366884534_2,491,442.3177499999216,-48.6822500000784,48.6822500000784,72
nextstrain_tree_graph_300day,164,363094854_2,365068481_2,144,90.58199999993423,-53.418000000065774,53.418000000065774,25
nextstrain_tree_graph_300day,164,363157661_1,363179717_2,423,365.9804999998997,-57.01950000010032,57.01950000010032,66
nextstrain_tree_graph_300day,164,364052088_4,365318240_1,333,276.1289999999482,-56.87100000005182,56.87100000005182,55
nextstrain_tree_graph_300day,164,365523591_4,366898135_2,314,265.17149999995814,-48.828500000041856,48.828500000041856,51
nextstrain_tree_graph_300day,164,362473499_2,364726558_3,529,472.2682499999608,-56.7317500000392,56.7317500000392,84
nextstrain_tree_graph_300day,164,363448465_2,364471469_2,350,292.9304999999661,-57.069500000033884,57.069500000033884,54
nextstrain_tree_graph_300day,164,364666411_1,367443394_1,309,288.1822500000784,-20.817749999921602,20.817749999921602,43
nextstrain_tree_graph_300day,164,362869205_1,368840431_1,293,235.95149999990167,-57.04850000009833,57.04850000009833,48
nextstrain_tree_graph_300day,164,365040593_2,368719415_2,328,279.0509999998791,-48.94900000012092,48.94900000012092,48
nextstrain_tree_graph_300day,164,362617472_4,367114048_2,418,397.3920000000704,-20.607999999929575,20.607999999929575,63
nextstrain_tree_graph_300day,164,363220174_2,366647411_1,247,197.9654999998864,-49.03450000011361,49.03450000011361,35
nextstrain_tree_graph_300day,164,368282704_1,368441312_2,371,306.44474999997874,-64.55525000002126,64.55525000002126,58
nextstrain_tree_graph_300day,164,363103898_2,363239365_2,317,268.0934999999721,-48.906500000027904,48.906500000027904,47
nextstrain_tree_graph_300day,164,368599018_1,368835166_2,288,233.02949999997077,-54.97050000002923,54.97050000002923,46
nextstrain_tree_graph_300day,164,365431034_4,367729151_2,338,285.2602499999814,-52.7397500000186,52.7397500000186,53
nextstrain_tree_graph_300day,164,361603670_1,361896580_2,198,149.02199999996412,-48.97800000003588,48.97800000003588,33
nextstrain_tree_graph_300day,164,362010731_3,362497121_1,503,447.0659999999754,-55.93400000002458,55.93400000002458,78
nextstrain_tree_graph_300day,164,364586822_2,368083148_3,545,489.4349999999701,-55.5650000000299,55.5650000000299,82
nextstrain_tree_graph_300day,164,363674701_1,367955317_3,345,293.2957499999575,-51.70425000004252,51.70425000004252,52
nextstrain_tree_graph_300day,164,366105308_2,368760103_3,260,203.07899999993157,-56.92100000006843,56.92100000006843,41
nextstrain_tree_graph_300day,164,361623337_1,366585357_1,482,425.1509999999123,-56.8490000000877,56.8490000000877,73
nextstrain_tree_graph_300day,164,364775982_2,367267160_1,374,318.1327499999515,-55.8672500000485,55.8672500000485,58
nextstrain_tree_graph_300day,164,365018108_2,366273100_1,513,456.1972499999256,-56.80275000007441,56.80275000007441,82
nextstrain_tree_graph_300day,164,364385258_2,366096713_1,319,262.2494999999442,-56.75050000005581,56.75050000005581,53
nextstrain_tree_graph_300day,164,364857966_2,366155591_3,271,214.03650000000465,-56.96349999999535,56.96349999999535,43
nextstrain_tree_graph_300day,164,362275299_2,362433466_2,329,280.1467499999362,-48.85325000006378,48.85325000006378,51
nextstrain_tree_graph_300day,164,363128930_3,366135704_3,179,126.01124999992692,-52.98875000007308,52.98875000007308,30
nextstrain_tree_graph_300day,164,366104985_2,366281152_2,264,216.22799999986978,-47.77200000013022,47.77200000013022,40
nextstrain_tree_graph_300day,164,363539505_3,366185214_2,338,284.89499999999003,-53.105000000009966,53.105000000009966,52
nextstrain_tree_graph_300day,164,365458017_3,368622605_1,322,265.9019999998578,-56.09800000014218,56.09800000014218,52
nextstrain_tree_graph_300day,164,363025409_1,365179201_2,209,155.96174999988307,-53.03825000011693,53.03825000011693,34
nextstrain_tree_graph_300day,164,365292340_2,365518512_4,423,365.9804999998997,-57.01950000010032,57.01950000010032,66
nextstrain_tree_graph_300day,164,362914975_2,366088899_2,155,96.06074999997077,-58.93925000002923,58.93925000002923,25
nextstrain_tree_graph_300day,164,365812123_2,366837010_1,517,460.21499999991363,-56.78500000008637,56.78500000008637,80
nextstrain_tree_graph_300day,164,362725086_2,367670677_2,244,195.0434999999555,-48.956500000044514,48.956500000044514,37
nextstrain_tree_graph_300day,164,364318245_2,365289245_1,199,170.57174999986978,-28.42825000013022,28.42825000013022,30
nextstrain_tree_graph_300day,164,362849175_1,366189800_2,160,103.00049999997276,-56.99950000002724,56.99950000002724,31
nextstrain_tree_graph_300day,164,364610229_3,366152183_2,123,93.13874999995681,-29.861250000043185,29.861250000043185,20
nextstrain_tree_graph_300day,164,362999697_1,364403229_4,296,246.9089999998917,-49.091000000108295,49.091000000108295,42
nextstrain_tree_graph_300day,164,362113723_2,362648425_2,313,256.0402499999249,-56.959750000075076,56.959750000075076,53
nextstrain_tree_graph_300day,164,364780457_2,366072774_2,293,241.79549999992958,-51.204500000070425,51.204500000070425,44
nextstrain_tree_graph_300day,164,366105987_2,368733119_3,234,181.1639999999515,-52.8360000000485,52.8360000000485,39
nextstrain_tree_graph_300day,164,363144842_2,364406681_1,149,89.8514999999515,-59.1485000000485,59.1485000000485,25
nextstrain_tree_graph_300day,164,365351984_3,368107466_2,202,167.2844999999475,-34.71550000005249,34.71550000005249,32
nextstrain_tree_graph_300day,164,363395622_3,365180755_1,461,403.96649999991496,-57.03350000008504,57.03350000008504,69
nextstrain_tree_graph_300day,164,363143570_2,366588417_1,424,375.1117499999329,-48.8882500000671,48.8882500000671,65
nextstrain_tree_graph_300day,164,366190985_2,366825370_4,446,388.62600000002857,-57.37399999997143,57.37399999997143,63
nextstrain_tree_graph_300day,164,365093458_2,366598973_2,221,168.01499999993024,-52.98500000006976,52.98500000006976,33
nextstrain_tree_graph_300day,164,361536138_2,366576200_3,409,360.1364999998718,-48.86350000012823,48.86350000012823,62
nextstrain_tree_graph_300day,164,362582231_3,366084002_2,328,279.05099999996213,-48.94900000003787,48.94900000003787,46
nextstrain_tree_graph_300day,164,366162824_2,366695739_2,294,237.04724999987576,-56.95275000012424,56.95275000012424,47
nextstrain_tree_graph_300day,164,363823254_2,364289884_3,385,316.3064999999947,-68.69350000000532,68.69350000000532,60
nextstrain_tree_graph_300day,164,365586533_2,368328141_2,228,174.95474999993223,-53.04525000006777,53.04525000006777,34
nextstrain_tree_graph_300day,164,362078860_1,362113687_2,199,142.08224999996213,-56.91775000003787,56.91775000003787,33
nextstrain_tree_graph_300day,164,364712020_2,366475338_2,156,98.98274999990167,-57.01725000009833,57.01725000009833,28
nextstrain_tree_graph_300day,164,366200251_1,368508009_3,290,238.87349999999867,-51.12650000000133,51.12650000000133,46
nextstrain_tree_graph_300day,164,364742694_2,367138610_2,303,245.81324999991762,-57.186750000082384,57.186750000082384,50
nextstrain_tree_graph_300day,164,361321976_2,362733831_1,405,352.10099999997874,-52.89900000002126,52.89900000002126,64
nextstrain_tree_graph_300day,164,362939259_3,366118806_2,310,257.135999999899,-52.86400000010099,52.86400000010099,52
nextstrain_tree_graph_300day,164,364584744_2,365680762_2,190,131.1247499999721,-58.875250000027904,58.875250000027904,31
nextstrain_tree_graph_300day,164,365680968_2,366092576_2,223,165.82349999998206,-57.17650000001794,57.17650000001794,34
nextstrain_tree_graph_300day,164,362000160_3,366090503_2,230,173.12849999997542,-56.87150000002458,56.87150000002458,34
nextstrain_tree_graph_300day,164,362122332_2,367902602_3,368,315.21074999993755,-52.78925000006245,52.78925000006245,54
nextstrain_tree_graph_300day,164,363435732_3,367680858_3,429,420.40274999994153,-8.597250000058466,8.597250000058466,67
nextstrain_tree_graph_300day,164,365661560_4,367471341_3,478,421.13324999992426,-56.86675000007574,56.86675000007574,82
nextstrain_tree_graph_300day,164,362434958_3,364768073_2,309,252.02249999993688,-56.97750000006312,56.97750000006312,48
nextstrain_tree_graph_300day,164,366076530_2,366676624_2,117,57.70949999996412,-59.29050000003588,59.29050000003588,22
nextstrain_tree_graph_300day,164,366152544_2,367427819_3,251,197.9654999998864,-53.03450000011361,53.03450000011361,39
nextstrain_tree_graph_300day,164,364699782_2,368817376_1,322,265.17149999995814,-56.828500000041856,56.828500000041856,49
nextstrain_tree_graph_300day,164,362818903_4,368674998_2,459,402.1402499998751,-56.859750000124905,56.859750000124905,67
nextstrain_tree_graph_300day,164,362648002_2,362899878_3,318,260.7884999998957,-57.21150000010431,57.21150000010431,52
nextstrain_tree_graph_300day,164,365871356_1,366084539_1,312,260.05799999991297,-51.942000000087035,51.942000000087035,46
nextstrain_tree_graph_300day,164,365443658_3,367578538_2,525,473.3639999999349,-51.63600000006511,51.63600000006511,74
nextstrain_tree_graph_300day,164,363030114_2,365680365_1,348,292.1999999999834,-55.80000000001661,55.80000000001661,56
nextstrain_tree_graph_300day,164,363469952_2,368565174_2,292,246.90899999997475,-45.09100000002525,45.09100000002525,50
nextstrain_tree_graph_300day,164,366090924_2,366735276_2,274,246.9089999998917,-27.091000000108295,27.091000000108295,38
nextstrain_tree_graph_300day,164,361893315_2,366616795_2,273,247.27424999988307,-25.725750000116932,25.725750000116932,41
nextstrain_tree_graph_300day,164,361884344_2,362004682_4,187,163.9972499999422,-23.0027500000578,23.0027500000578,28
nextstrain_tree_graph_300day,164,362969460_1,365397106_2,275,254.2140000001342,-20.785999999865794,20.785999999865794,42
nextstrain_tree_graph_300day,164,366216298_3,366900701_4,311,253.8487499998937,-57.1512500001063,57.1512500001063,46
nextstrain_tree_graph_300day,164,363067081_2,366161933_2,336,279.05099999996213,-56.94900000003787,56.94900000003787,56
nextstrain_tree_graph_300day,164,366849678_2,368618628_1,299,242.16074999992094,-56.83925000007906,56.83925000007906,50
nextstrain_tree_graph_300day,164,362990091_1,365354150_4,335,277.955249999905,-57.04475000009501,57.04475000009501,54
nextstrain_tree_graph_300day,164,365286023_3,368701509_2,270,220.9762499999236,-49.023750000076404,49.023750000076404,41
nextstrain_tree_graph_300day,164,363163324_2,366083745_2,322,273.2069999999342,-48.793000000065774,48.793000000065774,49
nextstrain_tree_graph_300day,164,364920407_3,368747140_4,425,133.68149999999468,-291.3185000000053,291.3185000000053,66
nextstrain_tree_graph_300day,164,365423927_3,368465368_1,323,231.56850000008836,-91.43149999991164,91.43149999991164,49
nextstrain_tree_graph_300day,164,366719481_2,366740652_2,482,459.4844999999309,-22.515500000069096,22.515500000069096,68
nextstrain_tree_graph_300day,164,366321177_3,367105628_3,327,269.9197499999289,-57.08025000007109,57.08025000007109,50
nextstrain_tree_graph_300day,164,364944035_1,367708366_3,384,368.90249999991363,-15.09750000008637,15.09750000008637,61
nextstrain_tree_graph_300day,164,361461314_2,366222421_3,375,318.13274999986845,-56.86725000013155,56.86725000013155,61
nextstrain_tree_graph_300day,164,365379380_2,365734194_1,217,163.9972499999422,-53.0027500000578,53.0027500000578,35
nextstrain_tree_graph_300day,164,362751582_4,366105263_2,231,181.89449999993423,-49.105500000065774,49.105500000065774,35
nextstrain_tree_graph_300day,164,365088659_2,368332275_1,352,295.12199999999734,-56.87800000000266,56.87800000000266,56
nextstrain_tree_graph_300day,164,361585499_1,368503429_2,287,237.77774999994153,-49.222250000058466,49.222250000058466,46
nextstrain_tree_graph_300day,164,364593310_2,366220879_3,315,266.26724999993223,-48.73275000006777,48.73275000006777,48
nextstrain_tree_graph_300day,164,368107272_1,368139860_2,319,266.26724999993223,-52.73275000006777,52.73275000006777,45
nextstrain_tree_graph_300day,164,362126341_3,364083754_1,414,374.38124999995017,-39.61875000004983,39.61875000004983,60
nextstrain_tree_graph_300day,164,366259101_2,368331049_2,183,136.96875,-46.03125,46.03125,29
nextstrain_tree_graph_300day,164,363234063_2,366970493_2,273,216.22799999995283,-56.77200000004717,56.77200000004717,47
nextstrain_tree_graph_300day,164,366012560_2,368780873_2,218,168.01499999993024,-49.98500000006976,49.98500000006976,35
nextstrain_tree_graph_300day,164,363059386_1,364324560_3,298,245.0827499999349,-52.91725000006511,52.91725000006511,47
nextstrain_tree_graph_300day,164,361637248_3,367962368_1,357,300.2354999999595,-56.76450000004053,56.76450000004053,58
nextstrain_tree_graph_300day,164,362753306_2,363401077_2,498,441.2219999999475,-56.77800000005249,56.77800000005249,78
nextstrain_tree_graph_300day,164,361490323_2,366138760_3,146,118.70624999993356,-27.29375000006644,27.29375000006644,26
nextstrain_tree_graph_300day,164,365213007_2,366106247_2,305,252.38774999992825,-52.612250000071754,52.612250000071754,45
nextstrain_tree_graph_300day,164,363086348_2,366104024_2,263,204.17474999990566,-58.82525000009434,58.82525000009434,44
nextstrain_tree_graph_300day,164,363539023_1,366103086_3,260,207.0967499999196,-52.90325000008039,52.90325000008039,39
nextstrain_tree_graph_300day,164,366639350_2,368681078_2,348,291.10424999992625,-56.89575000007375,56.89575000007375,60
nextstrain_tree_graph_300day,164,362305783_2,366202787_2,103,91.67774999990831,-11.322250000091685,11.322250000091685,15
nextstrain_tree_graph_300day,164,362974530_2,366897771_2,420,363.0584999998857,-56.941500000114274,56.941500000114274,66
nextstrain_tree_graph_300day,164,363631677_3,367649172_2,331,273.93749999991695,-57.06250000008305,57.06250000008305,53
nextstrain_tree_graph_300day,164,365336571_4,366242703_2,446,388.9912499999369,-57.00875000006312,57.00875000006312,73
nextstrain_tree_graph_300day,164,365922810_4,366983294_2,323,216.59325000002724,-106.40674999997276,106.40674999997276,51
nextstrain_tree_graph_300day,164,363251542_4,365216541_1,292,262.61474999993555,-29.385250000064445,29.385250000064445,45
nextstrain_tree_graph_300day,164,366173524_2,367110475_3,148,98.98274999990167,-49.01725000009833,49.01725000009833,24
nextstrain_tree_graph_300day,164,365489782_2,367293109_1,553,501.12299999994286,-51.87700000005714,51.87700000005714,85
nextstrain_tree_graph_300day,164,364582602_2,365599984_1,286,229.01174999989968,-56.98825000010032,56.98825000010032,47
nextstrain_tree_graph_300day,187,364797312_3,366317092_2,92,108.11400000001794,16.11400000001794,16.11400000001794,15
nextstrain_tree_graph_300day,187,365414733_4,365700966_1,246,81.08549999999269,-164.9145000000073,164.9145000000073,37
nextstrain_tree_graph_300day,187,365786913_3,368262944_3,436,411.27149999999136,-24.728500000008637,24.728500000008637,68
nextstrain_tree_graph_300day,187,365270625_4,365784819_1,328,344.430749999994,16.43074999999402,16.43074999999402,51
nextstrain_tree_graph_300day,187,364971676_3,365724217_1,235,241.06499999994685,6.064999999946849,6.064999999946849,34
nextstrain_tree_graph_300day,187,365820751_2,366399894_2,199,186.27749999999668,-12.722500000003322,12.722500000003322,32
nextstrain_tree_graph_300day,187,366140638_2,366306822_3,233,181.16400000003455,-51.83599999996545,51.83599999996545,37
nextstrain_tree_graph_300day,187,365651780_2,368275495_2,345,326.533500000002,-18.466499999998007,18.466499999998007,54
nextstrain_tree_graph_300day,187,363569977_1,365723695_2,226,232.298999999905,6.298999999904993,6.298999999904993,33
nextstrain_tree_graph_300day,187,366185326_2,368208569_1,405,353.19674999995283,-51.80325000004717,51.80325000004717,62
nextstrain_tree_graph_300day,187,366139744_2,366212828_2,104,52.23075000001063,-51.76924999998937,51.76924999998937,16
nextstrain_tree_graph_300day,187,363766187_2,365727889_1,223,212.9407499999475,-10.059250000052486,10.059250000052486,35
nextstrain_tree_graph_300day,187,362424960_3,365723695_2,328,336.3952499999349,8.39524999993489,8.39524999993489,53
nextstrain_tree_graph_300day,187,362946746_1,366139943_2,165,113.22749999998007,-51.77250000001993,51.77250000001993,29
nextstrain_tree_graph_300day,187,365498462_2,366253596_1,269,259.32749999993024,-9.67250000006976,9.67250000006976,41
nextstrain_tree_graph_300day,187,364987704_3,366301091_2,161,169.47599999997874,8.47599999997874,8.47599999997874,25
nextstrain_tree_graph_300day,187,364938656_2,368183650_1,238,229.3769999999741,-8.623000000025911,8.623000000025911,41
nextstrain_tree_graph_300day,187,365636334_1,368355415_2,215,67.2059999999887,-147.7940000000113,147.7940000000113,33
nextstrain_tree_graph_300day,187,363675038_3,365639120_4,442,432.0907499999143,-9.909250000085706,9.909250000085706,66
nextstrain_tree_graph_300day,187,363517142_2,365364422_2,145,135.14249999996014,-9.857500000039863,9.857500000039863,26
nextstrain_tree_graph_300day,187,362563698_4,365390306_3,338,329.45550000001595,-8.544499999984055,8.544499999984055,49
nextstrain_tree_graph_300day,187,365278665_3,367820300_1,384,391.5479999999595,7.5479999999594725,7.5479999999594725,55
nextstrain_tree_graph_300day,187,362600636_1,365326156_2,381,372.189750000002,-8.810249999998007,8.810249999998007,56
nextstrain_tree_graph_300day,187,363446027_2,366238383_2,80,67.93649999997143,-12.063500000028569,12.063500000028569,11
nextstrain_tree_graph_300day,187,366099727_1,366271888_2,128,74.1457499999907,-53.8542500000093,53.8542500000093,19
nextstrain_tree_graph_300day,187,363446027_2,363675038_3,257,245.0827499999349,-11.91725000006511,11.91725000006511,36
nextstrain_tree_graph_300day,187,361389830_3,368244480_3,177,193.21724999999867,16.21724999999867,16.21724999999867,27
nextstrain_tree_graph_300day,187,364237815_3,366231483_2,406,396.2962500000133,-9.703749999986712,9.703749999986712,65
nextstrain_tree_graph_300day,187,366279706_2,366284682_3,219,209.28824999995084,-9.711750000049165,9.711750000049165,31
nextstrain_tree_graph_300day,187,364930705_3,365723110_3,351,237.77775000002458,-113.22224999997542,113.22224999997542,50
nextstrain_tree_graph_300day,187,365719760_1,365849852_4,368,358.67549999998937,-9.32450000001063,9.32450000001063,58
nextstrain_tree_graph_300day,187,362681426_2,363312886_1,200,174.22425000003255,-25.775749999967445,25.775749999967445,30
nextstrain_tree_graph_300day,187,365320832_4,367954577_1,405,350.2747500000219,-54.725249999978075,54.725249999978075,61
nextstrain_tree_graph_300day,187,362313208_2,364509002_2,101,92.04299999998273,-8.957000000017274,8.957000000017274,16
nextstrain_tree_graph_300day,187,364524708_3,366240354_2,263,269.18925000002923,6.189250000029233,6.189250000029233,38
nextstrain_tree_graph_300day,187,362298903_2,366214617_2,92,82.18124999996678,-9.81875000003322,9.81875000003322,14
nextstrain_tree_graph_300day,187,364737164_2,366659781_4,375,177.51149999995482,-197.48850000004518,197.48850000004518,57
nextstrain_tree_graph_300day,187,362313208_2,365724653_1,144,169.11074999998738,25.110749999987377,25.110749999987377,24
nextstrain_tree_graph_300day,187,361420779_3,365786913_3,367,357.5797500000153,-9.42024999998472,9.42024999998472,58
nextstrain_tree_graph_300day,187,363513479_1,366118352_2,222,212.2102499999648,-9.789750000035212,9.789750000035212,34
nextstrain_tree_graph_300day,187,365718851_1,366264290_3,227,217.32374999992692,-9.676250000073082,9.676250000073082,34
nextstrain_tree_graph_300day,187,367464600_2,368208569_1,221,209.28825000003388,-11.711749999966116,11.711749999966116,36
nextstrain_tree_graph_300day,187,363643716_3,366621060_5,441,211.4797500000651,-229.5202499999349,229.5202499999349,63
nextstrain_tree_graph_300day,187,366270005_2,366755205_1,149,139.16025000003123,-9.839749999968774,9.839749999968774,25
nextstrain_tree_graph_300day,187,364859204_1,365644243_3,351,154.86599999990898,-196.13400000009102,196.13400000009102,52
nextstrain_tree_graph_300day,187,363521232_2,366100242_2,94,102.26999999999003,8.269999999990034,8.269999999990034,17
nextstrain_tree_graph_300day,187,364249794_2,366266307_2,432,422.59424999997276,-9.40575000002724,9.40575000002724,64
nextstrain_tree_graph_300day,187,364737164_2,365511033_2,329,131.48999999996346,-197.51000000003654,197.51000000003654,53
nextstrain_tree_graph_300day,187,361496279_2,366124225_3,117,62.45775000001794,-54.54224999998206,54.54224999998206,19
nextstrain_tree_graph_300day,187,364869770_1,365767776_2,224,207.82724999998538,-16.172750000014616,16.172750000014616,36
nextstrain_tree_graph_300day,187,364515386_2,366226669_2,164,154.1355000000093,-9.864499999990699,9.864499999990699,28
nextstrain_tree_graph_300day,187,366244542_3,367184309_3,133,132.58574999993755,-0.4142500000624523,0.4142500000624523,22
nextstrain_tree_graph_300day,187,363183659_1,366090785_1,139,85.10324999998073,-53.89675000001927,53.89675000001927,21
nextstrain_tree_graph_300day,187,363352213_2,366219289_2,217,207.0967499999196,-9.90325000008039,9.90325000008039,32
nextstrain_tree_graph_300day,187,363686180_3,364713517_1,412,360.1364999999548,-51.86350000004518,51.86350000004518,61
nextstrain_tree_graph_300day,187,366070990_1,366284682_3,269,215.13224999997874,-53.86775000002126,53.86775000002126,36
nextstrain_tree_graph_300day,187,361404358_3,365432439_2,251,184.08599999996545,-66.91400000003455,66.91400000003455,40
nextstrain_tree_graph_300day,187,365539345_2,366193650_2,288,234.49050000001927,-53.50949999998073,53.50949999998073,42
nextstrain_tree_graph_300day,187,365333107_2,366259762_3,104,110.30549999996612,6.305499999966116,6.305499999966116,18
nextstrain_tree_graph_300day,187,365578329_2,366098719_2,153,92.40825000005714,-60.59174999994286,60.59174999994286,24
nextstrain_tree_graph_300day,187,361436696_3,365793273_2,376,324.34199999997077,-51.65800000002923,51.65800000002923,59
nextstrain_tree_graph_300day,187,365540963_2,366150323_3,142,90.94724999992559,-51.05275000007441,51.05275000007441,23
nextstrain_tree_graph_300day,187,362762957_3,365340693_1,378,326.1682499999276,-51.83175000007242,51.83175000007242,50
nextstrain_tree_graph_300day,187,363559905_2,366268477_2,182,168.3802500000877,-13.619749999912301,13.619749999912301,29
nextstrain_tree_graph_300day,187,364239799_1,365804143_1,345,394.4700000000565,49.47000000005647,49.47000000005647,56
nextstrain_tree_graph_300day,187,366226669_2,366724950_1,75,51.500250000027904,-23.499749999972096,23.499749999972096,11
nextstrain_tree_graph_300day,187,363556306_1,365812114_2,207,211.11449999990765,4.11449999990765,4.11449999990765,31
nextstrain_tree_graph_300day,187,365767776_2,366155634_3,178,126.37650000000133,-51.62349999999867,51.62349999999867,27
nextstrain_tree_graph_300day,187,365089468_2,365137436_2,128,128.93325000002392,0.9332500000239179,0.9332500000239179,22
nextstrain_tree_graph_300day,187,363638599_3,366293486_1,323,310.46250000004983,-12.537499999950171,12.537499999950171,49
nextstrain_tree_graph_300day,187,364033432_2,366264534_2,86,76.33725000002192,-9.662749999978075,9.662749999978075,14
nextstrain_tree_graph_300day,187,366160794_2,366239339_2,105,52.961249999993356,-52.038750000006644,52.038750000006644,17
nextstrain_tree_graph_300day,187,366271313_1,368242041_3,271,261.51899999996147,-9.481000000038534,9.481000000038534,43
nextstrain_tree_graph_300day,187,365077488_2,368132042_3,440,308.6362499999269,-131.36375000007308,131.36375000007308,67
nextstrain_tree_graph_300day,187,363012327_1,365428666_1,294,181.16400000003455,-112.83599999996545,112.83599999996545,50
nextstrain_tree_graph_300day,187,366259762_3,367472886_1,76,90.21674999994286,14.216749999942863,14.216749999942863,12
nextstrain_tree_graph_300day,187,366151089_2,367573301_1,194,140.25600000000532,-53.743999999994685,53.743999999994685,29
nextstrain_tree_graph_300day,187,362941775_2,368857806_2,298,286.3559999999555,-11.644000000044514,11.644000000044514,44
nextstrain_tree_graph_300day,187,362749092_1,363518005_2,213,141.71700000005382,-71.28299999994618,71.28299999994618,34
nextstrain_tree_graph_300day,187,366873003_3,368234666_2,310,300.2354999999595,-9.764500000040528,9.764500000040528,48
nextstrain_tree_graph_300day,187,364945215_1,368004335_2,438,386.069250000006,-51.93074999999402,51.93074999999402,66
nextstrain_tree_graph_300day,187,363868586_3,364261913_2,350,298.40925000000266,-51.59074999999734,51.59074999999734,56
nextstrain_tree_graph_300day,187,366090785_1,367427074_2,154,100.07850000004186,-53.921499999958144,53.921499999958144,25
nextstrain_tree_graph_300day,187,363553884_3,366253254_2,171,203.07899999993157,32.07899999993157,32.07899999993157,25
nextstrain_tree_graph_300day,187,364964786_1,366399894_2,210,197.23500000006976,-12.76499999993024,12.76499999993024,33
nextstrain_tree_graph_300day,187,363337063_3,367116831_2,352,342.60449999995416,-9.395500000045843,9.395500000045843,52
nextstrain_tree_graph_300day,187,362640975_3,366258838_2,81,115.41899999992825,34.418999999928246,34.418999999928246,14
nextstrain_tree_graph_300day,187,363605735_4,366263934_3,248,238.14300000001595,-9.856999999984055,9.856999999984055,35
nextstrain_tree_graph_300day,187,366239003_2,367145907_2,102,92.04299999998273,-9.957000000017274,9.957000000017274,16
nextstrain_tree_graph_300day,187,366265335_2,368839195_3,266,256.4054999999163,-9.594500000083713,9.594500000083713,42
nextstrain_tree_graph_300day,187,362673230_4,368268212_1,404,352.4662499999701,-51.5337500000299,51.5337500000299,55
nextstrain_tree_graph_300day,187,365805814_3,366267576_2,216,206.36625000001993,-9.633749999980068,9.633749999980068,33
nextstrain_tree_graph_300day,187,361744408_1,366213079_3,201,192.12150000002458,-8.878499999975418,8.878499999975418,32
nextstrain_tree_graph_300day,187,361353802_3,365483478_3,469,417.48075000001063,-51.51924999998937,51.51924999998937,76
nextstrain_tree_graph_300day,187,362899547_1,365059177_1,399,405.42749999996346,6.427499999963459,6.427499999963459,59
nextstrain_tree_graph_300day,187,362479887_2,366242787_2,240,230.10750000003986,-9.892499999960137,9.892499999960137,37
nextstrain_tree_graph_300day,187,362791182_3,366139726_1,216,164.3625000000166,-51.63749999998339,51.63749999998339,28
nextstrain_tree_graph_300day,187,362686593_2,368196746_1,298,288.1822499999123,-9.817750000087699,9.817750000087699,43
nextstrain_tree_graph_300day,187,362864758_1,366271842_2,254,244.3522500000352,-9.647749999964788,9.647749999964788,38
nextstrain_tree_graph_300day,187,362044900_3,365720144_2,305,238.14300000001595,-66.85699999998405,66.85699999998405,46
nextstrain_tree_graph_300day,187,364595516_3,366234222_2,174,120.89774999996479,-53.10225000003521,53.10225000003521,28
nextstrain_tree_graph_300day,187,363664058_2,366241757_2,207,197.2349999999867,-9.765000000013288,9.765000000013288,31
nextstrain_tree_graph_300day,187,366160795_2,366191201_2,130,78.16349999997874,-51.83650000002126,51.83650000002126,19
nextstrain_tree_graph_300day,187,366176897_2,366260846_2,100,48.21300000002259,-51.78699999997741,51.78699999997741,15
nextstrain_tree_graph_300day,187,362989141_2,366169239_2,128,76.33725000002192,-51.662749999978075,51.662749999978075,18
nextstrain_tree_graph_300day,187,363616161_1,368195213_3,305,295.4872499999887,-9.512750000011295,9.512750000011295,50
nextstrain_tree_graph_300day,187,363559905_2,366140332_2,203,151.21349999999535,-51.78650000000465,51.78650000000465,33
nextstrain_tree_graph_300day,187,364575814_2,368132042_3,344,212.5754999998731,-131.4245000001269,131.4245000001269,52
nextstrain_tree_graph_300day,187,366212290_3,367654470_4,255,261.51899999996147,6.518999999961466,6.518999999961466,37
nextstrain_tree_graph_300day,187,363586838_1,365170502_3,297,268.45874999996346,-28.54125000003654,28.54125000003654,44
nextstrain_tree_graph_300day,187,361358264_2,361751679_3,512,502.58399999999136,-9.416000000008637,9.416000000008637,77
nextstrain_tree_graph_300day,187,365786913_3,366267886_2,297,284.5297500000817,-12.47024999991828,12.47024999991828,47
nextstrain_tree_graph_300day,187,366242916_3,368212197_4,362,352.10099999997874,-9.89900000002126,9.89900000002126,51
nextstrain_tree_graph_300day,187,366184987_3,367907236_3,458,299.87025000005116,-158.12974999994884,158.12974999994884,69
nextstrain_tree_graph_300day,187,365310274_3,365428666_1,288,157.05750000002325,-130.94249999997675,130.94249999997675,44
nextstrain_tree_graph_300day,187,366139749_2,366267360_3,81,28.85474999998206,-52.14525000001794,52.14525000001794,12
nextstrain_tree_graph_300day,187,364193591_2,365695247_3,458,406.1579999999462,-51.842000000053815,51.842000000053815,69
nextstrain_tree_graph_300day,187,363521602_2,364765084_2,240,230.10749999995681,-9.892500000043185,9.892500000043185,38
nextstrain_tree_graph_300day,187,362080243_2,366241329_2,158,148.2914999999814,-9.708500000018603,9.708500000018603,25
nextstrain_tree_graph_300day,187,361585396_2,365369357_3,281,308.2710000000186,27.271000000018603,27.271000000018603,39
nextstrain_tree_graph_300day,187,362845722_2,364967874_1,178,168.38025000000465,-9.61974999999535,9.61974999999535,30
nextstrain_tree_graph_300day,187,362260198_1,363446971_2,261,209.28825000003388,-51.711749999966116,51.711749999966116,39
nextstrain_tree_graph_300day,187,362550891_2,366259762_3,216,206.36625000001993,-9.633749999980068,9.633749999980068,31
nextstrain_tree_graph_300day,187,362458436_2,365406543_2,406,355.38824999998405,-50.611750000015945,50.611750000015945,55
nextstrain_tree_graph_300day,187,366223096_3,366249043_2,279,269.55449999993755,-9.445500000062452,9.445500000062452,40
nextstrain_tree_graph_300day,187,365330277_2,368196376_3,426,413.46300000010564,-12.536999999894363,12.536999999894363,66
nextstrain_tree_graph_300day,187,362669624_3,364994312_1,372,304.9837500000133,-67.01624999998671,67.01624999998671,57
nextstrain_tree_graph_300day,187,363684908_3,366743083_1,424,411.6367499999827,-12.363250000017274,12.363250000017274,63
nextstrain_tree_graph_300day,187,365330277_2,365724653_1,295,283.06875000011627,-11.931249999883732,11.931249999883732,48
nextstrain_tree_graph_300day,187,365834598_1,365849544_2,345,335.6647500000352,-9.335249999964788,9.335249999964788,58
nextstrain_tree_graph_300day,187,365345398_2,365793273_2,156,146.10000000003322,-9.89999999996678,9.89999999996678,26
nextstrain_tree_graph_300day,187,363706384_2,367434435_2,206,155.2312499999834,-50.76875000001661,50.76875000001661,37
nextstrain_tree_graph_300day,187,365137436_2,366238383_2,152,142.08224999996213,-9.91775000003787,9.91775000003787,26
nextstrain_tree_graph_300day,187,365689297_1,365790384_3,247,237.41249999995017,-9.587500000049829,9.587500000049829,42
nextstrain_tree_graph_300day,187,362691193_3,368258851_4,517,465.69374999995017,-51.30625000004983,51.30625000004983,77
nextstrain_tree_graph_300day,187,364509002_2,366244341_2,54,74.87624999997342,20.876249999973425,20.876249999973425,10
nextstrain_tree_graph_300day,187,366661394_2,368256927_2,328,318.4980000000259,-9.501999999974089,9.501999999974089,54
nextstrain_tree_graph_300day,187,362529548_2,366139726_1,259,207.46199999999402,-51.53800000000598,51.53800000000598,34
nextstrain_tree_graph_300day,187,366189310_2,367466409_3,203,193.21724999999867,-9.782750000001329,9.782750000001329,30
nextstrain_tree_graph_300day,187,365832755_1,366239987_2,249,239.96924999997276,-9.03075000002724,9.03075000002724,36
nextstrain_tree_graph_300day,187,363844913_2,366234166_2,156,104.0962500000299,-51.9037499999701,51.9037499999701,23
nextstrain_tree_graph_300day,187,365790105_2,366172091_2,201,149.3872499999555,-51.612750000044514,51.612750000044514,31
nextstrain_tree_graph_300day,187,364707860_3,368177062_2,247,234.1252500000279,-12.874749999972096,12.874749999972096,40
nextstrain_tree_graph_300day,187,365370228_1,366274145_2,220,210.38399999992492,-9.616000000075076,9.616000000075076,32
nextstrain_tree_graph_300day,187,365278130_2,365790384_3,257,247.27424999996612,-9.725750000033884,9.725750000033884,43
nextstrain_tree_graph_300day,187,363711458_3,366267886_2,183,131.1247499999721,-51.875250000027904,51.875250000027904,30
nextstrain_tree_graph_300day,187,362673230_4,368355415_2,391,339.3172500000319,-51.68274999996811,51.68274999996811,55
nextstrain_tree_graph_300day,187,366237281_2,366240093_2,83,73.41524999992492,-9.584750000075076,9.584750000075076,14
nextstrain_tree_graph_300day,187,367688996_4,368259858_1,352,342.2392499999628,-9.760750000037206,9.760750000037206,57
nextstrain_tree_graph_300day,187,363643716_3,366208620_2,231,255.30975000002525,24.309750000025247,24.309750000025247,33
nextstrain_tree_graph_300day,187,365395455_3,365484595_1,245,235.95149999998472,-9.04850000001528,9.04850000001528,33
nextstrain_tree_graph_300day,187,364948988_2,366099727_1,267,281.24249999999336,14.242499999993356,14.242499999993356,42
nextstrain_tree_graph_300day,187,362946746_1,366261651_4,252,242.5259999999123,-9.474000000087699,9.474000000087699,40
nextstrain_tree_graph_300day,187,363340412_4,366157210_2,199,147.1957500000073,-51.80424999999269,51.80424999999269,29
nextstrain_tree_graph_300day,187,364777968_3,367960360_2,433,274.6679999999827,-158.33200000001727,158.33200000001727,70
nextstrain_tree_graph_300day,187,362565547_2,365590344_3,112,102.26999999999003,-9.730000000009966,9.730000000009966,17
nextstrain_tree_graph_300day,187,362361579_3,366176481_1,454,402.5054999999495,-51.49450000005049,51.49450000005049,65
nextstrain_tree_graph_300day,187,362899547_1,364758873_3,299,289.27799999996944,-9.722000000030562,9.722000000030562,47
nextstrain_tree_graph_300day,187,364994312_1,368268212_1,155,107.74875000002658,-47.251249999973425,47.251249999973425,20
nextstrain_tree_graph_300day,187,364973172_2,366301091_2,214,222.4372499999721,8.437249999972096,8.437249999972096,39
nextstrain_tree_graph_300day,187,365797776_2,366107531_2,334,325.43774999994486,-8.562250000055144,8.562250000055144,54
nextstrain_tree_graph_300day,187,361566570_2,364982209_2,270,260.057999999996,-9.942000000003986,9.942000000003986,44
nextstrain_tree_graph_300day,187,363556306_1,364777091_4,297,285.2602499999814,-11.739750000018603,11.739750000018603,45
nextstrain_tree_graph_300day,187,365390306_3,366295403_2,465,413.4630000000226,-51.53699999997741,51.53699999997741,67
nextstrain_tree_graph_300day,187,364961800_3,366214113_2,278,265.17150000012424,-12.82849999987576,12.82849999987576,45
nextstrain_tree_graph_300day,187,365364422_2,368249602_2,171,161.0752500000113,-9.924749999988705,9.924749999988705,30
nextstrain_tree_graph_300day,187,365716451_4,365913876_1,489,479.5732500000372,-9.426749999962794,9.426749999962794,75
nextstrain_tree_graph_300day,187,366187593_5,366268580_2,277,197.60024999989503,-79.39975000010497,79.39975000010497,42
nextstrain_tree_graph_300day,187,366150265_2,367911698_4,278,246.5437499999834,-31.45625000001661,31.45625000001661,43
nextstrain_tree_graph_300day,187,365540963_2,365805814_3,266,257.13599999998206,-8.864000000017938,8.864000000017938,43
nextstrain_tree_graph_300day,187,366150323_3,367132284_2,154,121.99349999993888,-32.00650000006112,32.00650000006112,23
nextstrain_tree_graph_300day,187,366268580_2,366672105_2,256,122.7239999999216,-133.2760000000784,133.2760000000784,41
nextstrain_tree_graph_300day,187,363383124_4,366270881_3,290,260.4232499999874,-29.576750000012623,29.576750000012623,42
nextstrain_tree_graph_300day,187,364948988_2,365841841_3,410,400.31400000000133,-9.685999999998671,9.685999999998671,67
nextstrain_tree_graph_300day,187,365814025_1,366157210_2,204,152.30924999996944,-51.69075000003056,51.69075000003056,34
nextstrain_tree_graph_300day,187,362500612_4,366238648_3,238,226.08974999996877,-11.910250000031226,11.910250000031226,34
nextstrain_tree_graph_300day,187,365146987_1,368385874_4,452,442.3177499999216,-9.682250000078398,9.682250000078398,68
nextstrain_tree_graph_300day,187,361594423_2,363733745_2,119,125.28075000002724,6.28075000002724,6.28075000002724,17
nextstrain_tree_graph_300day,187,365539345_2,368254990_2,368,358.310249999998,-9.689750000001993,9.689750000001993,56
nextstrain_tree_graph_300day,187,365767776_2,366240354_2,156,146.10000000003322,-9.89999999996678,9.89999999996678,25
nextstrain_tree_graph_300day,187,363978420_2,364921976_1,373,363.42374999996014,-9.576250000039863,9.576250000039863,58
nextstrain_tree_graph_300day,187,365311909_1,366098719_2,116,64.28399999997475,-51.71600000002525,51.71600000002525,18
nextstrain_tree_graph_300day,187,365410959_2,366185326_2,429,377.3032499999641,-51.69675000003588,51.69675000003588,64
nextstrain_tree_graph_300day,187,366695930_1,368244480_3,267,200.15700000000066,-66.84299999999934,66.84299999999934,39
nextstrain_tree_graph_300day,187,365514565_1,366124374_2,237,185.1817500000226,-51.81824999997741,51.81824999997741,34
nextstrain_tree_graph_300day,187,366396212_3,366413159_4,4,6.939749999918945,2.939749999918945,2.939749999918945,1
nextstrain_tree_graph_300day,187,364393358_2,366267360_3,72,62.09249999994353,-9.907500000056473,9.907500000056473,12
nextstrain_tree_graph_300day,187,364396932_2,366142250_2,126,58.80525000002126,-67.19474999997874,67.19474999997874,20
nextstrain_tree_graph_300day,187,363684908_3,368225446_4,370,178.6072499999289,-191.3927500000711,191.3927500000711,51
nextstrain_tree_graph_300day,187,364707860_3,366396212_3,335,283.06874999995017,-51.93125000004983,51.93125000004983,50
nextstrain_tree_graph_300day,187,362681205_3,368203431_2,278,268.45874999996346,-9.541250000036541,9.541250000036541,43
nextstrain_tree_graph_300day,187,362272781_1,367464600_2,198,186.27750000007973,-11.722499999920274,11.722499999920274,32
nextstrain_tree_graph_300day,187,362550891_2,362930524_5,438,386.43449999999734,-51.56550000000266,51.56550000000266,59
nextstrain_tree_graph_300day,187,361404358_3,366236672_2,235,183.35549999998273,-51.644500000017274,51.644500000017274,37
nextstrain_tree_graph_300day,187,363675038_3,365312867_3,434,382.0514999999349,-51.94850000006511,51.94850000006511,59
nextstrain_tree_graph_300day,187,362856924_3,363878349_4,420,368.53724999992227,-51.46275000007773,51.46275000007773,61
nextstrain_tree_graph_300day,187,361420779_3,365077488_2,355,358.6755000000724,3.675500000072418,3.675500000072418,54
nextstrain_tree_graph_300day,187,366264768_2,366873003_3,227,217.32374999992692,-9.676250000073082,9.676250000073082,33
nextstrain_tree_graph_300day,187,362686593_2,366160398_1,231,178.97249999992027,-52.027500000079726,52.027500000079726,33
nextstrain_tree_graph_300day,187,366315814_1,366394404_1,311,315.2107500000206,4.210750000020596,4.210750000020596,44
nextstrain_tree_graph_300day,187,361404358_3,361585396_2,448,394.4700000000565,-53.52999999994353,53.52999999994353,65
nextstrain_tree_graph_300day,187,367907236_3,368247569_2,340,288.18224999999535,-51.81775000000465,51.81775000000465,52
nextstrain_tree_graph_300day,187,361439647_2,366236473_2,268,216.22799999995283,-51.77200000004717,51.77200000004717,41
nextstrain_tree_graph_300day,187,361603772_2,367674727_3,418,408.3494999999774,-9.65050000002259,9.65050000002259,62
nextstrain_tree_graph_300day,187,365671788_2,367984879_2,198,185.1817500000226,-12.81824999997741,12.81824999997741,33
nextstrain_tree_graph_300day,187,361623252_2,365720144_2,387,377.3032499999641,-9.696750000035877,9.696750000035877,61
nextstrain_tree_graph_300day,187,366245285_3,366724524_2,239,242.5260000000784,3.5260000000783975,3.5260000000783975,35
nextstrain_tree_graph_300day,187,363513479_1,364580112_5,367,375.47699999992426,8.47699999992426,8.47699999992426,56
nextstrain_tree_graph_300day,187,363355442_2,367464600_2,172,163.26674999995947,-8.733250000040528,8.733250000040528,28
nextstrain_tree_graph_300day,187,363844229_3,365370228_1,286,234.49049999993622,-51.50950000006378,51.50950000006378,43
nextstrain_tree_graph_300day,187,364797312_3,367485696_2,198,222.07199999998073,24.071999999980733,24.071999999980733,32
nextstrain_tree_graph_300day,187,365466971_2,366144482_3,213,161.4404999999196,-51.55950000008039,51.55950000008039,34
nextstrain_tree_graph_300day,187,365581926_3,366214113_2,111,101.53950000009036,-9.460499999909644,9.460499999909644,19
nextstrain_tree_graph_300day,187,362946746_1,366160398_1,164,112.13174999992293,-51.86825000007707,51.86825000007707,27
nextstrain_tree_graph_300day,187,366227819_2,366266423_1,96,94.2344999999309,-1.7655000000690961,1.7655000000690961,15
nextstrain_tree_graph_300day,187,365395983_2,368861500_2,416,123.81975000006179,-292.1802499999382,292.1802499999382,61
nextstrain_tree_graph_300day,187,365278665_3,365790105_2,381,369.6329999999794,-11.367000000020596,11.367000000020596,56
nextstrain_tree_graph_300day,187,362044900_3,362996094_3,429,377.66850000003853,-51.331499999961466,51.331499999961466,60
nextstrain_tree_graph_300day,187,363345558_2,366226669_2,89,79.25924999995283,-9.740750000047171,9.740750000047171,15
nextstrain_tree_graph_300day,187,366176481_1,366184987_3,456,404.69699999998073,-51.30300000001927,51.30300000001927,66
nextstrain_tree_graph_300day,187,366279706_2,368250293_1,260,276.49424999993954,16.49424999993954,16.49424999993954,42
nextstrain_tree_graph_300day,187,361428824_2,362643491_1,178,161.80574999999402,-16.19425000000598,16.19425000000598,28
nextstrain_tree_graph_300day,187,363019427_2,364415786_1,306,320.3242499999827,14.324249999982726,14.324249999982726,45
nextstrain_tree_graph_300day,187,366247724_4,366700580_1,294,284.52974999999867,-9.470250000001329,9.470250000001329,44
nextstrain_tree_graph_300day,187,366101050_2,368861508_3,403,157.78800000008903,-245.21199999991097,245.21199999991097,61
nextstrain_tree_graph_300day,187,363352213_2,367573301_1,286,138.06449999989104,-147.93550000010896,147.93550000010896,43
nextstrain_tree_graph_300day,187,362437689_4,365310274_3,429,221.341499999998,-207.658500000002,207.658500000002,64
nextstrain_tree_graph_300day,187,364978332_2,368874663_1,357,348.44849999998206,-8.551500000017938,8.551500000017938,55
nextstrain_tree_graph_300day,187,365636334_1,366278656_2,281,133.31624999992027,-147.68375000007973,147.68375000007973,40
nextstrain_tree_graph_300day,187,362517018_3,362930524_5,486,434.2822499999455,-51.71775000005448,51.71775000005448,72
nextstrain_tree_graph_300day,187,365704918_1,368208569_1,294,300.2354999999595,6.2354999999594725,6.2354999999594725,49
nextstrain_tree_graph_300day,187,362180145_2,368839195_3,298,286.3559999999555,-11.644000000044514,11.644000000044514,47
nextstrain_tree_graph_300day,187,364580112_5,365816086_1,349,357.57974999993223,8.579749999932233,8.579749999932233,55
nextstrain_tree_graph_300day,187,361585396_2,364971676_3,439,427.3425000001096,-11.657499999890376,11.657499999890376,64
nextstrain_tree_graph_300day,187,363711458_3,366215806_2,193,140.98649999998804,-52.01350000001196,52.01350000001196,34
nextstrain_tree_graph_300day,187,362938959_3,365787425_2,199,190.29524999998472,-8.70475000001528,8.70475000001528,35
nextstrain_tree_graph_300day,187,364249794_2,368839195_3,405,395.5657499999475,-9.434250000052486,9.434250000052486,65
nextstrain_tree_graph_300day,187,365369357_3,368874663_1,236,226.45499999996014,-9.545000000039863,9.545000000039863,33
nextstrain_tree_graph_300day,187,366209451_2,368196681_4,207,197.23499999990366,-9.765000000096336,9.765000000096336,31
nextstrain_tree_graph_300day,187,366102026_3,366194805_2,94,84.00750000000664,-9.992499999993356,9.992499999993356,17
nextstrain_tree_graph_300day,187,362945028_1,363684908_3,402,389.72175000000266,-12.278249999997342,12.278249999997342,58
nextstrain_tree_graph_300day,187,366139749_2,366712855_1,225,173.12849999997542,-51.87150000002458,51.87150000002458,33
nextstrain_tree_graph_300day,187,362624359_1,363362385_2,376,186.27749999991363,-189.72250000008637,189.72250000008637,51
nextstrain_tree_graph_300day,187,365320832_4,366248635_4,420,410.1757500000173,-9.824249999982726,9.824249999982726,62
nextstrain_tree_graph_300day,187,362934432_2,366137520_2,210,178.2420000000206,-31.757999999979404,31.757999999979404,31
nextstrain_tree_graph_300day,187,366083425_3,366214113_2,191,197.2349999999867,6.234999999986712,6.234999999986712,27
nextstrain_tree_graph_300day,187,361906139_1,365650023_3,241,247.27424999996612,6.274249999966116,6.274249999966116,36
nextstrain_tree_graph_300day,187,366262096_2,366413159_4,228,176.05049999998937,-51.94950000001063,51.94950000001063,31
nextstrain_tree_graph_300day,187,365300902_1,366145852_2,142,90.21675000002591,-51.78324999997409,51.78324999997409,21
nextstrain_tree_graph_300day,187,366163446_2,368251725_4,246,267.3630000000724,21.363000000072418,21.363000000072418,38
nextstrain_tree_graph_300day,187,364724648_2,366246161_2,110,58.074750000038534,-51.925249999961466,51.925249999961466,17
nextstrain_tree_graph_300day,187,363146529_3,366185865_3,473,460.58024999998804,-12.419750000011959,12.419750000011959,65
nextstrain_tree_graph_300day,187,365414733_4,365767776_2,228,122.35874999993024,-105.64125000006976,105.64125000006976,37
nextstrain_tree_graph_300day,187,362911249_2,363013248_2,262,249.4657500000804,-12.53424999991961,12.53424999991961,34
nextstrain_tree_graph_300day,187,364084132_1,365584676_3,250,240.33449999996412,-9.665500000035877,9.665500000035877,33
nextstrain_tree_graph_300day,187,364084132_1,366185865_3,292,282.33824999996745,-9.661750000032555,9.661750000032555,41
nextstrain_tree_graph_300day,187,365820107_2,366209482_2,208,198.3307499999608,-9.669250000039199,9.669250000039199,33
nextstrain_tree_graph_300day,187,363512719_2,366150590_1,135,79.98975000010165,-55.01024999989835,55.01024999989835,22
nextstrain_tree_graph_300day,187,361389830_3,363337887_3,250,240.33449999996412,-9.665500000035877,9.665500000035877,36
nextstrain_tree_graph_300day,187,365805814_3,366258101_2,235,225.35924999998605,-9.640750000013952,9.640750000013952,36
nextstrain_tree_graph_300day,187,365609859_1,366150352_2,148,96.06074999997077,-51.93925000002923,51.93925000002923,21
nextstrain_tree_graph_300day,187,363465138_1,363608033_2,378,369.6329999999794,-8.367000000020596,8.367000000020596,55
nextstrain_tree_graph_300day,187,363196825_2,364750917_2,424,370.36349999996213,-53.63650000003787,53.63650000003787,65
nextstrain_tree_graph_300day,187,366245412_3,366261207_2,282,272.1112500000432,-9.888749999956815,9.888749999956815,42
nextstrain_tree_graph_300day,187,368255921_1,368258851_4,316,268.09350000005514,-47.906499999944856,47.906499999944856,50
nextstrain_tree_graph_300day,187,366233817_3,367129427_2,209,199.06125000002658,-9.938749999973425,9.938749999973425,32
nextstrain_tree_graph_300day,187,361774288_4,363466248_5,426,450.35324999998073,24.353249999980733,24.353249999980733,63
nextstrain_tree_graph_300day,187,363312886_1,366144235_2,281,229.3769999999741,-51.62300000002591,51.62300000002591,39
nextstrain_tree_graph_300day,187,363344429_3,368255720_2,257,273.2070000000173,16.207000000017274,16.207000000017274,42
nextstrain_tree_graph_300day,187,366072152_4,366196652_3,249,194.3130000000558,-54.68699999994419,54.68699999994419,37
nextstrain_tree_graph_300day,187,361444239_2,365731668_3,276,266.26724999993223,-9.732750000067767,9.732750000067767,38
nextstrain_tree_graph_300day,187,366207579_2,366238648_3,86,71.2237500000598,-14.776249999940205,14.776249999940205,15
nextstrain_tree_graph_300day,187,363102101_1,368271359_3,421,412.3672499998824,-8.632750000117596,8.632750000117596,61
nextstrain_tree_graph_300day,187,365395455_3,367434435_2,114,111.03600000011494,-2.9639999998850612,2.9639999998850612,19
nextstrain_tree_graph_300day,187,364398046_1,366187593_5,309,257.13599999998206,-51.86400000001794,51.86400000001794,45
nextstrain_tree_graph_300day,187,363683008_1,364398046_1,187,175.3200000000897,-11.679999999910308,11.679999999910308,29
nextstrain_tree_graph_300day,187,365599848_3,365791208_3,385,375.4770000000073,-9.522999999992692,9.522999999992692,56
nextstrain_tree_graph_300day,187,365590344_3,366551208_1,312,260.4232499999874,-51.57675000001262,51.57675000001262,46
nextstrain_tree_graph_300day,187,362779143_1,363733745_2,206,196.13925000001262,-9.860749999987377,9.860749999987377,32
nextstrain_tree_graph_300day,187,364389132_2,366247984_2,236,223.16775000003787,-12.83224999996213,12.83224999996213,37
nextstrain_tree_graph_300day,187,365695316_3,366242029_2,205,211.1144999999907,6.114499999990699,6.114499999990699,29
nextstrain_tree_graph_300day,187,365789024_1,366317092_2,264,280.14675000001927,16.146750000019267,16.146750000019267,42
nextstrain_tree_graph_300day,187,362938959_3,366150989_2,140,89.48625000004319,-50.513749999956815,50.513749999956815,22
nextstrain_tree_graph_300day,187,365419909_2,365458844_1,256,205.2704999999628,-50.729500000037206,50.729500000037206,35
nextstrain_tree_graph_300day,187,364919724_2,366661394_2,281,271.3807499999774,-9.61925000002259,9.61925000002259,46
nextstrain_tree_graph_300day,187,363513479_1,366266132_2,217,207.09675000000266,-9.903249999997342,9.903249999997342,31
nextstrain_tree_graph_300day,187,363664058_2,365799136_2,278,74.14574999990765,-203.85425000009235,203.85425000009235,47
nextstrain_tree_graph_300day,187,361404358_3,366213079_3,243,191.3909999999588,-51.60900000004119,51.60900000004119,38
nextstrain_tree_graph_300day,187,366107069_2,366185865_3,278,268.45874999996346,-9.541250000036541,9.541250000036541,41
nextstrain_tree_graph_300day,187,366098526_2,366249432_3,118,59.535750000003986,-58.464249999996014,58.464249999996014,18
nextstrain_tree_graph_300day,187,366117116_3,366245285_3,274,252.3877500000113,-21.612249999988705,21.612249999988705,39
nextstrain_tree_graph_300day,187,363668650_1,365790384_3,454,444.50924999995283,-9.490750000047171,9.490750000047171,68
nextstrain_tree_graph_300day,187,364937880_2,365849544_2,408,398.48774999996147,-9.512250000038534,9.512250000038534,68
nextstrain_tree_graph_300day,187,365815378_4,366301091_2,157,147.1957500000073,-9.804249999992692,9.804249999992692,27
nextstrain_tree_graph_300day,187,364543703_2,366215806_2,263,211.1144999999907,-51.8855000000093,51.8855000000093,39
nextstrain_tree_graph_300day,187,365730029_3,365834598_1,293,260.05800000007906,-32.94199999992094,32.94199999992094,46
nextstrain_tree_graph_300day,187,365390306_3,366413813_2,367,357.5797500000153,-9.42024999998472,9.42024999998472,55
nextstrain_tree_graph_300day,187,366079386_2,366172091_2,82,30.315749999947514,-51.68425000005249,51.68425000005249,12
nextstrain_tree_graph_300day,187,365704918_1,366212290_3,254,244.3522500000352,-9.647749999964788,9.647749999964788,44
nextstrain_tree_graph_300day,187,363523483_3,366154090_2,274,213.6712500000133,-60.32874999998671,60.32874999998671,39
nextstrain_tree_graph_300day,187,364935666_2,368839195_3,474,464.5979999999761,-9.402000000023918,9.402000000023918,75
nextstrain_tree_graph_300day,187,364595516_3,368222821_1,396,343.33500000001993,-52.66499999998007,52.66499999998007,64
nextstrain_tree_graph_300day,187,361776254_1,368243195_3,217,221.34149999991496,4.341499999914959,4.341499999914959,34
nextstrain_tree_graph_300day,187,364977438_3,366267534_2,195,219.51524999995814,24.515249999958144,24.515249999958144,30
nextstrain_tree_graph_300day,187,365730029_3,366248714_2,229,219.14999999996678,-9.85000000003322,9.85000000003322,37
nextstrain_tree_graph_300day,187,362864758_1,366234222_2,236,226.08974999996877,-9.910250000031226,9.910250000031226,37
nextstrain_tree_graph_300day,187,363684359_3,366695930_1,361,294.02625000002325,-66.97374999997675,66.97374999997675,55
nextstrain_tree_graph_300day,187,365375833_2,365797776_2,179,169.47599999997874,-9.52400000002126,9.52400000002126,31
nextstrain_tree_graph_300day,187,364084132_1,365471397_3,298,288.18224999999535,-9.81775000000465,9.81775000000465,44
nextstrain_tree_graph_300day,187,366176481_1,366242509_1,324,273.5722499999256,-50.42775000007441,50.42775000007441,47
nextstrain_tree_graph_300day,187,362915800_1,366261207_2,139,128.93325000002392,-10.066749999976082,10.066749999976082,24
nextstrain_tree_graph_300day,187,366219289_2,366301091_2,75,83.27699999994087,8.27699999994087,8.27699999994087,12
nextstrain_tree_graph_300day,187,366887245_5,367920143_3,366,147.56099999999867,-218.43900000000133,218.43900000000133,52
nextstrain_tree_graph_300day,187,366240962_2,368209680_1,156,146.46525000002458,-9.534749999975418,9.534749999975418,26
nextstrain_tree_graph_300day,187,362300182_3,366150323_3,300,245.4480000000093,-54.5519999999907,54.5519999999907,45
nextstrain_tree_graph_300day,187,363120189_2,368004335_2,366,314.1150000000465,-51.88499999995349,51.88499999995349,52
nextstrain_tree_graph_300day,187,363517142_2,365432439_2,93,69.03224999994552,-23.96775000005448,23.96775000005448,17
nextstrain_tree_graph_300day,187,364273509_2,366145662_2,198,146.09999999995017,-51.90000000004983,51.90000000004983,32
nextstrain_tree_graph_300day,187,362458436_2,368513139_1,420,369.6329999999794,-50.367000000020596,50.367000000020596,60
nextstrain_tree_graph_300day,187,366102026_3,366217647_2,103,93.13874999995681,-9.861250000043185,9.861250000043185,19
nextstrain_tree_graph_300day,187,363491527_2,366245285_3,113,119.07150000000797,6.071500000007973,6.071500000007973,16
nextstrain_tree_graph_300day,187,361430081_4,363383124_4,324,302.4269999999907,-21.5730000000093,21.5730000000093,46
nextstrain_tree_graph_300day,187,365154094_2,365528796_2,212,201.98324999995748,-10.01675000004252,10.01675000004252,33
nextstrain_tree_graph_300day,187,367116831_2,367358811_1,326,316.67174999998605,-9.328250000013952,9.328250000013952,48
nextstrain_tree_graph_300day,187,365137436_2,368262944_3,296,262.98000000000997,-33.019999999990034,33.019999999990034,47
nextstrain_tree_graph_300day,187,366160795_2,366258838_2,115,63.188250000000664,-51.811749999999336,51.811749999999336,19
nextstrain_tree_graph_300day,187,366210759_2,366267886_2,58,56.9789999999814,-1.0210000000186028,1.0210000000186028,9
nextstrain_tree_graph_300day,187,363875957_3,366707481_2,253,198.33075000004385,-54.66924999995615,54.66924999995615,40
nextstrain_tree_graph_300day,187,361760652_1,366139744_2,273,221.341499999998,-51.65850000000199,51.65850000000199,42
nextstrain_tree_graph_300day,187,363488968_2,366315490_3,224,172.03275000000133,-51.96724999999867,51.96724999999867,27
nextstrain_tree_graph_300day,187,365779095_2,366239339_2,128,117.97574999995084,-10.024250000049165,10.024250000049165,21
nextstrain_tree_graph_300day,187,363146529_3,363551561_2,482,472.63349999995216,-9.366500000047836,9.366500000047836,70
nextstrain_tree_graph_300day,187,363693822_3,366140334_2,298,246.17849999999203,-51.82150000000797,51.82150000000797,44
nextstrain_tree_graph_300day,187,365812715_3,366138948_3,303,251.29199999995416,-51.70800000004584,51.70800000004584,47
nextstrain_tree_graph_300day,187,364969852_3,366264588_2,265,255.30975000002525,-9.690249999974753,9.690249999974753,44
nextstrain_tree_graph_300day,187,366315814_1,367434435_2,334,322.1505000000226,-11.84949999997741,11.84949999997741,50
nextstrain_tree_graph_300day,187,366140334_2,366283706_3,288,236.31674999997608,-51.68325000002392,51.68325000002392,39
nextstrain_tree_graph_300day,187,363357322_2,366248714_2,209,199.06124999994353,-9.938750000056473,9.938750000056473,31
nextstrain_tree_graph_300day,187,365834598_1,366263626_2,176,166.55400000004784,-9.445999999952164,9.445999999952164,27
nextstrain_tree_graph_300day,187,362845722_2,365790105_2,193,183.35549999998273,-9.644500000017274,9.644500000017274,30
nextstrain_tree_graph_300day,187,362476948_2,363550653_2,309,294.39150000009766,-14.608499999902335,14.608499999902335,50
nextstrain_tree_graph_300day,187,361751679_3,366138948_3,310,258.23174999995615,-51.76825000004385,51.76825000004385,44
nextstrain_tree_graph_300day,187,363517142_2,364261913_2,215,205.2704999999628,-9.729500000037206,9.729500000037206,39
nextstrain_tree_graph_300day,187,365397868_4,367199559_2,222,61.72725000003521,-160.2727499999648,160.2727499999648,33
nextstrain_tree_graph_300day,187,364506723_1,368249602_2,203,193.21724999999867,-9.782750000001329,9.782750000001329,33
nextstrain_tree_graph_300day,187,364239799_1,366100242_2,254,262.2494999999442,8.249499999944192,8.249499999944192,46
nextstrain_tree_graph_300day,187,366244105_3,368273495_2,158,145.3695000000505,-12.630499999949507,12.630499999949507,26
nextstrain_tree_graph_300day,187,365312868_4,366267576_2,242,190.29524999998472,-51.70475000001528,51.70475000001528,32
nextstrain_tree_graph_300day,187,364708375_2,366226360_3,241,231.56850000000532,-9.431499999994685,9.431499999994685,36
nextstrain_tree_graph_300day,187,364737164_2,366246615_2,225,83.64224999993223,-141.35775000006777,141.35775000006777,35
nextstrain_tree_graph_300day,187,361892392_4,366213079_3,292,282.33824999996745,-9.661750000032555,9.661750000032555,42
nextstrain_tree_graph_300day,187,364922743_2,366261373_2,192,139.16025000003123,-52.839749999968774,52.839749999968774,31
nextstrain_tree_graph_300day,187,366209451_2,366244957_2,89,79.25924999995283,-9.740750000047171,9.740750000047171,15
nextstrain_tree_graph_300day,187,361367936_2,364988666_1,256,145.00424999997608,-110.99575000002392,110.99575000002392,42
nextstrain_tree_graph_300day,187,364967423_1,365700177_1,338,218.78475000005847,-119.21524999994153,119.21524999994153,52
nextstrain_tree_graph_300day,187,362769098_3,363463777_3,327,129.6637499999236,-197.3362500000764,197.3362500000764,52
nextstrain_tree_graph_300day,187,364748863_1,368004335_2,460,168.0150000000133,-291.9849999999867,291.9849999999867,67
nextstrain_tree_graph_300day,187,366079386_2,366155324_2,19,15.340499999969438,-3.6595000000305618,3.6595000000305618,4
nextstrain_tree_graph_300day,187,364922390_2,366266132_2,173,162.90150000005116,-10.098499999948842,10.098499999948842,25
nextstrain_tree_graph_300day,187,363523483_3,365548606_2,276,266.2672500000153,-9.73274999998472,9.73274999998472,40
nextstrain_tree_graph_300day,187,366405059_3,367488286_2,285,233.39474999996213,-51.60525000003787,51.60525000003787,44
nextstrain_tree_graph_300day,187,365814316_1,366208620_2,148,138.42974999996545,-9.570250000034548,9.570250000034548,26
nextstrain_tree_graph_300day,187,363523483_3,366212107_2,255,245.4480000000093,-9.551999999990699,9.551999999990699,36
nextstrain_tree_graph_300day,187,366140332_2,366142059_2,55,23.010749999954157,-31.989250000045843,31.989250000045843,10
nextstrain_tree_graph_300day,187,364487174_2,366266132_2,135,98.61749999999336,-36.382500000006644,36.382500000006644,20
nextstrain_tree_graph_300day,187,363102101_1,365784819_1,357,302.7922500000651,-54.20774999993489,54.20774999993489,52
nextstrain_tree_graph_300day,187,363643716_3,365814316_1,347,337.490999999992,-9.509000000007973,9.509000000007973,53
nextstrain_tree_graph_300day,187,363557861_1,365351970_3,267,257.5012499999734,-9.498750000026575,9.498750000026575,40
nextstrain_tree_graph_300day,187,363555398_1,365802124_2,201,191.3909999999588,-9.609000000041192,9.609000000041192,34
nextstrain_tree_graph_300day,187,364699911_1,366160398_1,128,105.19199999992094,-22.808000000079062,22.808000000079062,20
nextstrain_tree_graph_300day,187,363689722_4,367118023_1,372,318.49799999994286,-53.50200000005714,53.50200000005714,54
nextstrain_tree_graph_300day,187,366208620_2,366240962_2,51,49.30874999999668,-1.691250000003322,1.691250000003322,8
nextstrain_tree_graph_300day,187,363675383_3,366193650_2,285,232.6642499999794,-52.335750000020596,52.335750000020596,41
nextstrain_tree_graph_300day,187,364724648_2,366242509_1,213,162.17099999998538,-50.82900000001462,50.82900000001462,33
nextstrain_tree_graph_300day,187,366322557_2,368132042_3,442,432.4559999999887,-9.544000000011295,9.544000000011295,66
nextstrain_tree_graph_300day,187,364493989_1,368255921_1,245,233.39475000004518,-11.605249999954822,11.605249999954822,38
nextstrain_tree_graph_300day,187,364295858_1,366405059_3,346,207.82724999998538,-138.17275000001462,138.17275000001462,54
nextstrain_tree_graph_300day,187,363686180_3,365724217_1,153,158.88374999989702,5.88374999989702,5.88374999989702,22
nextstrain_tree_graph_300day,187,364750917_2,365816086_1,298,304.6184999999389,6.6184999999388765,6.6184999999388765,49
nextstrain_tree_graph_300day,187,362624359_1,366262589_2,269,217.32374999992692,-51.67625000007308,51.67625000007308,37
nextstrain_tree_graph_300day,187,361428824_2,366150265_2,147,95.33024999998804,-51.66975000001196,51.66975000001196,22
nextstrain_tree_graph_300day,187,363669816_1,366318032_2,282,278.3204999999794,-3.679500000020596,3.679500000020596,42
nextstrain_tree_graph_300day,187,364917707_3,366194805_2,295,282.3382500000505,-12.661749999949507,12.661749999949507,54
nextstrain_tree_graph_300day,187,366873003_3,368301147_2,285,275.39849999996545,-9.601500000034548,9.601500000034548,41
nextstrain_tree_graph_300day,187,366234222_2,366657135_1,235,224.99399999991164,-10.006000000088363,10.006000000088363,37
nextstrain_tree_graph_300day,187,366239339_2,366477835_2,100,48.21299999993954,-51.78700000006046,51.78700000006046,17
nextstrain_tree_graph_300day,187,366257505_3,366396212_3,243,191.02574999996745,-51.974250000032555,51.974250000032555,35
nextstrain_tree_graph_300day,187,363019427_2,364389132_2,410,426.24674999996944,16.24674999996944,16.24674999996944,61
nextstrain_tree_graph_300day,187,361984395_2,368861500_2,279,269.18925000002923,-9.810749999970767,9.810749999970767,44
nextstrain_tree_graph_300day,187,365122918_4,365746624_2,409,400.3139999999183,-8.68600000008172,8.68600000008172,63
nextstrain_tree_graph_300day,187,362179840_2,365671788_2,177,11.68799999997276,-165.31200000002724,165.31200000002724,29
nextstrain_tree_graph_300day,187,365270625_4,368177062_2,228,244.35224999995216,16.352249999952164,16.352249999952164,35
nextstrain_tree_graph_300day,187,364393358_2,365724217_1,142,150.1177499999382,8.117749999938212,8.117749999938212,23
nextstrain_tree_graph_300day,187,366265554_4,368861508_3,326,122.7240000000877,-203.2759999999123,203.2759999999123,46
nextstrain_tree_graph_300day,187,366659781_4,368242233_2,338,326.533500000002,-11.466499999998007,11.466499999998007,52
nextstrain_tree_graph_300day,187,363521602_2,367118023_1,326,272.4764999999515,-53.5235000000485,53.5235000000485,45
nextstrain_tree_graph_300day,187,363523483_3,365584676_3,397,384.6082500000405,-12.391749999959472,12.391749999959472,54
nextstrain_tree_graph_300day,187,366155628_2,368208569_1,189,137.33399999990831,-51.666000000091685,51.666000000091685,30
nextstrain_tree_graph_300day,187,362416032_3,368203431_2,260,269.55449999993755,9.554499999937548,9.554499999937548,42
nextstrain_tree_graph_300day,187,366251145_2,368223902_2,246,254.2139999999681,8.21399999996811,8.21399999996811,40
nextstrain_tree_graph_300day,187,365077488_2,366243385_4,489,477.74699999999734,-11.253000000002658,11.253000000002658,72
nextstrain_tree_graph_300day,187,363465138_1,365428666_1,201,192.4867499999329,-8.513250000067103,8.513250000067103,32
nextstrain_tree_graph_300day,187,362179840_2,365784819_1,250,271.38075000006046,21.38075000006046,21.38075000006046,41
nextstrain_tree_graph_300day,187,365550546_3,366261651_4,300,102.63524999989835,-197.36475000010165,197.36475000010165,44
nextstrain_tree_graph_300day,187,363196825_2,366140334_2,281,229.01174999998273,-51.988250000017274,51.988250000017274,41
nextstrain_tree_graph_300day,187,363556306_1,366249342_2,205,193.21724999991562,-11.782750000084377,11.782750000084377,33
nextstrain_tree_graph_300day,187,364977438_3,365345398_2,234,224.26350000001196,-9.736499999988041,9.736499999988041,36
nextstrain_tree_graph_300day,187,366141712_3,366244584_1,125,73.41525000000797,-51.58474999999203,51.58474999999203,18
nextstrain_tree_graph_300day,187,363684359_3,364269722_1,293,184.45125000003986,-108.54874999996014,108.54874999996014,47
nextstrain_tree_graph_300day,187,362681426_2,364969852_3,342,290.3737500000266,-51.626249999973425,51.626249999973425,53
nextstrain_tree_graph_300day,187,366141712_3,367907504_2,169,117.24524999996811,-51.75475000003189,51.75475000003189,25
nextstrain_tree_graph_300day,187,365706733_3,368183650_1,371,362.32799999998605,-8.672000000013952,8.672000000013952,60
nextstrain_tree_graph_300day,187,364393358_2,366070990_1,121,67.2059999999887,-53.794000000011295,53.794000000011295,17
nextstrain_tree_graph_300day,187,365724653_1,365751772_3,219,142.08225000012823,-76.91774999987177,76.91774999987177,35
nextstrain_tree_graph_300day,187,365581926_3,367154265_3,171,116.14950000007707,-54.85049999992293,54.85049999992293,27
nextstrain_tree_graph_300day,187,363352213_2,363664058_2,329,319.2284999999256,-9.771500000074411,9.771500000074411,50
nextstrain_tree_graph_300day,187,362681426_2,366236473_2,165,113.22749999998007,-51.77250000001993,51.77250000001993,24
nextstrain_tree_graph_300day,187,363585595_4,365698930_3,283,221.341499999998,-61.65850000000199,61.65850000000199,44
nextstrain_tree_graph_300day,187,363608033_2,365449556_2,413,173.49374999996678,-239.50625000003322,239.50625000003322,62
nextstrain_tree_graph_300day,187,363766187_2,365998406_2,209,199.06125000002658,-9.938749999973425,9.938749999973425,32
nextstrain_tree_graph_300day,187,365428666_1,366212290_3,102,92.40824999997409,-9.591750000025911,9.591750000025911,18
nextstrain_tree_graph_300day,187,363694958_4,366405059_3,421,369.26774999998804,-51.73225000001196,51.73225000001196,63
nextstrain_tree_graph_300day,187,365599848_3,366238707_2,230,220.24575000002392,-9.754249999976082,9.754249999976082,31
nextstrain_tree_graph_300day,187,366163446_2,366262801_3,67,57.34424999997276,-9.65575000002724,9.65575000002724,12
nextstrain_tree_graph_300day,187,362932669_1,363344429_3,282,272.11124999996014,-9.888750000039863,9.888750000039863,44
nextstrain_tree_graph_300day,187,366224205_1,367184309_3,154,39.08174999998937,-114.91825000001063,114.91825000001063,23
nextstrain_tree_graph_300day,187,365699432_3,366156097_2,264,197.9655000000525,-66.03449999994751,66.03449999994751,38
nextstrain_tree_graph_300day,187,366264534_2,366394404_1,76,82.18125000004983,6.181250000049829,6.181250000049829,11
nextstrain_tree_graph_300day,187,361352148_3,366089417_1,228,176.41574999998073,-51.58425000001927,51.58425000001927,35
nextstrain_tree_graph_300day,187,363344429_3,366266285_2,201,191.02574999996745,-9.974250000032555,9.974250000032555,32
nextstrain_tree_graph_300day,187,362779143_1,366149934_2,214,162.17099999998538,-51.82900000001462,51.82900000001462,36
nextstrain_tree_graph_300day,187,366215026_3,367920143_3,321,269.1892499999462,-51.810750000053815,51.810750000053815,50
nextstrain_tree_graph_300day,187,365059177_1,366244957_2,226,232.29899999998804,6.298999999988041,6.298999999988041,33
nextstrain_tree_graph_300day,187,364982209_2,366657135_1,320,310.0972499999754,-9.902750000024582,9.902750000024582,50
nextstrain_tree_graph_300day,187,365590344_3,366069199_3,270,218.41949999998405,-51.580500000015945,51.580500000015945,39
nextstrain_tree_graph_300day,187,365716733_2,366124374_2,212,157.0575000001063,-54.9424999998937,54.9424999998937,34
nextstrain_tree_graph_300day,187,363598617_1,368232728_3,338,288.9127500000611,-49.08724999993888,49.08724999993888,53
nextstrain_tree_graph_300day,187,366318611_3,368863957_1,464,330.551249999907,-133.448750000093,133.448750000093,66
nextstrain_tree_graph_300day,187,362550891_2,366139341_2,255,203.44425000000598,-51.55574999999402,51.55574999999402,34
nextstrain_tree_graph_300day,187,362513564_1,363435112_1,322,309.3667499999927,-12.633250000007308,12.633250000007308,51
nextstrain_tree_graph_300day,187,361594423_2,366267121_3,100,90.21675000002591,-9.783249999974089,9.783249999974089,13
nextstrain_tree_graph_300day,187,363580257_2,364237815_3,198,188.1037499999535,-9.896250000046507,9.896250000046507,31
nextstrain_tree_graph_300day,187,366251145_2,366264783_2,42,50.039249999979404,8.039249999979404,8.039249999979404,8
nextstrain_tree_graph_300day,187,361231170_1,366244584_1,188,191.39100000004186,3.3910000000418563,3.3910000000418563,28
nextstrain_tree_graph_300day,187,363605735_4,364945215_1,351,341.1434999999887,-9.856500000011295,9.856500000011295,54
nextstrain_tree_graph_300day,187,364238538_1,365793273_2,189,193.21724999999867,4.217249999998671,4.217249999998671,32
nextstrain_tree_graph_300day,187,363345558_2,365666091_2,257,247.27424999996612,-9.725750000033884,9.725750000033884,37
nextstrain_tree_graph_300day,187,365454486_1,366150590_1,252,197.9655000000525,-54.03449999994751,54.03449999994751,36
nextstrain_tree_graph_300day,187,363013248_2,366159558_3,256,201.2527500000578,-54.7472499999422,54.7472499999422,35
nextstrain_tree_graph_300day,187,362584718_2,364266612_1,326,316.3064999999947,-9.693500000005315,9.693500000005315,50
nextstrain_tree_graph_300day,187,365802124_2,366214077_4,319,307.54049999995283,-11.459500000047171,11.459500000047171,50
nextstrain_tree_graph_300day,187,365330277_2,366244957_2,186,192.12150000002458,6.121500000024582,6.121500000024582,30
nextstrain_tree_graph_300day,187,363337063_3,363351260_3,156,144.63899999990167,-11.361000000098329,11.361000000098329,23
nextstrain_tree_graph_300day,187,361276210_3,364987155_1,306,296.58300000004584,-9.416999999954157,9.416999999954157,44
nextstrain_tree_graph_300day,187,362941775_2,366283991_2,234,222.4372499999721,-11.562750000027904,11.562750000027904,35
nextstrain_tree_graph_300day,187,363608033_2,365289671_2,435,425.5162499999867,-9.483750000013288,9.483750000013288,67
nextstrain_tree_graph_300day,187,366258166_2,367364431_2,240,230.47275000003123,-9.527249999968774,9.527249999968774,39
nextstrain_tree_graph_300day,187,361412607_1,361428824_2,262,288.18224999999535,26.18224999999535,26.18224999999535,38
nextstrain_tree_graph_300day,187,363567240_3,366139341_2,208,156.32699999995748,-51.67300000004252,51.67300000004252,33
nextstrain_tree_graph_300day,187,363605735_4,366242243_2,224,222.07199999998073,-1.9280000000192672,1.9280000000192672,31
nextstrain_tree_graph_300day,187,362881740_2,366285226_2,135,125.28074999994419,-9.719250000055808,9.719250000055808,23
nextstrain_tree_graph_300day,187,365304681_2,366193535_2,14,16.070999999952164,2.070999999952164,2.070999999952164,3
nextstrain_tree_graph_300day,187,363280336_4,363465138_1,350,341.50874999998007,-8.491250000019932,8.491250000019932,54
nextstrain_tree_graph_300day,187,363466248_5,365814316_1,373,363.42374999996014,-9.576250000039863,9.576250000039863,58
nextstrain_tree_graph_300day,187,365787425_2,366155634_3,180,128.20274999995814,-51.797250000041856,51.797250000041856,29
nextstrain_tree_graph_300day,187,363673391_3,366191201_2,217,207.46199999991097,-9.538000000089028,9.538000000089028,29
nextstrain_tree_graph_300day,187,363616161_1,363698328_1,313,261.5190000000445,-51.480999999955486,51.480999999955486,51
nextstrain_tree_graph_300day,187,362859467_1,367772008_1,296,243.9869999999608,-52.0130000000392,52.0130000000392,48
nextstrain_tree_graph_300day,187,361420424_2,368513139_1,411,344.06550000000266,-66.93449999999734,66.93449999999734,62
nextstrain_tree_graph_300day,187,364261913_2,366249432_3,172,162.17099999998538,-9.829000000014616,9.829000000014616,29
nextstrain_tree_graph_300day,187,364986909_2,366141713_2,223,171.3022500000186,-51.6977499999814,51.6977499999814,32
nextstrain_tree_graph_300day,187,363902030_1,366236654_3,353,298.4092500000857,-54.590749999914294,54.590749999914294,50
nextstrain_tree_graph_300day,187,364994312_1,366253924_2,133,140.98649999998804,7.986499999988041,7.986499999988041,21
nextstrain_tree_graph_300day,187,363183659_1,363446027_2,113,101.1742499999329,-11.825750000067103,11.825750000067103,16
nextstrain_tree_graph_300day,187,363577530_3,363684908_3,305,309.36674999990964,4.3667499999096435,4.3667499999096435,41
nextstrain_tree_graph_300day,187,366141713_2,366194805_2,111,59.17050000001262,-51.82949999998738,51.82949999998738,18
nextstrain_tree_graph_300day,187,365816086_1,366244957_2,186,176.41574999998073,-9.584250000019267,9.584250000019267,31
nextstrain_tree_graph_300day,187,363684908_3,365432191_1,339,287.4517499999296,-51.548250000070425,51.548250000070425,48
nextstrain_tree_graph_300day,187,363100824_1,365698930_3,332,322.5157499999309,-9.484250000069096,9.484250000069096,53
nextstrain_tree_graph_300day,187,365432439_2,368254990_2,124,100.07849999995881,-23.921500000041192,23.921500000041192,21
nextstrain_tree_graph_300day,187,361775196_4,365719490_3,297,213.30600000002192,-83.69399999997808,83.69399999997808,45
nextstrain_tree_graph_300day,187,364964786_1,365791477_3,223,213.30600000002192,-9.693999999978075,9.693999999978075,33
nextstrain_tree_graph_300day,187,367072009_2,367277380_2,358,348.0832499999907,-9.916750000009301,9.916750000009301,53
nextstrain_tree_graph_300day,187,364765084_2,366211668_2,81,86.92949999993755,5.929499999937548,5.929499999937548,14
nextstrain_tree_graph_300day,187,362633250_3,365779095_2,148,172.03275000000133,24.03275000000133,24.03275000000133,25
nextstrain_tree_graph_300day,187,365364422_2,366657135_1,242,248.00474999994884,6.004749999948842,6.004749999948842,39
nextstrain_tree_graph_300day,187,363521232_2,366205359_3,262,252.3877500000113,-9.612249999988705,9.612249999988705,36
nextstrain_tree_graph_300day,187,365370228_1,366700580_1,294,180.43349999988573,-113.56650000011427,113.56650000011427,43
nextstrain_tree_graph_300day,187,362881740_2,367573301_1,222,212.2102499999648,-9.789750000035212,9.789750000035212,35
nextstrain_tree_graph_300day,187,361439647_2,366150989_2,214,182.25975000000864,-31.740249999991363,31.740249999991363,33
nextstrain_tree_graph_300day,187,363605735_4,365820107_2,396,386.43449999999734,-9.565500000002658,9.565500000002658,59
nextstrain_tree_graph_300day,187,366206024_2,366241799_2,72,59.535750000003986,-12.464249999996014,12.464249999996014,12
nextstrain_tree_graph_300day,187,366154889_3,368223902_2,297,245.44799999992625,-51.55200000007375,51.55200000007375,47
nextstrain_tree_graph_300day,187,364487174_2,366271313_1,122,109.20975000007508,-12.790249999924924,12.790249999924924,20
nextstrain_tree_graph_300day,187,361603772_2,362899547_1,437,427.3424999999435,-9.657500000056473,9.657500000056473,63
nextstrain_tree_graph_300day,187,361496279_2,362854099_2,111,101.17425000001595,-9.825749999984055,9.825749999984055,17
nextstrain_tree_graph_300day,187,364990100_4,365543784_3,489,477.381750000006,-11.61824999999402,11.61824999999402,78
nextstrain_tree_graph_300day,187,362375192_1,362686593_2,254,243.9869999999608,-10.013000000039199,10.013000000039199,35
nextstrain_tree_graph_300day,187,366215806_2,366887245_5,334,282.33824999996745,-51.661750000032555,51.661750000032555,51
nextstrain_tree_graph_300day,187,365720037_3,366719706_2,307,295.12199999999734,-11.878000000002658,11.878000000002658,44
nextstrain_tree_graph_300day,230,367166909_2,367167510_1,228,104.82675000001262,-123.17324999998738,123.17324999998738,35
nextstrain_tree_graph_300day,240,364144588_1,364161649_2,228,185.18175000010564,-42.81824999989436,42.81824999989436,34
nextstrain_tree_graph_300day,240,364116974_3,368001649_3,385,356.4840000000412,-28.515999999958808,28.515999999958808,58
nextstrain_tree_graph_300day,240,362089424_1,367045648_4,445,402.50550000003255,-42.494499999967445,42.494499999967445,72
nextstrain_tree_graph_300day,240,364222459_2,364277296_1,212,169.11075000007042,-42.889249999929575,42.889249999929575,35
nextstrain_tree_graph_300day,240,362231849_1,366328241_1,293,231.56850000008836,-61.43149999991164,61.43149999991164,48
nextstrain_tree_graph_300day,240,362092614_1,363931354_2,299,256.40549999999934,-42.594500000000664,42.594500000000664,44
nextstrain_tree_graph_300day,240,362079986_3,363966292_2,187,168.38025000000465,-18.61974999999535,18.61974999999535,30
nextstrain_tree_graph_300day,240,363738428_2,364217751_3,75,68.30175000004584,-6.698249999954157,6.698249999954157,14
nextstrain_tree_graph_300day,240,362236634_3,364222459_2,316,287.45175000009567,-28.54824999990433,28.54824999990433,46
nextstrain_tree_graph_300day,240,363982801_2,364104714_2,184,115.05374999993688,-68.94625000006312,68.94625000006312,28
nextstrain_tree_graph_300day,240,365210791_4,367034870_3,421,401.40975000005847,-19.590249999941534,19.590249999941534,62
nextstrain_tree_graph_300day,240,367224399_3,368868709_3,343,336.39525000001794,-6.604749999982062,6.604749999982062,56
nextstrain_tree_graph_300day,240,367074582_1,367811351_1,360,317.4022500000518,-42.59774999994818,42.59774999994818,57
nextstrain_tree_graph_300day,240,362050487_3,363966734_2,253,210.01875000009966,-42.98124999990034,42.98124999990034,42
nextstrain_tree_graph_300day,240,364188726_2,367969170_2,165,134.41200000006046,-30.58799999993954,30.58799999993954,27
nextstrain_tree_graph_300day,240,363867190_1,368091867_3,345,281.60775000006777,-63.39224999993223,63.39224999993223,51
nextstrain_tree_graph_300day,240,362036524_2,363876314_4,532,503.31450000005714,-28.685499999942863,28.685499999942863,80
nextstrain_tree_graph_300day,240,362101248_2,364183856_1,369,326.1682500000937,-42.83174999990632,42.83174999990632,56
nextstrain_tree_graph_300day,240,362163730_1,364202824_2,302,295.48725000007175,-6.512749999928246,6.512749999928246,46
nextstrain_tree_graph_300day,240,365741524_1,366113230_3,272,184.81649999994818,-87.18350000005182,87.18350000005182,44
nextstrain_tree_graph_300day,240,362026128_1,363965058_1,498,469.3462500000299,-28.653749999970103,28.653749999970103,71
nextstrain_tree_graph_300day,240,367512478_1,368143912_2,305,276.1290000000312,-28.870999999968774,28.870999999968774,42
nextstrain_tree_graph_300day,240,367349081_1,368135309_2,235,228.28125000008305,-6.718749999916952,6.718749999916952,36
nextstrain_tree_graph_300day,240,362170798_2,362262829_2,323,280.51200000001063,-42.48799999998937,42.48799999998937,54
nextstrain_tree_graph_300day,240,361334383_1,368029865_2,104,102.6352499999814,-1.3647500000186028,1.3647500000186028,16
nextstrain_tree_graph_300day,240,362211605_2,368001557_1,311,268.4587500000465,-42.54124999995349,42.54124999995349,52
nextstrain_tree_graph_300day,240,361332084_1,362243353_2,263,234.49050000001927,-28.509499999980733,28.509499999980733,38
nextstrain_tree_graph_300day,240,364017979_1,364216252_2,149,104.46150000002126,-44.53849999997874,44.53849999997874,25
nextstrain_tree_graph_300day,240,364218712_2,364220080_1,79,24.83699999999402,-54.16300000000598,54.16300000000598,13
nextstrain_tree_graph_300day,240,363918756_2,368070645_2,322,279.41625000003654,-42.58374999996346,42.58374999996346,50
nextstrain_tree_graph_300day,240,362250209_2,364078336_2,183,140.62125000007973,-42.378749999920274,42.378749999920274,31
nextstrain_tree_graph_300day,240,362184352_2,368170278_2,290,261.5190000000445,-28.480999999955486,28.480999999955486,44
nextstrain_tree_graph_300day,240,363928453_2,368106194_3,105,86.19900000003787,-18.80099999996213,18.80099999996213,17
nextstrain_tree_graph_300day,240,361940179_2,362169158_3,272,273.2070000000173,1.207000000017274,1.207000000017274,40
nextstrain_tree_graph_300day,240,363987803_2,364172260_2,165,136.23825000010032,-28.761749999899678,28.761749999899678,26
nextstrain_tree_graph_300day,240,363929796_3,364220179_2,221,192.486750000099,-28.513249999901007,28.513249999901007,35
nextstrain_tree_graph_300day,240,362046803_2,363927191_2,86,65.01450000004053,-20.985499999959472,20.985499999959472,14
nextstrain_tree_graph_300day,240,365028531_3,368041120_2,321,279.4162500001196,-41.58374999988041,41.58374999988041,49
nextstrain_tree_graph_300day,240,362077204_4,366930923_1,406,320.3242500000658,-85.67574999993423,85.67574999993423,60
nextstrain_tree_graph_300day,240,364205444_2,364216252_2,99,56.24849999999867,-42.75150000000133,42.75150000000133,17
nextstrain_tree_graph_300day,240,364049425_2,364217742_2,116,73.41525000009102,-42.58474999990898,42.58474999990898,18
nextstrain_tree_graph_300day,240,362027169_1,364216610_2,212,183.35550000006577,-28.644499999934226,28.644499999934226,31
nextstrain_tree_graph_300day,240,362250209_2,365013535_4,144,145.3695000000505,1.3695000000504933,1.3695000000504933,25
nextstrain_tree_graph_300day,240,362238469_3,364064426_3,416,387.5302500000545,-28.46974999994552,28.46974999994552,60
nextstrain_tree_graph_300day,240,362140570_2,363910384_1,369,340.413000000006,-28.58699999999402,28.58699999999402,55
nextstrain_tree_graph_300day,240,365024598_2,367611161_4,448,429.5340000000578,-18.4659999999422,18.4659999999422,66
nextstrain_tree_graph_300day,240,362162550_4,368079253_1,444,184.45125000003986,-259.54874999996014,259.54874999996014,71
nextstrain_tree_graph_300day,240,363853874_4,368141246_3,392,347.352750000091,-44.64724999990898,44.64724999990898,55
nextstrain_tree_graph_300day,240,361294990_3,364217511_2,172,116.14949999999402,-55.85050000000598,55.85050000000598,29
nextstrain_tree_graph_300day,240,361334383_1,361997736_2,160,143.54325000009368,-16.45674999990632,16.45674999990632,26
nextstrain_tree_graph_300day,240,362002646_2,363876314_4,393,390.45225000006843,-2.5477499999315683,2.5477499999315683,59
nextstrain_tree_graph_300day,240,364053041_2,364211622_2,114,71.2237500000598,-42.776249999940205,42.776249999940205,20
nextstrain_tree_graph_300day,240,362229863_1,364102628_2,242,199.426500000101,-42.57349999989901,42.57349999989901,37
nextstrain_tree_graph_300day,240,361967798_5,362355329_3,415,408.7147500000518,-6.285249999948178,6.285249999948178,58
nextstrain_tree_graph_300day,240,364848217_1,368044798_1,299,256.040250000008,-42.95974999999203,42.95974999999203,47
nextstrain_tree_graph_300day,240,367344226_1,368135309_2,130,123.45450000007042,-6.545499999929575,6.545499999929575,24
nextstrain_tree_graph_300day,240,363845080_2,364154038_2,295,288.54750000006976,-6.4524999999302395,6.4524999999302395,44
nextstrain_tree_graph_300day,240,363885510_3,363977154_2,65,49.67400000007109,-15.32599999992891,15.32599999992891,10
nextstrain_tree_graph_300day,240,364147526_3,368070531_1,319,271.7460000000518,-47.25399999994818,47.25399999994818,50
nextstrain_tree_graph_300day,240,363928888_1,363974016_3,211,204.54000000006312,-6.459999999936883,6.459999999936883,34
nextstrain_tree_graph_300day,240,362078062_2,365020530_3,136,173.49375000004983,37.49375000004983,37.49375000004983,21
nextstrain_tree_graph_300day,240,362170798_2,364083865_2,496,453.6405000000691,-42.359499999930904,42.359499999930904,79
nextstrain_tree_graph_300day,240,364216985_2,367593445_3,217,174.58950000002392,-42.41049999997608,42.41049999997608,33
nextstrain_tree_graph_300day,240,362020373_3,362356690_2,386,324.3420000000538,-61.657999999946185,61.657999999946185,60
nextstrain_tree_graph_300day,240,363841769_2,364218335_2,100,66.84075000008039,-33.15924999991961,33.15924999991961,18
nextstrain_tree_graph_300day,240,362002646_2,364116259_3,346,303.52275000004784,-42.477249999952164,42.477249999952164,50
nextstrain_tree_graph_300day,240,362054772_1,364210033_2,321,292.20000000006644,-28.79999999993356,28.79999999993356,49
nextstrain_tree_graph_300day,240,363932264_3,363967026_2,64,57.34425000005581,-6.655749999944192,6.655749999944192,12
nextstrain_tree_graph_300day,240,362101248_2,363983064_2,146,104.09625000011295,-41.903749999887054,41.903749999887054,24
nextstrain_tree_graph_300day,240,364206215_2,364848217_1,228,211.1144999999907,-16.8855000000093,16.8855000000093,37
nextstrain_tree_graph_300day,240,361323399_3,364070433_2,323,280.14675000001927,-42.85324999998073,42.85324999998073,54
nextstrain_tree_graph_300day,240,363729660_2,363938712_2,231,188.1037500001196,-42.89624999988041,42.89624999988041,39
nextstrain_tree_graph_300day,240,363962120_2,364937184_2,313,296.58300000004584,-16.416999999954157,16.416999999954157,49
nextstrain_tree_graph_300day,240,366569834_2,368132917_2,340,275.7637499999568,-64.23625000004319,64.23625000004319,51
nextstrain_tree_graph_300day,240,363870731_2,364209056_2,284,255.3097500001083,-28.690249999891705,28.690249999891705,41
nextstrain_tree_graph_300day,240,364066775_1,365228266_4,346,303.1574999999734,-42.842500000026575,42.842500000026575,51
nextstrain_tree_graph_300day,240,363696961_2,364215958_2,127,131.4900000000465,4.490000000046507,4.490000000046507,20
nextstrain_tree_graph_300day,240,364422052_1,368106185_1,411,394.4700000000565,-16.529999999943527,16.529999999943527,60
nextstrain_tree_graph_300day,240,363878398_3,368665184_4,382,365.6152500000744,-16.38474999992559,16.38474999992559,55
nextstrain_tree_graph_300day,240,361322277_4,362229880_4,506,461.6760000000452,-44.32399999995482,44.32399999995482,83
nextstrain_tree_graph_300day,240,361802118_1,364131023_2,351,334.2037499999867,-16.796250000013288,16.796250000013288,53
nextstrain_tree_graph_300day,240,363862040_1,364380280_1,340,333.47325000008703,-6.5267499999129654,6.5267499999129654,52
nextstrain_tree_graph_300day,240,364016885_4,367039904_3,344,315.2107500000206,-28.789249999979404,28.789249999979404,51
nextstrain_tree_graph_300day,240,361326540_3,367919761_4,251,222.43725000005514,-28.562749999944856,28.562749999944856,42
nextstrain_tree_graph_300day,240,361260139_1,363987803_2,295,276.1290000001143,-18.870999999885726,18.870999999885726,41
nextstrain_tree_graph_300day,240,367347811_1,368629661_3,279,236.31675000005913,-42.68324999994087,42.68324999994087,43
nextstrain_tree_graph_300day,240,364096559_4,368127642_2,343,314.48025000003787,-28.51974999996213,28.51974999996213,50
nextstrain_tree_graph_300day,240,363963912_1,368087512_2,285,199.06125000010962,-85.93874999989038,85.93874999989038,46
nextstrain_tree_graph_300day,240,362142729_1,363740009_2,386,369.63300000006245,-16.366999999937548,16.366999999937548,61
nextstrain_tree_graph_300day,240,363866891_1,364221051_2,243,200.15700000000066,-42.842999999999336,42.842999999999336,37
nextstrain_tree_graph_300day,240,364155301_4,364215814_2,131,102.27000000007308,-28.729999999926918,28.729999999926918,21
nextstrain_tree_graph_300day,240,362040819_1,362218348_2,386,367.4415000000312,-18.558499999968774,18.558499999968774,53
nextstrain_tree_graph_300day,240,363931873_2,368040876_3,189,146.10000000003322,-42.89999999996678,42.89999999996678,29
nextstrain_tree_graph_300day,240,361997155_3,362117539_1,285,169.47599999997874,-115.52400000002126,115.52400000002126,46
nextstrain_tree_graph_300day,240,363860862_2,364219003_2,212,169.4760000000618,-42.52399999993821,42.52399999993821,35
nextstrain_tree_graph_300day,240,364140396_2,367999876_4,274,231.20325000001395,-42.79674999998605,42.79674999998605,40
nextstrain_tree_graph_300day,240,364082745_2,364206769_2,276,158.5184999999887,-117.4815000000113,117.4815000000113,42
nextstrain_tree_graph_300day,240,362098197_2,368162251_1,228,221.341499999998,-6.658500000001993,6.658500000001993,35
nextstrain_tree_graph_300day,240,362123045_3,365163240_2,348,305.71425000007906,-42.28574999992094,42.28574999992094,52
nextstrain_tree_graph_300day,240,362200803_2,364217277_2,293,250.19624999998007,-42.80375000001993,42.80375000001993,48
nextstrain_tree_graph_300day,240,364105659_2,367041727_1,133,90.21675000010896,-42.78324999989104,42.78324999989104,22
nextstrain_tree_graph_300day,240,362070896_1,365229052_2,502,473.36400000001794,-28.63599999998206,28.63599999998206,73
nextstrain_tree_graph_300day,240,362043254_2,365014334_2,149,118.34100000002525,-30.658999999974753,30.658999999974753,24
nextstrain_tree_graph_300day,240,364186393_3,367370603_4,431,388.2607500000372,-42.739249999962794,42.739249999962794,64
nextstrain_tree_graph_300day,240,362193784_3,363865867_3,325,282.3382500000505,-42.66174999994951,42.66174999994951,51
nextstrain_tree_graph_300day,240,363926456_2,363938712_2,89,59.9010000000784,-29.098999999921602,29.098999999921602,17
nextstrain_tree_graph_300day,240,363969452_2,364105282_2,98,55.15275000010763,-42.84724999989237,42.84724999989237,15
nextstrain_tree_graph_300day,240,367999876_4,368119179_2,278,305.34900000000465,27.34900000000465,27.34900000000465,38
nextstrain_tree_graph_300day,240,363971033_2,363982788_2,108,101.53950000000731,-6.460499999992692,6.460499999992692,17
nextstrain_tree_graph_300day,240,363929294_2,364202749_3,271,242.52599999999535,-28.47400000000465,28.47400000000465,39
nextstrain_tree_graph_300day,240,362069957_1,363862327_3,273,230.10750000003986,-42.89249999996014,42.89249999996014,41
nextstrain_tree_graph_300day,240,362204809_1,363737315_1,268,241.4302500001043,-26.56974999989569,26.56974999989569,45
nextstrain_tree_graph_300day,240,362151866_1,365206988_2,370,327.62925000005913,-42.37074999994087,42.37074999994087,55
nextstrain_tree_graph_300day,240,362143974_3,362236634_3,443,400.67925000007574,-42.32074999992426,42.32074999992426,66
nextstrain_tree_graph_300day,240,362245136_2,364196163_2,229,186.6427500000711,-42.35724999992891,42.35724999992891,35
nextstrain_tree_graph_300day,240,363969195_2,364210480_3,86,43.09950000006046,-42.90049999993954,42.90049999993954,14
nextstrain_tree_graph_300day,240,362172834_2,364121975_3,284,239.60400000006445,-44.395999999935555,44.395999999935555,44
nextstrain_tree_graph_300day,240,364044648_1,364222218_3,405,386.4345000000804,-18.56549999991961,18.56549999991961,59
nextstrain_tree_graph_300day,240,363744965_1,364198943_2,148,105.55724999999535,-42.44275000000465,42.44275000000465,25
nextstrain_tree_graph_300day,240,363964527_3,364208676_2,158,128.20275000012424,-29.79724999987576,29.79724999987576,24
nextstrain_tree_graph_300day,240,362171248_3,363927652_2,165,168.3802500000877,3.380250000087699,3.380250000087699,26
nextstrain_tree_graph_300day,240,362110322_3,362238469_3,271,240.33450000004717,-30.66549999995283,30.66549999995283,42
nextstrain_tree_graph_300day,240,363962175_1,367865745_2,345,302.4269999999907,-42.5730000000093,42.5730000000093,54
nextstrain_tree_graph_300day,240,367944810_3,368014979_1,411,369.2677500000711,-41.73224999992891,41.73224999992891,59
nextstrain_tree_graph_300day,240,361982484_2,365266673_2,162,145.3695000000505,-16.630499999949507,16.630499999949507,29
nextstrain_tree_graph_300day,240,363800732_4,363983490_2,198,177.51150000003787,-20.48849999996213,20.48849999996213,30
nextstrain_tree_graph_300day,240,362110570_2,362224602_3,334,291.46950000000066,-42.530499999999336,42.530499999999336,53
nextstrain_tree_graph_300day,240,363885510_3,368038898_2,120,90.94725000000864,-29.052749999991363,29.052749999991363,19
nextstrain_tree_graph_300day,240,364038425_2,364107855_2,227,238.14300000001595,11.143000000015945,11.143000000015945,33
nextstrain_tree_graph_300day,240,362007356_1,364218040_2,163,120.16725000006511,-42.83274999993489,42.83274999993489,28
nextstrain_tree_graph_300day,240,363955352_2,367632794_2,211,77.06775000000465,-133.93224999999535,133.93224999999535,32
nextstrain_tree_graph_300day,240,362259841_2,363921791_2,295,266.6325000000897,-28.367499999910308,28.367499999910308,44
nextstrain_tree_graph_300day,240,361949554_2,364118151_1,342,347.352750000008,5.352750000007973,5.352750000007973,53
nextstrain_tree_graph_300day,240,364202578_2,364876519_1,232,189.56475000008504,-42.43524999991496,42.43524999991496,36
nextstrain_tree_graph_300day,240,364819790_2,368163387_1,478,471.5377500000611,-6.4622499999388765,6.4622499999388765,76
nextstrain_tree_graph_300day,240,362118833_2,363889615_2,241,212.21025000004784,-28.789749999952164,28.789749999952164,37
nextstrain_tree_graph_300day,240,362137685_2,364208363_2,288,239.60400000006445,-48.395999999935555,48.395999999935555,47
nextstrain_tree_graph_300day,240,362173070_1,362215892_2,425,394.4699999999734,-30.530000000026575,30.530000000026575,60
nextstrain_tree_graph_300day,240,361333006_1,362042207_2,183,138.06450000005714,-44.93549999994286,44.93549999994286,29
nextstrain_tree_graph_300day,240,362193784_3,363839951_3,392,349.17900000004784,-42.820999999952164,42.820999999952164,59
nextstrain_tree_graph_300day,240,363718615_2,364116087_2,172,165.45825000007375,-6.541749999926253,6.541749999926253,29
nextstrain_tree_graph_300day,240,364082745_2,367865745_2,208,165.09299999999934,-42.907000000000664,42.907000000000664,34
nextstrain_tree_graph_300day,240,367008450_2,367092282_2,396,296.94825000012025,-99.05174999987975,99.05174999987975,66
nextstrain_tree_graph_300day,240,362097310_2,365192580_2,199,139.89075000001395,-59.10924999998605,59.10924999998605,33
nextstrain_tree_graph_300day,240,363918756_2,365209953_2,193,232.2990000000711,39.29900000007109,39.29900000007109,30
nextstrain_tree_graph_300day,240,361790960_3,362070896_1,514,471.5377499999781,-42.462250000021925,42.462250000021925,76
nextstrain_tree_graph_300day,240,362047167_3,363710359_3,443,400.67925000007574,-42.32074999992426,42.32074999992426,66
nextstrain_tree_graph_300day,240,364193397_2,367098396_1,188,159.61425000004584,-28.385749999954157,28.385749999954157,28
nextstrain_tree_graph_300day,240,362116634_5,362189356_3,494,451.4490000001209,-42.55099999987908,42.55099999987908,75
nextstrain_tree_graph_300day,240,362176731_3,363984636_2,147,104.0962500000299,-42.9037499999701,42.9037499999701,23
nextstrain_tree_graph_300day,240,361991047_1,364208038_2,134,105.19200000008703,-28.807999999912965,28.807999999912965,21
nextstrain_tree_graph_300day,240,362011496_3,362253596_3,213,184.0860000000485,-28.9139999999515,28.9139999999515,32
nextstrain_tree_graph_300day,240,364182186_2,365024598_2,445,402.50550000003255,-42.494499999967445,42.494499999967445,70
nextstrain_tree_graph_300day,240,364105938_2,368085534_1,489,472.6335000000352,-16.366499999964788,16.366499999964788,69
nextstrain_tree_graph_300day,240,361940179_2,364216252_2,132,126.74174999999269,-5.258250000007308,5.258250000007308,21
nextstrain_tree_graph_300day,240,364102494_2,367857028_3,224,179.33774999999468,-44.662250000005315,44.662250000005315,35
nextstrain_tree_graph_300day,240,362258364_1,364167064_3,248,212.94075000003056,-35.05924999996944,35.05924999996944,37
nextstrain_tree_graph_300day,240,363799141_1,364037376_3,300,271.38075000006046,-28.61924999993954,28.61924999993954,46
nextstrain_tree_graph_300day,240,362435282_3,363930812_3,284,241.43025000002126,-42.56974999997874,42.56974999997874,41
nextstrain_tree_graph_300day,240,363931873_2,364194663_2,54,25.20225000006843,-28.79774999993157,28.79774999993157,9
nextstrain_tree_graph_300day,240,361965572_3,362225583_3,449,430.2645000000405,-18.735499999959472,18.735499999959472,65
nextstrain_tree_graph_300day,240,366217670_5,366340762_1,312,269.18925000002923,-42.81074999997077,42.81074999997077,51
nextstrain_tree_graph_300day,240,363882944_4,366331631_2,286,257.5012500000565,-28.498749999943527,28.498749999943527,46
nextstrain_tree_graph_300day,240,363944525_4,367161102_2,388,395.5657500001136,7.56575000011361,7.56575000011361,55
nextstrain_tree_graph_300day,240,364137249_2,364216544_2,306,277.5899999999967,-28.410000000003322,28.410000000003322,42
nextstrain_tree_graph_300day,240,364213208_2,364824881_3,140,143.54325000009368,3.5432500000936784,3.5432500000936784,23
nextstrain_tree_graph_300day,240,362041991_1,362104767_3,270,267.36299999998937,-2.63700000001063,2.63700000001063,43
nextstrain_tree_graph_300day,240,363931660_1,364102628_2,88,45.291000000091685,-42.708999999908315,42.708999999908315,14
nextstrain_tree_graph_300day,240,362211605_2,364154038_2,151,138.06450000005714,-12.935499999942863,12.935499999942863,27
nextstrain_tree_graph_300day,240,363722212_2,367071248_3,234,227.55075000001727,-6.449249999982726,6.449249999982726,40
nextstrain_tree_graph_300day,240,363887999_2,364220705_2,88,45.291000000091685,-42.708999999908315,42.708999999908315,13
nextstrain_tree_graph_300day,240,364411030_3,367011639_1,399,371.45925000001927,-27.540749999980733,27.540749999980733,61
nextstrain_tree_graph_300day,240,361701348_5,364102494_2,316,271.3807499999774,-44.61925000002259,44.61925000002259,51
nextstrain_tree_graph_300day,240,364046179_2,368042625_4,512,468.2505000000558,-43.74949999994419,43.74949999994419,76
nextstrain_tree_graph_300day,240,364213285_2,364417014_3,250,221.34150000008106,-28.658499999918945,28.658499999918945,38
nextstrain_tree_graph_300day,240,364010737_2,364214369_2,107,64.28399999997475,-42.71600000002525,42.71600000002525,17
nextstrain_tree_graph_300day,240,364216985_2,365011229_2,119,100.44375000003322,-18.55624999996678,18.55624999996678,21
nextstrain_tree_graph_300day,240,363976998_1,364104013_2,303,260.4232500000704,-42.576749999929575,42.576749999929575,46
nextstrain_tree_graph_300day,240,362357261_1,363928611_2,205,162.17099999998538,-42.82900000001462,42.82900000001462,32
nextstrain_tree_graph_300day,240,361901992_2,363973247_3,195,109.94024999997475,-85.05975000002525,85.05975000002525,28
nextstrain_tree_graph_300day,240,363835837_2,365252216_2,322,315.576000000095,-6.423999999904993,6.423999999904993,49
nextstrain_tree_graph_300day,240,361940179_2,363931984_2,116,109.20975000007508,-6.790249999924924,6.790249999924924,19
nextstrain_tree_graph_300day,240,362036665_1,364211622_2,193,174.22425000003255,-18.775749999967445,18.775749999967445,30
nextstrain_tree_graph_300day,240,364041314_2,364221028_2,107,62.092500000026575,-44.907499999973425,44.907499999973425,19
nextstrain_tree_graph_300day,240,363861399_2,365206644_2,198,148.6567500000558,-49.34324999994419,49.34324999994419,32
nextstrain_tree_graph_300day,240,362132727_3,362240299_2,264,258.2317500000392,-5.768249999960801,5.768249999960801,43
nextstrain_tree_graph_300day,240,363884114_3,367346163_2,372,329.455500000099,-42.54449999990101,42.54449999990101,56
nextstrain_tree_graph_300day,240,363868093_2,363927940_2,101,82.18125000004983,-18.81874999995017,18.81874999995017,17
nextstrain_tree_graph_300day,240,364221511_2,368126918_3,245,202.3485000000319,-42.65149999996811,42.65149999996811,36
nextstrain_tree_graph_300day,240,362028624_3,368868778_3,403,360.50175000002923,-42.49824999997077,42.49824999997077,64
nextstrain_tree_graph_300day,240,363836467_1,365025655_3,432,383.1472500000751,-48.852749999924924,48.852749999924924,66
nextstrain_tree_graph_300day,240,364038244_2,364104013_2,96,53.32650000006777,-42.67349999993223,42.67349999993223,14
nextstrain_tree_graph_300day,240,362259093_2,362262856_4,233,234.1252500000279,1.1252500000279042,1.1252500000279042,36
nextstrain_tree_graph_300day,240,363865867_3,365234584_2,233,136.60350000000864,-96.39649999999136,96.39649999999136,37
nextstrain_tree_graph_300day,240,363971033_2,368127642_2,184,141.3517499999794,-42.648250000020596,42.648250000020596,29
nextstrain_tree_graph_300day,240,364045124_1,367947437_2,163,156.32700000004053,-6.6729999999594725,6.6729999999594725,26
nextstrain_tree_graph_300day,240,361919084_2,365228266_4,408,365.25,-42.75,42.75,60
nextstrain_tree_graph_300day,240,367998439_1,368008656_2,245,231.56850000000532,-13.431499999994685,13.431499999994685,40
nextstrain_tree_graph_300day,240,364030423_2,365014334_2,162,119.07150000000797,-42.92849999999203,42.92849999999203,25
nextstrain_tree_graph_300day,240,362218348_2,364937184_2,289,260.4232500000704,-28.576749999929575,28.576749999929575,48
nextstrain_tree_graph_300day,240,362864810_2,364927023_3,418,375.47700000009036,-42.52299999990964,42.52299999990964,66
nextstrain_tree_graph_300day,240,364215925_1,364409620_1,117,96.42600000004518,-20.57399999995482,20.57399999995482,18
nextstrain_tree_graph_300day,240,362262829_2,363964565_2,136,107.38350000003521,-28.616499999964788,28.616499999964788,24
nextstrain_tree_graph_300day,240,361975849_2,364215757_2,206,189.19950000009368,-16.80049999990632,16.80049999990632,28
nextstrain_tree_graph_300day,240,362033748_2,362107969_2,304,254.57925000004252,-49.42074999995748,49.42074999995748,44
nextstrain_tree_graph_300day,240,363861399_2,365261103_3,176,131.12475000005514,-44.875249999944856,44.875249999944856,28
nextstrain_tree_graph_300day,240,361768673_1,363835837_2,430,423.6900000000299,-6.309999999970103,6.309999999970103,65
nextstrain_tree_graph_300day,240,364212920_2,364220832_3,284,241.0650000000299,-42.9349999999701,42.9349999999701,44
nextstrain_tree_graph_300day,240,361253570_1,363984636_2,206,163.26675000004252,-42.73324999995748,42.73324999995748,30
nextstrain_tree_graph_300day,240,363733990_2,366217670_5,340,297.31350000002857,-42.68649999997143,42.68649999997143,51
nextstrain_tree_graph_300day,240,362193784_3,364005062_2,346,303.1575000000565,-42.84249999994353,42.84249999994353,50
nextstrain_tree_graph_300day,240,362320672_1,368064697_3,357,79.62449999994419,-277.3755000000558,277.3755000000558,56
nextstrain_tree_graph_300day,240,362040404_1,363978913_1,429,298.774499999911,-130.22550000008903,130.22550000008903,57
nextstrain_tree_graph_300day,240,361790960_3,362224113_1,343,336.39525000001794,-6.604749999982062,6.604749999982062,55
nextstrain_tree_graph_300day,240,365210791_4,368014979_1,521,479.5732500000372,-41.426749999962794,41.426749999962794,76
nextstrain_tree_graph_300day,240,362157285_2,362217838_5,302,256.4055000000824,-45.594499999917616,45.594499999917616,49
nextstrain_tree_graph_300day,240,364054591_1,364220761_2,65,58.4400000000299,-6.559999999970103,6.559999999970103,12
nextstrain_tree_graph_300day,240,362066794_2,364086929_2,242,213.30600000002192,-28.693999999978075,28.693999999978075,37
nextstrain_tree_graph_300day,240,367370603_4,368012779_1,302,259.3275000000133,-42.67249999998671,42.67249999998671,47
nextstrain_tree_graph_300day,240,364106908_2,365209953_2,370,327.26400000006777,-42.73599999993223,42.73599999993223,57
nextstrain_tree_graph_300day,240,362134165_3,363996317_2,447,405.4275000000465,-41.57249999995349,41.57249999995349,67
nextstrain_tree_graph_300day,240,363961264_1,363977232_1,466,380.2252500000611,-85.77474999993888,85.77474999993888,69
nextstrain_tree_graph_300day,240,362205664_2,362238469_3,264,255.3097500001083,-8.690249999891705,8.690249999891705,40
nextstrain_tree_graph_300day,240,364188605_2,368105063_1,283,240.33450000004717,-42.66549999995283,42.66549999995283,42
nextstrain_tree_graph_300day,240,364214679_2,367044468_2,233,219.88050000003255,-13.119499999967445,13.119499999967445,35
nextstrain_tree_graph_300day,240,363970184_2,367218800_1,245,228.28125000008305,-16.71874999991695,16.71874999991695,39
nextstrain_tree_graph_300day,240,362259841_2,368027622_2,499,456.56250000008305,-42.43749999991695,42.43749999991695,73
nextstrain_tree_graph_300day,240,364899727_3,367919761_4,228,199.42650000001794,-28.57349999998206,28.57349999998206,39
nextstrain_tree_graph_300day,240,364040248_1,366129925_3,238,217.32375000000997,-20.676249999990034,20.676249999990034,37
nextstrain_tree_graph_300day,240,363841769_2,367507701_2,207,200.1570000000837,-6.842999999916287,6.842999999916287,35
nextstrain_tree_graph_300day,240,362262829_2,365219142_1,311,294.3915000000146,-16.608499999985384,16.608499999985384,47
nextstrain_tree_graph_300day,240,363963601_3,364100363_2,224,99.34799999997608,-124.65200000002392,124.65200000002392,34
nextstrain_tree_graph_300day,240,367873976_3,368114338_3,301,293.6610000000319,-7.3389999999681095,7.3389999999681095,47
nextstrain_tree_graph_300day,240,362186103_2,363943666_3,222,88.02525000007773,-133.97474999992227,133.97474999992227,36
nextstrain_tree_graph_300day,240,362320672_1,368089359_2,420,160.34475000002857,-259.65524999997143,259.65524999997143,64
nextstrain_tree_graph_300day,240,361287663_2,368001649_3,329,286.35600000003853,-42.643999999961466,42.643999999961466,49
nextstrain_tree_graph_300day,240,364104799_2,365023588_2,113,104.09625000011295,-8.903749999887054,8.903749999887054,17
nextstrain_tree_graph_300day,240,361959202_3,365014334_2,254,225.3592500000691,-28.640749999930904,28.640749999930904,40
nextstrain_tree_graph_300day,240,362363616_4,365262520_1,509,250.56149999997143,-258.43850000002857,258.43850000002857,73
nextstrain_tree_graph_300day,240,363971033_2,366097952_3,248,205.6357500000372,-42.364249999962794,42.364249999962794,36
nextstrain_tree_graph_300day,240,363838373_3,367044468_2,459,353.9272500000186,-105.0727499999814,105.0727499999814,66
nextstrain_tree_graph_300day,240,362143190_2,365011229_2,140,151.21349999999535,11.21349999999535,11.21349999999535,23
nextstrain_tree_graph_300day,240,362216404_4,364216252_2,296,253.48349999998538,-42.51650000001462,42.51650000001462,46
nextstrain_tree_graph_300day,240,363984467_3,368158417_2,197,154.13550000009235,-42.86449999990765,42.86449999990765,35
nextstrain_tree_graph_300day,240,362078062_2,363866891_1,246,237.41250000003322,-8.58749999996678,8.58749999996678,39
nextstrain_tree_graph_300day,240,363973364_2,364017979_1,153,108.47925000009235,-44.52074999990765,44.52074999990765,24
nextstrain_tree_graph_300day,240,362251619_1,367039904_3,306,287.08650000002126,-18.91349999997874,18.91349999997874,46
nextstrain_tree_graph_300day,240,362105593_4,368032789_2,376,333.47325000008703,-42.526749999912965,42.526749999912965,57
nextstrain_tree_graph_300day,240,367044250_2,367540184_2,430,387.5302500000545,-42.46974999994552,42.46974999994552,64
nextstrain_tree_graph_300day,240,363992395_1,368090781_2,243,222.07200000006378,-20.92799999993622,20.92799999993622,40
nextstrain_tree_graph_300day,240,361332084_1,364195005_2,387,342.6045000000372,-44.395499999962794,44.395499999962794,58
nextstrain_tree_graph_300day,240,363750826_2,363927803_1,349,318.1327500001176,-30.867249999882404,30.867249999882404,50
nextstrain_tree_graph_300day,240,363889615_2,367915108_2,229,184.0860000000485,-44.9139999999515,44.9139999999515,36
nextstrain_tree_graph_300day,240,362052838_3,364026195_2,374,238.50825000009036,-135.49174999990964,135.49174999990964,55
nextstrain_tree_graph_300day,240,362149083_3,363913389_2,262,219.15000000004983,-42.84999999995017,42.84999999995017,42
nextstrain_tree_graph_300day,240,361260139_1,368070531_1,306,264.0757500000671,-41.9242499999329,41.9242499999329,46
nextstrain_tree_graph_300day,240,362007078_2,364103774_2,156,94.59975000000532,-61.400249999994685,61.400249999994685,25
nextstrain_tree_graph_300day,240,364189202_2,368106185_1,238,221.34150000008106,-16.658499999918945,16.658499999918945,32
nextstrain_tree_graph_300day,240,362248641_3,364155301_4,281,282.3382500000505,1.3382500000504933,1.3382500000504933,44
nextstrain_tree_graph_300day,240,364141797_2,364215933_2,70,53.32649999998472,-16.67350000001528,16.67350000001528,11
nextstrain_tree_graph_300day,240,364029949_2,364100466_2,118,2.191499999948178,-115.80850000005182,115.80850000005182,19
nextstrain_tree_graph_300day,240,364093131_2,364420193_1,400,371.45925000001927,-28.540749999980733,28.540749999980733,59
nextstrain_tree_graph_300day,240,362135175_2,364213208_2,285,242.5260000000784,-42.4739999999216,42.4739999999216,45
nextstrain_tree_graph_300day,240,365062515_2,367282066_3,299,300.2355000000425,1.2355000000425207,1.2355000000425207,48
nextstrain_tree_graph_300day,240,367869910_2,368605444_1,263,220.61100000009833,-42.38899999990167,42.38899999990167,42
nextstrain_tree_graph_300day,240,362243038_3,363848531_2,151,108.11400000010099,-42.88599999989901,42.88599999989901,26
nextstrain_tree_graph_300day,240,362069073_3,364198660_3,434,391.5480000000425,-42.45199999995748,42.45199999995748,65
nextstrain_tree_graph_300day,240,361961373_3,363943666_3,357,258.962250000105,-98.03774999989503,98.03774999989503,54
nextstrain_tree_graph_300day,240,361776948_2,363971113_3,430,387.5302500000545,-42.46974999994552,42.46974999994552,61
nextstrain_tree_graph_300day,240,362143521_2,363926456_2,263,246.17850000007508,-16.821499999924924,16.821499999924924,35
nextstrain_tree_graph_300day,240,362069206_2,364006979_2,182,139.16025000003123,-42.839749999968774,42.839749999968774,32
nextstrain_tree_graph_300day,240,362254044_3,364093131_2,377,348.44849999998206,-28.55150000001794,28.55150000001794,54
nextstrain_tree_graph_300day,240,362240956_1,368105063_1,369,138.06449999989104,-230.93550000010896,230.93550000010896,55
nextstrain_tree_graph_300day,240,362070896_1,364424345_2,341,298.40925000000266,-42.59074999999734,42.59074999999734,49
nextstrain_tree_graph_300day,240,362117539_1,364003032_1,393,185.54700000001395,-207.45299999998605,207.45299999998605,64
nextstrain_tree_graph_300day,240,365239714_1,366129925_3,296,253.11824999999402,-42.88175000000598,42.88175000000598,48
nextstrain_tree_graph_300day,240,364214013_2,368012779_1,134,91.3125,-42.6875,42.6875,22
nextstrain_tree_graph_300day,240,361949554_2,364179235_1,234,191.39100000004186,-42.608999999958144,42.608999999958144,39
nextstrain_tree_graph_300day,240,362245973_2,367339201_2,250,207.09675000000266,-42.90324999999734,42.90324999999734,40
nextstrain_tree_graph_300day,240,364183856_1,365620842_2,383,376.2075000000731,-6.7924999999269176,6.7924999999269176,55
nextstrain_tree_graph_300day,240,362021360_2,362238414_3,314,307.5405000000359,-6.459499999964123,6.459499999964123,47
nextstrain_tree_graph_300day,240,362135175_2,363984467_3,312,309.36675000007574,-2.63324999992426,2.63324999992426,51
nextstrain_tree_graph_300day,240,363154038_1,363740009_2,362,140.25599999992227,-221.74400000007773,221.74400000007773,55
nextstrain_tree_graph_300day,240,364130695_3,367944810_3,187,180.06825000006046,-6.931749999939541,6.931749999939541,29
nextstrain_tree_graph_300day,240,364855182_3,368071842_2,335,318.4980000000259,-16.50199999997409,16.50199999997409,51
nextstrain_tree_graph_300day,240,364357926_1,368091867_3,393,127.10699999998405,-265.89300000001595,265.89300000001595,58
nextstrain_tree_graph_300day,240,363927803_1,367354063_1,389,360.1365000001209,-28.86349999987908,28.86349999987908,55
nextstrain_tree_graph_300day,240,363932066_2,363953489_3,220,177.1462500000465,-42.85374999995349,42.85374999995349,38
nextstrain_tree_graph_300day,240,362125175_1,363866733_4,455,412.73250000003986,-42.26749999996014,42.26749999996014,69
nextstrain_tree_graph_300day,240,362009425_3,364105282_2,303,260.4232500000704,-42.576749999929575,42.576749999929575,45
nextstrain_tree_graph_300day,240,364819123_1,365020530_3,258,216.22800000003588,-41.77199999996412,41.77199999996412,42
nextstrain_tree_graph_300day,240,362235820_1,364215793_2,226,227.1855000000259,1.185500000025911,1.185500000025911,32
nextstrain_tree_graph_300day,240,362024616_1,364049841_2,343,300.6007500000339,-42.399249999966116,42.399249999966116,54
nextstrain_tree_graph_300day,240,361307979_2,364169446_2,466,437.5695000000339,-28.430499999966116,28.430499999966116,67
nextstrain_tree_graph_300day,240,362104767_3,363943666_3,346,95.33024999998804,-250.66975000001196,250.66975000001196,56
nextstrain_tree_graph_300day,240,366807304_3,367355339_2,429,157.78800000000598,-271.211999999994,271.211999999994,66
nextstrain_tree_graph_300day,240,364213469_2,365259477_1,273,230.10750000003986,-42.89249999996014,42.89249999996014,43
nextstrain_tree_graph_300day,240,362125864_4,363722212_2,326,283.4340000000246,-42.56599999997542,42.56599999997542,52
nextstrain_tree_graph_300day,240,361899487_2,363743170_2,208,187.37324999997077,-20.626750000029233,20.626750000029233,31
nextstrain_tree_graph_300day,240,362254902_3,367043728_1,450,283.0687500000332,-166.93124999996678,166.93124999996678,63
nextstrain_tree_graph_300day,240,362086205_1,363938712_2,132,113.95800000012889,-18.04199999987111,18.04199999987111,23
nextstrain_tree_graph_300day,240,362162550_4,364211874_4,438,178.60725000001196,-259.39274999998804,259.39274999998804,63
nextstrain_tree_graph_300day,240,363964527_3,364108676_2,153,137.3340000000744,-15.665999999925589,15.665999999925589,23
nextstrain_tree_graph_300day,240,364211353_2,364215450_1,329,286.3560000001216,-42.64399999987842,42.64399999987842,49
nextstrain_tree_graph_300day,240,363927652_2,367355022_4,283,240.69975000003853,-42.300249999961466,42.300249999961466,41
nextstrain_tree_graph_300day,240,362110570_2,367047081_2,180,173.49375000004983,-6.506249999950171,6.506249999950171,31
nextstrain_tree_graph_300day,240,364103933_2,364415519_2,197,154.1355000000093,-42.8644999999907,42.8644999999907,32
nextstrain_tree_graph_300day,240,362371491_3,364071516_1,147,118.34100000002525,-28.658999999974753,28.658999999974753,26
nextstrain_tree_graph_300day,240,364070765_3,364102344_2,111,68.30175000004584,-42.69824999995416,42.69824999995416,21
nextstrain_tree_graph_300day,240,362381646_2,364194468_2,225,196.13925000001262,-28.860749999987377,28.860749999987377,34
nextstrain_tree_graph_300day,240,361998618_3,363927206_2,94,77.06775000000465,-16.93224999999535,16.93224999999535,14
nextstrain_tree_graph_300day,240,364192569_2,364210033_2,93,94.23450000001395,1.234500000013952,1.234500000013952,14
nextstrain_tree_graph_300day,240,363850151_3,363927206_2,179,150.11775000002126,-28.88224999997874,28.88224999997874,29
nextstrain_tree_graph_300day,240,363928453_2,364973249_4,258,239.23874999999003,-18.761250000009966,18.761250000009966,36
nextstrain_tree_graph_300day,240,362042207_2,362230973_2,185,142.08225000004518,-42.91774999995482,42.91774999995482,29
nextstrain_tree_graph_300day,240,367931585_3,368310147_3,403,374.3812500000332,-28.61874999996678,28.61874999996678,60
nextstrain_tree_graph_300day,240,362125864_4,367514943_2,309,266.2672500000153,-42.73274999998472,42.73274999998472,49
nextstrain_tree_graph_300day,240,362099059_1,367516635_2,193,150.48300000009567,-42.51699999990433,42.51699999990433,29
nextstrain_tree_graph_300day,240,364010737_2,364377808_1,241,225.35924999998605,-15.640750000013952,15.640750000013952,38
nextstrain_tree_graph_300day,240,364141797_2,368571007_1,225,196.13925000001262,-28.860749999987377,28.860749999987377,36
nextstrain_tree_graph_300day,240,363851501_2,365224432_2,381,338.2215000000578,-42.7784999999422,42.7784999999422,59
nextstrain_tree_graph_300day,240,362041991_1,364849318_2,166,156.6922500000319,-9.30774999996811,9.30774999996811,28
nextstrain_tree_graph_300day,240,364103842_2,364219810_4,160,153.0397500000352,-6.9602499999647875,6.9602499999647875,25
nextstrain_tree_graph_300day,240,364153807_2,364221848_2,308,241.06499999994685,-66.93500000005315,66.93500000005315,48
nextstrain_tree_graph_300day,240,364212217_2,367869910_2,171,128.56800000003255,-42.431999999967445,42.431999999967445,26
nextstrain_tree_graph_300day,240,363865210_2,365023517_1,301,260.4232499999874,-40.57675000001262,40.57675000001262,47
nextstrain_tree_graph_300day,240,363955352_2,364212511_1,99,88.02524999999468,-10.974750000005315,10.974750000005315,15
nextstrain_tree_graph_300day,240,362079986_3,364105938_2,386,357.5797500000153,-28.42024999998472,28.42024999998472,57
nextstrain_tree_graph_300day,240,361966659_1,368044798_1,202,159.9795000000372,-42.020499999962794,42.020499999962794,30
nextstrain_tree_graph_300day,240,364216985_2,365020466_4,212,193.58250000007308,-18.417499999926918,18.417499999926918,32
nextstrain_tree_graph_300day,240,364218663_3,365020530_3,194,151.2135000000784,-42.7864999999216,42.7864999999216,30
nextstrain_tree_graph_300day,240,366378717_3,367644679_2,298,269.5545000000206,-28.445499999979404,28.445499999979404,50
nextstrain_tree_graph_300day,240,362172401_2,362223249_2,169,126.01125000000997,-42.988749999990034,42.988749999990034,31
nextstrain_tree_graph_300day,240,364196013_3,368595201_2,372,344.43075000007707,-27.56924999992293,27.56924999992293,56
nextstrain_tree_graph_300day,240,362250826_1,362259080_2,383,356.4840000000412,-26.515999999958808,26.515999999958808,57
nextstrain_tree_graph_300day,240,363529774_1,363789273_1,497,476.65125000002325,-20.348749999976746,20.348749999976746,67
nextstrain_tree_graph_300day,240,361991047_1,362183815_2,321,292.5652500000578,-28.4347499999422,28.4347499999422,47
nextstrain_tree_graph_300day,240,362079936_1,364161649_2,319,290.3737500001096,-28.626249999890376,28.626249999890376,50
nextstrain_tree_graph_300day,240,364187034_2,367857028_3,216,207.46199999999402,-8.53800000000598,8.53800000000598,33
nextstrain_tree_graph_300day,240,363734527_3,366929000_1,323,292.5652500000578,-30.4347499999422,30.4347499999422,49
nextstrain_tree_graph_300day,240,362224113_1,365243726_2,188,147.56099999991562,-40.43900000008438,40.43900000008438,31
nextstrain_tree_graph_300day,240,363915482_1,363973364_2,316,273.5722500000917,-42.427749999908315,42.427749999908315,48
nextstrain_tree_graph_300day,240,362052837_2,368087512_2,176,131.12475000005514,-44.875249999944856,44.875249999944856,29
nextstrain_tree_graph_300day,240,362103430_2,364103965_2,129,106.28775000006112,-22.712249999938876,22.712249999938876,21
nextstrain_tree_graph_300day,240,364108642_2,364877293_2,160,133.31625000000332,-26.683749999996678,26.683749999996678,25
nextstrain_tree_graph_300day,240,363982654_2,364845859_1,211,168.38025000000465,-42.61974999999535,42.61974999999535,34
nextstrain_tree_graph_300day,240,363930985_2,364219003_2,71,28.124249999999336,-42.875750000000664,42.875750000000664,13
nextstrain_tree_graph_300day,240,361334383_1,364206769_2,284,255.3097500001083,-28.690249999891705,28.690249999891705,44
nextstrain_tree_graph_300day,240,366584023_1,367998439_1,324,281.24249999999336,-42.757500000006644,42.757500000006644,53
nextstrain_tree_graph_300day,240,364219810_4,365215406_2,363,320.3242499999827,-42.675750000017274,42.675750000017274,57
nextstrain_tree_graph_300day,240,362159921_3,364155301_4,308,326.533500000002,18.533500000001993,18.533500000001993,49
nextstrain_tree_graph_300day,240,362229103_2,364141925_2,118,75.24150000004784,-42.758499999952164,42.758499999952164,20
nextstrain_tree_graph_300day,240,362224602_3,365013535_4,293,294.3915000000146,1.3915000000146165,1.3915000000146165,46
nextstrain_tree_graph_300day,240,365195065_2,365215882_2,438,216.95850000010165,-221.04149999989835,221.04149999989835,62
nextstrain_tree_graph_300day,240,362132727_3,368606320_2,364,321.42000000003986,-42.57999999996014,42.57999999996014,58
nextstrain_tree_graph_300day,240,362143974_3,364908402_2,270,227.55075000001727,-42.449249999982726,42.449249999982726,43
nextstrain_tree_graph_300day,240,362134165_3,363933313_2,244,237.04725000004186,-6.952749999958144,6.952749999958144,39
nextstrain_tree_graph_300day,240,364010737_2,364221848_2,219,190.29524999998472,-28.70475000001528,28.70475000001528,33
nextstrain_tree_graph_300day,240,363927544_2,364135125_4,226,184.45125000003986,-41.54874999996014,41.54874999996014,36
nextstrain_tree_graph_300day,240,364102628_2,367343573_2,262,233.39475000004518,-28.60524999995482,28.60524999995482,38
nextstrain_tree_graph_300day,240,364214390_2,365021776_1,264,221.34150000008106,-42.658499999918945,42.658499999918945,42
nextstrain_tree_graph_300day,240,364211748_2,365832014_2,193,150.1177500001043,-42.88224999989569,42.88224999989569,32
nextstrain_tree_graph_300day,240,361972669_3,362257650_1,272,236.6820000000505,-35.31799999994951,35.31799999994951,42
nextstrain_tree_graph_300day,240,363930971_2,364117235_2,271,228.28125,-42.71875,42.71875,41
nextstrain_tree_graph_300day,240,362219209_2,366336996_3,224,181.16400000003455,-42.83599999996545,42.83599999996545,35
nextstrain_tree_graph_300day,240,365741524_1,367811351_1,248,205.27050000004584,-42.72949999995416,42.72949999995416,41
nextstrain_tree_graph_300day,240,364116336_3,367919761_4,355,291.1042500000093,-63.8957499999907,63.8957499999907,59
nextstrain_tree_graph_300day,240,361978823_2,364106908_2,281,239.23875000007308,-41.76124999992692,41.76124999992692,44
nextstrain_tree_graph_300day,240,363984467_3,367883494_3,182,139.16025000003123,-42.839749999968774,42.839749999968774,31
nextstrain_tree_graph_300day,240,362007356_1,363866733_4,322,279.41625000003654,-42.58374999996346,42.58374999996346,53
nextstrain_tree_graph_300day,240,364212475_2,368159755_1,76,56.24850000008172,-19.75149999991828,19.75149999991828,12
nextstrain_tree_graph_300day,240,363928453_2,364082745_2,131,88.02524999999468,-42.974750000005315,42.974750000005315,18
nextstrain_tree_graph_300day,240,361776948_2,364002380_2,244,237.41250000011627,-6.5874999998837325,6.5874999998837325,38
nextstrain_tree_graph_300day,240,363961851_4,363967026_2,262,219.15000000004983,-42.84999999995017,42.84999999995017,37
nextstrain_tree_graph_300day,240,363931938_2,364215795_2,392,395.2005000000392,3.2005000000391988,3.2005000000391988,62
nextstrain_tree_graph_300day,240,367861890_3,367930575_2,220,177.51150000003787,-42.48849999996213,42.48849999996213,35
nextstrain_tree_graph_300day,240,362126652_2,363853523_1,478,461.6760000000452,-16.32399999995482,16.32399999995482,68
nextstrain_tree_graph_300day,240,362202082_2,363958201_2,436,393.3742500000824,-42.625749999917616,42.625749999917616,63
nextstrain_tree_graph_300day,240,364193254_2,368155394_3,103,86.56425000002923,-16.435749999970767,16.435749999970767,17
nextstrain_tree_graph_300day,240,363928538_2,363976380_2,347,318.4980000000259,-28.50199999997409,28.50199999997409,51
nextstrain_tree_graph_300day,240,364149189_3,368089359_2,426,124.18500000005315,-301.81499999994685,301.81499999994685,61
nextstrain_tree_graph_300day,240,365268273_3,367098396_1,338,238.50825000009036,-99.49174999990964,99.49174999990964,51
nextstrain_tree_graph_300day,240,362105953_3,362709709_3,362,341.1434999999887,-20.856500000011295,20.856500000011295,56
nextstrain_tree_graph_300day,240,363788681_2,364193061_3,262,233.02950000005382,-28.970499999946185,28.970499999946185,40
nextstrain_tree_graph_300day,240,364123146_1,368141246_3,238,208.55775000005116,-29.442249999948842,29.442249999948842,32
nextstrain_tree_graph_300day,240,364214369_2,368634247_3,277,234.1252500000279,-42.874749999972096,42.874749999972096,42
nextstrain_tree_graph_300day,240,364086929_2,364218554_2,194,165.45825000007375,-28.541749999926253,28.541749999926253,28
nextstrain_tree_graph_300day,240,362033748_2,364218265_2,257,236.31675000005913,-20.68324999994087,20.68324999994087,37
nextstrain_tree_graph_300day,240,362050309_2,362239745_3,272,243.6217500000525,-28.378249999947514,28.378249999947514,40
nextstrain_tree_graph_300day,240,363967676_2,368035365_2,127,106.28775000006112,-20.712249999938876,20.712249999938876,20
nextstrain_tree_graph_300day,240,364117428_3,364217373_3,179,182.625,3.625,3.625,26
nextstrain_tree_graph_300day,240,362204101_2,364220351_2,124,81.08550000007574,-42.91449999992426,42.91449999992426,21
nextstrain_tree_graph_300day,240,361922280_1,365015262_2,226,197.23500000006976,-28.76499999993024,28.76499999993024,37
nextstrain_tree_graph_300day,240,362259093_2,363529774_1,327,308.2710000000186,-18.728999999981397,18.728999999981397,46
nextstrain_tree_graph_300day,240,362036524_2,363730710_3,436,202.7137500001063,-233.2862499998937,233.2862499998937,66
nextstrain_tree_graph_300day,240,361960528_2,363887999_2,125,108.11400000010099,-16.885999999899013,16.885999999899013,18
nextstrain_tree_graph_300day,240,362011496_3,364205669_1,228,199.426500000101,-28.573499999899013,28.573499999899013,35
nextstrain_tree_graph_300day,240,364049841_2,368014979_1,400,372.5550000000764,-27.444999999923596,27.444999999923596,61
nextstrain_tree_graph_300day,240,363719416_2,363930450_2,162,117.24525000005116,-44.75474999994884,44.75474999994884,28
nextstrain_tree_graph_300day,240,364066775_1,364209056_2,217,188.10375000003654,-28.89624999996346,28.89624999996346,32
nextstrain_tree_graph_300day,240,364108640_2,364217189_2,102,54.422250000041856,-47.577749999958144,47.577749999958144,15
nextstrain_tree_graph_300day,240,362178764_3,367038947_2,462,443.4135000000618,-18.586499999938212,18.586499999938212,68
nextstrain_tree_graph_300day,240,361949412_2,367811358_2,309,310.46250000004983,1.462500000049829,1.462500000049829,43
nextstrain_tree_graph_300day,240,363868635_2,364082745_2,151,146.10000000003322,-4.899999999966781,4.899999999966781,23
nextstrain_tree_graph_300day,240,364215450_1,365239714_1,158,140.9865000000711,-17.01349999992891,17.01349999992891,25
nextstrain_tree_graph_300day,240,362320672_1,364194663_2,158,167.28450000003056,9.284500000030562,9.284500000030562,25
nextstrain_tree_graph_300day,240,364212216_2,365210791_4,308,265.53675000003255,-42.463249999967445,42.463249999967445,45
nextstrain_tree_graph_300day,240,364023550_2,364844448_2,214,185.547000000097,-28.452999999903,28.452999999903,33
nextstrain_tree_graph_300day,240,362243319_3,364012232_3,193,150.11775000002126,-42.88224999997874,42.88224999997874,31
nextstrain_tree_graph_300day,240,363916760_2,368163975_2,144,98.98275000006777,-45.01724999993223,45.01724999993223,22
nextstrain_tree_graph_300day,240,362110322_3,367873976_3,173,129.29850000001528,-43.70149999998472,43.70149999998472,29
nextstrain_tree_graph_300day,240,361913897_3,363933086_2,110,92.04300000006577,-17.956999999934226,17.956999999934226,16
nextstrain_tree_graph_300day,240,362009425_3,364103776_2,298,255.30975000002525,-42.69024999997475,42.69024999997475,45
nextstrain_tree_graph_300day,240,362243038_3,365021776_1,282,195.4087500000299,-86.5912499999701,86.5912499999701,45
nextstrain_tree_graph_300day,240,363794667_2,363838403_1,262,55.88325000009036,-206.11674999990964,206.11674999990964,44
nextstrain_tree_graph_300day,240,363848531_2,367161102_2,253,210.38400000009102,-42.61599999990898,42.61599999990898,40
nextstrain_tree_graph_300day,240,363743170_2,367644679_2,323,280.51200000001063,-42.48799999998937,42.48799999998937,51
nextstrain_tree_graph_300day,240,363928538_2,367334790_2,243,125.28075000002724,-117.71924999997276,117.71924999997276,38
nextstrain_tree_graph_300day,240,364130695_3,364218040_2,92,85.10325000006378,-6.896749999936219,6.896749999936219,18
nextstrain_tree_graph_300day,240,361776948_2,367840328_1,333,290.739000000101,-42.26099999989901,42.26099999989901,52
nextstrain_tree_graph_300day,240,361325927_1,364212064_2,273,230.47275000003123,-42.527249999968774,42.527249999968774,44
nextstrain_tree_graph_300day,240,362199525_3,367161102_2,383,354.6577500000844,-28.342249999915623,28.342249999915623,56
nextstrain_tree_graph_300day,240,362259080_2,365260825_2,294,207.82724999998538,-86.17275000001462,86.17275000001462,44
nextstrain_tree_graph_300day,240,361323494_2,363844700_3,350,343.33500000001993,-6.664999999980068,6.664999999980068,55
nextstrain_tree_graph_300day,240,363896211_3,365682048_2,428,385.33875000002325,-42.66124999997675,42.66124999997675,61
nextstrain_tree_graph_300day,240,363962776_2,368041622_2,277,235.22100000008504,-41.77899999991496,41.77899999991496,43
nextstrain_tree_graph_300day,240,367071248_3,368033685_1,172,97.52174999993622,-74.47825000006378,74.47825000006378,31
nextstrain_tree_graph_300day,240,363930812_3,364161649_2,114,71.2237500000598,-42.776249999940205,42.776249999940205,20
nextstrain_tree_graph_300day,240,364021576_3,364097719_1,395,388.62600000002857,-6.373999999971431,6.373999999971431,57
nextstrain_tree_graph_300day,240,363896211_3,364207419_2,214,171.3022500000186,-42.6977499999814,42.6977499999814,32
nextstrain_tree_graph_300day,240,363834826_2,364210720_3,165,156.32700000004053,-8.672999999959472,8.672999999959472,26
nextstrain_tree_graph_300day,240,363961264_1,367632794_2,327,320.3242500000658,-6.675749999934226,6.675749999934226,51
nextstrain_tree_graph_300day,240,364219139_2,366593709_2,148,105.5572500000784,-42.4427499999216,42.4427499999216,24
nextstrain_tree_graph_300day,240,364108642_2,365206988_2,144,103.36575000004717,-40.63424999995283,40.63424999995283,24
nextstrain_tree_graph_300day,240,361323298_2,362137839_3,320,291.1042500000093,-28.8957499999907,28.8957499999907,48
nextstrain_tree_graph_300day,240,364217751_3,367370603_4,199,192.12150000002458,-6.878499999975418,6.878499999975418,30
nextstrain_tree_graph_300day,240,364088712_4,364892277_1,363,334.20375000006976,-28.79624999993024,28.79624999993024,56
nextstrain_tree_graph_300day,240,365239714_1,367161102_2,295,271.7460000000518,-23.253999999948178,23.253999999948178,46
nextstrain_tree_graph_300day,240,363932264_3,365832014_2,163,156.32700000004053,-6.6729999999594725,6.6729999999594725,28
nextstrain_tree_graph_300day,240,363954527_1,367860911_1,462,441.5872500000219,-20.412749999978075,20.412749999978075,70
nextstrain_tree_graph_300day,240,362149083_3,364213600_1,177,170.2065000000445,-6.793499999955486,6.793499999955486,29
nextstrain_tree_graph_300day,240,362046803_2,363994715_2,239,196.13925000001262,-42.86074999998738,42.86074999998738,39
nextstrain_tree_graph_300day,240,363931115_3,367045648_4,290,247.27425000004916,-42.725749999950835,42.725749999950835,44
nextstrain_tree_graph_300day,240,363931222_2,363982539_2,58,37.255500000032555,-20.744499999967445,20.744499999967445,9
nextstrain_tree_graph_300day,240,363926456_2,367344549_2,257,214.03650000000465,-42.96349999999535,42.96349999999535,39
nextstrain_tree_graph_300day,240,367334790_2,368038898_2,164,65.01450000004053,-98.98549999995947,98.98549999995947,28
nextstrain_tree_graph_300day,240,362864810_2,363954527_1,471,110.30549999996612,-360.6945000000339,360.6945000000339,74
nextstrain_tree_graph_300day,240,362229863_1,364218712_2,238,189.9300000000764,-48.069999999923596,48.069999999923596,36
nextstrain_tree_graph_300day,240,362035402_2,363868049_2,407,408.34950000006046,1.3495000000604591,1.3495000000604591,64
nextstrain_tree_graph_300day,240,364117775_2,365259172_3,421,334.5689999999781,-86.43100000002192,86.43100000002192,63
nextstrain_tree_graph_300day,240,363973364_2,367354063_1,285,244.35225000011826,-40.64774999988174,40.64774999988174,42
nextstrain_tree_graph_300day,240,362215892_2,367811351_1,318,329.45550000001595,11.455500000015945,11.455500000015945,46
nextstrain_tree_graph_300day,240,361899487_2,368071562_2,250,194.31299999997276,-55.68700000002724,55.68700000002724,39
nextstrain_tree_graph_300day,240,364216354_2,367344226_1,79,92.40825000005714,13.408250000057137,13.408250000057137,13
nextstrain_tree_graph_300day,240,363921015_1,363946640_1,391,348.4485000000651,-42.55149999993489,42.55149999993489,56
nextstrain_tree_graph_300day,240,364118151_1,364153807_2,375,334.5689999999781,-40.431000000021925,40.431000000021925,58
nextstrain_tree_graph_300day,240,364104013_2,368126159_1,261,218.4195000000671,-42.5804999999329,42.5804999999329,34
nextstrain_tree_graph_300day,240,361967798_5,365199471_2,390,369.63300000006245,-20.366999999937548,20.366999999937548,56
nextstrain_tree_graph_300day,240,365021776_1,368032470_2,407,147.56099999999867,-259.43900000000133,259.43900000000133,65
nextstrain_tree_graph_300day,240,363149173_1,364008966_3,328,278.68574999997077,-49.31425000002923,49.31425000002923,54
nextstrain_tree_graph_300day,240,368042625_4,368087002_1,498,500.3925000000432,2.392500000043185,2.392500000043185,72
nextstrain_tree_graph_300day,240,363839951_3,367865745_2,180,261.15375000005315,81.15375000005315,81.15375000005315,27
nextstrain_tree_graph_300day,240,364221551_2,367043728_1,288,246.17850000007508,-41.821499999924924,41.821499999924924,42
nextstrain_tree_graph_300day,240,364212508_1,367550786_2,455,426.2467500000525,-28.753249999947514,28.753249999947514,69
nextstrain_tree_graph_300day,240,364045124_1,364217380_2,109,66.11025000009766,-42.889749999902335,42.889749999902335,17
nextstrain_tree_graph_300day,240,362254044_3,363956084_1,429,400.6792499999927,-28.32075000000731,28.32075000000731,61
nextstrain_tree_graph_300day,240,364888037_1,367347811_1,273,230.10750000003986,-42.89249999996014,42.89249999996014,41
nextstrain_tree_graph_300day,240,362359611_2,363942462_2,369,326.533500000002,-42.46649999999801,42.46649999999801,58
nextstrain_tree_graph_300day,240,362125925_4,364211353_2,471,428.8035000000751,-42.196499999924924,42.196499999924924,71
nextstrain_tree_graph_300day,240,362187030_3,368141246_3,402,411.2715000000744,9.271500000074411,9.271500000074411,55
nextstrain_tree_graph_300day,240,363916760_2,368085835_1,340,295.1220000000804,-44.87799999991961,44.87799999991961,50
nextstrain_tree_graph_300day,240,364888076_1,368843998_1,417,388.62600000002857,-28.37399999997143,28.37399999997143,59
nextstrain_tree_graph_300day,240,362366777_3,367727959_2,367,380.2252500000611,13.225250000061124,13.225250000061124,55
nextstrain_tree_graph_300day,240,363992395_1,367343379_1,326,277.5900000000797,-48.409999999920274,48.409999999920274,52
nextstrain_tree_graph_300day,240,362105953_3,363839951_3,424,135.8730000000259,-288.1269999999741,288.1269999999741,64
nextstrain_tree_graph_300day,240,363841769_2,364038364_3,212,205.27050000004584,-6.729499999954157,6.729499999954157,34
nextstrain_tree_graph_300day,240,363963601_3,368157413_3,262,94.96499999999668,-167.03500000000332,167.03500000000332,40
nextstrain_tree_graph_300day,240,363984467_3,364157907_1,376,333.47325000008703,-42.526749999912965,42.526749999912965,60
nextstrain_tree_graph_300day,240,363924553_2,364078336_2,150,129.29850000009833,-20.70149999990167,20.70149999990167,25
nextstrain_tree_graph_300day,240,363943048_3,365207399_2,153,108.11400000001794,-44.88599999998206,44.88599999998206,24
nextstrain_tree_graph_300day,240,362169158_3,364208803_4,357,314.48025000003787,-42.51974999996213,42.51974999996213,51
nextstrain_tree_graph_300day,240,362021360_2,364211303_2,232,189.19950000001063,-42.80049999998937,42.80049999998937,36
nextstrain_tree_graph_300day,240,365204335_1,367034870_3,317,275.3985000000485,-41.6014999999515,41.6014999999515,45
nextstrain_tree_graph_300day,240,365156438_1,366458950_1,348,341.14350000007175,-6.856499999928246,6.856499999928246,54
nextstrain_tree_graph_300day,240,362058840_2,364211625_2,180,137.3340000000744,-42.66599999992559,42.66599999992559,29
nextstrain_tree_graph_300day,240,363576583_3,364216729_2,285,242.52599999999535,-42.47400000000465,42.47400000000465,46
nextstrain_tree_graph_300day,240,362171248_3,367811351_1,293,231.203250000097,-61.796749999903,61.796749999903,47
nextstrain_tree_graph_300day,240,364102344_2,364221051_2,87,44.19525000003455,-42.80474999996545,42.80474999996545,15
nextstrain_tree_graph_300day,240,363954527_1,364141333_3,353,127.83749999996678,-225.16250000003322,225.16250000003322,52
nextstrain_tree_graph_300day,240,362021724_1,362229880_4,412,393.7394999999907,-18.2605000000093,18.2605000000093,65
nextstrain_tree_graph_300day,240,362211605_2,363729660_2,251,244.35225000011826,-6.647749999881739,6.647749999881739,42
nextstrain_tree_graph_300day,240,364008898_2,364130695_3,156,113.22750000006312,-42.77249999993688,42.77249999993688,27
nextstrain_tree_graph_300day,240,364206662_2,365016886_2,141,98.25225000008504,-42.74774999991496,42.74774999991496,23
nextstrain_tree_graph_300day,240,362219075_1,363969511_1,314,272.47650000003455,-41.52349999996545,41.52349999996545,49
nextstrain_tree_graph_300day,240,362358860_3,368051512_2,307,288.1822500000784,-18.817749999921602,18.817749999921602,47
nextstrain_tree_graph_300day,240,362085343_2,364215030_2,113,96.42600000004518,-16.57399999995482,16.57399999995482,19
nextstrain_tree_graph_300day,240,363985197_1,367011642_3,354,311.1930000001156,-42.8069999998844,42.8069999998844,56
nextstrain_tree_graph_300day,240,362295468_1,363969066_2,268,226.08975000005182,-41.91024999994818,41.91024999994818,44
nextstrain_tree_graph_300day,240,362036524_2,367034870_3,460,418.2112500000764,-41.788749999923596,41.788749999923596,69
nextstrain_tree_graph_300day,240,361319991_1,364198943_2,181,188.4690000000279,7.469000000027904,7.469000000027904,31
nextstrain_tree_graph_300day,276,366027902_1,366033674_1,130,100.07850000004186,-29.921499999958144,29.921499999958144,20
nextstrain_tree_graph_300day,276,366021949_2,366526758_2,249,141.35174999989636,-107.64825000010364,107.64825000010364,40
nextstrain_tree_graph_300day,276,366021857_3,366454828_3,314,67.57124999998007,-246.42875000001993,246.42875000001993,41
nextstrain_tree_graph_300day,276,364256028_1,365140005_1,137,174.58950000002392,37.58950000002392,37.58950000002392,22
nextstrain_tree_graph_300day,276,366436457_1,366531492_1,287,252.02250000001993,-34.97749999998007,34.97749999998007,44
nextstrain_tree_graph_300day,276,366434851_2,366539047_2,192,55.518000000015945,-136.48199999998405,136.48199999998405,27
nextstrain_tree_graph_300day,276,366419526_2,366434851_2,354,317.0369999999774,-36.96300000002259,36.96300000002259,51
nextstrain_tree_graph_300day,276,366049959_1,366453961_3,436,409.0800000000432,-26.919999999956815,26.919999999956815,63
nextstrain_tree_graph_300day,276,361917214_1,363754674_1,149,67.93649999997143,-81.06350000002857,81.06350000002857,22
nextstrain_tree_graph_300day,276,366027045_2,366522312_2,431,285.62549999997276,-145.37450000002724,145.37450000002724,62
nextstrain_tree_graph_300day,276,366047043_2,367991530_2,265,153.40499999994353,-111.59500000005647,111.59500000005647,39
nextstrain_tree_graph_300day,276,361934636_3,366038770_3,348,314.1150000000465,-33.88499999995349,33.88499999995349,53
nextstrain_tree_graph_300day,276,366026973_1,366519125_2,276,165.82349999998206,-110.17650000001794,110.17650000001794,40
nextstrain_tree_graph_300day,276,363551162_2,366753874_1,458,346.62225000002525,-111.37774999997475,111.37774999997475,65
nextstrain_tree_graph_300day,276,361917214_1,366535239_1,253,115.41899999992825,-137.58100000007175,137.58100000007175,37
nextstrain_tree_graph_300day,276,366030473_2,367991530_2,416,270.6502499999947,-145.34975000000532,145.34975000000532,62
nextstrain_tree_graph_300day,276,366028435_2,367169048_1,171,135.50775000003455,-35.49224999996545,35.49224999996545,25
nextstrain_tree_graph_300day,276,366035548_2,366042489_2,388,301.33124999993356,-86.66875000006644,86.66875000006644,60
nextstrain_tree_graph_300day,276,364932517_3,365140005_1,349,237.41250000003322,-111.58749999996678,111.58749999996678,49
nextstrain_tree_graph_300day,276,366049959_1,366457996_2,376,341.8740000000545,-34.12599999994552,34.12599999994552,59
nextstrain_tree_graph_300day,276,366035548_2,366528363_3,399,253.48349999998538,-145.51650000001462,145.51650000001462,63
nextstrain_tree_graph_300day,276,363862766_2,366021949_2,315,227.55074999993423,-87.44925000006577,87.44925000006577,46
nextstrain_tree_graph_300day,276,363756035_2,366034859_1,248,85.46850000005514,-162.53149999994486,162.53149999994486,37
nextstrain_tree_graph_300day,276,366033956_3,366442049_2,272,181.89450000001727,-90.10549999998273,90.10549999998273,39
nextstrain_tree_graph_300day,276,366518893_3,367991530_2,338,170.57175000003588,-167.42824999996412,167.42824999996412,48
nextstrain_tree_graph_300day,276,366519125_2,366529483_1,148,118.70625000009966,-29.293749999900342,29.293749999900342,22
nextstrain_tree_graph_300day,276,366042039_2,366436457_1,205,177.87675000002923,-27.123249999970767,27.123249999970767,31
nextstrain_tree_graph_300day,276,365703923_2,366760962_3,431,395.9310000000219,-35.068999999978075,35.068999999978075,65
nextstrain_tree_graph_300day,276,366042039_2,366454828_3,214,114.68849999994552,-99.31150000005448,99.31150000005448,30
nextstrain_tree_graph_300day,276,366026973_1,366043867_3,287,85.10324999998073,-201.89675000001927,201.89675000001927,41
nextstrain_tree_graph_300day,276,366021949_2,366419526_2,309,273.9375,-35.0625,35.0625,49
nextstrain_tree_graph_300day,276,363551162_2,366028763_1,222,211.84500000005647,-10.154999999943527,10.154999999943527,31
nextstrain_tree_graph_300day,276,366028435_2,367991530_2,207,171.66750000000997,-35.332499999990034,35.332499999990034,33
nextstrain_tree_graph_300day,276,365140005_1,366027952_3,420,88.3905000000691,-331.6094999999309,331.6094999999309,59
nextstrain_tree_graph_300day,276,363551162_2,367991530_2,368,256.40549999999934,-111.59450000000066,111.59450000000066,54
nextstrain_tree_graph_300day,276,366457996_2,366528363_3,398,253.48349999998538,-144.51650000001462,144.51650000001462,63
nextstrain_tree_graph_300day,276,365135770_3,366021949_2,212,124.55024999987842,-87.44975000012158,87.44975000012158,30
nextstrain_tree_graph_300day,276,366046275_3,367481303_2,298,118.70625000001661,-179.2937499999834,179.2937499999834,42
nextstrain_tree_graph_300day,276,363754674_1,366539654_2,380,242.8912499999867,-137.1087500000133,137.1087500000133,51
nextstrain_tree_graph_300day,276,366047361_3,366539047_2,331,296.9482500000372,-34.051749999962794,34.051749999962794,52
nextstrain_tree_graph_300day,276,366031436_3,366522312_2,353,317.7675000000432,-35.232499999956815,35.232499999956815,51
nextstrain_tree_graph_300day,276,363765603_3,366531886_2,309,128.93324999994087,-180.06675000005913,180.06675000005913,45
nextstrain_tree_graph_300day,276,363765603_3,366529483_1,237,151.57875000006976,-85.42124999993024,85.42124999993024,35
nextstrain_tree_graph_300day,276,364932517_3,366539674_1,339,201.61800000004916,-137.38199999995084,137.38199999995084,49
nextstrain_tree_graph_300day,276,363551162_2,366539654_2,484,346.62225000002525,-137.37774999997475,137.37774999997475,66
nextstrain_tree_graph_300day,276,363765603_3,367169048_1,326,214.401749999996,-111.59825000000399,111.59825000000399,46
nextstrain_tree_graph_300day,276,365124124_2,366421594_3,328,290.73900000001794,-37.26099999998206,37.26099999998206,45
nextstrain_tree_graph_300day,276,366047361_3,366438126_3,236,109.94024999997475,-126.05975000002525,126.05975000002525,35
nextstrain_tree_graph_300day,276,365135770_3,366523988_1,149,108.84450000000066,-40.155499999999336,40.155499999999336,20
nextstrain_tree_graph_300day,276,366031436_3,366452525_3,421,393.73950000007375,-27.260499999926253,27.260499999926253,56
nextstrain_tree_graph_300day,276,365958710_3,367171376_1,328,201.98325000004053,-126.01674999995947,126.01674999995947,50
nextstrain_tree_graph_300day,276,366027902_1,367169048_1,220,108.4792500000093,-111.5207499999907,111.5207499999907,31
nextstrain_tree_graph_300day,276,366535239_1,366760962_3,377,341.87399999997143,-35.12600000002857,35.12600000002857,58
nextstrain_tree_graph_300day,276,361934636_3,366034859_1,372,345.8917500000425,-26.10824999995748,26.10824999995748,55
nextstrain_tree_graph_300day,276,366421594_3,366539674_1,373,336.0300000000266,-36.969999999973425,36.969999999973425,52
nextstrain_tree_graph_300day,276,364439129_2,366539674_1,326,42.00375000000332,-283.9962499999967,283.9962499999967,45
nextstrain_tree_graph_300day,276,366032473_1,366518893_3,276,108.4792500000093,-167.5207499999907,167.5207499999907,38
nextstrain_tree_graph_300day,276,366531207_2,366531886_2,267,124.91549999995283,-142.08450000004717,142.08450000004717,42
nextstrain_tree_graph_300day,276,365703923_2,367171376_1,311,275.76375000003986,-35.23624999996014,35.23624999996014,48
nextstrain_tree_graph_300day,276,364932517_3,366421594_3,436,398.8530000000359,-37.14699999996412,37.14699999996412,63
nextstrain_tree_graph_300day,276,366518683_1,367982170_2,254,117.61050000004252,-136.38949999995748,136.38949999995748,40
nextstrain_tree_graph_300day,276,365135770_3,366531886_2,322,210.7492499999163,-111.25075000008371,111.25075000008371,47
nextstrain_tree_graph_300day,276,365124124_2,366033903_2,283,247.63950000004053,-35.36049999995947,35.36049999995947,40
nextstrain_tree_graph_300day,276,364932517_3,366455720_2,265,134.77724999996877,-130.22275000003123,130.22275000003123,43
nextstrain_tree_graph_300day,276,366027045_2,366531207_2,458,312.653999999998,-145.346000000002,145.346000000002,69
nextstrain_tree_graph_300day,276,366027045_2,366032443_2,233,203.07900000009766,-29.920999999902335,29.920999999902335,33
nextstrain_tree_graph_300day,276,366027045_2,366518893_3,412,266.63250000000664,-145.36749999999336,145.36749999999336,56
nextstrain_tree_graph_300day,276,366043867_3,367477245_2,338,70.85850000006843,-267.14149999993157,267.14149999993157,50
nextstrain_tree_graph_300day,276,366033956_3,366420619_1,332,116.14949999999402,-215.85050000000598,215.85050000000598,46
nextstrain_tree_graph_300day,276,363756035_2,366021857_3,304,101.90474999999867,-202.09525000000133,202.09525000000133,41
nextstrain_tree_graph_300day,276,366455720_2,366523988_1,239,127.47224999997542,-111.52775000002458,111.52775000002458,36
nextstrain_tree_graph_300day,276,366038924_2,366453961_3,230,146.10000000003322,-83.89999999996678,83.89999999996678,32
nextstrain_tree_graph_300day,276,361917214_1,366029841_2,262,66.11025000001462,-195.88974999998538,195.88974999998538,40
nextstrain_tree_graph_300day,276,361934636_3,366541096_2,377,342.96975000002857,-34.03024999997143,34.03024999997143,56
nextstrain_tree_graph_300day,276,364256028_1,365124124_2,84,80.35500000000997,-3.644999999990034,3.644999999990034,15
nextstrain_tree_graph_300day,276,366526758_2,366541096_2,283,137.33399999999136,-145.66600000000864,145.66600000000864,44
nextstrain_tree_graph_300day,276,365958710_3,366455720_2,384,348.8137500000565,-35.18624999994353,35.18624999994353,61
nextstrain_tree_graph_300day,276,364256028_1,366518683_1,266,155.59649999997475,-110.40350000002525,110.40350000002525,41
nextstrain_tree_graph_300day,276,364243084_1,367982170_2,293,97.88700000009368,-195.11299999990632,195.11299999990632,42
nextstrain_tree_graph_300day,276,364439129_2,367982170_2,305,101.90475000008172,-203.09524999991828,203.09524999991828,44
nextstrain_tree_graph_300day,276,366031436_3,366539266_1,283,248.73525000009766,-34.264749999902335,34.264749999902335,38
nextstrain_tree_graph_300day,276,366028763_1,366442049_2,110,79.9897500000186,-30.010249999981397,30.010249999981397,18
nextstrain_tree_graph_300day,276,366032443_2,366033956_3,285,211.11450000007375,-73.88549999992625,73.88549999992625,41
nextstrain_tree_graph_300day,276,363765603_3,366443040_3,488,451.0837500000465,-36.91624999995349,36.91624999995349,70
nextstrain_tree_graph_300day,276,364439129_2,366024603_1,206,176.05050000007242,-29.949499999927582,29.949499999927582,29
nextstrain_tree_graph_300day,276,363756035_2,366033956_3,362,158.88374999998007,-203.11625000001993,203.11625000001993,52
nextstrain_tree_graph_300day,276,366046275_3,366753874_1,391,245.81325000000066,-145.18674999999934,145.18674999999934,58
nextstrain_tree_graph_300day,276,366037945_3,366434851_2,331,241.43024999985516,-89.56975000014484,89.56975000014484,46
nextstrain_tree_graph_300day,276,364439129_2,365124124_2,281,118.70625000009966,-162.29374999990034,162.29374999990034,38
nextstrain_tree_graph_300day,276,361934636_3,363756035_2,358,323.9767499999794,-34.023250000020596,34.023250000020596,52
nextstrain_tree_graph_300day,276,365703923_2,366539674_1,231,163.63200000003388,-67.36799999996612,67.36799999996612,33
nextstrain_tree_graph_300day,276,366021949_2,366539266_1,210,111.4012499999402,-98.5987500000598,98.5987500000598,29
nextstrain_tree_graph_300day,276,366038924_2,366043867_3,185,101.17425000001595,-83.82574999998405,83.82574999998405,26
nextstrain_tree_graph_300day,276,366438126_3,366531886_2,328,292.9304999999661,-35.069500000033884,35.069500000033884,51
nextstrain_tree_graph_300day,276,366032473_1,367991530_2,212,82.54650000004119,-129.4534999999588,129.4534999999588,34
nextstrain_tree_graph_300day,276,364256028_1,366047043_2,249,120.53249999997342,-128.46750000002658,128.46750000002658,35
nextstrain_tree_graph_300day,276,366024605_2,366042039_2,108,77.79825000007042,-30.201749999929575,30.201749999929575,17
nextstrain_tree_graph_300day,276,365124124_2,366419526_2,308,272.8417500000259,-35.15824999997409,35.15824999997409,46
nextstrain_tree_graph_300day,276,366419526_2,366442049_2,298,271.01549999998605,-26.984500000013952,26.984500000013952,46
nextstrain_tree_graph_300day,276,366032473_1,366049959_1,347,311.9235000000153,-35.07649999998472,35.07649999998472,53
nextstrain_tree_graph_300day,276,366453961_3,367169048_1,349,186.6427500000711,-162.3572499999289,162.3572499999289,50
nextstrain_tree_graph_300day,276,366421594_3,366539654_2,496,459.1192500000226,-36.88074999997741,36.88074999997741,68
nextstrain_tree_graph_300day,276,365124124_2,366021949_2,175,87.29474999992891,-87.70525000007109,87.70525000007109,25
nextstrain_tree_graph_300day,276,365140005_1,367171376_1,322,286.7212500000299,-35.2787499999701,35.2787499999701,47
nextstrain_tree_graph_300day,276,363767777_3,367982170_2,379,241.43025000002126,-137.56974999997874,137.56974999997874,54
nextstrain_tree_graph_300day,276,364932517_3,366021857_3,396,251.65725000002857,-144.34274999997143,144.34274999997143,56
nextstrain_tree_graph_300day,276,366421594_3,366528363_3,479,449.98799999998937,-29.01200000001063,29.01200000001063,69
nextstrain_tree_graph_300day,276,366453961_3,366525842_1,445,337.490999999909,-107.50900000009102,107.50900000009102,67
nextstrain_tree_graph_300day,276,366438126_3,366753874_1,371,336.0300000000266,-34.969999999973425,34.969999999973425,55
nextstrain_tree_graph_300day,276,366024605_2,366531492_1,174,151.94400000006112,-22.055999999938876,22.055999999938876,26
nextstrain_tree_graph_300day,276,366043867_3,366047361_3,351,323.9767499999794,-27.023250000020596,27.023250000020596,51
nextstrain_tree_graph_300day,276,363578810_2,366531492_1,361,223.53299999994618,-137.46700000005382,137.46700000005382,51
nextstrain_tree_graph_300day,276,366760962_3,367991530_2,439,403.966499999998,-35.03350000000199,35.03350000000199,68
nextstrain_tree_graph_300day,276,365140005_1,366453961_3,388,56.24850000008172,-331.7514999999183,331.7514999999183,54
nextstrain_tree_graph_300day,276,365124124_2,366454828_3,266,103.73100000003853,-162.26899999996147,162.26899999996147,37
nextstrain_tree_graph_300day,276,366420619_1,366438126_3,253,225.7244999999774,-27.27550000002259,27.27550000002259,36
nextstrain_tree_graph_300day,276,363756035_2,363862766_2,186,146.83050000001595,-39.169499999984055,39.169499999984055,28
nextstrain_tree_graph_300day,276,366032443_2,366539654_2,347,227.18550000010896,-119.81449999989104,119.81449999989104,49
nextstrain_tree_graph_300day,276,361934636_3,366037945_3,453,418.9417499999761,-34.05825000002392,34.05825000002392,68
nextstrain_tree_graph_300day,276,366753874_1,367477245_2,404,292.93050000004916,-111.06949999995084,111.06949999995084,59
nextstrain_tree_graph_300day,276,366519125_2,366526758_2,339,193.58249999999003,-145.41750000000997,145.41750000000997,53
nextstrain_tree_graph_300day,276,366525842_1,367982170_2,348,248.3699999999402,-99.6300000000598,99.6300000000598,54
nextstrain_tree_graph_300day,276,366028435_2,366541096_2,164,128.56800000003255,-35.431999999967445,35.431999999967445,25
nextstrain_tree_graph_300day,276,366042039_2,366518893_3,262,98.25224999991894,-163.74775000008106,163.74775000008106,36
nextstrain_tree_graph_300day,276,366518893_3,367169048_1,302,164.3625000000166,-137.6374999999834,137.6374999999834,40
nextstrain_tree_graph_300day,276,366531886_2,367171376_1,366,330.9164999999814,-35.0835000000186,35.0835000000186,58
nextstrain_tree_graph_300day,276,364439129_2,366436457_1,298,271.0155000000691,-26.984499999930904,26.984499999930904,42
nextstrain_tree_graph_300day,276,366539674_1,367991530_2,309,171.66750000000997,-137.33249999999003,137.33249999999003,46
nextstrain_tree_graph_300day,276,366030473_2,366453961_3,323,199.06125000002658,-123.93874999997342,123.93874999997342,46
nextstrain_tree_graph_300day,276,366042489_2,366539674_1,399,300.60074999995084,-98.39925000004916,98.39925000004916,58
nextstrain_tree_graph_300day,276,366539266_1,366753874_1,377,210.74925000008238,-166.25074999991762,166.25074999991762,52
nextstrain_tree_graph_300day,276,365958710_3,366049959_1,338,38.716500000081055,-299.28349999991894,299.28349999991894,50
nextstrain_tree_graph_300day,276,366524238_2,366531492_1,341,306.0794999999874,-34.92050000001262,34.92050000001262,53
nextstrain_tree_graph_300day,276,361934636_3,363765603_3,466,432.09074999999734,-33.90925000000266,33.90925000000266,68
nextstrain_tree_graph_300day,276,366021857_3,366539266_1,311,167.64975000002192,-143.35024999997808,143.35024999997808,40
nextstrain_tree_graph_300day,276,366452525_3,366457996_2,408,263.34525000000133,-144.65474999999867,144.65474999999867,59
nextstrain_tree_graph_300day,276,366021949_2,366455720_2,214,126.37649999991828,-87.62350000008172,87.62350000008172,36
nextstrain_tree_graph_300day,276,364243084_1,366454828_3,349,55.518000000015945,-293.48199999998405,293.48199999998405,49
nextstrain_tree_graph_300day,276,366029841_2,366038770_3,217,71.58900000005116,-145.41099999994884,145.41099999994884,36
nextstrain_tree_graph_300day,276,366033674_1,366038924_2,73,48.943500000005315,-24.056499999994685,24.056499999994685,11
nextstrain_tree_graph_300day,276,363765603_3,366457996_2,287,157.78799999992293,-129.21200000007707,129.21200000007707,44
nextstrain_tree_graph_300day,276,366028435_2,366523988_1,169,133.68149999999468,-35.318500000005315,35.318500000005315,23
nextstrain_tree_graph_300day,276,366047361_3,366539266_1,314,279.7815000000279,-34.218499999972096,34.218499999972096,44
nextstrain_tree_graph_300day,276,366029841_2,366419526_2,317,290.0085000000352,-26.991499999964788,26.991499999964788,50
nextstrain_tree_graph_300day,276,364244271_2,366442049_2,340,177.87675000002923,-162.12324999997077,162.12324999997077,48
nextstrain_tree_graph_300day,276,366438126_3,366526758_2,249,221.70674999998937,-27.29325000001063,27.29325000001063,38
nextstrain_tree_graph_300day,276,364256028_1,366438412_3,377,341.87399999997143,-35.12600000002857,35.12600000002857,57
nextstrain_tree_graph_300day,276,366438412_3,366455720_2,354,318.8632500000173,-35.136749999982726,35.136749999982726,57
nextstrain_tree_graph_300day,276,365135770_3,366037945_3,322,234.49049999985317,-87.50950000014683,87.50950000014683,46
nextstrain_tree_graph_300day,276,366455720_2,366539654_2,393,225.72450000006046,-167.27549999993954,167.27549999993954,58
nextstrain_tree_graph_300day,276,363551162_2,364932517_3,398,286.35600000003853,-111.64399999996147,111.64399999996147,57
nextstrain_tree_graph_300day,276,366419526_2,366420619_1,358,330.9164999999814,-27.083500000018603,27.083500000018603,53
nextstrain_tree_graph_300day,276,363754674_1,366524238_2,299,264.07574999998405,-34.924250000015945,34.924250000015945,45
nextstrain_tree_graph_300day,276,361917214_1,366523988_1,163,81.81599999997542,-81.18400000002458,81.18400000002458,23
nextstrain_tree_graph_300day,276,364256028_1,366531207_2,342,230.47274999994818,-111.52725000005182,111.52725000005182,53
nextstrain_tree_graph_300day,276,366531886_2,366539047_2,225,154.13549999992625,-70.86450000007375,70.86450000007375,36
nextstrain_tree_graph_300day,276,366034859_1,366518683_1,276,131.4900000000465,-144.5099999999535,144.5099999999535,44
nextstrain_tree_graph_300day,276,366027902_1,366524238_2,291,256.040250000008,-34.95974999999203,34.95974999999203,45
nextstrain_tree_graph_300day,276,366539654_2,366541096_2,389,221.70675000007242,-167.29324999992758,167.29324999992758,54
nextstrain_tree_graph_300day,276,366042039_2,366442049_2,140,40.54274999995482,-99.45725000004518,99.45725000004518,21
nextstrain_tree_graph_300day,276,363765603_3,366046275_3,347,201.61799999996612,-145.38200000003388,145.38200000003388,51
nextstrain_tree_graph_300day,276,366028435_2,366442049_2,119,91.67774999999136,-27.322250000008637,27.322250000008637,18
nextstrain_tree_graph_300day,276,366038924_2,366524238_2,234,204.90524999997143,-29.09475000002857,29.09475000002857,36
nextstrain_tree_graph_300day,276,366529483_1,366531886_2,200,152.67450000004385,-47.32549999995615,47.32549999995615,32
nextstrain_tree_graph_300day,276,366452525_3,367481303_2,438,121.26300000012225,-316.73699999987775,316.73699999987775,58
nextstrain_tree_graph_300day,276,366046275_3,366539674_1,268,87.66000000000332,-180.33999999999668,180.33999999999668,39
nextstrain_tree_graph_300day,276,366438412_3,367481303_2,390,356.11875000004983,-33.88124999995017,33.88124999995017,56
nextstrain_tree_graph_300day,276,366028435_2,366539674_1,174,138.79500000003986,-35.20499999996014,35.20499999996014,25
nextstrain_tree_graph_300day,276,361917214_1,366042039_2,239,93.50399999994818,-145.49600000005182,145.49600000005182,35
nextstrain_tree_graph_300day,276,366043867_3,366539047_2,302,157.78800000000598,-144.21199999999402,144.21199999999402,47
nextstrain_tree_graph_300day,276,366033956_3,366523988_1,386,182.99024999999136,-203.00975000000864,203.00975000000864,54
nextstrain_tree_graph_300day,276,366047043_2,366518893_3,287,149.3872499999555,-137.6127500000445,137.6127500000445,37
nextstrain_tree_graph_300day,276,364932517_3,367171376_1,349,313.74975000005514,-35.250249999944856,35.250249999944856,54
nextstrain_tree_graph_300day,276,363756035_2,366021949_2,191,103.36574999988107,-87.63425000011893,87.63425000011893,28
nextstrain_tree_graph_300day,276,365703923_2,366455720_2,295,127.47225000005847,-167.52774999994153,167.52774999994153,47
nextstrain_tree_graph_300day,276,367481303_2,367982170_2,285,90.94725000009169,-194.05274999990831,194.05274999990831,40
nextstrain_tree_graph_300day,276,364932517_3,366420619_1,360,214.401749999996,-145.598250000004,145.598250000004,53
nextstrain_tree_graph_300day,276,366031436_3,366531492_1,328,292.93050000004916,-35.069499999950835,35.069499999950835,48
nextstrain_tree_graph_300day,276,366026973_1,366027045_2,363,161.0752500000113,-201.9247499999887,201.9247499999887,51
nextstrain_tree_graph_300day,276,365135770_3,366373283_2,303,191.75624999995017,-111.24375000004983,111.24375000004983,44
nextstrain_tree_graph_300day,276,366027952_3,366442049_2,291,174.95475000001528,-116.04524999998472,116.04524999998472,42
nextstrain_tree_graph_300day,276,366026973_1,367481303_2,260,93.13875000003986,-166.86124999996014,166.86124999996014,34
nextstrain_tree_graph_300day,276,364932517_3,366042039_2,296,132.22049999994618,-163.77950000005382,163.77950000005382,45
nextstrain_tree_graph_300day,276,363756035_2,366421594_3,344,306.8099999999701,-37.1900000000299,37.1900000000299,48
nextstrain_tree_graph_300day,276,366539047_2,366753874_1,326,197.2349999999867,-128.7650000000133,128.7650000000133,50
nextstrain_tree_graph_300day,276,365135770_3,366528363_3,390,227.91600000000864,-162.08399999999136,162.08399999999136,57
nextstrain_tree_graph_300day,276,366438412_3,366442049_2,305,277.95524999998804,-27.04475000001196,27.04475000001196,46
nextstrain_tree_graph_300day,276,366528363_3,366539674_1,398,113.9579999999628,-284.0420000000372,284.0420000000372,59
nextstrain_tree_graph_300day,276,365703923_2,366457996_2,301,134.41200000006046,-166.58799999993954,166.58799999993954,47
nextstrain_tree_graph_300day,276,361917214_1,366455720_2,250,138.42974999996545,-111.57025000003455,111.57025000003455,39
nextstrain_tree_graph_300day,276,363765603_3,366519125_2,275,94.96499999999668,-180.03500000000332,180.03500000000332,39
nextstrain_tree_graph_300day,276,366436457_1,366523988_1,259,223.8982500000206,-35.101749999979404,35.101749999979404,37
nextstrain_tree_graph_300day,276,366453961_3,366527737_2,457,311.5582500000239,-145.44174999997608,145.44174999997608,62
nextstrain_tree_graph_300day,276,366024603_1,366518683_1,143,134.0467500000691,-8.953249999930904,8.953249999930904,23
nextstrain_tree_graph_300day,276,366527737_2,367169048_1,378,240.33450000004717,-137.66549999995283,137.66549999995283,50
nextstrain_tree_graph_300day,276,366024603_1,367991530_2,177,166.9192500000392,-10.080749999960801,10.080749999960801,28
nextstrain_tree_graph_300day,276,366049959_1,366539674_1,376,341.14350000007175,-34.856499999928246,34.856499999928246,55
nextstrain_tree_graph_300day,276,366529483_1,366531207_2,185,147.56100000008172,-37.43899999991828,37.43899999991828,30
nextstrain_tree_graph_300day,276,366038770_3,366457996_2,125,40.54275000012092,-84.45724999987908,84.45724999987908,21
nextstrain_tree_graph_300day,276,366049959_1,366421594_3,401,273.2070000000173,-127.79299999998273,127.79299999998273,57
nextstrain_tree_graph_300day,276,366531207_2,367169048_1,322,210.38400000000797,-111.61599999999203,111.61599999999203,49
nextstrain_tree_graph_300day,276,366030473_2,366033674_1,248,226.08975000005182,-21.910249999948178,21.910249999948178,35
nextstrain_tree_graph_300day,276,366042039_2,366373283_2,294,130.39424999990632,-163.60575000009368,163.60575000009368,46
nextstrain_tree_graph_300day,276,366033956_3,366438412_3,459,432.09074999999734,-26.909250000002658,26.909250000002658,67
nextstrain_tree_graph_300day,276,365703923_2,366420619_1,322,176.41574999998073,-145.58425000001927,145.58425000001927,47
nextstrain_tree_graph_300day,276,366531207_2,367171376_1,361,325.80300000001927,-35.19699999998073,35.19699999998073,58
nextstrain_tree_graph_300day,276,366523988_1,367171376_1,281,245.81325000000066,-35.186749999999336,35.186749999999336,41
nextstrain_tree_graph_300day,276,366037945_3,367481303_2,360,273.5722499999256,-86.42775000007441,86.42775000007441,51
nextstrain_tree_graph_300day,276,366523988_1,366535239_1,242,104.46149999993821,-137.5385000000618,137.5385000000618,34
nextstrain_tree_graph_300day,276,366027045_2,366027952_3,37,13.514250000012623,-23.485749999987377,23.485749999987377,7
nextstrain_tree_graph_300day,276,366027902_1,366531886_2,203,107.0182499999608,-95.9817500000392,95.9817500000392,30
nextstrain_tree_graph_300day,276,366033956_3,367481303_2,421,170.2065000000445,-250.7934999999555,250.7934999999555,59
nextstrain_tree_graph_300day,276,366042489_2,366760962_3,529,494.91375000000664,-34.086249999993356,34.086249999993356,80
nextstrain_tree_graph_300day,276,365140005_1,366753874_1,409,297.67875000001993,-111.32124999998007,111.32124999998007,57
nextstrain_tree_graph_300day,276,366539654_2,367477245_2,430,292.93050000004916,-137.06949999995084,137.06949999995084,60
nextstrain_tree_graph_300day,276,366024603_1,366457996_2,144,134.77725000005182,-9.222749999948178,9.222749999948178,24
nextstrain_tree_graph_300day,276,366523927_2,367169048_1,230,62.45775000001794,-167.54224999998206,167.54224999998206,33
nextstrain_tree_graph_300day,276,366038770_3,366539047_2,164,35.79450000015015,-128.20549999984985,128.20549999984985,28
nextstrain_tree_graph_300day,276,365124124_2,367477245_2,76,107.74875000010962,31.748750000109624,31.748750000109624,13
nextstrain_tree_graph_300day,276,366043867_3,366524238_2,333,306.0794999999874,-26.920500000012623,26.920500000012623,50
nextstrain_tree_graph_300day,276,366421594_3,367477245_2,404,367.07625000003986,-36.92374999996014,36.92374999996014,58
nextstrain_tree_graph_300day,276,366522312_2,366753874_1,379,140.98649999998804,-238.01350000001196,238.01350000001196,55
nextstrain_tree_graph_300day,276,366033903_2,366434851_2,329,291.834749999992,-37.16525000000797,37.16525000000797,45
nextstrain_tree_graph_300day,276,361934636_3,366518893_3,416,382.05150000001794,-33.94849999998206,33.94849999998206,58
nextstrain_tree_graph_300day,276,363578810_2,364932517_3,375,263.34525000000133,-111.65474999999867,111.65474999999867,53
nextstrain_tree_graph_300day,276,365724509_1,366047361_3,324,286.7212500000299,-37.2787499999701,37.2787499999701,50
nextstrain_tree_graph_300day,276,363765603_3,366541096_2,219,133.68150000007773,-85.31849999992227,85.31849999992227,30
nextstrain_tree_graph_300day,276,363767777_3,366027045_2,507,361.5975000000033,-145.40249999999668,145.40249999999668,71
nextstrain_tree_graph_300day,276,366021857_3,366032473_1,304,159.6142499999628,-144.3857500000372,144.3857500000372,43
nextstrain_tree_graph_300day,276,366033903_2,366760962_3,312,136.6034999999256,-175.3965000000744,175.3965000000744,45
nextstrain_tree_graph_300day,276,365724509_1,366031436_3,293,255.67500000009966,-37.32499999990034,37.32499999990034,44
nextstrain_tree_graph_300day,276,363767777_3,367169048_1,371,259.3275000000133,-111.67249999998671,111.67249999998671,51
nextstrain_tree_graph_300day,276,366027902_1,366033956_3,364,218.78474999997542,-145.21525000002458,145.21525000002458,53
nextstrain_tree_graph_300day,276,363754674_1,366523927_2,214,59.90099999999535,-154.09900000000465,154.09900000000465,30
nextstrain_tree_graph_300day,276,366043867_3,366438412_3,375,348.0832499999907,-26.9167500000093,26.9167500000093,55
nextstrain_tree_graph_300day,276,364932517_3,366531492_1,362,194.67825000004717,-167.32174999995283,167.32174999995283,54
nextstrain_tree_graph_300day,276,366524238_2,366753874_1,441,406.15800000002923,-34.84199999997077,34.84199999997077,67
nextstrain_tree_graph_300day,276,366028435_2,366539266_1,152,117.61050000004252,-34.38949999995748,34.38949999995748,20
nextstrain_tree_graph_300day,276,366049959_1,366524238_2,346,220.24575000002392,-125.75424999997608,125.75424999997608,53
nextstrain_tree_graph_300day,276,366029841_2,366518683_1,255,110.67075000004053,-144.32924999995947,144.32924999995947,42
nextstrain_tree_graph_300day,276,366033903_2,367171376_1,192,85.10324999998073,-106.89675000001927,106.89675000001927,28
nextstrain_tree_graph_300day,276,366541096_2,367169048_1,237,125.28075000002724,-111.71924999997276,111.71924999997276,34
nextstrain_tree_graph_300day,276,363765603_3,366047361_3,415,379.8599999999867,-35.14000000001329,35.14000000001329,61
nextstrain_tree_graph_300day,276,366037945_3,366760962_3,472,436.8389999999681,-35.16100000003189,35.16100000003189,72
nextstrain_tree_graph_300day,276,363765603_3,366523988_1,324,212.57549999995615,-111.42450000004385,111.42450000004385,44
nextstrain_tree_graph_300day,276,361934636_3,366031436_3,296,115.4190000000113,-180.5809999999887,180.5809999999887,41
nextstrain_tree_graph_300day,276,366027045_2,366531886_2,463,317.76749999996014,-145.23250000003986,145.23250000003986,69
nextstrain_tree_graph_300day,276,366028435_2,366438126_3,74,74.1457499999907,0.1457499999906986,0.1457499999906986,11
nextstrain_tree_graph_300day,276,366539047_2,367477245_2,276,165.8235000000651,-110.17649999993489,110.17649999993489,43
nextstrain_tree_graph_300day,276,366539266_1,367477245_2,285,148.6567500000558,-136.3432499999442,136.3432499999442,39
nextstrain_tree_graph_300day,276,366047043_2,366528363_3,380,176.7809999999721,-203.2190000000279,203.2190000000279,56
nextstrain_tree_graph_300day,276,366523927_2,366531207_2,308,170.57174999995283,-137.42825000004717,137.42825000004717,48
nextstrain_tree_graph_300day,276,366027045_2,367982170_2,362,158.88375000006312,-203.11624999993688,203.11624999993688,53
nextstrain_tree_graph_300day,276,366026973_1,366033956_3,371,169.11074999998738,-201.88925000001262,201.88925000001262,53
nextstrain_tree_graph_300day,276,366024603_1,366438412_3,240,210.0187500000166,-29.98124999998339,29.98124999998339,37
nextstrain_tree_graph_300day,276,364243084_1,366760962_3,444,409.0800000000432,-34.919999999956815,34.919999999956815,65
nextstrain_tree_graph_300day,276,366024603_1,366024605_2,5,8.766000000041856,3.7660000000418563,3.7660000000418563,1
nextstrain_tree_graph_300day,276,365135770_3,366518683_1,241,130.75949999998073,-110.24050000001927,110.24050000001927,35
nextstrain_tree_graph_300day,276,363756035_2,366047361_3,307,271.7459999999688,-35.254000000031226,35.254000000031226,45
nextstrain_tree_graph_300day,276,366033674_1,366434851_2,158,126.01125000000997,-31.988749999990034,31.988749999990034,21
nextstrain_tree_graph_300day,276,366032443_2,366524238_2,250,222.8025000000465,-27.197499999953493,27.197499999953493,39
nextstrain_tree_graph_300day,276,365140005_1,366021857_3,369,38.35125000008969,-330.6487499999103,330.6487499999103,49
nextstrain_tree_graph_300day,276,366031436_3,366527737_2,410,374.74650000010763,-35.25349999989237,35.25349999989237,55
nextstrain_tree_graph_300day,276,361917214_1,366038924_2,214,84.00750000000664,-129.99249999999336,129.99249999999336,31
nextstrain_tree_graph_300day,276,366443040_3,367477245_2,440,403.23600000009833,-36.76399999990167,36.76399999990167,64
nextstrain_tree_graph_300day,276,363756035_2,365958710_3,361,325.80300000001927,-35.19699999998073,35.19699999998073,53
nextstrain_tree_graph_300day,276,365958710_3,366038770_3,351,315.94125000008637,-35.05874999991363,35.05874999991363,54
nextstrain_tree_graph_300day,276,366531492_1,366535239_1,164,68.3017499999628,-95.6982500000372,95.6982500000372,27
nextstrain_tree_graph_300day,276,366034859_1,366539674_1,277,114.68850000011162,-162.31149999988838,162.31149999988838,41
nextstrain_tree_graph_300day,276,366454828_3,366526758_2,274,50.40449999988772,-223.59550000011228,223.59550000011228,40
nextstrain_tree_graph_300day,276,366043867_3,366523988_1,302,98.98274999998472,-203.01725000001528,203.01725000001528,42
nextstrain_tree_graph_300day,276,364243084_1,367477245_2,181,101.174250000099,-79.825749999901,79.825749999901,29
nextstrain_tree_graph_300day,276,366037945_3,366519125_2,376,288.54749999990366,-87.45250000009634,87.45250000009634,57
nextstrain_tree_graph_300day,276,366024605_2,366028435_2,49,18.6277500000578,-30.3722499999422,30.3722499999422,8
nextstrain_tree_graph_300day,276,363862766_2,366518893_3,400,262.6147500000186,-137.3852499999814,137.3852499999814,54
nextstrain_tree_graph_300day,276,366021857_3,366457996_2,333,189.564750000002,-143.435249999998,143.435249999998,49
nextstrain_tree_graph_300day,276,366421594_3,366523927_2,330,292.9304999999661,-37.069500000033884,37.069500000033884,47
nextstrain_tree_graph_300day,276,366419526_2,366522312_2,401,365.9804999999827,-35.019500000017274,35.019500000017274,61
nextstrain_tree_graph_300day,276,364256028_1,366042489_2,404,317.4022499998857,-86.59775000011427,86.59775000011427,60
nextstrain_tree_graph_300day,276,366027952_3,366028435_2,266,238.87349999999867,-27.12650000000133,27.12650000000133,38
nextstrain_tree_graph_300day,276,366038924_2,366539674_1,208,78.16350000006179,-129.8364999999382,129.8364999999382,30
nextstrain_tree_graph_300day,276,366038924_2,366046275_3,146,62.092500000026575,-83.90749999997342,83.90749999997342,21
nextstrain_tree_graph_300day,276,366027952_3,366033956_3,445,239.23874999999003,-205.76125000000997,205.76125000000997,63
nextstrain_tree_graph_300day,276,366519125_2,366531886_2,238,84.37274999991496,-153.62725000008504,153.62725000008504,36
nextstrain_tree_graph_300day,276,366452525_3,366524238_2,434,406.88850000001196,-27.11149999998804,27.11149999998804,61
nextstrain_tree_graph_300day,276,361934636_3,366539654_2,510,476.2860000000319,-33.71399999996811,33.71399999996811,72
nextstrain_tree_graph_300day,276,365124124_2,366541096_2,195,83.27700000002392,-111.72299999997608,111.72299999997608,27
nextstrain_tree_graph_300day,276,366042489_2,366438412_3,483,448.8922500000153,-34.10774999998472,34.10774999998472,73
nextstrain_tree_graph_300day,276,366029841_2,366539266_1,234,89.48625000004319,-144.51374999995681,144.51374999995681,34
nextstrain_tree_graph_300day,276,366531492_1,366531886_2,379,211.84499999997342,-167.15500000002658,167.15500000002658,58
nextstrain_tree_graph_300day,276,363756035_2,366030473_2,354,150.848250000004,-203.151749999996,203.151749999996,50
nextstrain_tree_graph_300day,276,366038770_3,366760962_3,367,332.01225000003853,-34.987749999961466,34.987749999961466,57
nextstrain_tree_graph_300day,276,365124124_2,366047361_3,291,255.6750000000166,-35.32499999998339,35.32499999998339,42
nextstrain_tree_graph_300day,276,366031436_3,366049959_1,333,207.0967500000857,-125.9032499999143,125.9032499999143,48
nextstrain_tree_graph_300day,276,366523927_2,367982170_2,122,57.70950000004717,-64.29049999995283,64.29049999995283,20
nextstrain_tree_graph_300day,276,363578810_2,366033903_2,390,354.65775000000133,-35.34224999999867,35.34224999999867,55
nextstrain_tree_graph_300day,276,366438412_3,366518683_1,359,325.07250000003654,-33.92749999996346,33.92749999996346,56
nextstrain_tree_graph_300day,276,363756035_2,366454828_3,282,78.89399999996147,-203.10600000003853,203.10600000003853,40
nextstrain_tree_graph_300day,276,366033956_3,366539654_2,514,368.9024999999967,-145.09750000000332,145.09750000000332,72
nextstrain_tree_graph_300day,276,366026973_1,366038770_3,191,80.72025000000133,-110.27974999999867,110.27974999999867,28
nextstrain_tree_graph_300day,276,364244271_2,366518683_1,352,241.79550000001262,-110.20449999998738,110.20449999998738,50
nextstrain_tree_graph_300day,276,364439129_2,366021949_2,282,174.58949999994087,-107.41050000005913,107.41050000005913,41
nextstrain_tree_graph_300day,276,361917214_1,366522312_2,304,192.4867499999329,-111.5132500000671,111.5132500000671,43
nextstrain_tree_graph_300day,276,363862766_2,366535239_1,342,204.53999999998007,-137.46000000001993,137.46000000001993,50
nextstrain_tree_graph_300day,276,366027902_1,366541096_2,31,27.75900000009102,-3.240999999908979,3.240999999908979,5
nextstrain_tree_graph_300day,276,366027952_3,366535239_1,355,209.6534999999422,-145.3465000000578,145.3465000000578,53
nextstrain_tree_graph_300day,276,366434851_2,366760962_3,407,369.99824999997077,-37.00175000002923,37.00175000002923,58
nextstrain_tree_graph_300day,276,364932517_3,366027902_1,186,89.85150000003455,-96.14849999996545,96.14849999996545,26
nextstrain_tree_graph_300day,276,366522312_2,367171376_1,334,298.774499999994,-35.22550000000598,35.22550000000598,51
nextstrain_tree_graph_300day,276,366436457_1,366539266_1,242,207.82725000006843,-34.17274999993157,34.17274999993157,34
nextstrain_tree_graph_300day,276,363578810_2,365958710_3,452,416.7502500000279,-35.249749999972096,35.249749999972096,65
nextstrain_tree_graph_300day,276,366442049_2,367481303_2,267,105.92250000006976,-161.07749999993024,161.07749999993024,38
nextstrain_tree_graph_300day,276,363754674_1,366038924_2,189,59.17050000001262,-129.82949999998738,129.82949999998738,27
nextstrain_tree_graph_300day,276,364243084_1,364256028_1,157,176.78100000005514,19.781000000055144,19.781000000055144,25
nextstrain_tree_graph_300day,276,363765603_3,366024603_1,223,212.94075000003056,-10.059249999969438,10.059249999969438,32
nextstrain_tree_graph_300day,276,366031436_3,366524238_2,227,45.29100000000864,-181.70899999999136,181.70899999999136,33
nextstrain_tree_graph_300day,276,364243084_1,366526758_2,331,61.3619999999608,-269.6380000000392,269.6380000000392,49
nextstrain_tree_graph_300day,276,366028763_1,366032443_2,97,66.84075000008039,-30.15924999991961,30.15924999991961,16
nextstrain_tree_graph_300day,276,366049959_1,366420619_1,381,353.9272500000186,-27.072749999981397,27.072749999981397,55
nextstrain_tree_graph_300day,276,366438412_3,366535239_1,331,295.85249999998007,-35.14750000001993,35.14750000001993,51
nextstrain_tree_graph_300day,276,366419526_2,366436457_1,221,89.12099999996877,-131.87900000003123,131.87900000003123,34
nextstrain_tree_graph_300day,276,363551162_2,366037945_3,415,327.26399999990167,-87.73600000009833,87.73600000009833,60
nextstrain_tree_graph_300day,276,366049959_1,366753874_1,499,464.23275000006777,-34.76724999993223,34.76724999993223,74
nextstrain_tree_graph_300day,276,365135770_3,366522312_2,290,178.6072499999289,-111.39275000007109,111.39275000007109,40
nextstrain_tree_graph_300day,276,361917214_1,366539266_1,260,123.45449999998738,-136.54550000001262,136.54550000001262,34
nextstrain_tree_graph_300day,276,366531886_2,367982170_2,335,197.60024999997808,-137.39975000002192,137.39975000002192,52
nextstrain_tree_graph_300day,276,363862766_2,366527737_2,476,338.58675000004916,-137.41324999995084,137.41324999995084,64
nextstrain_tree_graph_300day,276,363756035_2,367171376_1,257,221.70674999998937,-35.29325000001063,35.29325000001063,39
nextstrain_tree_graph_300day,276,364243084_1,366043867_3,345,93.13875000003986,-251.86124999996014,251.86124999996014,49
nextstrain_tree_graph_300day,276,364932517_3,366457996_2,271,141.71699999997077,-129.28300000002923,129.28300000002923,43
nextstrain_tree_graph_300day,276,366033956_3,366760962_3,505,478.1122499999887,-26.887750000011295,26.887750000011295,74
nextstrain_tree_graph_300day,276,366034859_1,366531207_2,352,206.36625000001993,-145.63374999998007,145.63374999998007,56
nextstrain_tree_graph_300day,276,364256028_1,366033903_2,345,309.73199999998405,-35.268000000015945,35.268000000015945,51
nextstrain_tree_graph_300day,276,366373283_2,366539674_1,337,199.7917500000093,-137.2082499999907,137.2082499999907,50
nextstrain_tree_graph_300day,276,363578810_2,366452525_3,470,75.97200000003056,-394.02799999996944,394.02799999996944,63
nextstrain_tree_graph_300day,276,366021857_3,366522312_2,381,236.68199999996745,-144.31800000003255,144.31800000003255,53
nextstrain_tree_graph_300day,276,365703923_2,366028435_2,199,163.63200000003388,-35.367999999966116,35.367999999966116,30
nextstrain_tree_graph_300day,276,366373283_2,366523927_2,294,156.69224999994884,-137.30775000005116,137.30775000005116,45
nextstrain_tree_graph_300day,276,366033956_3,366539047_2,386,241.79550000001262,-144.20449999998738,144.20449999998738,59
nextstrain_tree_graph_300day,276,365724509_1,366034859_1,265,117.24525000005116,-147.75474999994884,147.75474999994884,42
nextstrain_tree_graph_300day,276,366753874_1,367991530_2,364,220.9762500000897,-143.0237499999103,143.0237499999103,55
nextstrain_tree_graph_300day,276,366047043_2,366539266_1,236,99.34799999997608,-136.65200000002392,136.65200000002392,30
nextstrain_tree_graph_300day,276,361934636_3,366523988_1,382,348.0832499999907,-33.9167500000093,33.9167500000093,54
nextstrain_tree_graph_300day,276,365724509_1,366524238_2,306,268.82400000003787,-37.17599999996213,37.17599999996213,49
nextstrain_tree_graph_300day,276,363756035_2,365135770_3,125,84.73799999998937,-40.26200000001063,40.26200000001063,18
nextstrain_tree_graph_300day,276,361917214_1,366526758_2,299,46.75199999997409,-252.2480000000259,252.2480000000259,45
nextstrain_tree_graph_300day,276,366373283_2,366529483_1,219,146.8304999999329,-72.1695000000671,72.1695000000671,35
nextstrain_tree_graph_300day,276,366522312_2,366523988_1,293,181.52924999994286,-111.47075000005714,111.47075000005714,40
nextstrain_tree_graph_300day,276,364244271_2,366035548_2,354,242.52599999999535,-111.47400000000465,111.47400000000465,51
nextstrain_tree_graph_300day,276,366027902_1,367982170_2,228,90.58200000001727,-137.41799999998273,137.41799999998273,34
nextstrain_tree_graph_300day,276,366027952_3,366042489_2,507,400.67924999990964,-106.32075000009036,106.32075000009036,75
nextstrain_tree_graph_300day,276,366420619_1,366539266_1,275,130.39424999998937,-144.60575000001063,144.60575000001063,37
nextstrain_tree_graph_300day,276,365724509_1,366518683_1,99,63.91874999998339,-35.08125000001661,35.08125000001661,16
nextstrain_tree_graph_300day,276,366021857_3,366024605_2,208,178.97250000008637,-29.02749999991363,29.02749999991363,28
nextstrain_tree_graph_300day,276,366028435_2,366531492_1,197,161.80574999999402,-35.19425000000598,35.19425000000598,30
nextstrain_tree_graph_300day,276,366026973_1,366031436_3,285,250.92675000004584,-34.07324999995416,34.07324999995416,40
nextstrain_tree_graph_300day,276,365124124_2,366024605_2,94,83.64225000009833,-10.357749999901671,10.357749999901671,12
nextstrain_tree_graph_300day,276,366525842_1,366541096_2,347,259.32749999993024,-87.67250000006976,87.67250000006976,53
nextstrain_tree_graph_300day,276,366443040_3,366539266_1,387,351.0052500000877,-35.9947499999123,35.9947499999123,53
nextstrain_tree_graph_300day,276,364243084_1,366523988_1,195,113.95800000004584,-81.04199999995416,81.04199999995416,27
nextstrain_tree_graph_300day,276,366033956_3,366541096_2,381,235.58624999999336,-145.41375000000664,145.41375000000664,56
nextstrain_tree_graph_300day,276,363862766_2,366031436_3,400,364.8847500000917,-35.115249999908315,35.115249999908315,57
nextstrain_tree_graph_300day,276,364439129_2,366027045_2,149,93.50400000011427,-55.495999999885726,55.495999999885726,19
nextstrain_tree_graph_300day,276,366527737_2,367982170_2,290,222.43725000005514,-67.56274999994486,67.56274999994486,39
nextstrain_tree_graph_300day,276,366038924_2,366454828_3,189,105.19200000000399,-83.80799999999601,83.80799999999601,26
nextstrain_tree_graph_300day,276,365140005_1,366043867_3,343,90.94725000000864,-252.05274999999136,252.05274999999136,48
nextstrain_tree_graph_300day,276,364439129_2,366029841_2,208,102.27000000007308,-105.72999999992692,105.72999999992692,30
nextstrain_tree_graph_300day,276,366033903_2,366531886_2,408,372.9202499999847,-35.07975000001528,35.07975000001528,62
nextstrain_tree_graph_300day,276,363862766_2,366026973_1,325,157.05750000002325,-167.94249999997675,167.94249999997675,45
nextstrain_tree_graph_300day,276,366037945_3,366454828_3,377,269.5544999998545,-107.4455000001455,107.4455000001455,56
nextstrain_tree_graph_300day,276,366038924_2,366438412_3,276,246.90899999997475,-29.091000000025247,29.091000000025247,41
nextstrain_tree_graph_300day,276,366531492_1,366539674_1,229,161.80574999999402,-67.19425000000598,67.19425000000598,33
nextstrain_tree_graph_300day,276,366035548_2,367169048_1,248,136.23825000001727,-111.76174999998273,111.76174999998273,38
nextstrain_tree_graph_300day,276,365958710_3,366527737_2,495,459.84975000008836,-35.15024999991164,35.15024999991164,69
nextstrain_tree_graph_300day,276,366046275_3,366525842_1,361,253.48349999990234,-107.51650000009766,107.51650000009766,56
nextstrain_tree_graph_300day,276,361917214_1,366021949_2,226,138.4297499998824,-87.5702500001176,87.5702500001176,33
nextstrain_tree_graph_300day,276,366030473_2,366037945_3,449,341.508749999897,-107.49125000010298,107.49125000010298,66
nextstrain_tree_graph_300day,276,366028435_2,367481303_2,204,169.84125000005315,-34.15874999994685,34.15874999994685,28
nextstrain_tree_graph_300day,276,366033674_1,366046275_3,133,111.03600000003189,-21.96399999996811,21.96399999996811,20
nextstrain_tree_graph_300day,276,365703923_2,366753874_1,424,256.77075000007375,-167.22924999992625,167.22924999992625,62
nextstrain_tree_graph_300day,276,366038924_2,367991530_2,241,111.03600000003189,-129.9639999999681,129.9639999999681,38
nextstrain_tree_graph_300day,276,366443040_3,366453961_3,469,440.1262500000565,-28.873749999943527,28.873749999943527,66
nextstrain_tree_graph_300day,276,366035548_2,366454828_3,312,166.5539999999648,-145.4460000000352,145.4460000000352,48
nextstrain_tree_graph_300day,276,364932517_3,366523988_1,308,196.504500000004,-111.49549999999601,111.49549999999601,43
nextstrain_tree_graph_300day,276,366024603_1,366539266_1,134,112.86225000007175,-21.137749999928246,21.137749999928246,17
nextstrain_tree_graph_300day,276,364244271_2,366531207_2,428,316.67174999998605,-111.32825000001395,111.32825000001395,62
nextstrain_tree_graph_300day,276,365703923_2,366033674_1,182,151.94400000006112,-30.055999999938876,30.055999999938876,28
nextstrain_tree_graph_300day,276,366032443_2,367991530_2,257,136.96875000008305,-120.03124999991695,120.03124999991695,41
nextstrain_tree_graph_300day,276,364243084_1,366535239_1,285,147.56099999999867,-137.43900000000133,137.43900000000133,41
nextstrain_tree_graph_300day,276,364243084_1,367991530_2,321,209.65350000002525,-111.34649999997475,111.34649999997475,47
nextstrain_tree_graph_300day,276,363551162_2,366457996_2,335,224.26350000001196,-110.73649999998804,110.73649999998804,50
nextstrain_tree_graph_300day,276,363578810_2,366535239_1,309,171.30224999993555,-137.69775000006445,137.69775000006445,44
nextstrain_tree_graph_300day,276,366419526_2,366527737_2,458,422.95950000004717,-35.04049999995283,35.04049999995283,65
nextstrain_tree_graph_300day,276,366027952_3,366528363_3,452,76.70250000001329,-375.2974999999867,375.2974999999867,66
nextstrain_tree_graph_300day,276,363754674_1,366523988_1,124,51.86549999993622,-72.13450000006378,72.13450000006378,17
nextstrain_tree_graph_300day,276,366032443_2,366523927_2,181,60.99675000005249,-120.00324999994751,120.00324999994751,28
nextstrain_tree_graph_300day,276,366452525_3,366523927_2,365,202.71375000002325,-162.28624999997675,162.28624999997675,50
nextstrain_tree_graph_300day,276,365958710_3,366539654_2,513,478.11225000007175,-34.887749999928246,34.887749999928246,73
nextstrain_tree_graph_300day,276,366046275_3,366373283_2,329,183.7207499999741,-145.2792500000259,145.2792500000259,51
nextstrain_tree_graph_300day,276,366028435_2,366528363_3,280,252.75300000000266,-27.246999999997342,27.246999999997342,42
nextstrain_tree_graph_300day,276,366033956_3,367991530_2,424,278.68574999997077,-145.31425000002923,145.31425000002923,64
nextstrain_tree_graph_300day,276,365703923_2,366443040_3,434,397.02675000007906,-36.97324999992094,36.97324999992094,63
nextstrain_tree_graph_300day,276,366457996_2,366518683_1,207,78.89399999996147,-128.10600000003853,128.10600000003853,35
nextstrain_tree_graph_300day,276,364256028_1,366373283_2,328,216.5932499999442,-111.40675000005581,111.40675000005581,50
nextstrain_tree_graph_300day,276,366046275_3,366457996_2,268,123.45449999998738,-144.54550000001262,144.54550000001262,43
nextstrain_tree_graph_300day,276,361934636_3,366539674_1,387,353.1967500000359,-33.80324999996412,33.80324999996412,56
nextstrain_tree_graph_300day,276,366029841_2,366531492_1,279,133.68149999999468,-145.31850000000532,145.31850000000532,44
nextstrain_tree_graph_300day,276,366021949_2,366760962_3,362,326.89874999999336,-35.101250000006644,35.101250000006644,56
nextstrain_tree_graph_300day,276,365703923_2,366518683_1,300,133.68150000007773,-166.31849999992227,166.31849999992227,46
nextstrain_tree_graph_300day,276,366021857_3,366438412_3,401,375.11175000001595,-25.888249999984055,25.888249999984055,56
nextstrain_tree_graph_300day,276,366024603_1,366525842_1,237,226.82025000003455,-10.179749999965452,10.179749999965452,37
nextstrain_tree_graph_300day,276,366525842_1,366539674_1,369,269.55449999993755,-99.44550000006245,99.44550000006245,55
nextstrain_tree_graph_300day,276,365724509_1,367991530_2,119,96.7912499999535,-22.208750000046507,22.208750000046507,19
nextstrain_tree_graph_300day,276,366043867_3,366453961_3,247,123.08924999999601,-123.91075000000399,123.91075000000399,36
nextstrain_tree_graph_300day,276,363756035_2,366028435_2,145,109.57499999998339,-35.42500000001661,35.42500000001661,21
nextstrain_tree_graph_300day,276,366028763_1,366454828_3,184,154.1355000000093,-29.8644999999907,29.8644999999907,27
nextstrain_tree_graph_300day,276,363862766_2,366032443_2,319,199.06125000010962,-119.93874999989038,119.93874999989038,47
nextstrain_tree_graph_300day,276,366028763_1,366047043_2,119,108.84450000000066,-10.155499999999336,10.155499999999336,16
nextstrain_tree_graph_300day,276,363756035_2,366541096_2,211,99.34799999997608,-111.65200000002392,111.65200000002392,30
nextstrain_tree_graph_300day,276,366027902_1,366518893_3,278,110.67075000004053,-167.32924999995947,167.32924999995947,37
nextstrain_tree_graph_300day,276,366046275_3,366049959_1,352,325.07250000003654,-26.92749999996346,26.92749999996346,52
nextstrain_tree_graph_300day,276,366442049_2,366452525_3,315,198.6960000000352,-116.30399999996479,116.30399999996479,42
nextstrain_tree_graph_300day,276,363756035_2,366539654_2,370,232.6642499999794,-137.3357500000206,137.3357500000206,50
nextstrain_tree_graph_300day,276,364932517_3,366038770_3,232,102.6352500001475,-129.3647499998525,129.3647499998525,36
nextstrain_tree_graph_300day,276,366518893_3,367477245_2,336,198.6960000000352,-137.3039999999648,137.3039999999648,46
nextstrain_tree_graph_300day,276,366033674_1,366539047_2,152,123.08925000007906,-28.910749999920938,28.910749999920938,26
nextstrain_tree_graph_300day,276,366032443_2,366527737_2,329,208.92300000012557,-120.07699999987443,120.07699999987443,45
nextstrain_tree_graph_300day,276,366523927_2,366525842_1,326,226.4549999998771,-99.54500000012291,99.54500000012291,50
nextstrain_tree_graph_300day,276,366024603_1,366047361_3,216,185.91225000000532,-30.087749999994685,30.087749999994685,33
nextstrain_tree_graph_300day,276,366047361_3,366539654_2,459,424.05525000002126,-34.94474999997874,34.94474999997874,65
nextstrain_tree_graph_300day,276,366046275_3,366528363_3,310,201.61799999996612,-108.38200000003388,108.38200000003388,46
nextstrain_tree_graph_300day,276,364243084_1,366539654_2,437,299.87025000005116,-137.12974999994884,137.12974999994884,59
nextstrain_tree_graph_300day,276,366031436_3,366518893_3,334,298.77450000007707,-35.22549999992293,35.22549999992293,45
nextstrain_tree_graph_300day,276,366028435_2,366047361_3,162,162.17099999998538,0.1709999999853835,0.1709999999853835,24
nextstrain_tree_graph_300day,276,366419526_2,366518893_3,382,346.9875000000166,-35.01249999998339,35.01249999998339,55
nextstrain_tree_graph_300day,276,366042489_2,366043867_3,430,323.611499999905,-106.38850000009501,106.38850000009501,64
nextstrain_tree_graph_300day,276,366453961_3,366454828_3,57,85.4684999999721,28.468499999972096,28.468499999972096,8
nextstrain_tree_graph_300day,276,361917214_1,366531207_2,331,219.51524999995814,-111.48475000004186,111.48475000004186,50
nextstrain_tree_graph_300day,276,366021949_2,366438126_3,204,168.745499999996,-35.254500000003986,35.254500000003986,32
nextstrain_tree_graph_300day,276,364243084_1,366028763_1,175,165.09300000008238,-9.906999999917616,9.906999999917616,24
nextstrain_tree_graph_300day,276,366518683_1,366539266_1,253,87.66000000008637,-165.33999999991363,165.33999999991363,36
nextstrain_tree_graph_300day,276,366027952_3,366033674_1,249,227.1855000000259,-21.81449999997409,21.81449999997409,36
nextstrain_tree_graph_300day,276,365958710_3,366024605_2,265,234.85575000009368,-30.14424999990632,30.14424999990632,40
nextstrain_tree_graph_300day,276,366021857_3,366046275_3,271,137.69924999998273,-133.30075000001727,133.30075000001727,36
nextstrain_tree_graph_300day,276,366531207_2,367481303_2,355,244.71750000002658,-110.28249999997342,110.28249999997342,52
nextstrain_tree_graph_300day,276,365135770_3,366539674_1,268,113.95800000004584,-154.04199999995416,154.04199999995416,36
nextstrain_tree_graph_300day,276,366028763_1,366421594_3,246,214.03650000000465,-31.96349999999535,31.96349999999535,35
nextstrain_tree_graph_300day,276,366038924_2,367982170_2,187,56.979000000064445,-130.02099999993555,130.02099999993555,29
nextstrain_tree_graph_300day,276,365124124_2,366453961_3,307,144.63900000006777,-162.36099999993223,162.36099999993223,43
nextstrain_tree_graph_300day,276,366453961_3,366753874_1,475,329.8207500000073,-145.1792499999927,145.1792499999927,69
nextstrain_tree_graph_300day,276,366027902_1,366453961_3,325,179.70299999998605,-145.29700000001395,145.29700000001395,47
nextstrain_tree_graph_300day,276,366021857_3,366528363_3,401,84.372749999998,-316.627250000002,316.627250000002,56
nextstrain_tree_graph_300day,276,363551162_2,366030473_2,468,215.8627500000445,-252.1372499999555,252.1372499999555,66
nextstrain_tree_graph_300day,276,363756035_2,365140005_1,169,87.66000000000332,-81.33999999999668,81.33999999999668,24
nextstrain_tree_graph_300day,276,366526758_2,366528363_3,361,137.33399999990831,-223.66600000009169,223.66600000009169,55
nextstrain_tree_graph_300day,276,365703923_2,366021857_3,358,213.6712500000133,-144.3287499999867,144.3287499999867,50
nextstrain_tree_graph_300day,276,366518683_1,366535239_1,246,79.62450000002724,-166.37549999997276,166.37549999997276,39
nextstrain_tree_graph_300day,276,363756035_2,366526758_2,264,60.631499999978075,-203.36850000002192,203.36850000002192,40
nextstrain_tree_graph_300day,276,363767777_3,365724509_1,262,187.73849999996213,-74.26150000003787,74.26150000003787,36
nextstrain_tree_graph_300day,276,366021949_2,366032443_2,180,72.31949999995084,-107.68050000004916,107.68050000004916,29
nextstrain_tree_graph_300day,276,366024605_2,366518893_3,180,157.78800000008903,-22.211999999910972,22.211999999910972,23
nextstrain_tree_graph_300day,276,366419526_2,366529483_1,361,325.80300000001927,-35.19699999998073,35.19699999998073,58
nextstrain_tree_graph_300day,276,366525842_1,366539047_2,352,265.5367499999495,-86.4632500000505,86.4632500000505,56
nextstrain_tree_graph_300day,276,363551162_2,367982170_2,340,144.63900000006777,-195.36099999993223,195.36099999993223,49
nextstrain_tree_graph_300day,276,364244271_2,366033903_2,431,395.9310000000219,-35.068999999978075,35.068999999978075,60
nextstrain_tree_graph_300day,276,366027952_3,366438412_3,452,425.15099999999535,-26.84900000000465,26.84900000000465,66
nextstrain_tree_graph_300day,276,366452525_3,366531207_2,483,337.490999999992,-145.50900000000797,145.50900000000797,70
nextstrain_tree_graph_300day,276,366021949_2,366453961_3,308,200.52224999990898,-107.47775000009102,107.47775000009102,46
nextstrain_tree_graph_300day,276,366028435_2,366420619_1,179,151.5787499999867,-27.421250000013288,27.421250000013288,25
nextstrain_tree_graph_300day,276,365724509_1,366529483_1,108,71.58899999996811,-36.41100000003189,36.41100000003189,18
nextstrain_tree_graph_300day,276,366024605_2,366527737_2,256,233.7600000001196,-22.23999999988041,22.23999999988041,33
nextstrain_tree_graph_300day,276,366531886_2,366539674_1,356,218.78474999997542,-137.21525000002458,137.21525000002458,53
nextstrain_tree_graph_300day,276,366032443_2,366518683_1,223,104.09625000011295,-118.90374999988705,118.90374999988705,36
nextstrain_tree_graph_300day,276,366021949_2,367982170_2,211,111.4012499999402,-99.5987500000598,99.5987500000598,33
nextstrain_tree_graph_300day,276,366042039_2,366760962_3,347,319.95899999999136,-27.041000000008637,27.041000000008637,52
nextstrain_tree_graph_300day,276,366442049_2,366529483_1,245,99.34799999997608,-145.65200000002392,145.65200000002392,40
nextstrain_tree_graph_300day,276,363862766_2,366528363_3,493,71.58900000005116,-421.41099999994884,421.41099999994884,73
nextstrain_tree_graph_300day,276,366028763_1,366047361_3,209,178.97250000000332,-30.027499999996678,30.027499999996678,32
nextstrain_tree_graph_300day,276,365140005_1,366049959_1,412,376.9380000000558,-35.06199999994419,35.06199999994419,59
nextstrain_tree_graph_300day,276,366457996_2,366760962_3,406,371.82450000001063,-34.17549999998937,34.17549999998937,64
nextstrain_tree_graph_300day,276,365958710_3,366421594_3,415,287.08650000002126,-127.91349999997874,127.91349999997874,59
nextstrain_tree_graph_300day,276,364439129_2,366531207_2,401,255.6750000000166,-145.3249999999834,145.3249999999834,60
nextstrain_tree_graph_300day,276,366024603_1,366452525_3,288,257.86650000004784,-30.133499999952164,30.133499999952164,39
nextstrain_tree_graph_300day,276,366529483_1,366531492_1,307,139.5255000000226,-167.4744999999774,167.4744999999774,48
nextstrain_tree_graph_300day,276,363754674_1,366522312_2,279,167.64974999993888,-111.35025000006112,111.35025000006112,39
nextstrain_tree_graph_300day,276,365135770_3,366457996_2,242,131.48999999996346,-110.51000000003654,110.51000000003654,36
nextstrain_tree_graph_300day,276,364256028_1,366453961_3,369,206.7315000000113,-162.2684999999887,162.2684999999887,54
nextstrain_tree_graph_300day,276,365140005_1,366539674_1,312,35.794499999984055,-276.20550000001595,276.20550000001595,42
nextstrain_tree_graph_300day,276,361917214_1,366753874_1,379,267.72824999998073,-111.27175000001927,111.27175000001927,54
nextstrain_tree_graph_300day,276,366436457_1,366539654_2,387,352.1010000000618,-34.89899999993821,34.89899999993821,55
nextstrain_tree_graph_300day,276,366421594_3,366518893_3,402,364.88475000000864,-37.11524999999136,37.11524999999136,54
nextstrain_tree_graph_300day,276,363756035_2,366047043_2,203,18.992999999966116,-184.00700000003388,184.00700000003388,27
nextstrain_tree_graph_300day,276,366519125_2,367171376_1,332,296.9482500000372,-35.051749999962794,35.051749999962794,52
nextstrain_tree_graph_300day,276,366028763_1,366434851_2,138,126.01125000000997,-11.988749999990034,11.988749999990034,17
nextstrain_tree_graph_300day,276,366047361_3,366453961_3,396,368.9024999999967,-27.097500000003322,27.097500000003322,57
nextstrain_tree_graph_300day,276,366042489_2,366528363_3,521,414.55874999991363,-106.44125000008637,106.44125000008637,79
nextstrain_tree_graph_300day,276,366526758_2,367171376_1,287,259.69275000000465,-27.30724999999535,27.30724999999535,45
nextstrain_tree_graph_300day,276,364439129_2,366434851_2,327,179.70299999998605,-147.29700000001395,147.29700000001395,43
nextstrain_tree_graph_300day,276,365703923_2,366031436_3,330,294.756750000089,-35.24324999991097,35.24324999991097,48
nextstrain_tree_graph_300day,276,366028763_1,366453961_3,225,195.04350000003853,-29.956499999961466,29.956499999961466,33
nextstrain_tree_graph_300day,429,364320194_3,366642664_3,319,254.94449999995084,-64.05550000004916,64.05550000004916,51
nextstrain_tree_graph_300day,429,367731416_2,368137020_3,343,292.1999999999834,-50.80000000001661,50.80000000001661,52
nextstrain_tree_graph_300day,429,366580811_1,367524205_1,350,235.58624999999336,-114.41375000000664,114.41375000000664,51
nextstrain_tree_graph_300day,429,362117477_2,365996394_1,365,65.7449999999402,-299.2550000000598,299.2550000000598,53
nextstrain_tree_graph_300day,429,362192645_1,367890913_2,194,146.83050000001595,-47.169499999984055,47.169499999984055,32
nextstrain_tree_graph_300day,429,364347992_2,367645615_1,249,230.8380000000226,-18.16199999997741,18.16199999997741,43
nextstrain_tree_graph_300day,429,362192645_1,367644511_2,77,143.17800000001927,66.17800000001927,66.17800000001927,12
nextstrain_tree_graph_300day,429,367264924_2,368707239_1,277,233.76000000003654,-43.23999999996346,43.23999999996346,43
nextstrain_tree_graph_300day,429,366548574_3,366964725_2,194,140.25600000000532,-53.743999999994685,53.743999999994685,31
nextstrain_tree_graph_300day,429,367240385_1,367524205_1,386,208.55775000005116,-177.44224999994884,177.44224999994884,59
nextstrain_tree_graph_300day,429,364341759_3,364375029_2,68,58.4399999998638,-9.560000000136199,9.560000000136199,10
nextstrain_tree_graph_300day,429,367548274_1,368675935_2,257,209.65350000002525,-47.34649999997475,47.34649999997475,41
nextstrain_tree_graph_300day,429,366579397_1,367893377_1,283,237.77775000010763,-45.22224999989237,45.22224999989237,43
nextstrain_tree_graph_300day,429,366585228_3,367702355_3,339,322.1505000000226,-16.84949999997741,16.84949999997741,51
nextstrain_tree_graph_300day,429,367545260_1,367884778_1,140,122.72400000000465,-17.27599999999535,17.27599999999535,25
nextstrain_tree_graph_300day,429,367245412_1,368368984_1,280,261.88424999995283,-18.11575000004717,18.11575000004717,40
nextstrain_tree_graph_300day,429,366602376_2,367502523_4,213,195.77400000002126,-17.22599999997874,17.22599999997874,34
nextstrain_tree_graph_300day,429,366547709_1,367525361_1,157,96.06075000005382,-60.939249999946185,60.939249999946185,28
nextstrain_tree_graph_300day,429,367773957_1,367824787_2,339,321.7852499999482,-17.214750000051822,17.214750000051822,49
nextstrain_tree_graph_300day,429,365013793_2,367613419_3,368,348.44849999998206,-19.55150000001794,19.55150000001794,57
nextstrain_tree_graph_300day,429,367247897_3,367841270_2,205,187.73849999996213,-17.26150000003787,17.26150000003787,32
nextstrain_tree_graph_300day,429,367613419_3,367810454_1,443,357.21449999994087,-85.78550000005913,85.78550000005913,65
nextstrain_tree_graph_300day,429,366579397_1,366891474_1,241,193.94775000006445,-47.052249999935555,47.052249999935555,38
nextstrain_tree_graph_300day,429,367197750_2,367890913_2,255,207.82724999998538,-47.17275000001462,47.17275000001462,43
nextstrain_tree_graph_300day,429,364363195_2,367502523_4,162,144.63899999998472,-17.36100000001528,17.36100000001528,27
nextstrain_tree_graph_300day,429,364347992_2,368724919_2,129,109.57500000006644,-19.42499999993356,19.42499999993356,21
nextstrain_tree_graph_300day,429,366562996_3,367573891_1,186,168.745499999996,-17.254500000003986,17.254500000003986,30
nextstrain_tree_graph_300day,429,364338603_2,364416987_2,283,210.38400000000797,-72.61599999999203,72.61599999999203,35
nextstrain_tree_graph_300day,429,366553836_1,367635283_3,361,343.7002500000113,-17.299749999988705,17.299749999988705,55
nextstrain_tree_graph_300day,429,367189144_1,367509324_1,297,243.25650000006112,-53.74349999993888,53.74349999993888,46
nextstrain_tree_graph_300day,429,367771799_2,368377778_4,365,317.7675000000432,-47.232499999956815,47.232499999956815,58
nextstrain_tree_graph_300day,429,363865565_2,364416987_2,427,255.6750000000166,-171.3249999999834,171.3249999999834,54
nextstrain_tree_graph_300day,429,367489168_2,368551393_1,344,97.88700000001063,-246.11299999998937,246.11299999998937,53
nextstrain_tree_graph_300day,429,362117477_2,364324586_2,212,152.30924999996944,-59.69075000003056,59.69075000003056,30
nextstrain_tree_graph_300day,429,364366764_2,367608316_3,137,119.8019999999907,-17.1980000000093,17.1980000000093,24
nextstrain_tree_graph_300day,429,367555205_2,368318425_4,364,317.7675000000432,-46.232499999956815,46.232499999956815,56
nextstrain_tree_graph_300day,429,364303137_1,364323167_3,234,216.95849999993555,-17.041500000064445,17.041500000064445,35
nextstrain_tree_graph_300day,429,366559647_2,366585330_2,217,199.7917500000093,-17.2082499999907,17.2082499999907,33
nextstrain_tree_graph_300day,429,364312555_1,367247897_3,160,140.62124999999668,-19.378750000003322,19.378750000003322,28
nextstrain_tree_graph_300day,429,363723595_1,368359760_2,178,124.1849999999701,-53.8150000000299,53.8150000000299,29
nextstrain_tree_graph_300day,429,367279823_2,367509324_1,170,116.14949999999402,-53.85050000000598,53.85050000000598,30
nextstrain_tree_graph_300day,429,368377778_4,368707239_1,246,198.6960000000352,-47.30399999996479,47.30399999996479,38
nextstrain_tree_graph_300day,429,366818444_5,367644511_2,298,244.3522500000352,-53.64774999996479,53.64774999996479,47
nextstrain_tree_graph_300day,429,364295971_1,368123496_3,315,272.84175000010896,-42.15824999989104,42.15824999989104,50
nextstrain_tree_graph_300day,429,364875952_2,368613515_3,282,264.80625000004983,-17.19374999995017,17.19374999995017,48
nextstrain_tree_graph_300day,429,367560967_3,367621582_2,236,82.54650000004119,-153.4534999999588,153.4534999999588,35
nextstrain_tree_graph_300day,429,362907310_3,366546682_3,427,378.0337500000299,-48.9662499999701,48.9662499999701,60
nextstrain_tree_graph_300day,429,367643579_1,368721378_2,191,136.96875,-54.03125,54.03125,34
nextstrain_tree_graph_300day,429,366545564_3,366818444_5,284,165.8235000000651,-118.17649999993489,118.17649999993489,45
nextstrain_tree_graph_300day,429,363722690_1,368137020_3,341,255.3097499999422,-85.6902500000578,85.6902500000578,52
nextstrain_tree_graph_300day,429,367635472_2,367639509_2,249,201.61800000004916,-47.381999999950835,47.381999999950835,35
nextstrain_tree_graph_300day,429,366563639_3,368377778_4,325,307.5405000000359,-17.459499999964123,17.459499999964123,46
nextstrain_tree_graph_300day,429,364602781_4,368848360_3,448,433.9170000000372,-14.082999999962794,14.082999999962794,64
nextstrain_tree_graph_300day,429,363723178_2,367238914_3,221,173.8590000000412,-47.14099999995881,47.14099999995881,41
nextstrain_tree_graph_300day,429,366567977_2,368707239_1,169,153.40500000002658,-15.594999999973425,15.594999999973425,25
nextstrain_tree_graph_300day,429,361332326_1,364375476_3,251,198.33075000004385,-52.66924999995615,52.66924999995615,38
nextstrain_tree_graph_300day,429,364322417_1,366602376_2,225,207.82724999998538,-17.172750000014616,17.172750000014616,34
nextstrain_tree_graph_300day,429,367223294_3,367503035_1,243,189.19950000001063,-53.80049999998937,53.80049999998937,39
nextstrain_tree_graph_300day,429,367500007_2,368844338_3,332,316.6717500000691,-15.328249999930904,15.328249999930904,51
nextstrain_tree_graph_300day,429,367510202_1,367893718_3,293,275.76375000003986,-17.236249999960137,17.236249999960137,41
nextstrain_tree_graph_300day,429,366546343_2,367643579_1,188,134.04674999998605,-53.95325000001395,53.95325000001395,32
nextstrain_tree_graph_300day,429,363697986_1,364306691_2,198,136.96875,-61.03125,61.03125,30
nextstrain_tree_graph_300day,429,364324586_2,367771799_2,287,187.73850000004518,-99.26149999995482,99.26149999995482,45
nextstrain_tree_graph_300day,429,366642664_3,367841270_2,266,248.73525000001462,-17.264749999985384,17.264749999985384,40
nextstrain_tree_graph_300day,429,367212663_2,367892424_2,239,221.70674999998937,-17.29325000001063,17.29325000001063,39
nextstrain_tree_graph_300day,429,366602376_2,367209811_2,171,153.77025000001794,-17.22974999998206,17.22974999998206,26
nextstrain_tree_graph_300day,429,366560262_2,368358125_2,228,210.74924999999934,-17.250750000000664,17.250750000000664,37
nextstrain_tree_graph_300day,429,366545564_3,367580829_1,260,242.52599999999535,-17.47400000000465,17.47400000000465,42
nextstrain_tree_graph_300day,429,367510119_2,367889802_3,355,269.1892499999462,-85.81075000005382,85.81075000005382,55
nextstrain_tree_graph_300day,429,362117477_2,366585228_3,396,379.129500000004,-16.870499999996014,16.870499999996014,59
nextstrain_tree_graph_300day,429,364875952_2,367522975_1,208,168.38025000000465,-39.61974999999535,39.61974999999535,31
nextstrain_tree_graph_300day,429,364341759_3,367631388_2,146,98.98274999998472,-47.01725000001528,47.01725000001528,22
nextstrain_tree_graph_300day,429,364311070_2,367841270_2,244,186.64274999998804,-57.35725000001196,57.35725000001196,38
nextstrain_tree_graph_300day,429,366833760_2,367628453_2,137,119.43674999999934,-17.563250000000664,17.563250000000664,25
nextstrain_tree_graph_300day,429,364345854_2,367190758_1,129,75.24150000004784,-53.758499999952164,53.758499999952164,18
nextstrain_tree_graph_300day,429,366580811_1,367636681_3,354,306.8099999999701,-47.1900000000299,47.1900000000299,52
nextstrain_tree_graph_300day,429,367709731_2,367889802_3,316,254.94450000003388,-61.055499999966116,61.055499999966116,50
nextstrain_tree_graph_300day,429,366578657_2,367571758_2,135,78.5287499999701,-56.4712500000299,56.4712500000299,23
nextstrain_tree_graph_300day,429,367270592_2,367884500_1,253,206.7315000000113,-46.268499999988705,46.268499999988705,41
nextstrain_tree_graph_300day,429,366570008_2,367613419_3,300,252.75300000000266,-47.24699999999734,47.24699999999734,48
nextstrain_tree_graph_300day,429,367189144_1,367586051_2,383,336.0300000000266,-46.969999999973425,46.969999999973425,56
nextstrain_tree_graph_300day,429,367586063_4,367893718_3,299,212.9407499999475,-86.05925000005249,86.05925000005249,47
nextstrain_tree_graph_300day,429,363720763_2,367610781_2,155,101.17425000001595,-53.825749999984055,53.825749999984055,30
nextstrain_tree_graph_300day,429,364345854_2,366580882_2,226,208.55775000005116,-17.442249999948842,17.442249999948842,32
nextstrain_tree_graph_300day,429,364303944_3,367276635_4,393,375.84224999999867,-17.15775000000133,17.15775000000133,64
nextstrain_tree_graph_300day,429,366559232_1,368523643_3,259,167.28449999986447,-91.71550000013553,91.71550000013553,42
nextstrain_tree_graph_300day,429,366562996_3,368848456_3,128,110.67074999995748,-17.32925000004252,17.32925000004252,22
nextstrain_tree_graph_300day,429,366964725_2,367525361_1,169,119.43674999999934,-49.563250000000664,49.563250000000664,27
nextstrain_tree_graph_300day,429,367223294_3,367639509_2,247,193.21724999999867,-53.78275000000133,53.78275000000133,38
nextstrain_tree_graph_300day,429,362277345_1,367702355_3,334,273.2070000000173,-60.792999999982726,60.792999999982726,53
nextstrain_tree_graph_300day,429,366575895_1,366585330_2,218,198.6960000000352,-19.303999999964788,19.303999999964788,36
nextstrain_tree_graph_300day,429,364326955_3,366821918_3,325,305.71425000007906,-19.285749999920938,19.285749999920938,49
nextstrain_tree_graph_300day,429,367503035_1,368848142_3,220,166.18874999997342,-53.811250000026575,53.811250000026575,33
nextstrain_tree_graph_300day,429,364311779_1,367193441_2,268,246.17850000007508,-21.821499999924924,21.821499999924924,46
nextstrain_tree_graph_300day,429,365013793_2,367785734_2,283,267.72824999998073,-15.271750000019267,15.271750000019267,40
nextstrain_tree_graph_300day,429,366948818_1,367610229_2,262,244.71750000002658,-17.282499999973425,17.282499999973425,40
nextstrain_tree_graph_300day,429,366555572_1,367228785_2,294,208.92299999995947,-85.07700000004053,85.07700000004053,41
nextstrain_tree_graph_300day,429,366589748_2,367887748_2,196,178.6072499999289,-17.39275000007109,17.39275000007109,28
nextstrain_tree_graph_300day,429,365379379_3,366126939_2,363,315.9412500000033,-47.05874999999668,47.05874999999668,54
nextstrain_tree_graph_300day,429,366546343_2,367626569_2,179,129.29850000001528,-49.70149999998472,49.70149999998472,27
nextstrain_tree_graph_300day,429,366565568_2,366568337_4,291,241.43025000002126,-49.56974999997874,49.56974999997874,42
nextstrain_tree_graph_300day,429,366548574_3,366586025_2,173,27.028500000025247,-145.97149999997475,145.97149999997475,30
nextstrain_tree_graph_300day,429,366546682_3,366562996_3,289,271.7459999999688,-17.254000000031226,17.254000000031226,42
nextstrain_tree_graph_300day,429,366575895_1,368410388_1,203,183.72075000005714,-19.279249999942863,19.279249999942863,31
nextstrain_tree_graph_300day,429,364375029_2,367232445_2,123,85.46849999988905,-37.53150000011095,37.53150000011095,20
nextstrain_tree_graph_300day,429,364341759_3,364348169_2,88,70.85849999998538,-17.141500000014616,17.141500000014616,15
nextstrain_tree_graph_300day,429,364312555_1,368848456_3,67,31.046250000013288,-35.95374999998671,35.95374999998671,11
nextstrain_tree_graph_300day,429,367620713_2,368799757_1,344,327.99449999996745,-16.005500000032555,16.005500000032555,57
nextstrain_tree_graph_300day,429,362192645_1,368377778_4,256,208.55775000005116,-47.44224999994884,47.44224999994884,40
nextstrain_tree_graph_300day,429,363726477_2,367723695_2,262,206.36624999993688,-55.63375000006312,55.63375000006312,39
nextstrain_tree_graph_300day,429,367252919_2,367610781_2,308,290.73900000001794,-17.26099999998206,17.26099999998206,47
nextstrain_tree_graph_300day,429,366964725_2,368411739_1,178,150.48300000001262,-27.516999999987377,27.516999999987377,26
nextstrain_tree_graph_300day,429,367620713_2,367889802_3,447,176.7809999999721,-270.2190000000279,270.2190000000279,73
nextstrain_tree_graph_300day,429,366596655_1,367619978_3,277,259.6927499999216,-17.307250000078398,17.307250000078398,43
nextstrain_tree_graph_300day,429,365379379_3,367635472_2,305,159.9795000000372,-145.0204999999628,145.0204999999628,45
nextstrain_tree_graph_300day,429,366604509_4,367502523_4,313,137.69924999998273,-175.30075000001727,175.30075000001727,50
nextstrain_tree_graph_300day,429,366559647_2,367890913_2,176,158.88374999998007,-17.11625000001993,17.11625000001993,26
nextstrain_tree_graph_300day,429,363895480_4,364354713_2,163,147.56100000008172,-15.43899999991828,15.43899999991828,26
nextstrain_tree_graph_300day,429,367545260_1,367647133_2,183,165.8235000000651,-17.17649999993489,17.17649999993489,30
nextstrain_tree_graph_300day,429,367610370_3,367719701_3,252,154.86599999990898,-97.13400000009102,97.13400000009102,41
nextstrain_tree_graph_300day,429,363722564_2,367628453_2,206,119.8019999999907,-86.1980000000093,86.1980000000093,35
nextstrain_tree_graph_300day,429,367209811_2,367494308_2,212,150.848250000004,-61.151749999996014,61.151749999996014,36
nextstrain_tree_graph_300day,429,364875952_2,367586051_2,401,353.9272500000186,-47.0727499999814,47.0727499999814,63
nextstrain_tree_graph_300day,429,364348169_2,367643579_1,136,118.70625000001661,-17.29374999998339,17.29374999998339,23
nextstrain_tree_graph_300day,429,366964725_2,367586063_4,301,247.27424999996612,-53.725750000033884,53.725750000033884,49
nextstrain_tree_graph_300day,429,362277345_1,363163358_3,449,395.56575000003056,-53.43424999996944,53.43424999996944,64
nextstrain_tree_graph_300day,429,366549074_3,368848360_3,432,411.6367499999827,-20.363250000017274,20.363250000017274,60
nextstrain_tree_graph_300day,429,367271278_2,367892393_4,346,166.55400000004784,-179.44599999995216,179.44599999995216,51
nextstrain_tree_graph_300day,429,364338603_2,367000508_3,297,235.95150000006777,-61.04849999993223,61.04849999993223,41
nextstrain_tree_graph_300day,429,367240385_1,368368984_1,338,319.59375,-18.40625,18.40625,47
nextstrain_tree_graph_300day,429,365573303_2,366580882_2,345,327.62925000005913,-17.37074999994087,17.37074999994087,50
nextstrain_tree_graph_300day,429,366585330_2,367766255_2,296,87.66000000008637,-208.33999999991363,208.33999999991363,50
nextstrain_tree_graph_300day,429,366567117_1,366589748_2,338,320.6894999999741,-17.31050000002591,17.31050000002591,49
nextstrain_tree_graph_300day,429,367608316_3,368368984_1,249,229.74224999996545,-19.257750000034548,19.257750000034548,38
nextstrain_tree_graph_300day,429,367193441_2,367245412_1,237,184.45125000003986,-52.54874999996014,52.54874999996014,41
nextstrain_tree_graph_300day,429,365386036_2,367626569_2,141,109.20975000007508,-31.790249999924924,31.790249999924924,22
nextstrain_tree_graph_300day,429,366549074_3,367545376_1,345,295.85249999998007,-49.14750000001993,49.14750000001993,51
nextstrain_tree_graph_300day,429,367252919_2,367537154_3,360,342.96975000002857,-17.03024999997143,17.03024999997143,55
nextstrain_tree_graph_300day,429,367240778_3,367509324_1,319,271.7460000000518,-47.25399999994818,47.25399999994818,57
nextstrain_tree_graph_300day,429,366604509_4,367576202_1,260,210.38400000000797,-49.61599999999203,49.61599999999203,41
nextstrain_tree_graph_300day,429,365025387_1,367887676_3,288,268.4587500000465,-19.541249999953493,19.541249999953493,46
nextstrain_tree_graph_300day,429,364357293_3,367889802_3,383,111.76650000001462,-271.2334999999854,271.2334999999854,61
nextstrain_tree_graph_300day,429,364338603_2,366562996_3,143,125.6460000000186,-17.353999999981397,17.353999999981397,21
nextstrain_tree_graph_300day,429,366565568_2,366591042_3,281,231.20325000001395,-49.79674999998605,49.79674999998605,43
nextstrain_tree_graph_300day,429,367554831_3,367810454_1,362,345.16124999997675,-16.838750000023254,16.838750000023254,52
nextstrain_tree_graph_300day,429,366545766_3,367276635_4,309,291.834749999992,-17.165250000007973,17.165250000007973,47
nextstrain_tree_graph_300day,429,364366764_2,364368199_2,103,101.90474999999867,-1.0952500000013288,1.0952500000013288,16
nextstrain_tree_graph_300day,429,362277345_1,367608344_2,323,275.76375000003986,-47.23624999996014,47.23624999996014,50
nextstrain_tree_graph_300day,429,365011110_3,367544881_2,310,290.739000000101,-19.260999999899013,19.260999999899013,48
nextstrain_tree_graph_300day,429,364358154_1,367626569_2,222,149.3872499999555,-72.61275000004451,72.61275000004451,35
nextstrain_tree_graph_300day,429,367639509_2,368517128_1,353,101.17425000001595,-251.82574999998405,251.82574999998405,48
nextstrain_tree_graph_300day,429,366964725_2,367690380_4,234,216.95849999993555,-17.041500000064445,17.041500000064445,37
nextstrain_tree_graph_300day,429,366872671_1,367619291_1,284,266.63250000000664,-17.367499999993356,17.367499999993356,48
nextstrain_tree_graph_300day,429,366578657_2,367843530_1,203,185.54700000001395,-17.452999999986048,17.452999999986048,32
nextstrain_tree_graph_300day,429,363732207_3,367885175_2,329,149.7525000000299,-179.2474999999701,179.2474999999701,49
nextstrain_tree_graph_300day,429,364338506_4,367502523_4,311,261.15375000005315,-49.84624999994685,49.84624999994685,44
nextstrain_tree_graph_300day,429,364298872_2,364428383_1,168,124.91550000003588,-43.08449999996412,43.08449999996412,25
nextstrain_tree_graph_300day,429,366554985_2,366579954_1,342,324.7072500000452,-17.29274999995482,17.29274999995482,48
nextstrain_tree_graph_300day,429,367610229_2,368517128_1,404,386.7997499999887,-17.200250000011295,17.200250000011295,56
nextstrain_tree_graph_300day,429,364338396_2,367576202_1,142,94.59975000008836,-47.40024999991164,47.40024999991164,25
nextstrain_tree_graph_300day,429,366585228_3,367175808_1,323,306.0794999999874,-16.920500000012623,16.920500000012623,50
nextstrain_tree_graph_300day,429,367238914_3,367841270_2,274,256.7707499999907,-17.2292500000093,17.2292500000093,46
nextstrain_tree_graph_300day,429,366580811_1,367824787_2,407,321.0547499998824,-85.9452500001176,85.9452500001176,60
nextstrain_tree_graph_300day,429,363709284_3,367197750_2,316,69.03225000002857,-246.96774999997143,246.96774999997143,50
nextstrain_tree_graph_300day,429,364349162_2,367524693_2,70,52.59600000000199,-17.403999999998007,17.403999999998007,11
nextstrain_tree_graph_300day,429,367216098_2,368849096_2,199,149.7525000000299,-49.2474999999701,49.2474999999701,29
nextstrain_tree_graph_300day,429,366545785_3,368358125_2,207,189.92999999999336,-17.070000000006644,17.070000000006644,34
nextstrain_tree_graph_300day,429,367889802_3,367890913_2,295,256.040250000008,-38.95974999999203,38.95974999999203,46
nextstrain_tree_graph_300day,429,367709731_2,368673751_1,173,119.80200000007375,-53.19799999992625,53.19799999992625,27
nextstrain_tree_graph_300day,429,364875952_2,366642664_3,324,292.20000000006644,-31.79999999993356,31.79999999993356,49
nextstrain_tree_graph_300day,429,367000508_3,367228785_2,421,360.8670000000206,-60.132999999979404,60.132999999979404,57
nextstrain_tree_graph_300day,429,367635472_2,368848142_3,137,89.85150000003455,-47.14849999996545,47.14849999996545,21
nextstrain_tree_graph_300day,429,367573891_1,367619291_1,203,149.38725000003853,-53.612749999961466,53.612749999961466,36
nextstrain_tree_graph_300day,429,364312555_1,367276635_4,289,272.11124999996014,-16.888750000039863,16.888750000039863,48
nextstrain_tree_graph_300day,429,366818444_5,368377778_4,357,309.7320000000671,-47.2679999999329,47.2679999999329,53
nextstrain_tree_graph_300day,429,367588027_2,368517588_1,283,103.36575000004717,-179.63424999995283,179.63424999995283,47
nextstrain_tree_graph_300day,429,364366764_2,364480766_4,195,177.87675000002923,-17.123249999970767,17.123249999970767,30
nextstrain_tree_graph_300day,429,367178892_2,368613515_3,205,187.73850000004518,-17.26149999995482,17.26149999995482,36
nextstrain_tree_graph_300day,429,367544881_2,368517588_1,320,118.70625000009966,-201.29374999990034,201.29374999990034,50
nextstrain_tree_graph_300day,429,367887676_3,368368984_1,333,313.7497499999721,-19.250250000027904,19.250250000027904,49
nextstrain_tree_graph_300day,429,364306874_2,367510202_1,278,260.7885000000618,-17.211499999938212,17.211499999938212,40
nextstrain_tree_graph_300day,429,364312555_1,364416987_2,299,279.7815000000279,-19.218499999972096,19.218499999972096,41
nextstrain_tree_graph_300day,429,366561751_1,367193441_2,185,167.64975000002192,-17.350249999978075,17.350249999978075,35
nextstrain_tree_graph_300day,429,366948818_1,366972121_2,140,86.19900000003787,-53.80099999996213,53.80099999996213,26
nextstrain_tree_graph_300day,429,366831205_2,368696861_1,342,295.1220000000804,-46.87799999991961,46.87799999991961,52
nextstrain_tree_graph_300day,429,366589745_2,368355665_2,223,203.44425000000598,-19.55574999999402,19.55574999999402,36
nextstrain_tree_graph_300day,429,367500007_2,368658916_1,298,147.19575000009036,-150.80424999990964,150.80424999990964,48
nextstrain_tree_graph_300day,429,366591042_3,367573322_2,286,269.5545000000206,-16.445499999979404,16.445499999979404,45
nextstrain_tree_graph_300day,429,367240385_1,367893718_3,274,128.20275000012424,-145.79724999987576,145.79724999987576,38
nextstrain_tree_graph_300day,429,367576202_1,367644511_2,171,94.96499999999668,-76.03500000000332,76.03500000000332,26
nextstrain_tree_graph_300day,429,364480766_4,367525361_1,226,176.41575000006378,-49.58424999993622,49.58424999993622,34
nextstrain_tree_graph_300day,429,363709481_3,365386036_2,163,128.93325000002392,-34.06674999997608,34.06674999997608,25
nextstrain_tree_graph_300day,429,364353157_2,366565568_2,129,65.37975000003189,-63.62024999996811,63.62024999996811,22
nextstrain_tree_graph_300day,429,366578657_2,368747688_1,192,172.76324999998405,-19.236750000015945,19.236750000015945,28
nextstrain_tree_graph_300day,429,364312555_1,366549074_3,292,270.6502499999947,-21.349750000005315,21.349750000005315,45
nextstrain_tree_graph_300day,429,364480766_4,367502523_4,293,243.25650000006112,-49.74349999993888,49.74349999993888,43
nextstrain_tree_graph_300day,429,364337110_2,364340522_2,236,162.9014999999681,-73.09850000003189,73.09850000003189,36
nextstrain_tree_graph_300day,429,364303137_1,367608344_2,197,179.70299999998605,-17.297000000013952,17.297000000013952,31
nextstrain_tree_graph_300day,429,363895480_4,367766255_2,264,249.4657500000804,-14.53424999991961,14.53424999991961,42
nextstrain_tree_graph_300day,429,363716509_1,367502523_4,304,286.7212500000299,-17.278749999970103,17.278749999970103,48
nextstrain_tree_graph_300day,429,364320194_3,367646042_3,418,150.48300000001262,-267.5169999999874,267.5169999999874,68
nextstrain_tree_graph_300day,429,364341518_2,366585330_2,190,172.76324999998405,-17.236750000015945,17.236750000015945,30
nextstrain_tree_graph_300day,429,364375029_2,368410388_1,140,104.46149999993821,-35.53850000006179,35.53850000006179,22
nextstrain_tree_graph_300day,429,364320507_2,368707239_1,142,88.02524999999468,-53.974750000005315,53.974750000005315,24
nextstrain_tree_graph_300day,429,366899139_2,367489168_2,249,162.9014999999681,-86.09850000003189,86.09850000003189,40
nextstrain_tree_graph_300day,429,366562996_3,366574571_3,219,201.61799999996612,-17.382000000033884,17.382000000033884,34
nextstrain_tree_graph_300day,429,366642664_3,367571758_2,220,203.80949999999734,-16.190500000002658,16.190500000002658,35
nextstrain_tree_graph_300day,429,364353157_2,368488666_1,278,230.8380000000226,-47.16199999997741,47.16199999997741,47
nextstrain_tree_graph_300day,429,364357293_3,367647133_2,303,287.81700000008703,-15.182999999912965,15.182999999912965,45
nextstrain_tree_graph_300day,429,363720763_2,364602877_2,210,165.09299999999934,-44.907000000000664,44.907000000000664,33
nextstrain_tree_graph_300day,429,363722690_1,368799757_1,315,298.0440000000113,-16.955999999988705,16.955999999988705,49
nextstrain_tree_graph_300day,429,367000508_3,367232445_2,322,266.2672500000153,-55.73274999998472,55.73274999998472,45
nextstrain_tree_graph_300day,429,367596501_1,367610229_2,306,289.64325000004385,-16.35674999995615,16.35674999995615,46
nextstrain_tree_graph_300day,429,366593964_2,367719701_3,308,222.07199999989768,-85.92800000010232,85.92800000010232,50
nextstrain_tree_graph_300day,429,367573322_2,367766255_2,267,251.65725000002857,-15.342749999971431,15.342749999971431,45
nextstrain_tree_graph_300day,429,364362231_2,367719701_3,337,251.29199999995416,-85.70800000004584,85.70800000004584,57
nextstrain_tree_graph_300day,429,365011110_3,367954358_2,204,190.66049999997608,-13.339500000023918,13.339500000023918,32
nextstrain_tree_graph_300day,429,367582615_4,368123496_3,375,290.00849999995216,-84.99150000004784,84.99150000004784,59
nextstrain_tree_graph_300day,429,368517588_1,368551393_1,333,124.55025000004451,-208.4497499999555,208.4497499999555,53
nextstrain_tree_graph_300day,429,367555205_2,367884500_1,327,285.6255000000558,-41.37449999994419,41.37449999994419,50
nextstrain_tree_graph_300day,429,367646042_3,368613515_3,293,275.76375000003986,-17.236249999960137,17.236249999960137,50
nextstrain_tree_graph_300day,429,367690380_4,368613515_3,210,192.8520000000073,-17.14799999999269,17.14799999999269,35
nextstrain_tree_graph_300day,429,366899139_2,367209811_2,196,92.40825000005714,-103.59174999994286,103.59174999994286,29
nextstrain_tree_graph_300day,429,367610781_2,367719701_3,138,97.52175000001927,-40.47824999998073,40.47824999998073,23
nextstrain_tree_graph_300day,429,364323167_3,366561751_1,212,194.67824999996412,-17.321750000035877,17.321750000035877,32
nextstrain_tree_graph_300day,429,366891474_1,367571758_2,242,226.08974999996877,-15.910250000031226,15.910250000031226,41
nextstrain_tree_graph_300day,429,367245412_1,367525361_1,203,118.3409999999422,-84.6590000000578,84.6590000000578,34
nextstrain_tree_graph_300day,429,364375029_2,366585228_3,260,242.8912499999867,-17.108750000013288,17.108750000013288,40
nextstrain_tree_graph_300day,429,362907310_3,366878812_3,296,276.85950000001395,-19.140499999986048,19.140499999986048,45
nextstrain_tree_graph_300day,429,361332326_1,367645615_1,351,306.0794999999874,-44.92050000001262,44.92050000001262,54
nextstrain_tree_graph_300day,429,364362231_2,367197750_2,340,115.05375000001993,-224.94624999998007,224.94624999998007,55
nextstrain_tree_graph_300day,429,366818444_5,367606327_2,409,177.14625000012956,-231.85374999987044,231.85374999987044,61
nextstrain_tree_graph_300day,429,362277345_1,367690380_4,360,342.9697499999455,-17.03025000005448,17.03025000005448,56
nextstrain_tree_graph_300day,429,367610370_3,367619978_3,375,327.99449999996745,-47.005500000032555,47.005500000032555,60
nextstrain_tree_graph_300day,429,362277345_1,366872671_1,415,397.75724999997874,-17.24275000002126,17.24275000002126,65
nextstrain_tree_graph_300day,429,366831205_2,367550651_2,337,290.0085000000352,-46.99149999996479,46.99149999996479,55
nextstrain_tree_graph_300day,429,366563639_3,368123496_3,397,380.5905000000525,-16.409499999947514,16.409499999947514,60
nextstrain_tree_graph_300day,429,362192645_1,367766255_2,257,129.29850000009833,-127.70149999990167,127.70149999990167,41
nextstrain_tree_graph_300day,429,365996394_1,367264555_1,275,253.84874999997675,-21.151250000023254,21.151250000023254,40
nextstrain_tree_graph_300day,429,367524693_2,367843530_1,178,138.79500000003986,-39.20499999996014,39.20499999996014,27
nextstrain_tree_graph_300day,429,367500007_2,367556573_2,392,54.422250000041856,-337.57774999995814,337.57774999995814,58
nextstrain_tree_graph_300day,429,364428383_1,366575895_1,165,149.7525000000299,-15.247499999970103,15.247499999970103,25
nextstrain_tree_graph_300day,429,367489168_2,368658916_1,245,116.14950000007707,-128.85049999992293,128.85049999992293,41
nextstrain_tree_graph_300day,429,366559232_1,367270592_2,182,90.21674999985981,-91.78325000014019,91.78325000014019,32
nextstrain_tree_graph_300day,429,364312555_1,366585330_2,207,187.73850000004518,-19.26149999995482,19.26149999995482,35
nextstrain_tree_graph_300day,429,367545260_1,368488666_1,256,238.87349999999867,-17.12650000000133,17.12650000000133,41
nextstrain_tree_graph_300day,429,366567977_2,367639509_2,240,220.24575000002392,-19.754249999976082,19.754249999976082,35
nextstrain_tree_graph_300day,429,366593964_2,368368984_1,317,297.6787499999369,-19.321250000063117,19.321250000063117,47
nextstrain_tree_graph_300day,429,366642664_3,368673751_1,225,119.43675000008238,-105.56324999991762,105.56324999991762,35
nextstrain_tree_graph_300day,429,366589748_2,367688448_3,244,226.8202499999515,-17.1797500000485,17.1797500000485,38
nextstrain_tree_graph_300day,429,365996394_1,367525361_1,295,207.46199999991097,-87.53800000008903,87.53800000008903,46
nextstrain_tree_graph_300day,429,364306691_2,365379379_3,329,281.9729999999761,-47.02700000002392,47.02700000002392,48
nextstrain_tree_graph_300day,429,364362231_2,366830595_3,283,264.07574999998405,-18.924250000015945,18.924250000015945,49
nextstrain_tree_graph_300day,429,364343574_2,368580198_3,159,165.82349999998206,6.823499999982062,6.823499999982062,24
nextstrain_tree_graph_300day,429,367582615_4,368410388_1,267,219.88050000003255,-47.119499999967445,47.119499999967445,39
nextstrain_tree_graph_300day,429,366593964_2,367579345_4,396,376.93799999997276,-19.06200000002724,19.06200000002724,61
nextstrain_tree_graph_300day,429,367619978_3,368423093_3,406,359.04074999998073,-46.95925000001927,46.95925000001927,64
nextstrain_tree_graph_300day,429,365996394_1,366981562_2,303,249.46574999999734,-53.53425000000266,53.53425000000266,50
nextstrain_tree_graph_300day,429,363704707_1,364369463_2,180,162.53624999997675,-17.463750000023254,17.463750000023254,30
nextstrain_tree_graph_300day,429,363732525_3,367690380_4,307,290.00849999995216,-16.991500000047836,16.991500000047836,48
nextstrain_tree_graph_300day,429,363709481_3,365573303_2,275,208.92299999995947,-66.07700000004053,66.07700000004053,40
nextstrain_tree_graph_300day,429,364340522_2,366608771_3,337,108.84450000008371,-228.1554999999163,228.1554999999163,47
nextstrain_tree_graph_300day,429,364353157_2,366589748_2,169,151.5787499999867,-17.421250000013288,17.421250000013288,29
nextstrain_tree_graph_300day,429,362277345_1,367560967_3,341,190.66050000005913,-150.33949999994087,150.33949999994087,49
nextstrain_tree_graph_300day,429,364324586_2,366564611_1,290,274.6680000000658,-15.331999999934226,15.331999999934226,43
nextstrain_tree_graph_300day,429,363697986_1,364369463_2,119,101.53950000000731,-17.46049999999269,17.46049999999269,20
nextstrain_tree_graph_300day,429,366555572_1,367620713_2,330,245.0827499999349,-84.91725000006511,84.91725000006511,54
nextstrain_tree_graph_300day,429,367193441_2,367544881_2,299,245.44800000009235,-53.55199999990765,53.55199999990765,51
nextstrain_tree_graph_300day,429,366906172_3,367626569_2,319,301.696500000091,-17.30349999990898,17.30349999990898,48
nextstrain_tree_graph_300day,429,367252919_2,367588027_2,368,350.6400000000133,-17.359999999986712,17.359999999986712,56
nextstrain_tree_graph_300day,429,363722564_2,367140162_4,281,263.7104999999927,-17.28950000000731,17.28950000000731,46
nextstrain_tree_graph_300day,429,364314699_2,364366764_2,108,90.58200000001727,-17.417999999982726,17.417999999982726,18
nextstrain_tree_graph_300day,429,364063787_3,366589745_2,340,320.6894999999741,-19.31050000002591,19.31050000002591,51
nextstrain_tree_graph_300day,429,364306874_2,367489659_3,238,151.94399999997808,-86.05600000002192,86.05600000002192,39
nextstrain_tree_graph_300day,429,367606327_2,367731416_2,407,346.2570000000339,-60.742999999966116,60.742999999966116,61
nextstrain_tree_graph_300day,429,365025387_1,366326214_1,285,218.78474999997542,-66.21525000002458,66.21525000002458,42
nextstrain_tree_graph_300day,429,366578657_2,367276635_4,259,201.61799999996612,-57.382000000033884,57.382000000033884,42
nextstrain_tree_graph_300day,429,363163358_3,364349162_2,207,225.72450000006046,18.72450000006046,18.72450000006046,26
nextstrain_tree_graph_300day,429,366575895_1,367284662_3,239,219.8804999999495,-19.119500000050493,19.119500000050493,41
nextstrain_tree_graph_300day,429,366574571_3,367571758_2,225,208.92299999995947,-16.077000000040528,16.077000000040528,36
nextstrain_tree_graph_300day,429,363722690_1,366545785_3,250,233.02949999997077,-16.970500000029233,16.970500000029233,39
nextstrain_tree_graph_300day,429,364337110_2,367586063_4,271,197.96549999996944,-73.03450000003056,73.03450000003056,45
nextstrain_tree_graph_300day,429,367644511_2,368841531_3,229,175.32000000000664,-53.679999999993356,53.679999999993356,34
nextstrain_tree_graph_300day,429,366548902_1,367608344_2,200,152.67450000004385,-47.32549999995615,47.32549999995615,33
nextstrain_tree_graph_300day,429,366906172_3,367489168_2,366,348.4485000000651,-17.55149999993489,17.55149999993489,57
nextstrain_tree_graph_300day,429,364379541_3,366983575_3,260,242.52599999999535,-17.47400000000465,17.47400000000465,38
nextstrain_tree_graph_300day,429,363726477_2,368517128_1,263,209.28824999995084,-53.711750000049165,53.711750000049165,41
nextstrain_tree_graph_300day,429,367644511_2,367771799_2,302,252.3877500000113,-49.612249999988705,49.612249999988705,48
nextstrain_tree_graph_300day,429,364349162_2,366579397_1,99,81.4507500000671,-17.549249999932897,17.549249999932897,14
nextstrain_tree_graph_300day,429,367610781_2,368580198_3,241,155.2312499999834,-85.76875000001661,85.76875000001661,39
nextstrain_tree_graph_300day,429,366545785_3,366852930_1,159,141.71699999997077,-17.283000000029233,17.283000000029233,27
nextstrain_tree_graph_300day,429,363865565_2,367238914_3,357,317.7675000000432,-39.232499999956815,39.232499999956815,55
nextstrain_tree_graph_300day,429,366555572_1,368843223_2,235,149.02199999996412,-85.97800000003588,85.97800000003588,38
nextstrain_tree_graph_300day,429,364344110_2,366565568_2,168,112.49699999999734,-55.50300000000266,55.50300000000266,28
nextstrain_tree_graph_300day,429,367555205_2,368523643_3,379,200.52224999999203,-178.47775000000797,178.47775000000797,59
nextstrain_tree_graph_300day,429,363697986_1,367000508_3,247,220.97625000000664,-26.023749999993356,26.023749999993356,33
nextstrain_tree_graph_300day,429,364480766_4,366602376_2,226,208.92300000004252,-17.07699999995748,17.07699999995748,33
nextstrain_tree_graph_300day,429,364348169_2,367893377_1,227,211.84500000005647,-15.154999999943527,15.154999999943527,36
nextstrain_tree_graph_300day,429,366570008_2,367500007_2,270,222.8025000000465,-47.19749999995349,47.19749999995349,44
nextstrain_tree_graph_300day,429,362277345_1,363726477_2,268,240.33449999996412,-27.665500000035877,27.665500000035877,41
nextstrain_tree_graph_300day,429,367610229_2,367892393_4,356,338.58675000004916,-17.413249999950835,17.413249999950835,49
nextstrain_tree_graph_300day,429,364375029_2,368123496_3,222,213.30599999993888,-8.694000000061124,8.694000000061124,34
nextstrain_tree_graph_300day,429,364323167_3,367252919_2,359,341.87399999997143,-17.12600000002857,17.12600000002857,51
nextstrain_tree_graph_300day,429,364375476_3,366575895_1,210,194.67825000004717,-15.321749999952829,15.321749999952829,32
nextstrain_tree_graph_300day,429,364324586_2,367626569_2,173,73.78050000008238,-99.21949999991762,99.21949999991762,26
nextstrain_tree_graph_300day,429,367189144_1,368410388_1,299,252.02250000010298,-46.97749999989702,46.97749999989702,42
nextstrain_tree_graph_300day,429,364298872_2,368488666_1,314,266.997749999998,-47.00225000000199,47.00225000000199,50
nextstrain_tree_graph_300day,429,364298872_2,367232445_2,189,133.31625000000332,-55.68374999999668,55.68374999999668,29
nextstrain_tree_graph_300day,429,364374665_2,368658916_1,128,110.67074999995748,-17.32925000004252,17.32925000004252,24
nextstrain_tree_graph_300day,429,364341759_3,367702355_3,173,126.01125000000997,-46.988749999990034,46.988749999990034,29
nextstrain_tree_graph_300day,429,364353157_2,367619291_1,128,64.2840000000578,-63.7159999999422,63.7159999999422,23
nextstrain_tree_graph_300day,429,366564611_1,366972121_2,312,292.5652500000578,-19.4347499999422,19.4347499999422,50
nextstrain_tree_graph_300day,429,367824787_2,368658916_1,311,224.99399999991164,-86.00600000008836,86.00600000008836,50
nextstrain_tree_graph_300day,429,367209811_2,367560967_3,221,135.14249999996014,-85.85750000003986,85.85750000003986,34
nextstrain_tree_graph_300day,429,363709284_3,366326214_1,340,325.8030000001023,-14.196999999897685,14.196999999897685,50
nextstrain_tree_graph_300day,429,367237768_3,367270592_2,89,127.10699999998405,38.106999999984055,38.106999999984055,13
nextstrain_tree_graph_300day,429,364358154_1,366578657_2,185,167.64974999993888,-17.350250000061124,17.350250000061124,28
nextstrain_tree_graph_300day,429,363725843_2,367618008_1,220,70.49325000007707,-149.50674999992293,149.50674999992293,33
nextstrain_tree_graph_300day,429,367560967_3,367841270_2,249,231.93374999999668,-17.066250000003322,17.066250000003322,37
nextstrain_tree_graph_300day,429,366833760_2,367723695_2,265,247.63949999995748,-17.36050000004252,17.36050000004252,42
nextstrain_tree_graph_300day,429,366126939_2,367619906_1,296,116.51474999998538,-179.48525000001462,179.48525000001462,46
nextstrain_tree_graph_300day,429,365573303_2,367885175_2,371,285.2602499999814,-85.7397500000186,85.7397500000186,53
nextstrain_tree_graph_300day,429,367212663_2,367731416_2,369,352.10099999997874,-16.89900000002126,16.89900000002126,58
nextstrain_tree_graph_300day,429,366983575_3,367596501_1,186,169.47599999997874,-16.52400000002126,16.52400000002126,30
nextstrain_tree_graph_300day,429,366596655_1,368137020_3,234,216.5932499999442,-17.40675000005581,17.40675000005581,36
nextstrain_tree_graph_300day,429,364416987_2,367785734_2,349,116.51474999990234,-232.48525000009766,232.48525000009766,47
nextstrain_tree_graph_300day,429,364306691_2,367680394_1,264,262.9799999999269,-1.0200000000730824,1.0200000000730824,41
nextstrain_tree_graph_300day,429,364375029_2,367576202_1,116,84.37274999991496,-31.62725000008504,31.62725000008504,18
nextstrain_tree_graph_300day,429,366585330_2,366843685_3,228,211.84499999997342,-16.155000000026575,16.155000000026575,37
nextstrain_tree_graph_300day,429,367245412_1,367723695_2,324,271.3807499999774,-52.61925000002259,52.61925000002259,48
nextstrain_tree_graph_300day,429,361332326_1,367580829_1,319,302.79224999998206,-16.20775000001794,16.20775000001794,47
nextstrain_tree_graph_300day,429,367631388_2,368580198_3,239,185.54700000001395,-53.45299999998605,53.45299999998605,35
nextstrain_tree_graph_300day,429,365386036_2,367271278_2,236,204.17475000007175,-31.825249999928246,31.825249999928246,35
nextstrain_tree_graph_300day,429,363704707_1,368411739_1,256,212.94075000003056,-43.05924999996944,43.05924999996944,39
nextstrain_tree_graph_300day,429,367240778_3,368411739_1,318,271.0155000000691,-46.984499999930904,46.984499999930904,56
nextstrain_tree_graph_300day,429,366567977_2,366981562_2,151,131.4900000000465,-19.509999999953493,19.509999999953493,27
nextstrain_tree_graph_300day,429,364303137_1,368724919_2,198,180.79874999996014,-17.201250000039863,17.201250000039863,30
nextstrain_tree_graph_300day,429,367292596_2,367709731_2,211,149.7525000000299,-61.2474999999701,61.2474999999701,33
nextstrain_tree_graph_300day,429,366126939_2,367646042_3,358,107.01825000004385,-250.98174999995615,250.98174999995615,57
nextstrain_tree_graph_300day,429,367623664_3,367773957_1,354,336.7605000000093,-17.2394999999907,17.2394999999907,51
nextstrain_tree_graph_300day,429,364374665_2,368368984_1,162,142.81274999994486,-19.187250000055144,19.187250000055144,23
nextstrain_tree_graph_300day,429,366608771_3,366983575_3,264,246.5437499999834,-17.45625000001661,17.45625000001661,40
nextstrain_tree_graph_300day,429,367524205_1,368650644_2,304,289.64325000004385,-14.35674999995615,14.35674999995615,47
nextstrain_tree_graph_300day,429,364343574_2,366981562_2,108,88.75574999997741,-19.24425000002259,19.24425000002259,19
nextstrain_tree_graph_300day,429,364338396_2,367645615_1,253,174.2242499999495,-78.7757500000505,78.7757500000505,42
nextstrain_tree_graph_300day,429,364303944_3,368724919_2,287,233.02950000005382,-53.970499999946185,53.970499999946185,45
nextstrain_tree_graph_300day,429,363728733_1,364354755_3,199,181.89450000001727,-17.105499999982726,17.105499999982726,33
nextstrain_tree_graph_300day,429,363722564_2,365013793_2,288,272.47650000003455,-15.523499999965452,15.523499999965452,42
nextstrain_tree_graph_300day,429,364341759_3,366546682_3,276,169.84124999988705,-106.15875000011295,106.15875000011295,41
nextstrain_tree_graph_300day,429,366326214_1,367618008_1,300,286.72125000011295,-13.278749999887054,13.278749999887054,45
nextstrain_tree_graph_300day,429,363722564_2,364338506_4,307,257.1360000000651,-49.86399999993489,49.86399999993489,43
nextstrain_tree_graph_300day,429,367887676_3,368650644_2,289,269.5545000000206,-19.445499999979404,19.445499999979404,46
nextstrain_tree_graph_300day,429,367292596_2,368721378_2,173,140.98649999998804,-32.01350000001196,32.01350000001196,27
nextstrain_tree_graph_300day,429,367619906_1,367647133_2,301,281.60775000006777,-19.392249999932233,19.392249999932233,48
nextstrain_tree_graph_300day,429,367954358_2,368426084_3,261,270.65024999991164,9.650249999911637,9.650249999911637,38
nextstrain_tree_graph_300day,429,363732525_3,366580811_1,353,205.63574999995416,-147.36425000004584,147.36425000004584,51
nextstrain_tree_graph_300day,429,366559647_2,367245412_1,221,204.90524999997143,-16.09475000002857,16.09475000002857,32
nextstrain_tree_graph_300day,429,364306874_2,368358125_2,236,109.94025000014085,-126.05974999985915,126.05974999985915,38
nextstrain_tree_graph_300day,429,363163358_3,366548902_1,326,272.47650000003455,-53.52349999996545,53.52349999996545,47
nextstrain_tree_graph_300day,429,367619978_3,368707239_1,287,239.96924999997276,-47.03075000002724,47.03075000002724,46
nextstrain_tree_graph_300day,429,364312555_1,367596501_1,178,159.61425000004584,-18.385749999954157,18.385749999954157,32
nextstrain_tree_graph_300day,429,364300020_2,368613515_3,165,147.56099999999867,-17.43900000000133,17.43900000000133,28
nextstrain_tree_graph_300day,429,367238914_3,367824787_2,339,291.834749999992,-47.16525000000797,47.16525000000797,55
nextstrain_tree_graph_300day,429,367246212_1,367530124_1,317,231.20325000001395,-85.79674999998605,85.79674999998605,47
nextstrain_tree_graph_300day,429,364295971_1,368385159_2,266,220.9762500000897,-45.02374999991031,45.02374999991031,42
nextstrain_tree_graph_300day,429,366589745_2,367675570_2,311,293.6610000000319,-17.33899999996811,17.33899999996811,48
nextstrain_tree_graph_300day,429,363725843_2,364306874_2,197,111.03599999994884,-85.96400000005116,85.96400000005116,31
nextstrain_tree_graph_300day,429,364311994_2,366878812_3,145,127.83749999996678,-17.16250000003322,17.16250000003322,26
nextstrain_tree_graph_300day,429,366554985_2,367643579_1,322,304.6185000000219,-17.381499999978075,17.381499999978075,49
nextstrain_tree_graph_300day,429,364338396_2,364338603_2,120,72.6847500001083,-47.315249999891705,47.315249999891705,19
nextstrain_tree_graph_300day,429,366563639_3,367688448_3,316,298.774499999994,-17.22550000000598,17.22550000000598,47
nextstrain_tree_graph_300day,429,366126939_2,367284662_3,284,264.8062499999668,-19.19375000003322,19.19375000003322,46
nextstrain_tree_graph_300day,429,366326214_1,367647133_2,264,61.72725000011826,-202.27274999988174,202.27274999988174,37
nextstrain_tree_graph_300day,429,366575895_1,368721378_2,170,154.50075000000066,-15.499249999999336,15.499249999999336,27
nextstrain_tree_graph_300day,429,367885341_2,368488666_1,446,399.94875000000997,-46.051249999990034,46.051249999990034,70
nextstrain_tree_graph_300day,429,365013793_2,367824787_2,347,327.6292499999761,-19.370750000023918,19.370750000023918,51
nextstrain_tree_graph_300day,429,367530124_1,367824787_2,397,311.1929999999495,-85.8070000000505,85.8070000000505,56
nextstrain_tree_graph_300day,429,364341759_3,368580198_3,219,172.03275000000133,-46.96724999999867,46.96724999999867,35
nextstrain_tree_graph_300day,429,367237768_3,367890913_2,144,104.82675000001262,-39.17324999998738,39.17324999998738,22
nextstrain_tree_graph_300day,429,367586051_2,368848360_3,416,397.75724999997874,-18.24275000002126,18.24275000002126,59
nextstrain_tree_graph_300day,429,367548274_1,368841531_3,316,230.10749999995681,-85.89250000004319,85.89250000004319,46
nextstrain_tree_graph_300day,429,364341518_2,364480766_4,221,203.80949999999734,-17.190500000002658,17.190500000002658,33
nextstrain_tree_graph_300day,429,365025387_1,367771799_2,323,307.5405000000359,-15.459499999964123,15.459499999964123,51
nextstrain_tree_graph_300day,429,367509324_1,367628570_2,264,212.21025000004784,-51.789749999952164,51.789749999952164,43
nextstrain_tree_graph_300day,429,367178892_2,368721378_2,179,157.05750000002325,-21.942499999976746,21.942499999976746,29
nextstrain_tree_graph_300day,429,364375476_3,367690380_4,256,238.87349999999867,-17.12650000000133,17.12650000000133,41
nextstrain_tree_graph_300day,429,367571758_2,368318425_4,256,239.96924999997276,-16.03075000002724,16.03075000002724,39
nextstrain_tree_graph_300day,429,366964725_2,367223294_3,173,81.81599999997542,-91.18400000002458,91.18400000002458,27
nextstrain_tree_graph_300day,429,367000508_3,367771799_2,450,388.99125000001993,-61.00874999998007,61.00874999998007,69
nextstrain_tree_graph_300day,429,367252919_2,367525361_1,298,280.877250000002,-17.122749999998007,17.122749999998007,47
nextstrain_tree_graph_300day,429,367550651_2,368523643_3,389,209.6534999999422,-179.3465000000578,179.3465000000578,59
nextstrain_tree_graph_300day,429,366983575_3,368359760_2,174,156.69224999994884,-17.307750000051158,17.307750000051158,26
nextstrain_tree_graph_300day,429,366568337_4,367884500_1,338,295.8525000000631,-42.14749999993688,42.14749999993688,48
nextstrain_tree_graph_300day,429,366553836_1,367733241_3,379,361.9627499999947,-17.037250000005315,17.037250000005315,56
nextstrain_tree_graph_300day,429,367264924_2,367771799_2,396,352.8315000000445,-43.168499999955486,43.168499999955486,63
nextstrain_tree_graph_300day,429,366579954_1,367238914_3,277,229.7422500000485,-47.2577499999515,47.2577499999515,45
nextstrain_tree_graph_300day,429,367573951_1,367579345_4,433,414.1935000000053,-18.806499999994685,18.806499999994685,66
nextstrain_tree_graph_300day,429,361332326_1,367502523_4,273,188.1037499999535,-84.8962500000465,84.8962500000465,42
nextstrain_tree_graph_300day,429,363722690_1,366642664_3,314,250.19624999998007,-63.80375000001993,63.80375000001993,45
nextstrain_tree_graph_300day,429,363704259_1,368123496_3,336,288.1822500000784,-47.8177499999216,47.8177499999216,52
nextstrain_tree_graph_300day,429,364362231_2,367643579_1,305,219.14999999996678,-85.85000000003322,85.85000000003322,52
nextstrain_tree_graph_300day,429,362192645_1,366873948_1,333,315.57600000001196,-17.42399999998804,17.42399999998804,56
nextstrain_tree_graph_300day,429,366559647_2,366872671_1,284,266.63250000000664,-17.367499999993356,17.367499999993356,43
nextstrain_tree_graph_300day,429,366553836_1,366964725_2,272,254.94449999995084,-17.055500000049165,17.055500000049165,41
nextstrain_tree_graph_300day,429,363709481_3,366602376_2,199,179.70299999998605,-19.297000000013952,19.297000000013952,31
nextstrain_tree_graph_300day,429,367635472_2,367785734_2,214,166.9192500000392,-47.0807499999608,47.0807499999608,33
nextstrain_tree_graph_300day,429,367810454_1,367887676_3,410,150.48300000009567,-259.51699999990433,259.51699999990433,59
nextstrain_tree_graph_300day,429,364375029_2,367887676_3,212,176.41574999989768,-35.584250000102315,35.584250000102315,35
nextstrain_tree_graph_300day,429,363723595_1,364337110_2,163,108.84450000000066,-54.155499999999336,54.155499999999336,28
nextstrain_tree_graph_300day,429,367232445_2,367586063_4,295,239.23874999999003,-55.761250000009966,55.761250000009966,46
nextstrain_tree_graph_300day,429,364363195_2,364375029_2,51,33.60299999995283,-17.39700000004717,17.39700000004717,10
nextstrain_tree_graph_300day,429,366586025_2,367245412_1,205,120.16724999989901,-84.83275000010099,84.83275000010099,34
nextstrain_tree_graph_300day,429,366575895_1,367892424_2,174,154.50075000000066,-19.499249999999336,19.499249999999336,29
nextstrain_tree_graph_300day,429,366564611_1,366580811_1,433,417.48075000001063,-15.51924999998937,15.51924999998937,63
nextstrain_tree_graph_300day,429,364326955_3,366872671_1,381,363.78900000003455,-17.210999999965452,17.210999999965452,59
nextstrain_tree_graph_300day,429,367503035_1,367887676_3,337,93.86925000002259,-243.1307499999774,243.1307499999774,50
nextstrain_tree_graph_300day,429,366555572_1,367885341_2,270,155.59649999997475,-114.40350000002525,114.40350000002525,42
nextstrain_tree_graph_300day,429,364311994_2,367000508_3,293,231.93374999999668,-61.06625000000332,61.06625000000332,43
nextstrain_tree_graph_300day,429,364603429_3,367613419_3,337,283.06874999995017,-53.93125000004983,53.93125000004983,52
nextstrain_tree_graph_300day,429,367619291_1,367890913_2,176,128.93325000002392,-47.06674999997608,47.06674999997608,31
nextstrain_tree_graph_300day,429,364337110_2,368052055_1,243,170.20649999996147,-72.79350000003853,72.79350000003853,39
nextstrain_tree_graph_300day,429,366872671_1,368650644_2,299,281.6077499999847,-17.39225000001528,17.39225000001528,48
nextstrain_tree_graph_300day,429,363723595_1,367890913_2,178,130.75949999998073,-47.24050000001927,47.24050000001927,29
nextstrain_tree_graph_300day,429,364063787_3,367175808_1,294,271.01549999998605,-22.984500000013952,22.984500000013952,43
nextstrain_tree_graph_300day,429,367212663_2,367555205_2,349,332.74275000002126,-16.25724999997874,16.25724999997874,57
nextstrain_tree_graph_300day,429,364348169_2,367532275_3,221,203.80949999999734,-17.190500000002658,17.190500000002658,37
nextstrain_tree_graph_300day,429,366561751_1,368696861_1,281,263.7104999999927,-17.28950000000731,17.28950000000731,41
nextstrain_tree_graph_300day,429,362907310_3,368333084_2,295,239.23875000007308,-55.76124999992692,55.76124999992692,45
nextstrain_tree_graph_300day,429,368517588_1,368523643_3,327,147.56099999999867,-179.43900000000133,179.43900000000133,51
nextstrain_tree_graph_300day,429,363895480_4,367276635_4,302,284.89499999999003,-17.105000000009966,17.105000000009966,49
nextstrain_tree_graph_300day,429,366884032_1,367646042_3,312,264.80625000004983,-47.19374999995017,47.19374999995017,51
nextstrain_tree_graph_300day,429,363726477_2,366973079_3,299,245.4480000000093,-53.5519999999907,53.5519999999907,48
nextstrain_tree_graph_300day,429,367719701_3,367884778_1,244,140.62124999999668,-103.37875000000332,103.37875000000332,42
nextstrain_tree_graph_300day,429,364368199_2,367012116_2,192,106.28774999997808,-85.71225000002192,85.71225000002192,28
nextstrain_tree_graph_300day,429,366559647_2,367628453_2,161,143.54325000001063,-17.45674999998937,17.45674999998937,25
nextstrain_tree_graph_300day,429,363732525_3,364374665_2,181,163.9972499999422,-17.0027500000578,17.0027500000578,29
nextstrain_tree_graph_300day,429,367494308_2,368848142_3,168,114.32324999995416,-53.67675000004584,53.67675000004584,29
nextstrain_tree_graph_300day,429,367573891_1,368052055_1,285,224.26350000001196,-60.73649999998804,60.73649999998804,45
nextstrain_tree_graph_300day,429,367628570_2,367889802_3,377,128.2027500000412,-248.7972499999588,248.7972499999588,59
nextstrain_tree_graph_300day,429,364324586_2,366559647_2,164,146.83050000001595,-17.169499999984055,17.169499999984055,25
nextstrain_tree_graph_300day,429,366830595_3,367554831_3,222,203.07899999993157,-18.92100000006843,18.92100000006843,37
nextstrain_tree_graph_300day,429,364367525_2,367494308_2,162,100.80900000002458,-61.19099999997542,61.19099999997542,30
nextstrain_tree_graph_300day,429,364357293_3,367178892_2,262,51.13500000003654,-210.86499999996346,210.86499999996346,40
nextstrain_tree_graph_300day,429,364320194_3,367610229_2,414,396.66150000000465,-17.33849999999535,17.33849999999535,65
nextstrain_tree_graph_300day,429,363732525_3,367887676_3,352,92.40825000005714,-259.59174999994286,259.59174999994286,55
nextstrain_tree_graph_300day,429,367503035_1,367766255_2,336,157.42275000001462,-178.57724999998538,178.57724999998538,54
nextstrain_tree_graph_300day,429,364320507_2,366585330_2,165,111.03600000003189,-53.96399999996811,53.96399999996811,27
nextstrain_tree_graph_300day,429,367503035_1,367627471_2,230,143.90849999991894,-86.09150000008106,86.09150000008106,35
nextstrain_tree_graph_300day,429,364354755_3,367555205_2,276,227.1855000000259,-48.81449999997409,48.81449999997409,44
nextstrain_tree_graph_300day,429,364362231_2,367610781_2,279,193.21724999999867,-85.78275000000133,85.78275000000133,48
nextstrain_tree_graph_300day,429,366545785_3,367841270_2,180,162.9014999999681,-17.09850000003189,17.09850000003189,28
nextstrain_tree_graph_300day,429,367500007_2,367619291_1,273,223.16775000003787,-49.83224999996213,49.83224999996213,44
nextstrain_tree_graph_300day,429,367887676_3,368675935_2,257,217.68900000000133,-39.31099999999867,39.31099999999867,40
nextstrain_tree_graph_300day,429,366545766_3,367843530_1,237,189.56475000008504,-47.43524999991496,47.43524999991496,35
nextstrain_tree_graph_300day,429,367646042_3,368385159_2,383,331.2817500000558,-51.71824999994419,51.71824999994419,59
nextstrain_tree_graph_300day,429,366570008_2,366574571_3,229,103.73100000003853,-125.26899999996147,125.26899999996147,36
nextstrain_tree_graph_300day,429,364306874_2,366589745_2,195,177.51150000003787,-17.48849999996213,17.48849999996213,30
nextstrain_tree_graph_300day,429,366983575_3,367550651_2,291,273.5722499999256,-17.42775000007441,17.42775000007441,44
nextstrain_tree_graph_300day,429,364323167_3,367889802_3,356,96.42600000004518,-259.5739999999548,259.5739999999548,54
nextstrain_tree_graph_300day,429,364344110_2,368846034_3,241,187.37325000005382,-53.626749999946185,53.626749999946185,43
nextstrain_tree_graph_300day,429,367525361_1,367545260_1,114,96.79125000003654,-17.20874999996346,17.20874999996346,22
nextstrain_tree_graph_300day,429,367212663_2,367245412_1,287,271.01549999998605,-15.984500000013952,15.984500000013952,45
nextstrain_tree_graph_300day,429,366126939_2,366981562_2,218,164.3625000000166,-53.63749999998339,53.63749999998339,36
nextstrain_tree_graph_300day,429,367197750_2,368052055_1,321,87.29475000001196,-233.70524999998804,233.70524999998804,49
nextstrain_tree_graph_300day,429,363710745_2,368707239_1,170,94.59974999992227,-75.40025000007773,75.40025000007773,26
nextstrain_tree_graph_300day,429,364602781_4,366884032_1,322,275.03325000005714,-46.96674999994286,46.96674999994286,53
nextstrain_tree_graph_300day,429,367216098_2,368385159_2,312,264.80625000004983,-47.19374999995017,47.19374999995017,42
nextstrain_tree_graph_300day,429,367571758_2,368426084_3,281,265.90199999994087,-15.09800000005913,15.09800000005913,43
nextstrain_tree_graph_300day,429,364366764_2,367562490_1,149,131.85525000003787,-17.14474999996213,17.14474999996213,26
nextstrain_tree_graph_300day,429,363728733_1,366564611_1,332,314.84550000002923,-17.154499999970767,17.154499999970767,51
nextstrain_tree_graph_300day,429,366546343_2,367264555_1,150,106.65299999996944,-43.34700000003056,43.34700000003056,22
nextstrain_tree_graph_300day,429,364320507_2,364375029_2,72,36.15974999989237,-35.84025000010763,35.84025000010763,14
nextstrain_tree_graph_300day,429,363895480_4,364344110_2,170,154.5007500000837,-15.499249999916287,15.499249999916287,27
nextstrain_tree_graph_300day,429,366570008_2,368411739_1,192,145.00425000005913,-46.99574999994087,46.99574999994087,32
nextstrain_tree_graph_300day,429,364367525_2,366821918_3,185,85.10324999998073,-99.89675000001927,99.89675000001927,30
nextstrain_tree_graph_300day,429,363697986_1,367193441_2,202,148.29150000006445,-53.708499999935555,53.708499999935555,37
nextstrain_tree_graph_300day,429,364343574_2,366884032_1,122,102.6352499999814,-19.364750000018603,19.364750000018603,19
nextstrain_tree_graph_300day,429,367576202_1,367608316_3,182,138.79500000003986,-43.20499999996014,43.20499999996014,28
nextstrain_tree_graph_300day,429,363709481_3,367140162_4,271,251.65724999994552,-19.34275000005448,19.34275000005448,44
nextstrain_tree_graph_300day,429,366549074_3,367709731_2,305,255.6750000000166,-49.32499999998339,49.32499999998339,45
nextstrain_tree_graph_300day,429,366547709_1,366551193_2,279,231.93375000007973,-47.066249999920274,47.066249999920274,42
nextstrain_tree_graph_300day,429,367645615_1,367733241_3,425,379.129500000004,-45.870499999996014,45.870499999996014,67
nextstrain_tree_graph_300day,429,366580882_2,367766255_2,348,331.64700000004717,-16.35299999995283,16.35299999995283,55
nextstrain_tree_graph_300day,429,367613419_3,368423093_3,424,348.08324999990765,-75.91675000009235,75.91675000009235,67
nextstrain_tree_graph_300day,429,364366067_1,368844338_3,307,291.8347500000751,-15.165249999924924,15.165249999924924,49
nextstrain_tree_graph_300day,429,363704707_1,367264924_2,330,136.23824999993423,-193.76175000006577,193.76175000006577,51
nextstrain_tree_graph_300day,429,367892424_2,368799757_1,197,179.70299999998605,-17.297000000013952,17.297000000013952,32
nextstrain_tree_graph_300day,429,363728733_1,367647133_2,253,235.95150000006777,-17.048499999932233,17.048499999932233,39
nextstrain_tree_graph_300day,429,364602877_2,366579954_1,293,239.23875000007308,-53.76124999992692,53.76124999992692,42
nextstrain_tree_graph_300day,429,364298872_2,366642664_3,231,149.02199999996412,-81.97800000003588,81.97800000003588,33
nextstrain_tree_graph_300day,429,366546343_2,368410388_1,186,138.79500000003986,-47.20499999996014,47.20499999996014,28
nextstrain_tree_graph_300day,429,363895480_4,366591042_3,283,267.3630000000724,-15.636999999927582,15.636999999927582,42
nextstrain_tree_graph_300day,429,367592966_2,368707239_1,293,275.7637499999568,-17.236250000043185,17.236250000043185,42
nextstrain_tree_graph_300day,429,362277345_1,364303944_3,385,151.2135000000784,-233.7864999999216,233.7864999999216,58
nextstrain_tree_graph_300day,429,367292596_2,368747688_1,238,150.1177499999382,-87.88225000006179,87.88225000006179,35
nextstrain_tree_graph_300day,429,366591042_3,368799757_1,308,290.73900000001794,-17.26099999998206,17.26099999998206,49
nextstrain_tree_graph_300day,429,367238914_3,368724919_2,178,198.6960000000352,20.696000000035212,20.696000000035212,31
nextstrain_tree_graph_300day,429,363704707_1,364342976_2,206,162.9014999999681,-43.09850000003189,43.09850000003189,32
nextstrain_tree_graph_300day,429,366831205_2,368673751_1,224,174.95475000009833,-49.04524999990167,49.04524999990167,38
nextstrain_tree_graph_300day,429,366563639_3,367284662_3,309,249.46574999999734,-59.53425000000266,59.53425000000266,48
nextstrain_tree_graph_300day,432,363591823_2,365749916_2,134,154.50074999991762,20.500749999917616,20.500749999917616,23
nextstrain_tree_graph_300day,432,361380608_3,367400948_3,373,306.4447500000618,-66.55524999993821,66.55524999993821,56
nextstrain_tree_graph_300day,432,361866737_1,365167954_3,313,211.47974999998206,-101.52025000001794,101.52025000001794,45
nextstrain_tree_graph_300day,432,365767091_1,365833861_2,191,167.28450000003056,-23.71549999996944,23.71549999996944,30
nextstrain_tree_graph_300day,432,361376170_2,361739673_2,124,48.21300000002259,-75.78699999997741,75.78699999997741,20
nextstrain_tree_graph_300day,432,361751332_1,365193318_1,330,308.636250000093,-21.363749999906986,21.363749999906986,50
nextstrain_tree_graph_300day,432,365146979_3,365799267_1,340,219.88050000003255,-120.11949999996745,120.11949999996745,49
nextstrain_tree_graph_300day,432,361326305_2,367401946_1,283,236.68199999996745,-46.318000000032555,46.318000000032555,46
nextstrain_tree_graph_300day,432,361355379_1,361838939_2,206,185.5469999999309,-20.453000000069096,20.453000000069096,32
nextstrain_tree_graph_300day,432,361862516_2,365766386_2,219,84.73799999990632,-134.26200000009368,134.26200000009368,36
nextstrain_tree_graph_300day,432,361878033_1,365168449_2,141,56.61375000015613,-84.38624999984387,84.38624999984387,23
nextstrain_tree_graph_300day,432,363813825_4,367421459_1,204,130.75949999998073,-73.24050000001927,73.24050000001927,33
nextstrain_tree_graph_300day,432,361316438_2,361712836_3,291,261.51899999996147,-29.481000000038534,29.481000000038534,46
nextstrain_tree_graph_300day,432,362330070_1,367379851_4,355,325.8029999999362,-29.19700000006378,29.19700000006378,52
nextstrain_tree_graph_300day,432,362808893_1,363509579_1,283,251.65725000002857,-31.34274999997143,31.34274999997143,41
nextstrain_tree_graph_300day,432,361862423_2,367360530_1,231,217.32375000000997,-13.676249999990034,13.676249999990034,34
nextstrain_tree_graph_300day,432,361835743_1,365193318_1,315,287.45175000009567,-27.54824999990433,27.54824999990433,48
nextstrain_tree_graph_300day,432,361852295_1,368220154_2,362,149.3872499999555,-212.6127500000445,212.6127500000445,59
nextstrain_tree_graph_300day,432,361365532_2,367360530_1,166,112.8622499999887,-53.137750000011295,53.137750000011295,27
nextstrain_tree_graph_300day,432,361842063_3,363798252_3,290,262.61475000010165,-27.38524999989835,27.38524999989835,44
nextstrain_tree_graph_300day,432,361349921_2,368229454_2,222,198.33075000004385,-23.66924999995615,23.66924999995615,33
nextstrain_tree_graph_300day,432,361852489_2,365782698_1,297,270.65025000007773,-26.349749999922267,26.349749999922267,48
nextstrain_tree_graph_300day,432,361709783_2,361833026_1,288,260.4232500000704,-27.576749999929575,27.576749999929575,45
nextstrain_tree_graph_300day,432,361913071_3,363813825_4,363,135.14249999996014,-227.85750000003986,227.85750000003986,54
nextstrain_tree_graph_300day,432,361704101_1,367367617_2,133,121.62825000003056,-11.371749999969438,11.371749999969438,20
nextstrain_tree_graph_300day,432,361374356_1,367409059_1,175,108.11400000001794,-66.88599999998206,66.88599999998206,30
nextstrain_tree_graph_300day,432,363593529_3,365757557_2,236,214.40175000007906,-21.598249999920938,21.598249999920938,36
nextstrain_tree_graph_300day,432,367054996_2,367377528_2,144,90.21675000002591,-53.78324999997409,53.78324999997409,25
nextstrain_tree_graph_300day,432,367360530_1,367381521_2,118,86.56424999994618,-31.435750000053815,31.435750000053815,19
nextstrain_tree_graph_300day,432,361833648_3,364258772_3,350,321.42000000003986,-28.579999999960137,28.579999999960137,54
nextstrain_tree_graph_300day,432,361837258_1,365820935_1,225,197.23500000006976,-27.76499999993024,27.76499999993024,34
nextstrain_tree_graph_300day,432,361710249_1,364266306_3,252,225.72450000006046,-26.27549999993954,26.27549999993954,41
nextstrain_tree_graph_300day,432,361862971_2,366726356_2,241,213.30600000010497,-27.693999999895027,27.693999999895027,36
nextstrain_tree_graph_300day,432,361876210_3,365005529_1,194,173.49375000004983,-20.50624999995017,20.50624999995017,29
nextstrain_tree_graph_300day,432,361702364_2,365774383_2,221,154.1355000000093,-66.8644999999907,66.8644999999907,34
nextstrain_tree_graph_300day,432,361760657_2,367366768_2,140,118.34100000002525,-21.658999999974753,21.658999999974753,22
nextstrain_tree_graph_300day,432,361704101_1,365826187_3,194,172.7632500000671,-21.236749999932897,21.236749999932897,30
nextstrain_tree_graph_300day,432,365774383_2,367379851_4,226,212.5755000000392,-13.424499999960801,13.424499999960801,32
nextstrain_tree_graph_300day,432,361758621_1,368211379_2,202,129.6637499999236,-72.3362500000764,72.3362500000764,34
nextstrain_tree_graph_300day,432,361704101_1,361862925_1,156,128.56800000003255,-27.431999999967445,27.431999999967445,24
nextstrain_tree_graph_300day,432,367382278_3,367395755_3,382,352.8315000000445,-29.168499999955486,29.168499999955486,53
nextstrain_tree_graph_300day,432,361703283_2,365760961_3,148,126.37650000000133,-21.62349999999867,21.62349999999867,23
nextstrain_tree_graph_300day,432,364273597_1,368177549_2,311,289.64325000004385,-21.35674999995615,21.35674999995615,46
nextstrain_tree_graph_300day,432,361706898_3,367366831_2,247,219.51525000012424,-27.48474999987576,27.48474999987576,35
nextstrain_tree_graph_300day,432,361712836_3,365802723_2,295,103.36574999996412,-191.63425000003588,191.63425000003588,46
nextstrain_tree_graph_300day,432,361366710_2,361868053_3,181,160.71000000001993,-20.28999999998007,20.28999999998007,30
nextstrain_tree_graph_300day,432,365767091_1,365792132_4,258,234.49050000001927,-23.509499999980733,23.509499999980733,39
nextstrain_tree_graph_300day,432,361683657_1,367405337_2,322,314.84550000002923,-7.154499999970767,7.154499999970767,46
nextstrain_tree_graph_300day,432,361737477_2,361868053_3,171,193.58250000007308,22.582500000073082,22.582500000073082,28
nextstrain_tree_graph_300day,432,361706898_3,368271683_1,409,355.3882500000671,-53.6117499999329,53.6117499999329,61
nextstrain_tree_graph_300day,432,361349921_2,367407212_1,216,186.27750000007973,-29.722499999920274,29.722499999920274,32
nextstrain_tree_graph_300day,432,361869892_1,368175713_1,313,285.62550000013886,-27.374499999861143,27.374499999861143,47
nextstrain_tree_graph_300day,432,364247709_3,364250014_1,427,399.58350000010165,-27.41649999989835,27.41649999989835,63
nextstrain_tree_graph_300day,432,361862447_1,364967181_2,149,95.6954999999794,-53.304500000020596,53.304500000020596,26
nextstrain_tree_graph_300day,432,367421459_1,368244917_1,249,176.7809999999721,-72.2190000000279,72.2190000000279,38
nextstrain_tree_graph_300day,432,367363744_2,367419242_3,284,248.36999999985716,-35.63000000014284,35.63000000014284,45
nextstrain_tree_graph_300day,432,361709783_2,361851196_3,288,222.07199999998073,-65.92800000001927,65.92800000001927,45
nextstrain_tree_graph_300day,432,361740433_2,368179951_3,87,162.53624999997675,75.53624999997675,75.53624999997675,11
nextstrain_tree_graph_300day,432,361627497_1,361702364_2,239,172.03275000000133,-66.96724999999867,66.96724999999867,38
nextstrain_tree_graph_300day,432,361343238_1,361737477_2,153,175.3200000000897,22.320000000089692,22.320000000089692,24
nextstrain_tree_graph_300day,432,367054996_2,368175299_2,170,148.6567500000558,-21.34324999994419,21.34324999994419,28
nextstrain_tree_graph_300day,432,361847055_3,367057572_1,265,237.41250000003322,-27.58749999996678,27.58749999996678,44
nextstrain_tree_graph_300day,432,365804888_1,366771999_1,239,248.37000000002325,9.370000000023254,9.370000000023254,37
nextstrain_tree_graph_300day,432,361834836_2,367054996_2,260,206.36625000001993,-53.63374999998007,53.63374999998007,42
nextstrain_tree_graph_300day,432,361834836_2,365833861_2,278,242.5259999999123,-35.4740000000877,35.4740000000877,44
nextstrain_tree_graph_300day,432,361834836_2,367381521_2,198,170.57175000003588,-27.428249999964123,27.428249999964123,33
nextstrain_tree_graph_300day,432,361343238_1,363552476_1,339,303.52274999988174,-35.47725000011826,35.47725000011826,53
nextstrain_tree_graph_300day,432,361369356_2,367382278_3,242,122.72400000000465,-119.27599999999535,119.27599999999535,36
nextstrain_tree_graph_300day,432,365162091_2,368183733_3,205,181.52925000010896,-23.47074999989104,23.47074999989104,36
nextstrain_tree_graph_300day,432,361702983_2,365450510_3,237,265.53675000003255,28.536750000032555,28.536750000032555,36
nextstrain_tree_graph_300day,432,366726356_2,368281363_1,132,104.46150000010431,-27.53849999989569,27.53849999989569,21
nextstrain_tree_graph_300day,432,365158507_2,367401946_1,282,246.54374999990034,-35.45625000009966,35.45625000009966,46
nextstrain_tree_graph_300day,432,363580100_1,367365511_2,222,200.52224999999203,-21.477750000007973,21.477750000007973,35
nextstrain_tree_graph_300day,432,361737477_2,368285358_2,196,168.3802500000877,-27.6197499999123,27.6197499999123,34
nextstrain_tree_graph_300day,432,363798252_3,365168958_5,287,259.6927500000877,-27.3072499999123,27.3072499999123,43
nextstrain_tree_graph_300day,432,361704101_1,365161599_2,190,162.5362500000598,-27.463749999940205,27.463749999940205,32
nextstrain_tree_graph_300day,432,361722620_3,361742493_2,163,180.43350000005182,17.433500000051822,17.433500000051822,23
nextstrain_tree_graph_300day,432,361350904_3,361833026_1,300,173.8590000000412,-126.14099999995881,126.14099999995881,49
nextstrain_tree_graph_300day,432,364238941_3,368175713_1,249,221.70675000007242,-27.293249999927582,27.293249999927582,38
nextstrain_tree_graph_300day,432,361220056_2,361847971_3,346,299.5050000000598,-46.494999999940205,46.494999999940205,52
nextstrain_tree_graph_300day,432,361776090_1,364250014_1,351,337.4910000000751,-13.508999999924924,13.508999999924924,50
nextstrain_tree_graph_300day,432,367374010_3,367421361_2,220,190.66050000005913,-29.33949999994087,29.33949999994087,33
nextstrain_tree_graph_300day,432,361758621_1,367487828_2,321,300.6007500000339,-20.399249999966116,20.399249999966116,53
nextstrain_tree_graph_300day,432,361366382_1,361760281_2,194,57.70949999996412,-136.29050000003588,136.29050000003588,30
nextstrain_tree_graph_300day,432,361733103_1,364957719_2,405,104.46150000010431,-300.5384999998957,300.5384999998957,59
nextstrain_tree_graph_300day,432,365168449_2,367057572_1,180,158.51850000007175,-21.481499999928246,21.481499999928246,31
nextstrain_tree_graph_300day,432,361875536_3,367382278_3,380,351.7357499999874,-28.264250000012623,28.264250000012623,51
nextstrain_tree_graph_300day,432,361838939_2,365146979_3,331,284.52974999999867,-46.47025000000133,46.47025000000133,47
nextstrain_tree_graph_300day,432,364231242_2,364266306_3,307,280.87725000008504,-26.12274999991496,26.12274999991496,47
nextstrain_tree_graph_300day,432,361355545_2,368179717_2,175,147.19575000009036,-27.804249999909644,27.804249999909644,28
nextstrain_tree_graph_300day,432,367049997_3,367412913_2,242,201.61799999996612,-40.382000000033884,40.382000000033884,35
nextstrain_tree_graph_300day,432,363591823_2,368260659_2,138,166.55400000004784,28.554000000047836,28.554000000047836,24
nextstrain_tree_graph_300day,432,361866574_3,367405337_2,432,404.6970000000638,-27.30299999993622,27.30299999993622,64
nextstrain_tree_graph_300day,432,363813825_4,367054996_2,249,123.08925000007906,-125.91074999992094,125.91074999992094,41
nextstrain_tree_graph_300day,432,365809918_2,367421361_2,104,74.51099999998206,-29.48900000001794,29.48900000001794,17
nextstrain_tree_graph_300day,432,365769470_1,365833186_5,321,93.50400000003123,-227.49599999996877,227.49599999996877,47
nextstrain_tree_graph_300day,432,365760961_3,367364447_2,192,73.78049999999934,-118.21950000000066,118.21950000000066,33
nextstrain_tree_graph_300day,432,367395274_1,368190519_3,389,27.39375000001661,-361.6062499999834,361.6062499999834,56
nextstrain_tree_graph_300day,432,361354178_3,365757557_2,305,283.43400000010763,-21.56599999989237,21.56599999989237,46
nextstrain_tree_graph_300day,432,361638943_2,365143280_2,236,214.76700000007042,-21.232999999929575,21.232999999929575,35
nextstrain_tree_graph_300day,432,365145543_2,368263116_3,210,89.12100000013487,-120.87899999986513,120.87899999986513,35
nextstrain_tree_graph_300day,432,361355545_2,361838643_2,193,165.45825000007375,-27.541749999926253,27.541749999926253,30
nextstrain_tree_graph_300day,432,365756522_2,365769760_1,200,173.49375000004983,-26.50624999995017,26.50624999995017,37
nextstrain_tree_graph_300day,432,363814380_1,367412913_2,205,177.51150000003787,-27.48849999996213,27.48849999996213,35
nextstrain_tree_graph_300day,432,361355379_1,365792132_4,277,242.5259999999123,-34.4740000000877,34.4740000000877,43
nextstrain_tree_graph_300day,432,363798252_3,365755521_2,147,119.43675000008238,-27.563249999917616,27.563249999917616,24
nextstrain_tree_graph_300day,432,367360871_1,368175713_1,323,301.696500000091,-21.30349999990898,21.30349999990898,47
nextstrain_tree_graph_300day,432,361358479_2,361741567_2,163,51.13500000003654,-111.86499999996346,111.86499999996346,26
nextstrain_tree_graph_300day,432,361859779_3,364963995_3,373,343.70025000009434,-29.299749999905657,29.299749999905657,61
nextstrain_tree_graph_300day,432,361862447_1,363816871_1,197,143.908500000002,-53.09149999999801,53.09149999999801,30
nextstrain_tree_graph_300day,432,368179689_2,368263116_3,134,162.53625000014284,28.536250000142843,28.536250000142843,22
nextstrain_tree_graph_300day,432,361856411_1,365152826_2,190,162.5362500000598,-27.463749999940205,27.463749999940205,31
nextstrain_tree_graph_300day,432,361725572_4,364261396_2,261,233.76000000003654,-27.23999999996346,27.23999999996346,42
nextstrain_tree_graph_300day,432,361859960_3,367054996_2,283,236.6820000000505,-46.31799999994951,46.31799999994951,45
nextstrain_tree_graph_300day,432,361360268_2,367382669_3,360,146.46524999994153,-213.53475000005847,213.53475000005847,54
nextstrain_tree_graph_300day,432,361704905_1,365755521_2,288,258.23174999995615,-29.76825000004385,29.76825000004385,44
nextstrain_tree_graph_300day,432,365153621_1,368266098_2,207,179.7030000000691,-27.296999999930904,27.296999999930904,34
nextstrain_tree_graph_300day,432,365143280_2,367365321_2,257,227.55074999993423,-29.449250000065774,29.449250000065774,39
nextstrain_tree_graph_300day,432,361376505_1,367405619_1,298,84.73799999998937,-213.26200000001063,213.26200000001063,44
nextstrain_tree_graph_300day,432,361676308_2,365193318_1,446,151.57875000006976,-294.42124999993024,294.42124999993024,64
nextstrain_tree_graph_300day,432,361733436_2,368179951_3,180,152.67450000004385,-27.32549999995615,27.32549999995615,29
nextstrain_tree_graph_300day,432,365828118_1,367390459_2,314,284.5297499999156,-29.470250000084377,29.470250000084377,51
nextstrain_tree_graph_300day,432,361703283_2,365776410_1,202,119.07150000000797,-82.92849999999203,82.92849999999203,29
nextstrain_tree_graph_300day,432,363813825_4,364250014_1,382,147.92624999999003,-234.07375000000997,234.07375000000997,57
nextstrain_tree_graph_300day,432,361874393_2,365036127_3,201,160.71000000001993,-40.28999999998007,40.28999999998007,32
nextstrain_tree_graph_300day,432,361328938_3,361733269_1,288,274.6680000000658,-13.331999999934226,13.331999999934226,41
nextstrain_tree_graph_300day,432,365144118_3,365831719_1,190,109.57500000014949,-80.42499999985051,80.42499999985051,31
nextstrain_tree_graph_300day,432,361758621_1,367401946_1,268,241.79550000001262,-26.204499999987377,26.204499999987377,45
nextstrain_tree_graph_300day,432,361376505_1,365144118_3,266,181.52925000010896,-84.47074999989104,84.47074999989104,41
nextstrain_tree_graph_300day,432,361840179_2,361874393_2,334,298.774499999911,-35.22550000008903,35.22550000008903,52
nextstrain_tree_graph_300day,432,367365511_2,367385539_2,42,40.54275000003787,-1.45724999996213,1.45724999996213,7
nextstrain_tree_graph_300day,432,367401946_1,368196952_2,325,278.68574999997077,-46.31425000002923,46.31425000002923,53
nextstrain_tree_graph_300day,432,361722620_3,367404120_2,208,180.43350000013487,-27.56649999986513,27.56649999986513,32
nextstrain_tree_graph_300day,432,361689850_2,367410273_2,137,57.70949999996412,-79.29050000003588,79.29050000003588,21
nextstrain_tree_graph_300day,432,361376505_1,361678921_1,366,139.8907499999309,-226.1092500000691,226.1092500000691,54
nextstrain_tree_graph_300day,432,365036127_3,367395755_3,331,303.88800000012225,-27.111999999877753,27.111999999877753,52
nextstrain_tree_graph_300day,432,363557455_2,367362308_1,238,211.4797500000651,-26.52024999993489,26.52024999993489,37
nextstrain_tree_graph_300day,432,361373777_3,365760961_3,176,148.2914999999814,-27.708500000018603,27.708500000018603,27
nextstrain_tree_graph_300day,432,363796421_3,367396471_2,252,211.1144999999907,-40.8855000000093,40.8855000000093,39
nextstrain_tree_graph_300day,432,367407212_1,368195285_2,150,66.47550000008903,-83.52449999991097,83.52449999991097,25
nextstrain_tree_graph_300day,432,365751127_2,367054996_2,183,161.4405000000857,-21.559499999914294,21.559499999914294,30
nextstrain_tree_graph_300day,432,361716976_2,363587798_1,182,168.3802500000877,-13.619749999912301,13.619749999912301,28
nextstrain_tree_graph_300day,432,363591823_2,365779780_2,47,124.91550000003588,77.91550000003588,77.91550000003588,9
nextstrain_tree_graph_300day,432,361357631_3,368177254_2,295,274.6680000000658,-20.331999999934226,20.331999999934226,46
nextstrain_tree_graph_300day,432,361731168_2,361878114_3,174,146.46525000002458,-27.534749999975418,27.534749999975418,29
nextstrain_tree_graph_300day,432,365802723_2,367367914_2,147,117.61049999995947,-29.389500000040528,29.389500000040528,21
nextstrain_tree_graph_300day,432,361709244_1,361722620_3,232,132.22049999994618,-99.77950000005382,99.77950000005382,36
nextstrain_tree_graph_300day,432,361706898_3,361733269_1,307,285.6255000000558,-21.37449999994419,21.37449999994419,44
nextstrain_tree_graph_300day,432,367401946_1,368177254_2,244,197.60024999997808,-46.399750000021925,46.399750000021925,41
nextstrain_tree_graph_300day,432,361359386_4,364259392_2,244,216.22800000003588,-27.771999999964123,27.771999999964123,41
nextstrain_tree_graph_300day,432,361862692_2,361862925_1,151,95.33024999998804,-55.66975000001196,55.66975000001196,23
nextstrain_tree_graph_300day,432,367409059_1,368177254_2,173,145.3695000000505,-27.630499999949507,27.630499999949507,30
nextstrain_tree_graph_300day,432,361858363_1,364997642_3,249,202.3485000000319,-46.65149999996811,46.65149999996811,38
nextstrain_tree_graph_300day,432,361733436_2,367360530_1,178,117.61049999995947,-60.38950000004053,60.38950000004053,25
nextstrain_tree_graph_300day,432,361683657_1,361702364_2,253,225.72450000006046,-27.27549999993954,27.27549999993954,34
nextstrain_tree_graph_300day,432,361199153_1,361758621_1,223,203.80949999999734,-19.190500000002658,19.190500000002658,35
nextstrain_tree_graph_300day,432,367082783_2,368175713_1,238,224.62875000008637,-13.37124999991363,13.37124999991363,35
nextstrain_tree_graph_300day,432,361215100_2,361840370_3,285,257.5012500000565,-27.498749999943527,27.498749999943527,45
nextstrain_tree_graph_300day,432,365146979_3,365185587_3,348,118.3409999999422,-229.6590000000578,229.6590000000578,45
nextstrain_tree_graph_300day,432,365187027_3,365776101_2,289,263.34525000000133,-25.65474999999867,25.65474999999867,48
nextstrain_tree_graph_300day,432,361201784_3,368214979_1,202,172.39799999990964,-29.602000000090356,29.602000000090356,31
nextstrain_tree_graph_300day,432,365170655_3,367049997_3,414,113.22750000006312,-300.7724999999369,300.7724999999369,59
nextstrain_tree_graph_300day,432,361766730_1,361835847_3,316,295.8525000000631,-20.147499999936883,20.147499999936883,48
nextstrain_tree_graph_300day,432,365830348_4,367367914_2,242,194.3130000000558,-47.68699999994419,47.68699999994419,34
nextstrain_tree_graph_300day,432,365144118_3,365161885_3,179,132.5857500000206,-46.414249999979404,46.414249999979404,29
nextstrain_tree_graph_300day,432,364238941_3,364967181_2,182,128.93324999994087,-53.06675000005913,53.06675000005913,31
nextstrain_tree_graph_300day,432,361369356_2,365835938_2,151,110.30550000004916,-40.694499999950835,40.694499999950835,26
nextstrain_tree_graph_300day,432,361202272_2,365835938_2,157,116.14949999999402,-40.85050000000598,40.85050000000598,26
nextstrain_tree_graph_300day,432,361838643_2,365778415_1,205,178.60725000001196,-26.39274999998804,26.39274999998804,34
nextstrain_tree_graph_300day,432,361852340_1,367070344_2,233,77.79824999990433,-155.20175000009567,155.20175000009567,33
nextstrain_tree_graph_300day,432,365792132_4,367360779_1,269,241.43025000002126,-27.56974999997874,27.56974999997874,40
nextstrain_tree_graph_300day,432,368236737_2,368260659_2,94,122.35875000001329,28.358750000013288,28.358750000013288,17
nextstrain_tree_graph_300day,432,361358479_2,361762000_1,224,184.81650000003123,-39.183499999968774,39.183499999968774,35
nextstrain_tree_graph_300day,432,361708458_2,361737477_2,199,131.85525000003787,-67.14474999996213,67.14474999996213,33
nextstrain_tree_graph_300day,432,361361577_2,367366768_2,139,112.49699999999734,-26.503000000002658,26.503000000002658,23
nextstrain_tree_graph_300day,432,361354009_2,362330331_1,150,126.37650000008438,-23.623499999915623,23.623499999915623,22
nextstrain_tree_graph_300day,432,361350904_3,361706898_3,334,207.82725000006843,-126.17274999993157,126.17274999993157,51
nextstrain_tree_graph_300day,432,365824463_2,367368780_3,224,116.87999999997675,-107.12000000002325,107.12000000002325,35
nextstrain_tree_graph_300day,432,365835999_3,368271683_1,424,370.3635000000452,-53.63649999995482,53.63649999995482,64
nextstrain_tree_graph_300day,432,361861621_1,361876745_3,283,281.60775000006777,-1.3922499999322326,1.3922499999322326,47
nextstrain_tree_graph_300day,432,361358479_2,361374356_1,158,130.75950000006378,-27.24049999993622,27.24049999993622,29
nextstrain_tree_graph_300day,432,361638943_2,364258772_3,271,210.74924999999934,-60.250750000000664,60.250750000000664,42
nextstrain_tree_graph_300day,432,361718502_1,361733269_1,179,75.97199999994751,-103.02800000005249,103.02800000005249,28
nextstrain_tree_graph_300day,432,361856172_3,367375145_1,389,361.59750000008637,-27.40249999991363,27.40249999991363,62
nextstrain_tree_graph_300day,432,367050655_3,367368016_2,292,100.07849999995881,-191.9215000000412,191.9215000000412,44
nextstrain_tree_graph_300day,432,367385539_2,367391309_1,187,140.62124999999668,-46.37875000000332,46.37875000000332,30
nextstrain_tree_graph_300day,432,365820935_1,365833186_5,180,234.49049999993622,54.49049999993622,54.49049999993622,25
nextstrain_tree_graph_300day,432,365799267_1,368192661_2,200,186.6427500000711,-13.35724999992891,13.35724999992891,32
nextstrain_tree_graph_300day,432,361733103_1,365145543_2,318,191.02575000013354,-126.97424999986646,126.97424999986646,50
nextstrain_tree_graph_300day,432,365824725_6,367423886_2,207,161.0752500000113,-45.924749999988705,45.924749999988705,34
nextstrain_tree_graph_300day,432,361354009_2,363555364_1,170,146.46525000010763,-23.53474999989237,23.53474999989237,27
nextstrain_tree_graph_300day,432,361377714_2,368177254_2,146,98.252250000002,-47.74774999999801,47.74774999999801,27
nextstrain_tree_graph_300day,432,361862202_1,361874393_2,278,250.56150000005448,-27.43849999994552,27.43849999994552,42
nextstrain_tree_graph_300day,432,363566541_1,363591823_2,226,181.89450000010032,-44.10549999989968,44.10549999989968,33
nextstrain_tree_graph_300day,432,361366710_2,368236737_2,162,115.4190000000113,-46.580999999988705,46.580999999988705,29
nextstrain_tree_graph_300day,432,364266306_3,368029675_1,205,145.73475000004186,-59.265249999958144,59.265249999958144,34
nextstrain_tree_graph_300day,432,365779780_2,368275450_3,264,290.3737500000266,26.373750000026575,26.373750000026575,41
nextstrain_tree_graph_300day,432,361366382_1,361859779_3,266,197.2349999999867,-68.76500000001329,68.76500000001329,37
nextstrain_tree_graph_300day,432,361702983_2,365160220_2,196,182.62500000008305,-13.374999999916952,13.374999999916952,30
nextstrain_tree_graph_300day,432,361689063_2,367390424_2,368,346.6222500001083,-21.377749999891705,21.377749999891705,53
nextstrain_tree_graph_300day,432,361851196_3,361876210_3,323,296.58300000004584,-26.416999999954157,26.416999999954157,50
nextstrain_tree_graph_300day,432,364250014_1,365761780_1,380,356.48400000012424,-23.51599999987576,23.51599999987576,52
nextstrain_tree_graph_300day,432,361763157_2,365760961_3,177,136.23824999993423,-40.761750000065774,40.761750000065774,28
nextstrain_tree_graph_300day,432,361763157_2,367390459_2,296,266.2672499998492,-29.732750000150816,29.732750000150816,48
nextstrain_tree_graph_300day,432,361362856_1,367054996_2,237,116.8800000000598,-120.1199999999402,120.1199999999402,35
nextstrain_tree_graph_300day,432,361638943_2,365809918_2,234,82.54649999995814,-151.45350000004186,151.45350000004186,35
nextstrain_tree_graph_300day,432,367360871_1,367409059_1,285,218.0542499999927,-66.94575000000731,66.94575000000731,45
nextstrain_tree_graph_300day,432,361374356_1,365764796_2,159,79.62449999994419,-79.37550000005581,79.37550000005581,29
nextstrain_tree_graph_300day,432,365163617_4,367405844_1,292,264.44100000005847,-27.558999999941534,27.558999999941534,44
nextstrain_tree_graph_300day,432,366726356_2,367382278_3,199,169.4760000000618,-29.523999999938212,29.523999999938212,27
nextstrain_tree_graph_300day,432,367395755_3,368192661_2,311,258.2317500000392,-52.7682499999608,52.7682499999608,48
nextstrain_tree_graph_300day,432,361858363_1,364266306_3,297,270.65025000007773,-26.349749999922267,26.349749999922267,45
nextstrain_tree_graph_300day,432,367049997_3,368281778_3,234,254.57924999987642,20.579249999876424,20.579249999876424,33
nextstrain_tree_graph_300day,432,361844859_2,361868053_3,205,177.51150000003787,-27.48849999996213,27.48849999996213,34
nextstrain_tree_graph_300day,432,365761780_1,365824434_1,302,329.8207500000073,27.82075000000731,27.82075000000731,40
nextstrain_tree_graph_300day,432,363509579_1,367309119_1,258,226.82025000003455,-31.179749999965452,31.179749999965452,39
nextstrain_tree_graph_300day,432,361700742_1,367055725_3,254,232.298999999905,-21.701000000095007,21.701000000095007,36
nextstrain_tree_graph_300day,432,365185587_3,365802255_1,342,221.70675000007242,-120.29324999992758,120.29324999992758,49
nextstrain_tree_graph_300day,432,365757557_2,367409059_1,199,131.85525000003787,-67.14474999996213,67.14474999996213,33
nextstrain_tree_graph_300day,432,365185587_3,367362267_2,343,315.576000000095,-27.423999999904993,27.423999999904993,51
nextstrain_tree_graph_300day,432,365170655_3,368214979_1,333,297.3134999999455,-35.68650000005448,35.68650000005448,48
nextstrain_tree_graph_300day,432,361733436_2,367050655_3,278,250.56150000005448,-27.43849999994552,27.43849999994552,43
nextstrain_tree_graph_300day,432,361835163_1,367396471_2,377,349.5442500000392,-27.4557499999608,27.4557499999608,57
nextstrain_tree_graph_300day,432,361742558_3,361859613_1,187,146.46525000002458,-40.53474999997542,40.53474999997542,30
nextstrain_tree_graph_300day,432,361194189_2,361683657_1,264,179.7030000000691,-84.2969999999309,84.2969999999309,39
nextstrain_tree_graph_300day,432,361328938_3,365153846_3,326,81.4507500000671,-244.5492499999329,244.5492499999329,45
nextstrain_tree_graph_300day,432,367360530_1,368196952_2,245,217.32375000000997,-27.676249999990034,27.676249999990034,38
nextstrain_tree_graph_300day,432,361683657_1,367418793_2,320,293.6610000000319,-26.33899999996811,26.33899999996811,49
nextstrain_tree_graph_300day,432,361762000_1,368281778_3,185,206.73149999992825,21.731499999928246,21.731499999928246,28
nextstrain_tree_graph_300day,432,367057572_1,368211379_2,209,143.54324999992758,-65.45675000007242,65.45675000007242,36
nextstrain_tree_graph_300day,432,364250014_1,364256556_2,437,214.76699999998738,-222.23300000001262,222.23300000001262,62
nextstrain_tree_graph_300day,432,361357755_4,361878033_1,202,174.58950000010697,-27.410499999893034,27.410499999893034,32
nextstrain_tree_graph_300day,432,362379434_1,365792844_2,209,53.69175000005913,-155.30824999994087,155.30824999994087,36
nextstrain_tree_graph_300day,432,367363744_2,368214659_2,218,190.29525000006777,-27.704749999932233,27.704749999932233,36
nextstrain_tree_graph_300day,432,361206121_1,361763467_2,235,194.3130000000558,-40.68699999994419,40.68699999994419,36
nextstrain_tree_graph_300day,432,361758621_1,367364049_1,177,158.5184999999887,-18.481500000011295,18.481500000011295,31
nextstrain_tree_graph_300day,432,361855125_3,367382669_3,283,236.6820000000505,-46.31799999994951,46.31799999994951,43
nextstrain_tree_graph_300day,432,361841894_3,368194084_2,229,142.81274999994486,-86.18725000005514,86.18725000005514,38
nextstrain_tree_graph_300day,432,361366710_2,361862692_2,153,118.70625000001661,-34.29374999998339,34.29374999998339,24
nextstrain_tree_graph_300day,432,361862202_1,365749539_2,251,223.53300000011228,-27.46699999988772,27.46699999988772,37
nextstrain_tree_graph_300day,432,361874393_2,365779780_2,224,181.52924999994286,-42.47075000005714,42.47075000005714,36
nextstrain_tree_graph_300day,432,361202272_2,368176486_3,189,159.24899999988838,-29.751000000111617,29.751000000111617,31
nextstrain_tree_graph_300day,432,361678921_1,367381521_2,213,191.39100000004186,-21.608999999958144,21.608999999958144,32
nextstrain_tree_graph_300day,432,361878033_1,361913071_3,270,158.88375000006312,-111.11624999993688,111.11624999993688,39
nextstrain_tree_graph_300day,432,363814380_1,367405844_1,365,337.4910000000751,-27.508999999924924,27.508999999924924,57
nextstrain_tree_graph_300day,432,365807696_1,367057572_1,208,194.67825000004717,-13.321749999952829,13.321749999952829,36
nextstrain_tree_graph_300day,432,361346599_2,368268675_3,194,156.32699999987443,-37.67300000012557,37.67300000012557,34
nextstrain_tree_graph_300day,432,361732579_2,361742558_3,179,132.5857500000206,-46.414249999979404,46.414249999979404,29
nextstrain_tree_graph_300day,432,361876745_3,368268675_3,192,170.2065000000445,-21.793499999955486,21.793499999955486,32
nextstrain_tree_graph_300day,432,361880978_2,367375145_1,299,181.5292500000259,-117.47074999997409,117.47074999997409,46
nextstrain_tree_graph_300day,432,365161599_2,365162309_3,200,154.50075000000066,-45.499249999999336,45.499249999999336,33
nextstrain_tree_graph_300day,432,361354009_2,368199640_4,294,270.65025000007773,-23.349749999922267,23.349749999922267,47
nextstrain_tree_graph_300day,432,361703283_2,367365321_2,225,211.4797500000651,-13.52024999993489,13.52024999993489,34
nextstrain_tree_graph_300day,432,361710627_1,365162397_2,284,257.5012500000565,-26.498749999943527,26.498749999943527,45
nextstrain_tree_graph_300day,432,365152735_2,367360779_1,189,161.44050000000266,-27.559499999997342,27.559499999997342,30
nextstrain_tree_graph_300day,432,361878114_3,365769470_1,323,277.5899999999967,-45.41000000000332,45.41000000000332,51
nextstrain_tree_graph_300day,432,365152826_2,368185270_1,211,189.56475000008504,-21.43524999991496,21.43524999991496,34
nextstrain_tree_graph_300day,432,364250014_1,368229191_2,428,207.82724999998538,-220.17275000001462,220.17275000001462,62
nextstrain_tree_graph_300day,432,361361577_2,367421361_2,113,84.73799999998937,-28.26200000001063,28.26200000001063,19
nextstrain_tree_graph_300day,432,365757557_2,368268741_2,213,191.3910000001249,-21.608999999875095,21.608999999875095,34
nextstrain_tree_graph_300day,432,361862202_1,365802723_2,286,258.5970000001136,-27.40299999988639,27.40299999988639,42
nextstrain_tree_graph_300day,432,367377528_2,367406994_2,112,84.37275000008106,-27.627249999918945,27.627249999918945,21
nextstrain_tree_graph_300day,432,361866737_1,365782698_1,412,365.25,-46.75,46.75,61
nextstrain_tree_graph_300day,432,361316438_2,365769470_1,324,285.26025000006445,-38.739749999935555,38.739749999935555,48
nextstrain_tree_graph_300day,432,361762000_1,365824463_2,178,138.0644999999741,-39.93550000002591,39.93550000002591,26
nextstrain_tree_graph_300day,432,361876745_3,367379851_4,229,207.46200000007707,-21.53799999992293,21.53799999992293,34
nextstrain_tree_graph_300day,432,368196952_2,368211379_2,209,237.41250000003322,28.41250000003322,28.41250000003322,34
nextstrain_tree_graph_300day,432,361366382_1,363509579_1,199,171.667500000093,-27.332499999906986,27.332499999906986,30
nextstrain_tree_graph_300day,432,361709244_1,361852489_2,155,127.47225000005847,-27.527749999941534,27.527749999941534,25
nextstrain_tree_graph_300day,432,361349921_2,368274059_1,262,238.50825000009036,-23.491749999909644,23.491749999909644,38
nextstrain_tree_graph_300day,432,361880978_2,363581401_3,286,258.59700000003056,-27.40299999996944,27.40299999996944,43
nextstrain_tree_graph_300day,432,365767814_3,367360530_1,177,116.51474999998538,-60.48525000001462,60.48525000001462,26
nextstrain_tree_graph_300day,432,361724944_2,368275450_3,418,396.6615000000877,-21.3384999999123,21.3384999999123,62
nextstrain_tree_graph_300day,432,365809918_2,366771999_1,263,241.43025000002126,-21.56974999997874,21.56974999997874,40
nextstrain_tree_graph_300day,432,361739673_2,363806095_3,283,261.5190000000445,-21.480999999955486,21.480999999955486,45
nextstrain_tree_graph_300day,432,361680710_2,365833186_5,205,225.7244999999774,20.72449999997741,20.72449999997741,32
nextstrain_tree_graph_300day,432,367478845_2,368184076_3,155,133.31625000000332,-21.683749999996678,21.683749999996678,25
nextstrain_tree_graph_300day,432,361862692_2,367395755_3,318,288.9127500000611,-29.087249999938876,29.087249999938876,47
nextstrain_tree_graph_300day,432,361866737_1,367400948_3,428,400.67925000007574,-27.32074999992426,27.32074999992426,65
nextstrain_tree_graph_300day,432,361350904_3,361851166_2,197,150.48300000001262,-46.51699999998738,46.51699999998738,33
nextstrain_tree_graph_300day,432,361374356_1,364250014_1,297,269.55450000010364,-27.445499999896356,27.445499999896356,46
nextstrain_tree_graph_300day,432,361835847_3,365185587_3,445,150.48300000001262,-294.5169999999874,294.5169999999874,64
nextstrain_tree_graph_300day,432,363575703_2,365143280_2,221,180.79875000004319,-40.201249999956815,40.201249999956815,31
nextstrain_tree_graph_300day,432,361862423_2,368266098_2,251,215.49749999988705,-35.502500000112946,35.502500000112946,42
nextstrain_tree_graph_300day,432,361766634_2,365760961_3,215,277.5899999999967,62.58999999999668,62.58999999999668,29
nextstrain_tree_graph_300day,432,361732579_2,361862423_2,233,115.78425000000266,-117.21574999999734,117.21574999999734,35
nextstrain_tree_graph_300day,432,361676308_2,363580100_1,423,128.56800000003255,-294.43199999996745,294.43199999996745,62
nextstrain_tree_graph_300day,432,361354178_3,368185270_1,296,274.6680000000658,-21.331999999934226,21.331999999934226,46
nextstrain_tree_graph_300day,432,361758621_1,368179951_3,184,163.63200000003388,-20.367999999966116,20.367999999966116,30
nextstrain_tree_graph_300day,432,361377714_2,364997170_2,158,129.29850000009833,-28.70149999990167,28.70149999990167,28
nextstrain_tree_graph_300day,432,361328938_3,365749539_2,226,246.5437499999834,20.54374999998339,20.54374999998339,32
nextstrain_tree_graph_300day,432,365163617_4,368211379_2,185,111.4012499999402,-73.5987500000598,73.5987500000598,30
nextstrain_tree_graph_300day,432,361710249_1,365193318_1,360,330.551249999907,-29.448750000093014,29.448750000093014,54
nextstrain_tree_graph_300day,432,361741567_2,361913071_3,283,240.69975000003853,-42.300249999961466,42.300249999961466,40
nextstrain_tree_graph_300day,432,365163617_4,367410273_2,134,66.84074999999734,-67.15925000000266,67.15925000000266,23
nextstrain_tree_graph_300day,432,361862925_1,365760961_3,150,103.36574999996412,-46.63425000003588,46.63425000003588,23
nextstrain_tree_graph_300day,432,361875783_3,368179717_2,163,135.50775000003455,-27.492249999965452,27.492249999965452,27
nextstrain_tree_graph_300day,432,361706292_2,368177254_2,163,127.47224999989237,-35.52775000010763,35.52775000010763,25
nextstrain_tree_graph_300day,432,361380608_3,368244917_1,349,322.88100000008836,-26.118999999911637,26.118999999911637,51
nextstrain_tree_graph_300day,432,365755521_2,367376395_3,221,191.39100000004186,-29.608999999958144,29.608999999958144,33
nextstrain_tree_graph_300day,432,361702364_2,361760657_2,217,150.11775000002126,-66.88224999997874,66.88224999997874,33
nextstrain_tree_graph_300day,432,361354009_2,367405844_1,292,262.61475000010165,-29.38524999989835,29.38524999989835,44
nextstrain_tree_graph_300day,432,363798252_3,365152735_2,165,55.88325000000731,-109.11674999999269,109.11674999999269,28
nextstrain_tree_graph_300day,432,365758932_1,367402391_2,177,157.42275000009766,-19.577249999902335,19.577249999902335,27
nextstrain_tree_graph_300day,432,361201784_3,361680710_2,200,170.57174999995283,-29.42825000004717,29.42825000004717,34
nextstrain_tree_graph_300day,432,361357631_3,361862971_2,423,396.6615000000877,-26.3384999999123,26.3384999999123,64
nextstrain_tree_graph_300day,432,367381521_2,368281778_3,115,93.50400000003123,-21.495999999968774,21.495999999968774,19
nextstrain_tree_graph_300day,432,361374356_1,365833186_5,223,195.7740000001043,-27.22599999989569,27.22599999989569,37
nextstrain_tree_graph_300day,432,361878033_1,365155073_1,179,132.5857500000206,-46.414249999979404,46.414249999979404,30
nextstrain_tree_graph_300day,432,361357755_4,361381279_3,296,268.4587500000465,-27.541249999953493,27.541249999953493,47
nextstrain_tree_graph_300day,432,365757557_2,368176486_3,193,171.30225000010165,-21.69774999989835,21.69774999989835,31
nextstrain_tree_graph_300day,432,367367914_2,367421459_1,84,30.31575000003056,-53.68424999996944,53.68424999996944,15
nextstrain_tree_graph_300day,432,361326305_2,361862971_2,307,253.11824999999402,-53.88175000000598,53.88175000000598,47
nextstrain_tree_graph_300day,432,365824463_2,368029675_1,187,165.45825000007375,-21.541749999926253,21.541749999926253,29
nextstrain_tree_graph_300day,432,361862971_2,367364049_1,281,175.68524999991496,-105.31475000008504,105.31475000008504,45
nextstrain_tree_graph_300day,432,361763157_2,361870865_3,198,143.908500000002,-54.09149999999801,54.09149999999801,31
nextstrain_tree_graph_300day,432,361742493_2,361753802_3,237,223.53300000002923,-13.466999999970767,13.466999999970767,39
nextstrain_tree_graph_300day,432,361852295_1,361856411_1,285,258.59700000003056,-26.40299999996944,26.40299999996944,49
nextstrain_tree_graph_300day,432,361869892_1,365767091_1,259,203.80949999999734,-55.19050000000266,55.19050000000266,41
nextstrain_tree_graph_300day,432,364963995_3,368177711_3,316,288.54750000006976,-27.45249999993024,27.45249999993024,52
nextstrain_tree_graph_300day,432,361683657_1,367374010_3,344,124.55024999996147,-219.44975000003853,219.44975000003853,50
nextstrain_tree_graph_300day,432,361709244_1,361851166_2,155,108.4792500000093,-46.5207499999907,46.5207499999907,26
nextstrain_tree_graph_300day,432,361712836_3,361851196_3,411,383.51250000006644,-27.48749999993356,27.48749999993356,66
nextstrain_tree_graph_300day,432,361220056_2,361678921_1,311,256.4055000000824,-54.594499999917616,54.594499999917616,44
nextstrain_tree_graph_300day,432,365792844_2,367082783_2,183,143.908500000002,-39.09149999999801,39.09149999999801,30
nextstrain_tree_graph_300day,432,361381279_3,365754350_3,263,235.5862500000764,-27.413749999923596,27.413749999923596,41
nextstrain_tree_graph_300day,432,361760657_2,365774383_2,156,132.58574999993755,-23.414250000062452,23.414250000062452,25
nextstrain_tree_graph_300day,432,362379434_1,365779780_2,245,221.341499999998,-23.658500000001993,23.658500000001993,41
nextstrain_tree_graph_300day,432,361847971_3,361869892_1,338,338.5867500001322,0.5867500001322128,0.5867500001322128,50
nextstrain_tree_graph_300day,432,361704905_1,367395274_1,402,82.54650000004119,-319.4534999999588,319.4534999999588,60
nextstrain_tree_graph_300day,432,361856172_3,368213598_1,284,198.3307499999608,-85.6692500000392,85.6692500000392,48
nextstrain_tree_graph_300day,432,361838643_2,365820935_1,216,180.43349999988573,-35.566500000114274,35.566500000114274,34
nextstrain_tree_graph_300day,432,361367843_3,361731168_2,144,34.698750000009966,-109.30124999999003,109.30124999999003,24
nextstrain_tree_graph_300day,432,361862971_2,367054996_2,284,157.78800000008903,-126.21199999991097,126.21199999991097,44
nextstrain_tree_graph_300day,432,361880978_2,365772965_3,166,112.8622499999887,-53.137750000011295,53.137750000011295,27
nextstrain_tree_graph_300day,432,361358479_2,364997170_2,168,140.62125000007973,-27.378749999920274,27.378749999920274,30
nextstrain_tree_graph_300day,432,361346599_2,361700742_1,213,175.3199999999236,-37.680000000076404,37.680000000076404,35
nextstrain_tree_graph_300day,432,365160220_2,367375896_2,139,85.46850000005514,-53.531499999944856,53.531499999944856,21
nextstrain_tree_graph_300day,432,361358479_2,361627497_1,181,181.5292500000259,0.529250000025911,0.529250000025911,30
nextstrain_tree_graph_300day,432,361360268_2,363796421_3,259,229.37700000005714,-29.622999999942863,29.622999999942863,42
nextstrain_tree_graph_300day,432,361374356_1,364266306_3,170,124.91550000003588,-45.08449999996412,45.08449999996412,29
nextstrain_tree_graph_300day,432,361733269_1,363807720_3,316,288.54750000006976,-27.45249999993024,27.45249999993024,46
nextstrain_tree_graph_300day,432,365833861_2,367395274_1,283,261.51899999996147,-21.481000000038534,21.481000000038534,41
nextstrain_tree_graph_300day,432,365833181_1,367360871_1,296,275.3985000000485,-20.6014999999515,20.6014999999515,46
nextstrain_tree_graph_300day,432,367382669_3,368270341_1,320,292.5652500000578,-27.4347499999422,27.4347499999422,48
nextstrain_tree_graph_300day,432,364997642_3,367391309_1,208,141.71699999997077,-66.28300000002923,66.28300000002923,32
nextstrain_tree_graph_300day,432,363548458_3,367057572_1,322,242.89124999990366,-79.10875000009634,79.10875000009634,55
nextstrain_tree_graph_300day,432,361862971_2,361878033_1,262,152.67450000004385,-109.32549999995615,109.32549999995615,40
nextstrain_tree_graph_300day,432,361751332_1,368235163_2,139,167.64975000010497,28.649750000104973,28.649750000104973,24
nextstrain_tree_graph_300day,432,367402391_2,368029675_1,157,84.372749999998,-72.627250000002,72.627250000002,25
nextstrain_tree_graph_300day,432,367374010_3,368218076_1,294,272.4765000001176,-21.523499999882404,21.523499999882404,44
nextstrain_tree_graph_300day,432,361369356_2,365767814_3,169,147.56100000008172,-21.43899999991828,21.43899999991828,27
nextstrain_tree_graph_300day,432,367480753_1,368175713_1,357,115.05375000001993,-241.94624999998007,241.94624999998007,53
nextstrain_tree_graph_300day,432,365153846_3,365804888_1,226,245.4480000000093,19.4480000000093,19.4480000000093,32
nextstrain_tree_graph_300day,432,361377714_2,361702364_2,186,157.42275000009766,-28.577249999902335,28.577249999902335,28
nextstrain_tree_graph_300day,432,368212679_3,368229191_2,306,284.5297500000817,-21.47024999991828,21.47024999991828,48
nextstrain_tree_graph_300day,432,365155073_1,367391004_3,339,311.5582500000239,-27.441749999976082,27.441749999976082,55
nextstrain_tree_graph_300day,432,361379567_2,365145543_2,293,264.80625000004983,-28.19374999995017,28.19374999995017,44
nextstrain_tree_graph_300day,432,361862925_1,367379851_4,194,158.51849999990566,-35.48150000009434,35.48150000009434,27
nextstrain_tree_graph_300day,432,367364843_2,367400948_3,424,396.6615000000877,-27.3384999999123,27.3384999999123,67
nextstrain_tree_graph_300day,432,365153846_3,368176486_3,222,242.5259999999123,20.5259999999123,20.5259999999123,32
nextstrain_tree_graph_300day,432,361834836_2,365158507_2,282,246.54374999990034,-35.45625000009966,35.45625000009966,45
nextstrain_tree_graph_300day,432,361706292_2,361831979_1,169,151.57875000006976,-17.42124999993024,17.42124999993024,25
nextstrain_tree_graph_300day,432,361844859_2,367057572_1,188,120.89774999996479,-67.10225000003521,67.10225000003521,35
nextstrain_tree_graph_300day,432,363559496_2,363807720_3,430,80.35500000009301,-349.644999999907,349.644999999907,62
nextstrain_tree_graph_300day,432,361733746_3,367391309_1,329,282.7034999999588,-46.29650000004119,46.29650000004119,52
nextstrain_tree_graph_300day,432,361876745_3,367368449_2,220,42.003749999920274,-177.99625000007973,177.99625000007973,36
nextstrain_tree_graph_300day,432,361875536_3,368192661_2,309,257.13599999998206,-51.86400000001794,51.86400000001794,46
nextstrain_tree_graph_300day,432,365144118_3,365168156_1,183,161.4405000000857,-21.559499999914294,21.559499999914294,30
nextstrain_tree_graph_300day,432,361349921_2,361366382_1,252,113.59274999997143,-138.40725000002857,138.40725000002857,36
nextstrain_tree_graph_300day,432,361676308_2,365161885_3,316,269.91975000001196,-46.08024999998804,46.08024999998804,47
nextstrain_tree_graph_300day,432,362379434_1,365162309_3,230,203.44425000000598,-26.55574999999402,26.55574999999402,38
nextstrain_tree_graph_300day,432,365152826_2,368281363_1,207,177.51149999995482,-29.48850000004518,29.48850000004518,32
nextstrain_tree_graph_300day,432,361731168_2,361855125_3,169,141.35175000006245,-27.648249999937548,27.648249999937548,27
nextstrain_tree_graph_300day,432,362330331_1,368177254_2,143,64.2840000000578,-78.7159999999422,78.7159999999422,22
nextstrain_tree_graph_300day,432,365824434_1,366726356_2,274,220.97625000000664,-53.023749999993356,53.023749999993356,40
nextstrain_tree_graph_300day,432,361700240_3,365749916_2,176,140.25599999992227,-35.74400000007773,35.74400000007773,28
nextstrain_tree_graph_300day,432,361381279_3,364231242_2,359,331.64700000004717,-27.35299999995283,27.35299999995283,55
nextstrain_tree_graph_300day,432,367402391_2,368235163_2,143,122.35875000009634,-20.641249999903664,20.641249999903664,24
nextstrain_tree_graph_300day,432,361627497_1,368196952_2,274,252.3877500000113,-21.612249999988705,21.612249999988705,45
nextstrain_tree_graph_300day,432,361875536_3,365782698_1,446,420.76800000001595,-25.231999999984055,25.231999999984055,67
nextstrain_tree_graph_300day,432,361367843_3,367365511_2,92,45.65625,-46.34375,46.34375,17
nextstrain_tree_graph_300day,432,361862423_2,368195285_2,243,136.96874999991695,-106.03125000008305,106.03125000008305,40
nextstrain_tree_graph_300day,432,365152826_2,365767091_1,211,187.37325000005382,-23.626749999946185,23.626749999946185,33
nextstrain_tree_graph_300day,432,363826195_1,365831719_1,304,117.24524999996811,-186.7547500000319,186.7547500000319,45
nextstrain_tree_graph_300day,432,361836986_2,364250014_1,299,263.3452499999183,-35.65475000008172,35.65475000008172,44
nextstrain_tree_graph_300day,432,361837480_3,367070344_2,278,122.7239999999216,-155.2760000000784,155.2760000000784,44
nextstrain_tree_graph_300day,432,361716976_2,365778415_1,171,106.65299999996944,-64.34700000003056,64.34700000003056,27
nextstrain_tree_graph_300day,432,363796421_3,365162397_2,178,122.72400000000465,-55.27599999999535,55.27599999999535,32
nextstrain_tree_graph_300day,432,361366382_1,361913071_3,300,270.65025000007773,-29.349749999922267,29.349749999922267,42
nextstrain_tree_graph_300day,432,361762000_1,368229191_2,353,234.12525000011095,-118.87474999988905,118.87474999988905,54
nextstrain_tree_graph_300day,432,365831719_1,367390424_2,295,107.38350000003521,-187.6164999999648,187.6164999999648,46
nextstrain_tree_graph_300day,432,364273597_1,368185270_1,293,271.7460000000518,-21.253999999948178,21.253999999948178,45
nextstrain_tree_graph_300day,432,364934412_2,365804888_1,147,185.18175000010564,38.18175000010564,38.18175000010564,26
nextstrain_tree_graph_300day,432,362277418_1,368192661_2,186,172.39800000007574,-13.60199999992426,13.60199999992426,28
nextstrain_tree_graph_300day,432,365776101_2,367390424_2,281,253.48350000006843,-27.51649999993157,27.51649999993157,46
nextstrain_tree_graph_300day,432,361731268_1,361835743_1,219,191.3910000001249,-27.608999999875095,27.608999999875095,35
nextstrain_tree_graph_300day,432,367368054_2,367370659_2,50,22.645500000045843,-27.354499999954157,27.354499999954157,7
nextstrain_tree_graph_300day,432,361369265_3,367419242_3,327,289.64324999987775,-37.35675000012225,37.35675000012225,53
nextstrain_tree_graph_300day,432,365820935_1,367401946_1,293,257.5012499998904,-35.498750000109624,35.498750000109624,47
nextstrain_tree_graph_300day,432,365168156_1,368270341_1,223,169.8412499999701,-53.1587500000299,53.1587500000299,36
nextstrain_tree_graph_300day,432,361678921_1,365833181_1,303,183.72075000005714,-119.27924999994286,119.27924999994286,46
nextstrain_tree_graph_300day,432,365153621_1,365833861_2,217,189.56475000008504,-27.43524999991496,27.43524999991496,34
nextstrain_tree_graph_300day,432,361379567_2,368244917_1,391,364.88475000000864,-26.115249999991363,26.115249999991363,55
nextstrain_tree_graph_300day,432,361733103_1,364997170_2,296,268.45875000012956,-27.541249999870445,27.541249999870445,46
nextstrain_tree_graph_300day,432,361862692_2,364231242_2,287,121.99349999993888,-165.00650000006112,165.00650000006112,43
nextstrain_tree_graph_300day,432,361367277_2,365835336_2,198,176.78100000005514,-21.218999999944856,21.218999999944856,34
nextstrain_tree_graph_300day,432,361638943_2,367379851_4,278,256.77075000007375,-21.229249999926253,21.229249999926253,39
nextstrain_tree_graph_300day,432,365833861_2,368229191_2,313,283.43399999994153,-29.566000000058466,29.566000000058466,48
nextstrain_tree_graph_300day,432,368177549_2,368236737_2,136,164.3625000000166,28.36250000001661,28.36250000001661,22
nextstrain_tree_graph_300day,432,361875783_3,363591823_2,215,187.73850000004518,-27.26149999995482,27.26149999995482,36
nextstrain_tree_graph_300day,432,365174096_2,367365321_2,238,206.36624999993688,-31.633750000063117,31.633750000063117,37
nextstrain_tree_graph_300day,432,361365532_2,367368016_2,176,154.5007500000837,-21.499249999916287,21.499249999916287,29
nextstrain_tree_graph_300day,432,361376505_1,361766730_1,275,248.73525000009766,-26.264749999902335,26.264749999902335,43
nextstrain_tree_graph_300day,432,361704230_1,368235163_2,192,164.72775000009102,-27.27224999990898,27.27224999990898,35
nextstrain_tree_graph_300day,432,365826187_3,367480753_1,319,297.6787499999369,-21.321250000063117,21.321250000063117,49
nextstrain_tree_graph_300day,432,367363531_2,368218076_1,126,98.25225000008504,-27.74774999991496,27.74774999991496,22
nextstrain_tree_graph_300day,432,361194189_2,367487828_2,348,269.55450000010364,-78.44549999989636,78.44549999989636,55
nextstrain_tree_graph_300day,432,361708458_2,367368016_2,214,186.27750000007973,-27.722499999920274,27.722499999920274,36
nextstrain_tree_graph_300day,432,361709244_1,365143280_2,167,67.20599999990566,-99.79400000009434,99.79400000009434,27
nextstrain_tree_graph_300day,432,361859779_3,365767091_1,259,201.98324999995748,-57.01675000004252,57.01675000004252,40
nextstrain_tree_graph_300day,432,363806095_3,367057572_1,329,307.5405000000359,-21.459499999964123,21.459499999964123,54
nextstrain_tree_graph_300day,432,364997642_3,365824463_2,158,111.40125000002325,-46.59874999997675,46.59874999997675,26
nextstrain_tree_graph_300day,432,361751027_1,361760657_2,238,138.0644999999741,-99.93550000002591,99.93550000002591,40
nextstrain_tree_graph_300day,432,361868053_3,367377532_3,317,191.0257500000505,-125.9742499999495,125.9742499999495,50
nextstrain_tree_graph_300day,432,361862202_1,365807696_1,283,255.67500000009966,-27.324999999900342,27.324999999900342,44
nextstrain_tree_graph_300day,432,367377528_2,368196609_1,167,132.58574999993755,-34.41425000006245,34.41425000006245,30
nextstrain_tree_graph_300day,432,361862447_1,364934412_2,171,117.61050000004252,-53.38949999995748,53.38949999995748,31
nextstrain_tree_graph_300day,432,362280967_3,367404120_2,201,173.49375000013288,-27.506249999867123,27.506249999867123,35
nextstrain_tree_graph_300day,432,361376170_2,365826284_2,168,188.46900000011095,20.469000000110952,20.469000000110952,28
nextstrain_tree_graph_300day,432,361203020_1,367054996_2,207,128.5680000001156,-78.4319999998844,78.4319999998844,34
nextstrain_tree_graph_300day,432,364227802_1,365751127_2,316,262.98000000000997,-53.019999999990034,53.019999999990034,50
nextstrain_tree_graph_300day,432,361700240_3,368281363_1,200,164.36249999993356,-35.63750000006644,35.63750000006644,31
nextstrain_tree_graph_300day,432,361859960_3,368285358_2,298,262.61474999993555,-35.385250000064445,35.385250000064445,48
nextstrain_tree_graph_300day,432,361365532_2,363568773_3,256,234.49050000010232,-21.509499999897685,21.509499999897685,40
nextstrain_tree_graph_300day,432,361360268_2,365779780_2,291,75.24149999988174,-215.75850000011826,215.75850000011826,46
nextstrain_tree_graph_300day,432,361194189_2,367395274_1,308,229.74225000013155,-78.25774999986845,78.25774999986845,45
nextstrain_tree_graph_300day,432,365792844_2,368244917_1,280,267.7282500000638,-12.271749999936219,12.271749999936219,41
nextstrain_tree_graph_300day,432,361640239_1,363552476_1,300,188.83425000001927,-111.16574999998073,111.16574999998073,46
nextstrain_tree_graph_300day,432,361349921_2,361855125_3,244,214.40175000007906,-29.598249999920938,29.598249999920938,36
nextstrain_tree_graph_300day,432,361835743_1,364823225_5,297,243.98700000004385,-53.01299999995615,53.01299999995615,45
nextstrain_tree_graph_300day,432,365831719_1,367392121_2,152,122.7240000000877,-29.2759999999123,29.2759999999123,26
nextstrain_tree_graph_300day,432,363813825_4,367360530_1,251,223.53300000002923,-27.466999999970767,27.466999999970767,37
nextstrain_tree_graph_300day,432,361868053_3,367401946_1,300,253.84874999997675,-46.15125000002325,46.15125000002325,48
nextstrain_tree_graph_300day,432,363593529_3,364231242_2,335,305.71424999991297,-29.285750000087035,29.285750000087035,49
nextstrain_tree_graph_300day,432,363593529_3,364934412_2,186,214.40175000007906,28.401750000079062,28.401750000079062,31
nextstrain_tree_graph_300day,432,361763467_2,365776410_1,228,206.36625000010298,-21.63374999989702,21.63374999989702,33
nextstrain_tree_graph_300day,432,361731268_1,367368054_2,156,128.5680000001156,-27.431999999884397,27.431999999884397,23
nextstrain_tree_graph_300day,432,361704230_1,365161885_3,197,169.84125000005315,-27.15874999994685,27.15874999994685,34
nextstrain_tree_graph_300day,432,361740433_2,365782698_1,277,289.6432499999608,12.643249999960801,12.643249999960801,42
nextstrain_tree_graph_300day,432,363796421_3,368275450_3,282,134.0467500000691,-147.9532499999309,147.9532499999309,45
nextstrain_tree_graph_300day,432,363555364_1,368274059_1,203,91.67775000007441,-111.32224999992559,111.32224999992559,32
nextstrain_tree_graph_300day,432,361710249_1,364258772_3,262,234.49050000001927,-27.509499999980733,27.509499999980733,42
nextstrain_tree_graph_300day,432,361858363_1,367374010_3,348,55.51800000009899,-292.481999999901,292.481999999901,49
nextstrain_tree_graph_300day,432,361697442_3,361702983_2,282,208.5577499999681,-73.44225000003189,73.44225000003189,41
nextstrain_tree_graph_300day,432,361206121_1,361367843_3,213,185.547000000097,-27.452999999903,27.452999999903,34
nextstrain_tree_graph_300day,432,361304345_1,367365460_2,155,124.91549999995283,-30.08450000004717,30.08450000004717,25
nextstrain_tree_graph_300day,432,361706292_2,367405619_1,214,179.702999999903,-34.297000000097,34.297000000097,30
nextstrain_tree_graph_300day,432,365168156_1,367367617_2,146,124.55025000004451,-21.449749999955486,21.449749999955486,24
nextstrain_tree_graph_300day,432,361703283_2,364955380_1,154,132.5857500000206,-21.414249999979404,21.414249999979404,26
nextstrain_tree_graph_300day,432,361373777_3,361704101_1,182,128.93324999994087,-53.06675000005913,53.06675000005913,28
nextstrain_tree_graph_300day,432,367364447_2,368214659_2,203,175.3200000000897,-27.679999999910308,27.679999999910308,36
nextstrain_tree_graph_300day,432,364256556_2,365145543_2,322,199.06125000010962,-122.93874999989038,122.93874999989038,49
nextstrain_tree_graph_300day,432,367390459_2,368192661_2,283,261.5190000000445,-21.480999999955486,21.480999999955486,45
nextstrain_tree_graph_300day,432,364262155_3,366726356_2,175,109.57499999998339,-65.42500000001661,65.42500000001661,30
nextstrain_tree_graph_300day,432,361733436_2,367309119_1,257,230.8380000000226,-26.16199999997741,26.16199999997741,41
nextstrain_tree_graph_300day,432,365144118_3,365749916_2,140,118.3409999999422,-21.6590000000578,21.6590000000578,22
nextstrain_tree_graph_300day,432,364262155_3,365782031_2,353,331.64700000004717,-21.35299999995283,21.35299999995283,56
nextstrain_tree_graph_300day,432,365036127_3,368236737_2,180,101.53950000009036,-78.46049999990964,78.46049999990964,30
nextstrain_tree_graph_300day,432,363509579_1,363796421_3,189,159.6142500001289,-29.38574999987111,29.38574999987111,31
nextstrain_tree_graph_300day,432,361739673_2,361833026_1,241,219.5152500000412,-21.484749999958808,21.484749999958808,39
nextstrain_tree_graph_300day,432,361202272_2,365824463_2,186,107.38350000003521,-78.61649999996479,78.61649999996479,29
nextstrain_tree_graph_300day,432,365187027_3,368281363_1,235,257.5012499998904,22.501249999890376,22.501249999890376,36
nextstrain_tree_graph_300day,432,361835847_3,367410121_2,278,250.56150000005448,-27.43849999994552,27.43849999994552,45
nextstrain_tree_graph_300day,432,365193318_1,367401946_1,394,347.71799999999934,-46.282000000000664,46.282000000000664,61
nextstrain_tree_graph_300day,432,361847312_1,364247709_3,308,295.48725000007175,-12.512749999928246,12.512749999928246,48
nextstrain_tree_graph_300day,432,365776410_1,365824463_2,233,211.4797500000651,-21.52024999993489,21.52024999993489,33
nextstrain_tree_graph_300day,432,361352693_3,363564602_2,192,162.5362500000598,-29.463749999940205,29.463749999940205,31
nextstrain_tree_graph_300day,432,361354178_3,365804888_1,320,279.41625000003654,-40.58374999996346,40.58374999996346,49
nextstrain_tree_graph_300day,432,365163617_4,367395274_1,264,242.5260000000784,-21.473999999921602,21.473999999921602,39
nextstrain_tree_graph_300day,432,361676308_2,363566541_1,327,108.47925000009235,-218.52074999990765,218.52074999990765,44
nextstrain_tree_graph_300day,432,365162397_2,365826187_3,191,169.4760000000618,-21.523999999938212,21.523999999938212,32
nextstrain_tree_graph_300day,432,361369356_2,367382669_3,277,165.8235000000651,-111.17649999993489,111.17649999993489,43
nextstrain_tree_graph_300day,432,361704905_1,367409059_1,318,290.3737500001096,-27.626249999890376,27.626249999890376,51
nextstrain_tree_graph_300day,432,365761780_1,367410121_2,221,158.51850000007175,-62.481499999928246,62.481499999928246,35
nextstrain_tree_graph_300day,432,367478845_2,368179951_3,199,177.51150000003787,-21.48849999996213,21.48849999996213,31
nextstrain_tree_graph_300day,432,361852489_2,365153846_3,256,228.6465000000744,-27.35349999992559,27.35349999992559,39
nextstrain_tree_graph_300day,432,361369356_2,365755521_2,159,129.29849999993223,-29.701500000067767,29.701500000067767,26
nextstrain_tree_graph_300day,432,365758932_1,367050655_3,241,272.4764999999515,31.4764999999515,31.4764999999515,35
nextstrain_tree_graph_300day,432,361376170_2,361838643_2,166,138.4297500000485,-27.5702499999515,27.5702499999515,27
nextstrain_tree_graph_300day,432,365160220_2,367360871_1,288,266.6325000000897,-21.367499999910308,21.367499999910308,44
nextstrain_tree_graph_300day,432,367368054_2,367419286_1,223,195.7740000001043,-27.22599999989569,27.22599999989569,33
nextstrain_tree_graph_300day,432,361369265_3,367370659_2,183,153.77025000001794,-29.22974999998206,29.22974999998206,29
nextstrain_tree_graph_300day,432,367362308_1,367379851_4,270,243.6217500000525,-26.378249999947514,26.378249999947514,39
nextstrain_tree_graph_300day,432,365772965_3,368199640_4,296,274.6680000000658,-21.331999999934226,21.331999999934226,48
nextstrain_tree_graph_300day,432,361862971_2,365824725_6,307,279.41625000003654,-27.58374999996346,27.58374999996346,48
nextstrain_tree_graph_300day,432,361360268_2,367054996_2,255,134.77725000005182,-120.22274999994818,120.22274999994818,40
nextstrain_tree_graph_300day,432,362277418_1,365767814_3,198,176.41575000006378,-21.58424999993622,21.58424999993622,30
nextstrain_tree_graph_300day,432,361206121_1,368179951_3,236,157.42275000009766,-78.57724999990234,78.57724999990234,36
nextstrain_tree_graph_300day,432,365144118_3,365158507_2,197,167.2844999999475,-29.715500000052486,29.715500000052486,31
nextstrain_tree_graph_300day,458,362661750_2,362833682_3,145,123.08924999999601,-21.910750000003986,21.910750000003986,22
nextstrain_tree_graph_300day,458,362661750_2,362976184_3,147,125.28075000002724,-21.71924999997276,21.71924999997276,22
nextstrain_tree_graph_300day,458,362661750_2,363045764_2,156,134.0467500000691,-21.953249999930904,21.953249999930904,23
nextstrain_tree_graph_300day,458,362661750_2,363255875_2,105,55.15275000002458,-49.84724999997542,49.84724999997542,18
nextstrain_tree_graph_300day,458,362661750_2,366647634_3,149,127.1070000000671,-21.892999999932897,21.892999999932897,20
nextstrain_tree_graph_300day,458,362833682_3,362976184_3,114,32.8724999999701,-81.1275000000299,81.1275000000299,18
nextstrain_tree_graph_300day,458,362833682_3,363045764_2,123,41.63850000001196,-81.36149999998804,81.36149999998804,19
nextstrain_tree_graph_300day,458,362833682_3,363255875_2,228,84.0074999999236,-143.9925000000764,143.9925000000764,36
nextstrain_tree_graph_300day,458,362833682_3,366647634_3,238,4.017750000071089,-233.9822499999289,233.9822499999289,34
nextstrain_tree_graph_300day,458,362976184_3,363045764_2,77,8.766000000041856,-68.23399999995814,68.23399999995814,11
nextstrain_tree_graph_300day,458,362976184_3,363255875_2,230,86.19899999995482,-143.80100000004518,143.80100000004518,36
nextstrain_tree_graph_300day,458,362976184_3,366647634_3,240,36.89025000004119,-203.1097499999588,203.1097499999588,34
nextstrain_tree_graph_300day,458,363045764_2,363255875_2,239,94.96499999999668,-144.03500000000332,144.03500000000332,37
nextstrain_tree_graph_300day,458,363045764_2,366647634_3,249,45.65625000008305,-203.34374999991695,203.34374999991695,35
nextstrain_tree_graph_300day,458,363255875_2,366647634_3,232,88.02524999999468,-143.97475000000532,143.97475000000532,34
nextstrain_tree_graph_300day,460,362288420_4,362321316_1,103,35.06400000000133,-67.93599999999867,67.93599999999867,12
nextstrain_tree_graph_300day,460,362288420_4,365358995_4,252,79.25925000003588,-172.74074999996412,172.74074999996412,37
nextstrain_tree_graph_300day,460,362288420_4,365373528_2,162,93.86925000002259,-68.13074999997741,68.13074999997741,25
nextstrain_tree_graph_300day,460,362321316_1,365358995_4,287,114.3232500000372,-172.6767499999628,172.6767499999628,41
nextstrain_tree_graph_300day,460,362321316_1,365373528_2,197,128.93325000002392,-68.06674999997608,68.06674999997608,29
nextstrain_tree_graph_300day,460,365358995_4,365373528_2,160,92.04299999998273,-67.95700000001727,67.95700000001727,24
nextstrain_tree_graph_300day,464,367644686_3,368124900_2,259,147.56099999999867,-111.43900000000133,111.43900000000133,42
nextstrain_tree_graph_300day,464,367516750_1,368704651_1,235,107.74875000002658,-127.25124999997342,127.25124999997342,37
nextstrain_tree_graph_300day,464,367550494_2,367573925_4,248,136.60350000000864,-111.39649999999136,111.39649999999136,39
nextstrain_tree_graph_300day,464,367136581_2,367264186_2,302,176.78100000005514,-125.21899999994486,125.21899999994486,44
nextstrain_tree_graph_300day,464,364343972_2,368819923_2,173,131.12475000005514,-41.875249999944856,41.875249999944856,27
nextstrain_tree_graph_300day,464,367269089_2,368704651_1,220,132.5857500000206,-87.4142499999794,87.4142499999794,34
nextstrain_tree_graph_300day,464,364344177_2,367260125_1,194,153.0397500000352,-40.96024999996479,40.96024999996479,30
nextstrain_tree_graph_300day,464,367644686_3,368816217_1,208,134.4119999999774,-73.58800000002259,73.58800000002259,30
nextstrain_tree_graph_300day,464,367136581_2,368704651_1,313,219.88050000003255,-93.11949999996745,93.11949999996745,43
nextstrain_tree_graph_300day,464,364344177_2,367264186_2,125,82.91175000003255,-42.088249999967445,42.088249999967445,22
nextstrain_tree_graph_300day,464,364337501_3,367264186_2,225,97.52175000010232,-127.47824999989768,127.47824999989768,34
nextstrain_tree_graph_300day,464,364371559_2,367720948_4,255,176.05049999998937,-78.94950000001063,78.94950000001063,39
nextstrain_tree_graph_300day,464,366327006_2,368124900_2,196,155.96175000004916,-40.038249999950835,40.038249999950835,31
nextstrain_tree_graph_300day,464,364358223_2,367263986_2,285,173.8590000000412,-111.14099999995881,111.14099999995881,46
nextstrain_tree_graph_300day,464,366327006_2,367260125_1,213,172.03275000008438,-40.96724999991562,40.96724999991562,33
nextstrain_tree_graph_300day,464,367260125_1,367263986_2,247,97.88700000001063,-149.11299999998937,149.11299999998937,38
nextstrain_tree_graph_300day,464,364331396_1,366326428_3,241,145.00425000005913,-95.99574999994087,95.99574999994087,40
nextstrain_tree_graph_300day,464,367226044_2,368819923_2,237,195.04350000003853,-41.956499999961466,41.956499999961466,37
nextstrain_tree_graph_300day,464,366933812_1,368816217_1,278,162.5362500000598,-115.4637499999402,115.4637499999402,41
nextstrain_tree_graph_300day,464,367559168_2,367591183_3,142,45.65625,-96.34375,96.34375,25
nextstrain_tree_graph_300day,464,367226044_2,367260125_1,267,226.08975000005182,-40.91024999994818,40.91024999994818,41
nextstrain_tree_graph_300day,464,367255697_2,367720948_4,399,47.482499999956815,-351.5175000000432,351.5175000000432,57
nextstrain_tree_graph_300day,464,367226044_2,368459775_2,191,149.02200000004717,-41.97799999995283,41.97799999995283,31
nextstrain_tree_graph_300day,464,364343972_2,367516750_1,118,76.33725000002192,-41.662749999978075,41.662749999978075,19
nextstrain_tree_graph_300day,464,364371559_2,366933812_1,163,84.0074999999236,-78.9925000000764,78.9925000000764,26
nextstrain_tree_graph_300day,464,366933812_1,368819923_2,222,128.56800000003255,-93.43199999996745,93.43199999996745,31
nextstrain_tree_graph_300day,464,367573925_4,367720948_4,379,79.62449999994419,-299.3755000000558,299.3755000000558,52
nextstrain_tree_graph_300day,464,367255697_2,367567589_2,273,162.17099999998538,-110.82900000001462,110.82900000001462,43
nextstrain_tree_graph_300day,464,367136581_2,367591183_3,274,162.9014999999681,-111.09850000003189,111.09850000003189,42
nextstrain_tree_graph_300day,464,367250834_3,368704651_1,248,155.5965000000578,-92.4034999999422,92.4034999999422,37
nextstrain_tree_graph_300day,464,364344177_2,367550494_2,83,40.90800000002923,-42.09199999997077,42.09199999997077,17
nextstrain_tree_graph_300day,464,366326428_3,367260125_1,323,212.94075000003056,-110.05924999996944,110.05924999996944,51
nextstrain_tree_graph_300day,464,364344177_2,367136581_2,221,179.33774999999468,-41.662250000005315,41.662250000005315,32
nextstrain_tree_graph_300day,464,367570307_2,367609501_3,140,32.14199999998738,-107.85800000001262,107.85800000001262,20
nextstrain_tree_graph_300day,464,367269089_2,367644686_3,174,86.56425000002923,-87.43574999997077,87.43574999997077,27
nextstrain_tree_graph_300day,464,367644686_3,368526149_1,278,166.55400000004784,-111.44599999995216,111.44599999995216,44
nextstrain_tree_graph_300day,464,367255473_2,367567589_2,182,70.85849999998538,-111.14150000001462,111.14150000001462,33
nextstrain_tree_graph_300day,464,367567589_2,367644686_3,178,66.84074999999734,-111.15925000000266,111.15925000000266,30
nextstrain_tree_graph_300day,464,366933812_1,367260125_1,202,159.61425000004584,-42.38574999995416,42.38574999995416,27
nextstrain_tree_graph_300day,464,367583054_2,368459775_2,163,68.6670000000372,-94.3329999999628,94.3329999999628,25
nextstrain_tree_graph_300day,464,364331396_1,367264186_2,197,98.6175000000764,-98.3824999999236,98.3824999999236,35
nextstrain_tree_graph_300day,464,367567589_2,367591183_3,95,11.322749999981397,-83.6772500000186,83.6772500000186,14
nextstrain_tree_graph_300day,464,367502594_2,368459775_2,206,114.68849999994552,-91.31150000005448,91.31150000005448,29
nextstrain_tree_graph_300day,464,364343972_2,364377380_1,191,165.09299999999934,-25.907000000000664,25.907000000000664,28
nextstrain_tree_graph_300day,464,367550494_2,368526149_1,183,115.05375000001993,-67.94624999998007,67.94624999998007,27
nextstrain_tree_graph_300day,464,367263986_2,367583054_2,152,47.847750000031226,-104.15224999996877,104.15224999996877,25
nextstrain_tree_graph_300day,464,367263986_2,367516750_1,164,36.89025000004119,-127.10974999995881,127.10974999995881,28
nextstrain_tree_graph_300day,464,364377380_1,367263986_2,271,229.37700000005714,-41.62299999994286,41.62299999994286,43
nextstrain_tree_graph_300day,464,367260125_1,368816217_1,338,33.603000000118925,-304.3969999998811,304.3969999998811,50
nextstrain_tree_graph_300day,464,367255697_2,368816217_1,371,61.727249999952164,-309.27275000004784,309.27275000004784,55
nextstrain_tree_graph_300day,464,367233670_1,368459775_2,155,79.62450000011029,-75.37549999988971,75.37549999988971,22
nextstrain_tree_graph_300day,464,367226044_2,367516750_1,182,140.25600000000532,-41.743999999994685,41.743999999994685,29
nextstrain_tree_graph_300day,464,367502594_2,368645830_3,226,132.22050000002923,-93.77949999997077,93.77949999997077,32
nextstrain_tree_graph_300day,464,364331396_1,364358223_2,300,203.8095000000804,-96.19049999991961,96.19049999991961,47
nextstrain_tree_graph_300day,464,364331396_1,367573925_4,279,180.79875000004319,-98.20124999995681,98.20124999995681,43
nextstrain_tree_graph_300day,464,364377380_1,368459775_2,292,250.19625000006312,-41.80374999993688,41.80374999993688,45
nextstrain_tree_graph_300day,464,364377380_1,367591183_3,269,227.1855000000259,-41.81449999997409,41.81449999997409,43
nextstrain_tree_graph_300day,464,367255473_2,367550494_2,167,55.518000000015945,-111.48199999998405,111.48199999998405,32
nextstrain_tree_graph_300day,464,367260125_1,367264186_2,275,70.12800000000266,-204.87199999999734,204.87199999999734,42
nextstrain_tree_graph_300day,464,364343972_2,367233670_1,140,98.25225000008504,-41.74774999991496,41.74774999991496,21
nextstrain_tree_graph_300day,464,364337501_3,364371559_2,171,92.04299999998273,-78.95700000001727,78.95700000001727,25
nextstrain_tree_graph_300day,464,364344177_2,368819923_2,164,121.99350000002192,-42.006499999978075,42.006499999978075,26
nextstrain_tree_graph_300day,464,367250834_3,368819923_2,244,151.57875000006976,-92.42124999993024,92.42124999993024,36
nextstrain_tree_graph_300day,464,364371559_2,366326428_3,198,121.26299999995615,-76.73700000004385,76.73700000004385,32
nextstrain_tree_graph_300day,464,366327006_2,368819923_2,183,140.9865000000711,-42.01349999992891,42.01349999992891,29
nextstrain_tree_graph_300day,464,367567589_2,368704651_1,224,112.8622499999887,-111.1377500000113,111.1377500000113,37
nextstrain_tree_graph_300day,464,366326428_3,367226044_2,244,202.3485000000319,-41.65149999996811,41.65149999996811,40
nextstrain_tree_graph_300day,464,367264186_2,367609501_3,218,106.65300000005249,-111.34699999994751,111.34699999994751,38
nextstrain_tree_graph_300day,464,364358223_2,367609501_3,267,145.36949999996745,-121.63050000003255,121.63050000003255,38
nextstrain_tree_graph_300day,464,367260125_1,367502594_2,322,41.273250000020596,-280.7267499999794,280.7267499999794,45
nextstrain_tree_graph_300day,464,364358223_2,367136581_2,409,298.0440000000113,-110.9559999999887,110.9559999999887,60
nextstrain_tree_graph_300day,464,364344177_2,367263986_2,97,55.15275000002458,-41.84724999997542,41.84724999997542,18
nextstrain_tree_graph_300day,464,367516750_1,367567589_2,165,54.056999999967445,-110.94300000003255,110.94300000003255,28
nextstrain_tree_graph_300day,464,364358223_2,367591183_3,227,143.17800000001927,-83.82199999998073,83.82199999998073,32
nextstrain_tree_graph_300day,464,367233670_1,367720948_4,303,187.73850000012823,-115.26149999987177,115.26149999987177,42
nextstrain_tree_graph_300day,464,367226044_2,367570307_2,176,134.0467500000691,-41.953249999930904,41.953249999930904,29
nextstrain_tree_graph_300day,464,364377380_1,367720948_4,400,358.31025000008106,-41.689749999918945,41.689749999918945,59
nextstrain_tree_graph_300day,464,366933812_1,368526149_1,290,178.60725000001196,-111.39274999998804,111.39274999998804,45
nextstrain_tree_graph_300day,464,367250834_3,367583054_2,139,107.74875000002658,-31.251249999973425,31.251249999973425,21
nextstrain_tree_graph_300day,464,364377380_1,367260125_1,368,327.26400000006777,-40.73599999993223,40.73599999993223,55
nextstrain_tree_graph_300day,464,364343972_2,364358223_2,239,197.23500000006976,-41.76499999993024,41.76499999993024,37
nextstrain_tree_graph_300day,464,364358223_2,368704651_1,356,244.71750000002658,-111.28249999997342,111.28249999997342,55
nextstrain_tree_graph_300day,464,367260125_1,367591183_3,247,136.60350000000864,-110.39649999999136,110.39649999999136,40
nextstrain_tree_graph_300day,464,364337501_3,367720948_4,326,198.69600000011826,-127.30399999988174,127.30399999988174,46
nextstrain_tree_graph_300day,464,364331396_1,366933812_1,206,107.74875000002658,-98.25124999997342,98.25124999997342,34
nextstrain_tree_graph_300day,464,364343972_2,367567589_2,107,65.37975000003189,-41.62024999996811,41.62024999996811,19
nextstrain_tree_graph_300day,464,366933812_1,367263986_2,187,61.72725000003521,-125.27274999996479,125.27274999996479,29
nextstrain_tree_graph_300day,464,367516750_1,367570307_2,170,58.80525000002126,-111.19474999997874,111.19474999997874,28
nextstrain_tree_graph_300day,464,364331396_1,368704651_1,240,141.71700000005382,-98.28299999994618,98.28299999994618,40
nextstrain_tree_graph_300day,464,367720948_4,368124900_2,363,251.65725000002857,-111.34274999997143,111.34274999997143,56
nextstrain_tree_graph_300day,464,367583054_2,367644686_3,167,72.68475000002525,-94.31524999997475,94.31524999997475,25
nextstrain_tree_graph_300day,464,364358223_2,367570307_2,235,127.10699999998405,-107.89300000001595,107.89300000001595,32
nextstrain_tree_graph_300day,464,367255473_2,368526149_1,282,170.57175000003588,-111.42824999996412,111.42824999996412,47
nextstrain_tree_graph_300day,464,364331396_1,367567589_2,168,71.95425000004252,-96.04574999995748,96.04574999995748,29
nextstrain_tree_graph_300day,464,366326428_3,367644686_3,251,139.89075000001395,-111.10924999998605,111.10924999998605,41
nextstrain_tree_graph_300day,464,368526149_1,368704651_1,324,212.5755000000392,-111.4244999999608,111.4244999999608,51
nextstrain_tree_graph_300day,464,367516750_1,367550494_2,150,38.71649999999801,-111.283500000002,111.283500000002,27
nextstrain_tree_graph_300day,464,367269089_2,367570307_2,157,67.57125000006312,-89.42874999993688,89.42874999993688,27
nextstrain_tree_graph_300day,464,364344177_2,364371559_2,71,29.220000000056473,-41.77999999994353,41.77999999994353,13
nextstrain_tree_graph_300day,464,367559168_2,368526149_1,245,148.6567500000558,-96.34324999994419,96.34324999994419,39
nextstrain_tree_graph_300day,464,364371559_2,367516750_1,138,59.170499999929575,-78.82950000007042,78.82950000007042,23
nextstrain_tree_graph_300day,464,367226044_2,367233670_1,204,162.17100000006843,-41.82899999993157,41.82899999993157,31
nextstrain_tree_graph_300day,464,364343972_2,368645830_3,107,65.37975000003189,-41.62024999996811,41.62024999996811,18
nextstrain_tree_graph_300day,464,367233670_1,367567589_2,187,75.97200000003056,-111.02799999996944,111.02799999996944,30
nextstrain_tree_graph_300day,464,367269089_2,367567589_2,152,62.8230000000093,-89.1769999999907,89.1769999999907,27
nextstrain_tree_graph_300day,464,364377380_1,367550494_2,257,215.1322500000618,-41.86774999993821,41.86774999993821,42
nextstrain_tree_graph_300day,464,367233670_1,367591183_3,184,72.68475000002525,-111.31524999997475,111.31524999997475,30
nextstrain_tree_graph_300day,464,364343972_2,366327006_2,70,28.124250000082384,-41.875749999917616,41.875749999917616,12
nextstrain_tree_graph_300day,464,364337501_3,367233670_1,231,12.418500000121583,-218.58149999987842,218.58149999987842,32
nextstrain_tree_graph_300day,464,367567589_2,367720948_4,282,170.93700000002724,-111.06299999997276,111.06299999997276,44
nextstrain_tree_graph_300day,464,364358223_2,368526149_1,330,165.09299999999934,-164.90700000000066,164.90700000000066,46
nextstrain_tree_graph_300day,464,367269089_2,367720948_4,278,190.66050000005913,-87.33949999994087,87.33949999994087,41
nextstrain_tree_graph_300day,464,367591183_3,368526149_1,195,111.03600000003189,-83.96399999996811,83.96399999996811,28
nextstrain_tree_graph_300day,464,364337501_3,364343972_2,151,109.20975000007508,-41.790249999924924,41.790249999924924,21
nextstrain_tree_graph_300day,464,364344177_2,367516750_1,109,67.2059999999887,-41.794000000011295,41.794000000011295,18
nextstrain_tree_graph_300day,464,366326428_3,367570307_2,176,68.3017499999628,-107.6982500000372,107.6982500000372,25
nextstrain_tree_graph_300day,464,367250834_3,368459775_2,220,105.5572500000784,-114.4427499999216,114.4427499999216,34
nextstrain_tree_graph_300day,464,367609501_3,368526149_1,235,113.22749999998007,-121.77250000001993,121.77250000001993,34
nextstrain_tree_graph_300day,464,364358223_2,367255473_2,314,202.71375000002325,-111.28624999997675,111.28624999997675,51
nextstrain_tree_graph_300day,464,364343972_2,366933812_1,143,101.17425000001595,-41.825749999984055,41.825749999984055,22
nextstrain_tree_graph_300day,464,364343972_2,367644686_3,131,89.12100000005182,-41.87899999994818,41.87899999994818,21
nextstrain_tree_graph_300day,464,366327006_2,367255697_2,236,194.3130000000558,-41.68699999994419,41.68699999994419,36
nextstrain_tree_graph_300day,464,364331396_1,367226044_2,187,145.00425000005913,-41.99574999994087,41.99574999994087,32
nextstrain_tree_graph_300day,464,364344177_2,367269089_2,96,54.05700000005049,-41.94299999994951,41.94299999994951,17
nextstrain_tree_graph_300day,464,364377380_1,367609501_3,309,267.3630000000724,-41.63699999992758,41.63699999992758,49
nextstrain_tree_graph_300day,464,367136581_2,368816217_1,365,249.83100000007175,-115.16899999992825,115.16899999992825,52
nextstrain_tree_graph_300day,464,364358223_2,364377380_1,404,362.3280000000691,-41.671999999930904,41.671999999930904,61
nextstrain_tree_graph_300day,464,366326428_3,367720948_4,355,243.98700000004385,-111.01299999995615,111.01299999995615,55
nextstrain_tree_graph_300day,464,367255473_2,368819923_2,246,120.53250000005647,-125.46749999994353,125.46749999994353,39
nextstrain_tree_graph_300day,464,364358223_2,367233670_1,319,207.82725000006843,-111.17274999993157,111.17274999993157,48
nextstrain_tree_graph_300day,464,367516750_1,367583054_2,166,59.90099999999535,-106.09900000000465,106.09900000000465,27
nextstrain_tree_graph_300day,464,367502594_2,367570307_2,243,131.85525000003787,-111.14474999996213,111.14474999996213,37
nextstrain_tree_graph_300day,464,366326428_3,368704651_1,297,185.91225000000532,-111.08774999999468,111.08774999999468,48
nextstrain_tree_graph_300day,464,366327006_2,368526149_1,215,174.95475000009833,-40.04524999990167,40.04524999990167,33
nextstrain_tree_graph_300day,464,367250834_3,367502594_2,284,169.84125000005315,-114.15874999994685,114.15874999994685,41
nextstrain_tree_graph_300day,464,364343972_2,368816217_1,207,165.09300000008238,-41.906999999917616,41.906999999917616,33
nextstrain_tree_graph_300day,464,364358223_2,366326428_3,303,138.42974999996545,-164.57025000003455,164.57025000003455,43
nextstrain_tree_graph_300day,464,367136581_2,367573925_4,374,258.9622500000219,-115.03774999997808,115.03774999997808,50
nextstrain_tree_graph_300day,464,367559168_2,368645830_3,147,48.943500000005315,-98.05649999999468,98.05649999999468,26
nextstrain_tree_graph_300day,464,364377380_1,367567589_2,272,230.47275000003123,-41.527249999968774,41.527249999968774,43
nextstrain_tree_graph_300day,464,364337501_3,367136581_2,321,100.44374999995017,-220.55625000004983,220.55625000004983,44
nextstrain_tree_graph_300day,464,364371559_2,368816217_1,227,147.92624999999003,-79.07375000000997,79.07375000000997,37
nextstrain_tree_graph_300day,464,367264186_2,367573925_4,288,82.18124999996678,-205.81875000003322,205.81875000003322,42
nextstrain_tree_graph_300day,464,366327006_2,367644686_3,141,98.98275000006777,-42.01724999993223,42.01724999993223,23
nextstrain_tree_graph_300day,464,366933812_1,367250834_3,184,52.961249999993356,-131.03875000000664,131.03875000000664,27
nextstrain_tree_graph_300day,464,367263986_2,368459775_2,171,29.585249999964788,-141.4147500000352,141.4147500000352,28
nextstrain_tree_graph_300day,464,367573925_4,367591183_3,260,148.65674999997276,-111.34325000002724,111.34325000002724,40
nextstrain_tree_graph_300day,464,367226044_2,367255697_2,290,248.37000000002325,-41.62999999997675,41.62999999997675,44
nextstrain_tree_graph_300day,464,367226044_2,367720948_4,299,257.1360000000651,-41.86399999993489,41.86399999993489,45
nextstrain_tree_graph_300day,464,364371559_2,367269089_2,125,46.02149999999136,-78.97850000000864,78.97850000000864,22
nextstrain_tree_graph_300day,464,364331396_1,368645830_3,170,71.95425000004252,-98.04574999995748,98.04574999995748,30
nextstrain_tree_graph_300day,464,367233670_1,367255697_2,304,178.97250000008637,-125.02749999991363,125.02749999991363,43
nextstrain_tree_graph_300day,464,366326428_3,368459775_2,247,135.8730000000259,-111.12699999997409,111.12699999997409,41
nextstrain_tree_graph_300day,464,364377380_1,367559168_2,265,223.16775000003787,-41.83224999996213,41.83224999996213,42
nextstrain_tree_graph_300day,464,368124900_2,368526149_1,119,18.993000000049165,-100.00699999995084,100.00699999995084,18
nextstrain_tree_graph_300day,464,367255473_2,367609501_3,219,107.74875000002658,-111.25124999997342,111.25124999997342,39
nextstrain_tree_graph_300day,464,367250834_3,367263986_2,209,84.73800000007242,-124.26199999992758,124.26199999992758,34
nextstrain_tree_graph_300day,464,364344177_2,367233670_1,131,89.12100000005182,-41.87899999994818,41.87899999994818,20
nextstrain_tree_graph_300day,464,366326428_3,366933812_1,263,151.94399999997808,-111.05600000002192,111.05600000002192,42
nextstrain_tree_graph_300day,464,367644686_3,367720948_4,294,162.53624999997675,-131.46375000002325,131.46375000002325,42
nextstrain_tree_graph_300day,464,367136581_2,367226044_2,294,252.3877500000113,-41.612249999988705,41.612249999988705,43
nextstrain_tree_graph_300day,464,364343972_2,364344177_2,51,9.13125000003322,-41.86874999996678,41.86874999996678,9
nextstrain_tree_graph_300day,464,367264186_2,367559168_2,174,75.6067500000392,-98.3932499999608,98.3932499999608,31
nextstrain_tree_graph_300day,464,367260125_1,367516750_1,261,134.77725000005182,-126.22274999994818,126.22274999994818,40
nextstrain_tree_graph_300day,464,364343972_2,367609501_3,144,102.27000000007308,-41.72999999992692,41.72999999992692,25
nextstrain_tree_graph_300day,464,364344177_2,364377380_1,216,174.22425000003255,-41.775749999967445,41.775749999967445,33
nextstrain_tree_graph_300day,464,367226044_2,368526149_1,271,229.01175000006577,-41.988249999934226,41.988249999934226,43
nextstrain_tree_graph_300day,464,367255697_2,367591183_3,270,158.88374999998007,-111.11625000001993,111.11625000001993,43
nextstrain_tree_graph_300day,464,367502594_2,368816217_1,286,44.19525000003455,-241.80474999996545,241.80474999996545,41
nextstrain_tree_graph_300day,464,367233670_1,367573925_4,262,168.74550000007906,-93.25449999992094,93.25449999992094,34
nextstrain_tree_graph_300day,464,367255473_2,367502594_2,264,138.79500000003986,-125.20499999996014,125.20499999996014,40
nextstrain_tree_graph_300day,464,366326428_3,367502594_2,311,200.15700000000066,-110.84299999999934,110.84299999999934,48
nextstrain_tree_graph_300day,464,364377380_1,367255473_2,300,258.2317500000392,-41.7682499999608,41.7682499999608,48
nextstrain_tree_graph_300day,464,367255697_2,367573925_4,380,70.85849999990234,-309.14150000009766,309.14150000009766,53
nextstrain_tree_graph_300day,464,364344177_2,367720948_4,226,184.0860000000485,-41.9139999999515,41.9139999999515,34
nextstrain_tree_graph_300day,464,366933812_1,367583054_2,127,84.73799999998937,-42.26200000001063,42.26200000001063,18
nextstrain_tree_graph_300day,464,367250834_3,367609501_3,249,138.79500000003986,-110.20499999996014,110.20499999996014,42
nextstrain_tree_graph_300day,464,367226044_2,367567589_2,171,129.29850000001528,-41.70149999998472,41.70149999998472,29
nextstrain_tree_graph_300day,464,366327006_2,367559168_2,108,67.93650000005448,-40.06349999994552,40.06349999994552,18
nextstrain_tree_graph_300day,464,367233670_1,367609501_3,224,112.86225000007175,-111.13774999992825,111.13774999992825,36
nextstrain_tree_graph_300day,464,367263986_2,367550494_2,138,26.663250000033884,-111.33674999996612,111.33674999996612,27
nextstrain_tree_graph_300day,464,367233670_1,367516750_1,198,21.915000000063117,-176.08499999993688,176.08499999993688,30
nextstrain_tree_graph_300day,464,364344177_2,368704651_1,168,126.01125000000997,-41.988749999990034,41.988749999990034,27
nextstrain_tree_graph_300day,464,366327006_2,367263986_2,116,74.14575000007375,-41.85424999992625,41.85424999992625,21
nextstrain_tree_graph_300day,464,366326428_3,367609501_3,208,86.56424999994618,-121.43575000005382,121.43575000005382,31
nextstrain_tree_graph_300day,464,367573925_4,367609501_3,300,188.83425000001927,-111.16574999998073,111.16574999998073,46
nextstrain_tree_graph_300day,464,367136581_2,367516750_1,288,112.13175000000598,-175.86824999999402,175.86824999999402,42
nextstrain_tree_graph_300day,464,367255473_2,367264186_2,107,81.4507500000671,-25.549249999932897,25.549249999932897,17
nextstrain_tree_graph_300day,464,367136581_2,368819923_2,309,215.8627500000445,-93.13724999995549,93.13724999995549,42
nextstrain_tree_graph_300day,464,367255473_2,368645830_3,180,75.97200000003056,-104.02799999996944,104.02799999996944,30
nextstrain_tree_graph_300day,464,364371559_2,367573925_4,236,157.0574999999402,-78.9425000000598,78.9425000000598,35
nextstrain_tree_graph_300day,464,367720948_4,368459775_2,290,158.5184999999887,-131.4815000000113,131.4815000000113,42
nextstrain_tree_graph_300day,464,367250834_3,368816217_1,300,185.547000000097,-114.452999999903,114.452999999903,46
nextstrain_tree_graph_300day,464,367609501_3,367644686_3,215,103.73100000003853,-111.26899999996147,111.26899999996147,36
nextstrain_tree_graph_300day,464,364331396_1,367263986_2,169,70.85850000006843,-98.14149999993157,98.14149999993157,31
nextstrain_tree_graph_300day,464,367255697_2,367583054_2,272,168.0150000000133,-103.98499999998671,103.98499999998671,40
nextstrain_tree_graph_300day,464,367255697_2,367502594_2,355,63.55349999999203,-291.446500000008,291.446500000008,50
nextstrain_tree_graph_300day,464,367583054_2,368816217_1,243,148.6567500000558,-94.34324999994419,94.34324999994419,37
nextstrain_tree_graph_300day,464,367255473_2,368816217_1,280,154.5007500000837,-125.49924999991629,125.49924999991629,45
nextstrain_tree_graph_300day,464,366933812_1,368704651_1,226,132.5857500000206,-93.4142499999794,93.4142499999794,32
nextstrain_tree_graph_300day,464,364343972_2,368124900_2,188,146.10000000003322,-41.89999999996678,41.89999999996678,31
nextstrain_tree_graph_300day,464,367570307_2,367644686_3,183,71.58900000005116,-111.41099999994884,111.41099999994884,30
nextstrain_tree_graph_300day,464,364371559_2,368645830_3,127,48.21299999993954,-78.78700000006046,78.78700000006046,22
nextstrain_tree_graph_300day,464,366327006_2,367250834_3,175,134.0467500000691,-40.953249999930904,40.953249999930904,29
nextstrain_tree_graph_300day,464,367264186_2,367550494_2,166,54.422250000041856,-111.57774999995814,111.57774999995814,31
nextstrain_tree_graph_300day,464,364371559_2,367255697_2,246,167.2844999999475,-78.71550000005249,78.71550000005249,38
nextstrain_tree_graph_300day,464,364337501_3,367644686_3,222,94.59975000008836,-127.40024999991164,127.40024999991164,32
nextstrain_tree_graph_300day,464,367136581_2,367269089_2,273,185.91225000000532,-87.08774999999468,87.08774999999468,39
nextstrain_tree_graph_300day,464,367609501_3,368704651_1,261,149.7525000000299,-111.2474999999701,111.2474999999701,43
nextstrain_tree_graph_300day,464,364337501_3,368816217_1,298,170.57175000011893,-127.42824999988107,127.42824999988107,44
nextstrain_tree_graph_300day,464,366327006_2,367609501_3,152,112.13175000008903,-39.86824999991097,39.86824999991097,25
nextstrain_tree_graph_300day,464,367559168_2,367609501_3,182,85.8337500000465,-96.1662499999535,96.1662499999535,31
nextstrain_tree_graph_300day,464,364343972_2,368459775_2,127,85.10325000006378,-41.89674999993622,41.89674999993622,21
nextstrain_tree_graph_300day,464,367264186_2,367583054_2,180,75.6067500000392,-104.3932499999608,104.3932499999608,29
nextstrain_tree_graph_300day,464,367263986_2,368526149_1,253,141.71700000005382,-111.28299999994618,111.28299999994618,42
nextstrain_tree_graph_300day,464,364344177_2,368124900_2,179,136.96875,-42.03125,42.03125,30
nextstrain_tree_graph_300day,464,364344177_2,367559168_2,91,48.943500000005315,-42.056499999994685,42.056499999994685,17
nextstrain_tree_graph_300day,464,366326428_3,367567589_2,171,73.78049999999934,-97.21950000000066,97.21950000000066,25
nextstrain_tree_graph_300day,464,364343972_2,367559168_2,100,58.074750000038534,-41.925249999961466,41.925249999961466,18
nextstrain_tree_graph_300day,464,367226044_2,367559168_2,164,121.99350000002192,-42.006499999978075,42.006499999978075,28
nextstrain_tree_graph_300day,464,364358223_2,368645830_3,286,180.06825000006046,-105.93174999993954,105.93174999993954,45
nextstrain_tree_graph_300day,464,367250834_3,368645830_3,138,107.01825000004385,-30.98174999995615,30.98174999995615,21
nextstrain_tree_graph_300day,464,366327006_2,367516750_1,128,86.19900000003787,-41.80099999996213,41.80099999996213,21
nextstrain_tree_graph_300day,464,367255697_2,368526149_1,373,261.8842500000359,-111.11574999996412,111.11574999996412,57
nextstrain_tree_graph_300day,464,367583054_2,368124900_2,236,129.66375000000664,-106.33624999999336,106.33624999999336,39
nextstrain_tree_graph_300day,464,364358223_2,367559168_2,277,180.79875000004319,-96.20124999995681,96.20124999995681,43
nextstrain_tree_graph_300day,464,367550494_2,367591183_3,80,12.053249999964123,-67.94675000003588,67.94675000003588,13
nextstrain_tree_graph_300day,464,367264186_2,368526149_1,281,169.4760000000618,-111.52399999993821,111.52399999993821,46
nextstrain_tree_graph_300day,464,364371559_2,367609501_3,162,85.10324999998073,-76.89675000001927,76.89675000001927,27
nextstrain_tree_graph_300day,464,364371559_2,367570307_2,130,52.961249999993356,-77.03875000000664,77.03875000000664,21
nextstrain_tree_graph_300day,464,367226044_2,367264186_2,198,155.96175000004916,-42.038249999950835,42.038249999950835,33
nextstrain_tree_graph_300day,464,367136581_2,367263986_2,274,149.02200000004717,-124.97799999995283,124.97799999995283,40
nextstrain_tree_graph_300day,464,366933812_1,367720948_4,124,190.66050000005913,66.66050000005913,66.66050000005913,17
nextstrain_tree_graph_300day,464,367573925_4,368526149_1,363,251.65725000002857,-111.34274999997143,111.34274999997143,54
nextstrain_tree_graph_300day,464,364337501_3,367591183_3,195,83.64225000001528,-111.35774999998472,111.35774999998472,30
nextstrain_tree_graph_300day,464,367233670_1,367264186_2,212,86.56425000011228,-125.43574999988772,125.43574999988772,32
nextstrain_tree_graph_300day,464,364337501_3,364358223_2,330,218.78475000005847,-111.21524999994153,111.21524999994153,48
nextstrain_tree_graph_300day,464,367255473_2,368459775_2,200,74.51100000006511,-125.48899999993489,125.48899999993489,33
nextstrain_tree_graph_300day,464,367516750_1,367573925_4,274,146.83050000001595,-127.16949999998405,127.16949999998405,40
nextstrain_tree_graph_300day,464,367516750_1,368816217_1,265,137.69925000006577,-127.30074999993423,127.30074999993423,42
nextstrain_tree_graph_300day,464,367502594_2,367720948_4,354,72.31950000003388,-281.6804999999661,281.6804999999661,49
nextstrain_tree_graph_300day,464,368459775_2,368816217_1,204,130.39424999998937,-73.60575000001063,73.60575000001063,30
nextstrain_tree_graph_300day,464,367591183_3,368645830_3,151,44.925750000017274,-106.07424999998273,106.07424999998273,27
nextstrain_tree_graph_300day,464,367269089_2,367609501_3,189,99.7132500000505,-89.2867499999495,89.2867499999495,33
nextstrain_tree_graph_300day,464,366327006_2,368704651_1,187,145.00425000005913,-41.99574999994087,41.99574999994087,30
nextstrain_tree_graph_300day,464,367255473_2,367260125_1,276,151.57875000006976,-124.42124999993024,124.42124999993024,43
nextstrain_tree_graph_300day,464,367559168_2,367644686_3,171,72.68475000002525,-98.31524999997475,98.31524999997475,29
nextstrain_tree_graph_300day,464,366933812_1,367550494_2,175,63.55349999999203,-111.44650000000797,111.44650000000797,30
nextstrain_tree_graph_300day,464,367136581_2,368526149_1,377,265.9020000000239,-111.09799999997608,111.09799999997608,56
nextstrain_tree_graph_300day,464,366933812_1,367226044_2,207,165.09299999999934,-41.907000000000664,41.907000000000664,32
nextstrain_tree_graph_300day,464,367136581_2,367255697_2,394,269.18925000002923,-124.81074999997077,124.81074999997077,55
nextstrain_tree_graph_300day,464,364343972_2,366326428_3,180,138.4297500000485,-41.5702499999515,41.5702499999515,30
nextstrain_tree_graph_300day,464,367502594_2,368704651_1,296,20.088750000023254,-275.91124999997675,275.91124999997675,42
nextstrain_tree_graph_300day,464,366327006_2,367591183_3,112,71.95425000004252,-40.04574999995748,40.04574999995748,19
nextstrain_tree_graph_300day,464,367260125_1,367559168_2,243,145.73475000004186,-97.26524999995814,97.26524999995814,39
nextstrain_tree_graph_300day,464,367226044_2,367250834_3,229,188.10375000003654,-40.89624999996346,40.89624999996346,37
nextstrain_tree_graph_300day,464,367502594_2,367550494_2,223,111.76650000001462,-111.23349999998538,111.23349999998538,36
nextstrain_tree_graph_300day,464,366933812_1,367559168_2,183,84.73799999998937,-98.26200000001063,98.26200000001063,30
nextstrain_tree_graph_300day,464,366326428_3,367269089_2,225,135.8730000000259,-89.12699999997409,89.12699999997409,38
nextstrain_tree_graph_300day,464,364337501_3,367570307_2,203,91.67775000007441,-111.32224999992559,111.32224999992559,30
nextstrain_tree_graph_300day,464,367502594_2,367609501_3,275,163.99725000002525,-111.00274999997475,111.00274999997475,43
nextstrain_tree_graph_300day,464,367264186_2,367516750_1,192,64.64925000004916,-127.35074999995084,127.35074999995084,32
nextstrain_tree_graph_300day,464,367264186_2,367644686_3,203,61.3619999999608,-141.6380000000392,141.6380000000392,32
nextstrain_tree_graph_300day,464,367591183_3,368704651_1,221,109.57499999998339,-111.42500000001661,111.42500000001661,37
nextstrain_tree_graph_300day,464,366326428_3,367516750_1,238,127.10699999998405,-110.89300000001595,110.89300000001595,39
nextstrain_tree_graph_300day,464,366327006_2,368645830_3,117,75.24150000004784,-41.758499999952164,41.758499999952164,20
nextstrain_tree_graph_300day,464,367255473_2,367591183_3,179,67.57124999998007,-111.42875000001993,111.42875000001993,33
nextstrain_tree_graph_300day,464,364371559_2,367550494_2,110,32.8724999999701,-77.1275000000299,77.1275000000299,20
nextstrain_tree_graph_300day,464,364344177_2,367502594_2,182,140.25600000000532,-41.743999999994685,41.743999999994685,27
nextstrain_tree_graph_300day,464,367233670_1,368819923_2,241,125.64600000010165,-115.35399999989835,115.35399999989835,34
nextstrain_tree_graph_300day,464,367255473_2,367263986_2,79,53.69175000005913,-25.30824999994087,25.30824999994087,13
nextstrain_tree_graph_300day,464,364371559_2,368526149_1,225,147.92624999999003,-77.07375000000997,77.07375000000997,35
nextstrain_tree_graph_300day,464,364371559_2,367591183_3,122,44.925749999934226,-77.07425000006577,77.07425000006577,21
nextstrain_tree_graph_300day,464,367570307_2,368124900_2,184,75.97199999994751,-108.02800000005249,108.02800000005249,26
nextstrain_tree_graph_300day,464,367502594_2,368819923_2,292,21.915000000063117,-270.0849999999369,270.0849999999369,41
nextstrain_tree_graph_300day,464,368124900_2,368819923_2,301,189.564750000002,-111.435249999998,111.435249999998,48
nextstrain_tree_graph_300day,464,366933812_1,367570307_2,195,83.64225000001528,-111.35774999998472,111.35774999998472,31
nextstrain_tree_graph_300day,464,367559168_2,367583054_2,148,49.67399999998804,-98.32600000001196,98.32600000001196,26
nextstrain_tree_graph_300day,464,367559168_2,367567589_2,145,48.943500000005315,-96.05649999999468,96.05649999999468,25
nextstrain_tree_graph_300day,464,367269089_2,367550494_2,137,47.48250000003986,-89.51749999996014,89.51749999996014,26
nextstrain_tree_graph_300day,464,364371559_2,367250834_3,185,107.0182499999608,-77.9817500000392,77.9817500000392,31
nextstrain_tree_graph_300day,464,367264186_2,367591183_3,178,66.47550000000598,-111.52449999999402,111.52449999999402,32
nextstrain_tree_graph_300day,464,367136581_2,367583054_2,204,172.03275000000133,-31.96724999999867,31.96724999999867,27
nextstrain_tree_graph_300day,464,366327006_2,367573925_4,226,184.0860000000485,-41.9139999999515,41.9139999999515,33
nextstrain_tree_graph_300day,464,368816217_1,368819923_2,308,37.620750000106966,-270.37924999989303,270.37924999989303,46
nextstrain_tree_graph_300day,464,367250834_3,367269089_2,208,121.62825000003056,-86.37174999996944,86.37174999996944,33
nextstrain_tree_graph_300day,464,367644686_3,368459775_2,112,38.351250000006644,-73.64874999999336,73.64874999999336,16
nextstrain_tree_graph_300day,464,364358223_2,367516750_1,297,185.91225000000532,-111.08774999999468,111.08774999999468,46
nextstrain_tree_graph_300day,464,367567589_2,368816217_1,254,142.8127500000279,-111.1872499999721,111.1872499999721,42
nextstrain_tree_graph_300day,464,364331396_1,364371559_2,141,63.91874999998339,-77.08125000001661,77.08125000001661,24
nextstrain_tree_graph_300day,464,367263986_2,367573925_4,260,109.94024999997475,-150.05975000002525,150.05975000002525,38
nextstrain_tree_graph_300day,464,367226044_2,367573925_4,280,238.14300000001595,-41.856999999984055,41.856999999984055,41
nextstrain_tree_graph_300day,464,367609501_3,368645830_3,191,85.10325000006378,-105.89674999993622,105.89674999993622,33
nextstrain_tree_graph_300day,464,367264186_2,367567589_2,181,69.7627500000113,-111.2372499999887,111.2372499999887,32
nextstrain_tree_graph_300day,464,367720948_4,368645830_3,218,176.05050000007242,-41.94949999992758,41.94949999992758,31
nextstrain_tree_graph_300day,464,364343972_2,367269089_2,105,63.18825000008371,-41.81174999991629,41.81174999991629,18
nextstrain_tree_graph_300day,464,367269089_2,368816217_1,250,162.5362500000598,-87.4637499999402,87.4637499999402,39
nextstrain_tree_graph_300day,464,364331396_1,364337501_3,214,115.7842500000857,-98.2157499999143,98.2157499999143,33
nextstrain_tree_graph_300day,464,366326428_3,367264186_2,254,142.8127500000279,-111.1872499999721,111.1872499999721,43
nextstrain_tree_graph_300day,464,364337501_3,366326428_3,271,159.9795000000372,-111.0204999999628,111.0204999999628,41
nextstrain_tree_graph_300day,464,367263986_2,367720948_4,279,128.93325000002392,-150.06674999997608,150.06674999997608,42
nextstrain_tree_graph_300day,464,364358223_2,368819923_2,352,240.69975000003853,-111.30024999996147,111.30024999996147,54
nextstrain_tree_graph_300day,464,367559168_2,368816217_1,247,148.6567500000558,-98.34324999994419,98.34324999994419,41
nextstrain_tree_graph_300day,464,367644686_3,368704651_1,236,104.46149999993821,-131.5385000000618,131.5385000000618,35
nextstrain_tree_graph_300day,464,367260125_1,367583054_2,187,145.73475000004186,-41.265249999958144,41.265249999958144,27
nextstrain_tree_graph_300day,464,367559168_2,368124900_2,226,129.66375000000664,-96.33624999999336,96.33624999999336,37
nextstrain_tree_graph_300day,464,364337501_3,368704651_1,268,140.62125000007973,-127.37874999992027,127.37874999992027,39
nextstrain_tree_graph_300day,464,367136581_2,367260125_1,309,246.9090000000578,-62.0909999999422,62.0909999999422,42
nextstrain_tree_graph_300day,464,364344177_2,368816217_1,198,155.96175000004916,-42.038249999950835,42.038249999950835,32
nextstrain_tree_graph_300day,464,366933812_1,367502594_2,262,146.83050000001595,-115.16949999998405,115.16949999998405,36
nextstrain_tree_graph_300day,464,367136581_2,367550494_2,262,150.848250000004,-111.15174999999601,111.15174999999601,41
nextstrain_tree_graph_300day,464,367559168_2,367573925_4,256,157.78800000000598,-98.21199999999402,98.21199999999402,39
nextstrain_tree_graph_300day,464,367264186_2,368459775_2,199,57.34424999997276,-141.65575000002724,141.65575000002724,32
nextstrain_tree_graph_300day,464,364358223_2,368124900_2,311,146.09999999995017,-164.90000000004983,164.90000000004983,44
nextstrain_tree_graph_300day,464,364377380_1,368819923_2,338,296.2177500000545,-41.78224999994552,41.78224999994552,51
nextstrain_tree_graph_300day,464,367269089_2,367502594_2,234,146.83050000001595,-87.16949999998405,87.16949999998405,34
nextstrain_tree_graph_300day,464,367263986_2,367559168_2,146,47.847750000031226,-98.15224999996877,98.15224999996877,27
nextstrain_tree_graph_300day,464,364377380_1,368526149_1,372,330.1860000000817,-41.81399999991828,41.81399999991828,57
nextstrain_tree_graph_300day,464,367550494_2,368816217_1,239,127.47225000005847,-111.52774999994153,111.52774999994153,41
nextstrain_tree_graph_300day,464,366327006_2,368459775_2,137,94.96500000007973,-42.034999999920274,42.034999999920274,23
nextstrain_tree_graph_300day,464,364377380_1,367250834_3,330,289.2780000000525,-40.72199999994751,40.72199999994751,51
nextstrain_tree_graph_300day,464,366933812_1,368124900_2,271,159.6142499999628,-111.3857500000372,111.3857500000372,43
nextstrain_tree_graph_300day,464,367233670_1,367255473_2,213,61.36200000004385,-151.63799999995615,151.63799999995615,33
nextstrain_tree_graph_300day,464,368459775_2,368645830_3,162,67.93650000005448,-94.06349999994552,94.06349999994552,25
nextstrain_tree_graph_300day,464,368526149_1,368645830_3,254,147.92625000007308,-106.07374999992692,106.07374999992692,41
nextstrain_tree_graph_300day,464,366326428_3,367573925_4,336,224.99399999999468,-111.00600000000532,111.00600000000532,51
nextstrain_tree_graph_300day,464,366326428_3,366327006_2,188,148.29150000006445,-39.708499999935555,39.708499999935555,30
nextstrain_tree_graph_300day,464,367591183_3,368819923_2,217,105.55724999999535,-111.44275000000465,111.44275000000465,36
nextstrain_tree_graph_300day,464,367516750_1,368459775_2,185,57.70950000004717,-127.29049999995283,127.29049999995283,30
nextstrain_tree_graph_300day,464,367226044_2,367269089_2,169,127.1070000000671,-41.8929999999329,41.8929999999329,28
nextstrain_tree_graph_300day,464,366327006_2,367255473_2,145,103.00050000005581,-41.99949999994419,41.99949999994419,26
nextstrain_tree_graph_300day,464,366933812_1,367255473_2,216,64.28399999997475,-151.71600000002525,151.71600000002525,34
nextstrain_tree_graph_300day,464,366327006_2,367269089_2,115,73.05000000009966,-41.94999999990034,41.94999999990034,20
nextstrain_tree_graph_300day,464,364371559_2,367583054_2,128,48.94349999992227,-79.05650000007773,79.05650000007773,22
nextstrain_tree_graph_300day,464,364343972_2,367583054_2,108,66.11025000001462,-41.88974999998538,41.88974999998538,18
nextstrain_tree_graph_300day,464,364377380_1,367233670_1,305,263.3452500000844,-41.65474999991562,41.65474999991562,45
nextstrain_tree_graph_300day,464,364343972_2,367260125_1,203,162.17100000006843,-40.82899999993157,40.82899999993157,31
nextstrain_tree_graph_300day,464,364358223_2,367269089_2,284,194.67825000004717,-89.32174999995283,89.32174999995283,45
nextstrain_tree_graph_300day,464,364331396_1,364377380_1,288,246.17850000007508,-41.821499999924924,41.821499999924924,46
nextstrain_tree_graph_300day,464,366326428_3,368819923_2,293,181.89450000001727,-111.10549999998273,111.10549999998273,47
nextstrain_tree_graph_300day,464,364337501_3,367550494_2,183,71.58900000005116,-111.41099999994884,111.41099999994884,29
nextstrain_tree_graph_300day,464,367263986_2,368816217_1,251,100.80900000002458,-150.19099999997542,150.19099999997542,40
nextstrain_tree_graph_300day,464,367255697_2,368124900_2,354,242.8912499999867,-111.10875000001329,111.10875000001329,55
nextstrain_tree_graph_300day,464,368124900_2,368704651_1,305,193.58249999999003,-111.41750000000997,111.41750000000997,49
nextstrain_tree_graph_300day,464,364331396_1,368816217_1,270,171.667500000093,-98.33249999990699,98.33249999990699,45
nextstrain_tree_graph_300day,464,367250834_3,368124900_2,293,182.625,-110.375,110.375,48
nextstrain_tree_graph_300day,464,367226044_2,368816217_1,271,229.01175000006577,-41.988249999934226,41.988249999934226,43
nextstrain_tree_graph_300day,464,367226044_2,367550494_2,156,113.95800000004584,-42.04199999995416,42.04199999995416,28
nextstrain_tree_graph_300day,464,367567589_2,367583054_2,155,48.943500000005315,-106.05649999999468,106.05649999999468,27
nextstrain_tree_graph_300day,464,367255473_2,367573925_4,289,163.63200000003388,-125.36799999996612,125.36799999996612,43
nextstrain_tree_graph_300day,464,366327006_2,367720948_4,245,203.07900000009766,-41.920999999902335,41.920999999902335,37
nextstrain_tree_graph_300day,464,364371559_2,367502594_2,211,132.22049999994618,-78.77950000005382,78.77950000005382,32
nextstrain_tree_graph_300day,464,367609501_3,368819923_2,257,145.73475000004186,-111.26524999995814,111.26524999995814,42
nextstrain_tree_graph_300day,464,367269089_2,367591183_3,149,59.535750000003986,-89.46424999999601,89.46424999999601,27
nextstrain_tree_graph_300day,464,367233670_1,367583054_2,176,81.81600000005847,-94.18399999994153,94.18399999994153,25
nextstrain_tree_graph_300day,464,364358223_2,367644686_3,310,198.6960000000352,-111.30399999996479,111.30399999996479,48
nextstrain_tree_graph_300day,464,364331396_1,367720948_4,298,199.79175000009235,-98.20824999990765,98.20824999990765,47
nextstrain_tree_graph_300day,464,364377380_1,367570307_2,277,235.22100000008504,-41.77899999991496,41.77899999991496,43
nextstrain_tree_graph_300day,464,367591183_3,368459775_2,171,59.535750000003986,-111.46424999999601,111.46424999999601,30
nextstrain_tree_graph_300day,464,367570307_2,368816217_1,259,147.56100000008172,-111.43899999991828,111.43899999991828,42
nextstrain_tree_graph_300day,464,364377380_1,367136581_2,395,353.56200000002724,-41.43799999997276,41.43799999997276,57
nextstrain_tree_graph_300day,464,367255473_2,367583054_2,181,76.70250000001329,-104.29749999998671,104.29749999998671,30
nextstrain_tree_graph_300day,464,367550494_2,367570307_2,88,20.088750000023254,-67.91124999997675,67.91124999997675,13
nextstrain_tree_graph_300day,464,367644686_3,368819923_2,232,100.44374999995017,-131.55625000004983,131.55625000004983,34
nextstrain_tree_graph_300day,464,367570307_2,367720948_4,287,175.68525000008106,-111.31474999991894,111.31474999991894,44
nextstrain_tree_graph_300day,464,367263986_2,368124900_2,234,122.72400000000465,-111.27599999999535,111.27599999999535,40
nextstrain_tree_graph_300day,464,366933812_1,367609501_3,227,115.78425000000266,-111.21574999999734,111.21574999999734,37
nextstrain_tree_graph_300day,464,364377380_1,366326428_3,345,303.52275000004784,-41.477249999952164,41.477249999952164,54
nextstrain_tree_graph_300day,464,367260125_1,367720948_4,294,67.57124999998007,-226.42875000001993,226.42875000001993,40
nextstrain_tree_graph_300day,464,367255473_2,367720948_4,308,182.62500000008305,-125.37499999991695,125.37499999991695,47
nextstrain_tree_graph_300day,464,364337501_3,366327006_2,161,119.07150000009102,-41.92849999990898,41.92849999990898,23
nextstrain_tree_graph_300day,464,364358223_2,367720948_4,414,302.7922500000651,-111.20774999993489,111.20774999993489,62
nextstrain_tree_graph_300day,464,364337501_3,367226044_2,215,173.12850000005847,-41.871499999941534,41.871499999941534,31
nextstrain_tree_graph_300day,464,367567589_2,368819923_2,220,108.84450000000066,-111.15549999999934,111.15549999999934,36
nextstrain_tree_graph_300day,464,364377380_1,367269089_2,270,228.28125000008305,-41.71874999991695,41.71874999991695,42
nextstrain_tree_graph_300day,464,364358223_2,368459775_2,306,194.67825000004717,-111.32174999995283,111.32174999995283,48
nextstrain_tree_graph_300day,464,367609501_3,367720948_4,319,207.82725000006843,-111.17274999993157,111.17274999993157,50
nextstrain_tree_graph_300day,464,367260125_1,368526149_1,350,239.60400000006445,-110.39599999993555,110.39599999993555,54
nextstrain_tree_graph_300day,464,367516750_1,368526149_1,265,153.77025000001794,-111.22974999998206,111.22974999998206,42
nextstrain_tree_graph_300day,464,364337501_3,368526149_1,298,186.6427500000711,-111.35724999992891,111.35724999992891,44
nextstrain_tree_graph_300day,464,367502594_2,367591183_3,235,123.81974999997874,-111.18025000002126,111.18025000002126,37
nextstrain_tree_graph_300day,464,364343972_2,367226044_2,90,63.91874999998339,-26.08125000001661,26.08125000001661,14
nextstrain_tree_graph_300day,464,367269089_2,368645830_3,150,62.8230000000093,-87.1769999999907,87.1769999999907,24
nextstrain_tree_graph_300day,464,367136581_2,367720948_4,341,277.9552500000711,-63.04474999992891,63.04474999992891,46
nextstrain_tree_graph_300day,464,366327006_2,367583054_2,118,75.97200000003056,-42.02799999996944,42.02799999996944,20
nextstrain_tree_graph_300day,464,367720948_4,368704651_1,318,63.91875000006644,-254.08124999993356,254.08124999993356,45
nextstrain_tree_graph_300day,464,367644686_3,368645830_3,166,71.95425000004252,-94.04574999995748,94.04574999995748,25
nextstrain_tree_graph_300day,464,367136581_2,368124900_2,358,246.90899999997475,-111.09100000002525,111.09100000002525,54
nextstrain_tree_graph_300day,464,364344177_2,367570307_2,103,60.99675000005249,-42.00324999994751,42.00324999994751,18
nextstrain_tree_graph_300day,464,367550494_2,367559168_2,130,33.60300000003588,-96.39699999996412,96.39699999996412,24
nextstrain_tree_graph_300day,464,364377380_1,367583054_2,273,231.20325000001395,-41.79674999998605,41.79674999998605,42
nextstrain_tree_graph_300day,464,367255697_2,367269089_2,181,181.89450000001727,0.894500000017274,0.894500000017274,24
nextstrain_tree_graph_300day,464,367502594_2,368526149_1,338,226.82025000003455,-111.17974999996545,111.17974999996545,51
nextstrain_tree_graph_300day,464,367583054_2,368704651_1,191,118.70625000001661,-72.29374999998339,72.29374999998339,28
nextstrain_tree_graph_300day,464,367573925_4,368124900_2,344,232.6642499999794,-111.3357500000206,111.3357500000206,52
nextstrain_tree_graph_300day,464,364337501_3,367263986_2,197,69.76275000009434,-127.23724999990566,127.23724999990566,30
nextstrain_tree_graph_300day,464,364337501_3,367502594_2,282,154.86600000007508,-127.13399999992492,127.13399999992492,39
nextstrain_tree_graph_300day,464,367502594_2,367567589_2,238,127.10699999998405,-110.89300000001595,110.89300000001595,37
nextstrain_tree_graph_300day,464,364377380_1,368704651_1,342,300.2355000000425,-41.76449999995748,41.76449999995748,52
nextstrain_tree_graph_300day,464,367250834_3,367516750_1,223,47.847750000031226,-175.15224999996877,175.15224999996877,36
nextstrain_tree_graph_300day,464,367269089_2,367559168_2,145,55.518000000015945,-89.48199999998405,89.48199999998405,26
nextstrain_tree_graph_300day,464,367250834_3,368526149_1,312,201.61800000004916,-110.38199999995084,110.38199999995084,50
nextstrain_tree_graph_300day,464,367570307_2,368704651_1,229,117.61050000004252,-111.38949999995748,111.38949999995748,37
nextstrain_tree_graph_300day,464,364371559_2,367255473_2,155,75.97199999994751,-79.02800000005249,79.02800000005249,28
nextstrain_tree_graph_300day,464,364377380_1,368816217_1,372,330.1860000000817,-41.81399999991828,41.81399999991828,57
nextstrain_tree_graph_300day,464,368459775_2,368704651_1,232,100.44374999995017,-131.55625000004983,131.55625000004983,35
nextstrain_tree_graph_300day,464,367250834_3,367550494_2,197,86.56425000002923,-110.43574999997077,110.43574999997077,35
nextstrain_tree_graph_300day,464,367269089_2,368124900_2,233,143.54325000001063,-89.45674999998937,89.45674999998937,39
nextstrain_tree_graph_300day,464,367583054_2,368526149_1,255,148.6567500000558,-106.34324999994419,106.34324999994419,41
nextstrain_tree_graph_300day,464,367233670_1,367502594_2,159,143.90850000008504,-15.091499999914959,15.091499999914959,21
nextstrain_tree_graph_300day,464,367570307_2,367573925_4,268,156.6922500000319,-111.30774999996811,111.30774999996811,40
nextstrain_tree_graph_300day,464,367260125_1,368124900_2,331,220.61100000001528,-110.38899999998472,110.38899999998472,52
nextstrain_tree_graph_300day,464,364344177_2,368459775_2,118,75.97200000003056,-42.02799999996944,42.02799999996944,20
nextstrain_tree_graph_300day,464,367233670_1,367559168_2,180,81.81600000005847,-98.18399999994153,98.18399999994153,29
nextstrain_tree_graph_300day,464,366933812_1,367255697_2,307,181.89450000001727,-125.10549999998273,125.10549999998273,44
nextstrain_tree_graph_300day,464,367269089_2,367583054_2,151,63.55349999999203,-87.44650000000797,87.44650000000797,24
nextstrain_tree_graph_300day,464,367502594_2,367573925_4,313,53.32649999998472,-259.6735000000153,259.6735000000153,41
nextstrain_tree_graph_300day,464,364358223_2,367250834_3,344,233.76000000003654,-110.23999999996346,110.23999999996346,54
nextstrain_tree_graph_300day,464,367260125_1,368819923_2,282,34.698750000093014,-247.301249999907,247.301249999907,40
nextstrain_tree_graph_300day,464,367255697_2,367570307_2,278,166.9192500000392,-111.0807499999608,111.0807499999608,43
nextstrain_tree_graph_300day,464,366326428_3,367255697_2,346,235.221000000002,-110.778999999998,110.778999999998,54
nextstrain_tree_graph_300day,464,366933812_1,367233670_1,211,27.028500000025247,-183.97149999997475,183.97149999997475,29
nextstrain_tree_graph_300day,464,364337501_3,367255697_2,317,189.9300000000764,-127.0699999999236,127.0699999999236,45
nextstrain_tree_graph_300day,464,367136581_2,367233670_1,298,91.67775000007441,-206.3222499999256,206.3222499999256,40
nextstrain_tree_graph_300day,464,364337501_3,367260125_1,294,167.64975000010497,-126.35024999989503,126.35024999989503,42
nextstrain_tree_graph_300day,464,367263986_2,368645830_3,151,47.1172500000485,-103.8827499999515,103.8827499999515,25
nextstrain_tree_graph_300day,464,366326428_3,368124900_2,66,7.670249999984719,-58.32975000001528,58.32975000001528,11
nextstrain_tree_graph_300day,464,367260125_1,368459775_2,258,127.47224999997542,-130.52775000002458,130.52775000002458,38
nextstrain_tree_graph_300day,464,367255697_2,368819923_2,337,56.979000000064445,-280.02099999993555,280.02099999993555,49
nextstrain_tree_graph_300day,464,364377380_1,366933812_1,308,266.2672500000153,-41.73274999998472,41.73274999998472,46
nextstrain_tree_graph_300day,464,367263986_2,367591183_3,150,38.71649999999801,-111.283500000002,111.283500000002,28
nextstrain_tree_graph_300day,464,367260125_1,367573925_4,347,42.734250000069096,-304.2657499999309,304.2657499999309,48
nextstrain_tree_graph_300day,464,367720948_4,368526149_1,382,270.65025000007773,-111.34974999992227,111.34974999992227,58
nextstrain_tree_graph_300day,464,366326428_3,367559168_2,218,121.99350000002192,-96.00649999997808,96.00649999997808,36
nextstrain_tree_graph_300day,464,367255697_2,367263986_2,170,120.16724999998206,-49.83275000001794,49.83275000001794,23
nextstrain_tree_graph_300day,464,364337501_3,367269089_2,196,106.65300000005249,-89.34699999994751,89.34699999994751,29
nextstrain_tree_graph_300day,464,364344177_2,367255697_2,217,175.32000000000664,-41.679999999993356,41.679999999993356,33
nextstrain_tree_graph_300day,464,367260125_1,368645830_3,186,145.00425000005913,-40.99574999994087,40.99574999994087,27
nextstrain_tree_graph_300day,464,364331396_1,367570307_2,173,76.70250000009634,-96.29749999990366,96.29749999990366,29
nextstrain_tree_graph_300day,464,367260125_1,367269089_2,246,159.61425000004584,-86.38574999995416,86.38574999995416,37
nextstrain_tree_graph_300day,464,364343972_2,367263986_2,106,64.2840000000578,-41.7159999999422,41.7159999999422,19
nextstrain_tree_graph_300day,464,367573925_4,367644686_3,253,143.54324999992758,-109.45675000007242,109.45675000007242,34
nextstrain_tree_graph_300day,464,364358223_2,367550494_2,215,147.1957500000073,-67.80424999999269,67.80424999999269,31
nextstrain_tree_graph_300day,464,367573925_4,368819923_2,317,46.75200000005714,-270.24799999994286,270.24799999994286,44
nextstrain_tree_graph_300day,464,364337501_3,367609501_3,235,123.81975000006179,-111.18024999993821,111.18024999993821,36
nextstrain_tree_graph_300day,464,364344177_2,367226044_2,115,73.05000000001661,-41.94999999998339,41.94999999998339,19
nextstrain_tree_graph_300day,464,367233670_1,367269089_2,183,95.69550000006245,-87.30449999993755,87.30449999993755,27
nextstrain_tree_graph_300day,464,367567589_2,367570307_2,103,5.478750000036541,-97.52124999996346,97.52124999996346,14
nextstrain_tree_graph_300day,464,367255473_2,368704651_1,250,124.55025000004451,-125.44974999995549,125.44974999995549,40
nextstrain_tree_graph_300day,464,364337501_3,368645830_3,198,92.04300000006577,-105.95699999993423,105.95699999993423,29
nextstrain_tree_graph_300day,464,367583054_2,368819923_2,187,114.68850000002857,-72.31149999997143,72.31149999997143,27
nextstrain_tree_graph_300day,464,364371559_2,367559168_2,118,40.907999999946185,-77.09200000005382,77.09200000005382,20
nextstrain_tree_graph_300day,464,366326428_3,367255473_2,255,143.908500000002,-111.091499999998,111.091499999998,44
nextstrain_tree_graph_300day,464,367233670_1,367250834_3,233,27.393750000099658,-205.60624999990034,205.60624999990034,34
nextstrain_tree_graph_300day,464,367263986_2,367264186_2,78,27.759000000007973,-50.24099999999203,50.24099999999203,12
nextstrain_tree_graph_300day,464,367250834_3,367264186_2,237,112.49700000008039,-124.50299999991961,124.50299999991961,38
nextstrain_tree_graph_300day,464,364337501_3,366933812_1,234,37.98600000001528,-196.01399999998472,196.01399999998472,33
nextstrain_tree_graph_300day,464,367255697_2,367559168_2,266,168.0150000000133,-97.98499999998671,97.98499999998671,42
nextstrain_tree_graph_300day,464,367609501_3,368816217_1,291,179.7030000000691,-111.2969999999309,111.2969999999309,48
nextstrain_tree_graph_300day,464,367250834_3,367567589_2,212,101.90474999999867,-110.09525000000133,110.09525000000133,36
nextstrain_tree_graph_300day,464,364358223_2,367260125_1,382,271.7460000000518,-110.25399999994818,110.25399999994818,58
nextstrain_tree_graph_300day,464,364377380_1,368645830_3,272,230.47275000003123,-41.527249999968774,41.527249999968774,42
nextstrain_tree_graph_300day,464,367255697_2,367644686_3,295,153.7702499999349,-141.2297500000651,141.2297500000651,43
nextstrain_tree_graph_300day,464,367550494_2,368819923_2,205,93.50400000003123,-111.49599999996877,111.49599999996877,35
nextstrain_tree_graph_300day,464,364331396_1,367260125_1,266,168.74550000007906,-97.25449999992094,97.25449999992094,43
nextstrain_tree_graph_300day,464,367567589_2,368124900_2,179,81.45074999998405,-97.54925000001595,97.54925000001595,26
nextstrain_tree_graph_300day,464,367516750_1,367609501_3,202,90.94725000000864,-111.05274999999136,111.05274999999136,34
nextstrain_tree_graph_300day,464,364371559_2,366327006_2,48,48.21300000010564,0.21300000010563735,0.21300000010563735,8
nextstrain_tree_graph_300day,464,364343972_2,367502594_2,191,149.38725000003853,-41.612749999961466,41.612749999961466,28
nextstrain_tree_graph_300day,464,367502594_2,367583054_2,227,132.95100000001196,-94.04899999998804,94.04899999998804,32
nextstrain_tree_graph_300day,464,367136581_2,367502594_2,349,234.1252500000279,-114.8747499999721,114.8747499999721,47
nextstrain_tree_graph_300day,464,364344177_2,366933812_1,134,92.04299999998273,-41.957000000017274,41.957000000017274,21
nextstrain_tree_graph_300day,464,367226044_2,367255473_2,199,157.05750000002325,-41.94249999997675,41.94249999997675,34
nextstrain_tree_graph_300day,464,367583054_2,367609501_3,192,85.8337500000465,-106.1662499999535,106.1662499999535,33
nextstrain_tree_graph_300day,464,364343972_2,367591183_3,104,62.092500000026575,-41.907499999973425,41.907499999973425,19
nextstrain_tree_graph_300day,464,367550494_2,368645830_3,139,32.87250000005315,-106.12749999994685,106.12749999994685,26
nextstrain_tree_graph_300day,464,368704651_1,368816217_1,312,35.7945000000671,-276.2054999999329,276.2054999999329,47
nextstrain_tree_graph_300day,464,364331396_1,368459775_2,190,91.67775000007441,-98.32224999992559,98.32224999992559,33
nextstrain_tree_graph_300day,464,367226044_2,368704651_1,241,199.06125000002658,-41.938749999973425,41.938749999973425,38
nextstrain_tree_graph_300day,464,364358223_2,367573925_4,395,283.79925000001595,-111.20074999998405,111.20074999998405,58
nextstrain_tree_graph_300day,464,364377380_1,367516750_1,283,241.43025000002126,-41.56974999997874,41.56974999997874,43
nextstrain_tree_graph_300day,464,364377380_1,367502594_2,356,314.48025000003787,-41.51974999996213,41.51974999996213,52
nextstrain_tree_graph_300day,464,367263986_2,368819923_2,217,66.84074999999734,-150.15925000000266,150.15925000000266,34
nextstrain_tree_graph_300day,464,364331396_1,367516750_1,181,82.91175000003255,-98.08824999996745,98.08824999996745,31
nextstrain_tree_graph_300day,464,367136581_2,367250834_3,165,64.28399999997475,-100.71600000002525,100.71600000002525,20
nextstrain_tree_graph_300day,464,366933812_1,367264186_2,215,89.48625000004319,-125.51374999995681,125.51374999995681,33
nextstrain_tree_graph_300day,464,367583054_2,367720948_4,219,176.78100000005514,-42.218999999944856,42.218999999944856,31
nextstrain_tree_graph_300day,464,367269089_2,368819923_2,216,128.56800000003255,-87.43199999996745,87.43199999996745,33
nextstrain_tree_graph_300day,464,366327006_2,367550494_2,100,59.9010000000784,-40.0989999999216,40.0989999999216,18
nextstrain_tree_graph_300day,464,367233670_1,368124900_2,268,156.6922500000319,-111.30774999996811,111.30774999996811,42
nextstrain_tree_graph_300day,464,367591183_3,367720948_4,279,167.64975000002192,-111.35024999997808,111.35024999997808,44
nextstrain_tree_graph_300day,464,367263986_2,368704651_1,221,70.85849999998538,-150.14150000001462,150.14150000001462,35
nextstrain_tree_graph_300day,464,364371559_2,368459775_2,147,67.93649999997143,-79.06350000002857,79.06350000002857,25
nextstrain_tree_graph_300day,464,366327006_2,366933812_1,153,111.03600000003189,-41.96399999996811,41.96399999996811,24
nextstrain_tree_graph_300day,464,367264186_2,368704651_1,249,43.09949999997741,-205.9005000000226,205.9005000000226,39
nextstrain_tree_graph_300day,464,364344177_2,368645830_3,98,56.24849999999867,-41.75150000000133,41.75150000000133,17
nextstrain_tree_graph_300day,464,364377380_1,368124900_2,353,311.19300000003255,-41.806999999967445,41.806999999967445,55
nextstrain_tree_graph_300day,464,364377380_1,367573925_4,381,339.3172500000319,-41.68274999996811,41.68274999996811,55
nextstrain_tree_graph_300day,464,367260125_1,367550494_2,235,124.55025000004451,-110.44974999995549,110.44974999995549,39
nextstrain_tree_graph_300day,464,364371559_2,368124900_2,206,128.93324999994087,-77.06675000005913,77.06675000005913,33
nextstrain_tree_graph_300day,465,361277328_2,361653080_1,193,171.3022500000186,-21.697749999981397,21.697749999981397,31
nextstrain_tree_graph_300day,465,367327901_2,367332588_4,386,331.2817500000558,-54.71824999994419,54.71824999994419,57
nextstrain_tree_graph_300day,465,365109138_4,367306202_2,218,178.2420000000206,-39.757999999979404,39.757999999979404,39
nextstrain_tree_graph_300day,465,365109138_4,368307530_2,233,204.90524999988838,-28.094750000111617,28.094750000111617,41
nextstrain_tree_graph_300day,465,361601064_2,367296669_2,256,79.9897500000186,-176.0102499999814,176.0102499999814,36
nextstrain_tree_graph_300day,465,361628564_4,367297183_2,336,105.19200000008703,-230.80799999991297,230.80799999991297,49
nextstrain_tree_graph_300day,465,365910730_1,367329515_1,227,171.3022500000186,-55.6977499999814,55.6977499999814,35
nextstrain_tree_graph_300day,465,365915460_2,367320650_3,191,107.38350000003521,-83.61649999996479,83.61649999996479,25
nextstrain_tree_graph_300day,465,367306202_2,367332333_3,104,48.21300000002259,-55.78699999997741,55.78699999997741,19
nextstrain_tree_graph_300day,465,367327901_2,367333790_2,318,136.96875000008305,-181.03124999991695,181.03124999991695,48
nextstrain_tree_graph_300day,465,367302923_2,367324586_1,227,172.3979999999927,-54.60200000000731,54.60200000000731,33
nextstrain_tree_graph_300day,465,365890813_2,368355210_2,248,192.48675000001595,-55.513249999984055,55.513249999984055,36
nextstrain_tree_graph_300day,465,365920949_3,368355210_2,140,27.0284999999422,-112.9715000000578,112.9715000000578,21
nextstrain_tree_graph_300day,465,365109138_4,365865491_2,273,70.1280000000857,-202.8719999999143,202.8719999999143,47
nextstrain_tree_graph_300day,465,361628564_4,365109138_4,316,85.10325000006378,-230.89674999993622,230.89674999993622,49
nextstrain_tree_graph_300day,465,367320954_3,367332588_4,357,267.72824999998073,-89.27175000001927,89.27175000001927,52
nextstrain_tree_graph_300day,465,365890813_2,367328824_2,187,131.4900000000465,-55.50999999995349,55.50999999995349,26
nextstrain_tree_graph_300day,465,361649912_2,367301599_3,145,61.36200000004385,-83.63799999995615,83.63799999995615,23
nextstrain_tree_graph_300day,465,361277328_2,367312648_2,202,134.4119999999774,-67.58800000002259,67.58800000002259,32
nextstrain_tree_graph_300day,465,361233179_1,367296669_2,291,233.39475000004518,-57.60524999995482,57.60524999995482,43
nextstrain_tree_graph_300day,465,361233179_1,361653080_1,175,153.40500000002658,-21.594999999973425,21.594999999973425,29
nextstrain_tree_graph_300day,465,365102332_2,367327818_2,181,121.62824999994751,-59.37175000005249,59.37175000005249,31
nextstrain_tree_graph_300day,465,367306202_2,367308106_3,227,157.42275000001462,-69.57724999998538,69.57724999998538,36
nextstrain_tree_graph_300day,465,367296669_2,367329381_2,218,140.62124999999668,-77.37875000000332,77.37875000000332,32
nextstrain_tree_graph_300day,465,367320954_3,367332333_3,221,169.47599999997874,-51.52400000002126,51.52400000002126,32
nextstrain_tree_graph_300day,465,365910730_1,367308887_1,243,204.17475000007175,-38.825249999928246,38.825249999928246,34
nextstrain_tree_graph_300day,465,366015494_4,367324586_1,360,304.6185000000219,-55.381499999978075,55.381499999978075,55
nextstrain_tree_graph_300day,465,367328824_2,367329381_2,42,4.017749999988041,-37.98225000001196,37.98225000001196,6
nextstrain_tree_graph_300day,465,367296669_2,368355210_2,275,60.99675000005249,-214.0032499999475,214.0032499999475,40
nextstrain_tree_graph_300day,465,361628564_4,365910730_1,314,55.88325000009036,-258.11674999990964,258.11674999990964,41
nextstrain_tree_graph_300day,465,361233179_1,361670662_2,269,213.30600000002192,-55.693999999978075,55.693999999978075,44
nextstrain_tree_graph_300day,465,361653080_1,365119092_1,191,27.0284999999422,-163.9715000000578,163.9715000000578,30
nextstrain_tree_graph_300day,465,361277328_2,367329381_2,189,133.31625000000332,-55.68374999999668,55.68374999999668,31
nextstrain_tree_graph_300day,465,361277328_2,365119092_1,244,188.10375000003654,-55.89624999996346,55.89624999996346,37
nextstrain_tree_graph_300day,465,365865491_2,367308106_3,310,252.38775000009434,-57.61224999990566,57.61224999990566,48
nextstrain_tree_graph_300day,465,363237790_3,367327818_2,233,173.85899999995814,-59.141000000041856,59.141000000041856,33
nextstrain_tree_graph_300day,465,365876384_1,367327818_2,120,82.18124999996678,-37.81875000003322,37.81875000003322,18
nextstrain_tree_graph_300day,465,367301599_3,367325721_1,268,178.97250000000332,-89.02749999999668,89.02749999999668,40
nextstrain_tree_graph_300day,465,367312648_2,368307530_2,128,83.64224999993223,-44.35775000006777,44.35775000006777,22
nextstrain_tree_graph_300day,465,361628564_4,365119092_1,237,187.0079999999794,-49.992000000020596,49.992000000020596,31
nextstrain_tree_graph_300day,465,365910730_1,367334084_3,279,95.33024999998804,-183.66975000001196,183.66975000001196,40
nextstrain_tree_graph_300day,465,363237790_3,367306202_2,235,195.4087500000299,-39.5912499999701,39.5912499999701,35
nextstrain_tree_graph_300day,465,367301599_3,367308106_3,303,211.84500000005647,-91.15499999994353,91.15499999994353,45
nextstrain_tree_graph_300day,465,363237790_3,365102332_2,304,101.17425000001595,-202.82574999998405,202.82574999998405,48
nextstrain_tree_graph_300day,465,367329381_2,367332588_4,234,178.2420000000206,-55.757999999979404,55.757999999979404,36
nextstrain_tree_graph_300day,465,367302923_2,367308887_1,125,71.2237500000598,-53.776249999940205,53.776249999940205,19
nextstrain_tree_graph_300day,465,361277328_2,367308106_3,316,224.62875000000332,-91.37124999999668,91.37124999999668,48
nextstrain_tree_graph_300day,465,367302923_2,367320650_3,117,66.11025000001462,-50.88974999998538,50.88974999998538,16
nextstrain_tree_graph_300day,465,365119092_1,365876384_1,211,161.07524999992825,-49.924750000071754,49.924750000071754,31
nextstrain_tree_graph_300day,465,365893410_1,367320635_2,275,223.53300000002923,-51.46699999997077,51.46699999997077,38
nextstrain_tree_graph_300day,465,361607543_3,367296669_2,341,283.4340000000246,-57.56599999997542,57.56599999997542,49
nextstrain_tree_graph_300day,465,361233179_1,365920949_3,200,145.3695000000505,-54.63049999994951,54.63049999994951,32
nextstrain_tree_graph_300day,465,361649912_2,367325721_1,205,117.61049999995947,-87.38950000004053,87.38950000004053,33
nextstrain_tree_graph_300day,465,367301599_3,367329515_1,149,97.88700000001063,-51.11299999998937,51.11299999998937,23
nextstrain_tree_graph_300day,465,367297183_2,367308887_1,229,218.4195000000671,-10.580499999932897,10.580499999932897,36
nextstrain_tree_graph_300day,465,367320650_3,367332588_4,251,161.44050000000266,-89.55949999999734,89.55949999999734,37
nextstrain_tree_graph_300day,465,365893410_1,367317946_2,180,134.04674999998605,-45.95325000001395,45.95325000001395,27
nextstrain_tree_graph_300day,465,361601064_2,367308887_1,141,102.27000000007308,-38.72999999992692,38.72999999992692,20
nextstrain_tree_graph_300day,465,367296669_2,367308887_1,239,182.25975000009169,-56.740249999908315,56.740249999908315,34
nextstrain_tree_graph_300day,465,367311306_2,367320650_3,159,73.05000000001661,-85.94999999998339,85.94999999998339,24
nextstrain_tree_graph_300day,465,367324586_1,367332333_3,225,169.47599999997874,-55.52400000002126,55.52400000002126,34
nextstrain_tree_graph_300day,465,367308887_1,367328824_2,99,60.26625000006976,-38.73374999993024,38.73374999993024,14
nextstrain_tree_graph_300day,465,365865781_1,367329515_1,122,70.85849999998538,-51.14150000001462,51.14150000001462,17
nextstrain_tree_graph_300day,465,361607543_3,367312090_1,277,187.73849999996213,-89.26150000003787,89.26150000003787,42
nextstrain_tree_graph_300day,465,361277328_2,367301599_3,221,71.2237500000598,-149.7762499999402,149.7762499999402,33
nextstrain_tree_graph_300day,465,365915460_2,367320635_2,290,240.69975000003853,-49.300249999961466,49.300249999961466,39
nextstrain_tree_graph_300day,465,361620105_3,367317946_2,152,105.92249999998671,-46.07750000001329,46.07750000001329,26
nextstrain_tree_graph_300day,465,365891963_2,367327818_2,147,91.3125,-55.6875,55.6875,24
nextstrain_tree_graph_300day,465,367297183_2,367308106_3,379,321.42000000003986,-57.57999999996014,57.57999999996014,59
nextstrain_tree_graph_300day,465,361653080_1,367308887_1,157,102.27000000007308,-54.72999999992692,54.72999999992692,26
nextstrain_tree_graph_300day,465,367324586_1,367327818_2,221,165.4582499999907,-55.5417500000093,55.5417500000093,33
nextstrain_tree_graph_300day,465,365929494_1,367302923_2,137,58.074750000038534,-78.92524999996147,78.92524999996147,19
nextstrain_tree_graph_300day,465,367301599_3,367329381_2,176,120.53250000005647,-55.46749999994353,55.46749999994353,28
nextstrain_tree_graph_300day,465,361277328_2,365102332_2,288,232.29899999998804,-55.70100000001196,55.70100000001196,49
nextstrain_tree_graph_300day,465,365893410_1,367332333_3,205,153.40500000002658,-51.594999999973425,51.594999999973425,29
nextstrain_tree_graph_300day,465,365119092_1,367308106_3,280,222.07200000006378,-57.92799999993622,57.92799999993622,41
nextstrain_tree_graph_300day,465,365865781_1,367311306_2,183,79.62450000002724,-103.37549999997276,103.37549999997276,25
nextstrain_tree_graph_300day,465,365865781_1,367320650_3,120,34.3335000000186,-85.6664999999814,85.6664999999814,15
nextstrain_tree_graph_300day,465,365920949_3,367328824_2,107,48.57825000001395,-58.42174999998605,58.42174999998605,15
nextstrain_tree_graph_300day,465,367320954_3,367329515_1,194,142.81274999994486,-51.187250000055144,51.187250000055144,29
nextstrain_tree_graph_300day,465,367306202_2,367327901_2,236,197.23500000006976,-38.76499999993024,38.76499999993024,36
nextstrain_tree_graph_300day,465,361670662_2,365893410_1,303,247.27425000004916,-55.725749999950835,55.725749999950835,46
nextstrain_tree_graph_300day,465,367329515_1,367332333_3,87,35.42924999999269,-51.57075000000731,51.57075000000731,15
nextstrain_tree_graph_300day,465,367296603_1,367297183_2,402,155.23125000006644,-246.76874999993356,246.76874999993356,65
nextstrain_tree_graph_300day,465,367327818_2,367328824_2,42,4.017749999988041,-37.98225000001196,37.98225000001196,5
nextstrain_tree_graph_300day,465,366015494_4,367332588_4,373,317.4022500000518,-55.59774999994818,55.59774999994818,57
nextstrain_tree_graph_300day,465,367308106_3,368307530_2,242,195.7739999999382,-46.22600000006179,46.22600000006179,38
nextstrain_tree_graph_300day,465,365102332_2,368355210_2,188,71.95424999995947,-116.04575000004053,116.04575000004053,32
nextstrain_tree_graph_300day,465,365865491_2,367324586_1,306,250.56150000005448,-55.43849999994552,55.43849999994552,47
nextstrain_tree_graph_300day,465,365893410_1,367329381_2,205,149.38725000003853,-55.612749999961466,55.612749999961466,31
nextstrain_tree_graph_300day,465,361628564_4,367332588_4,334,278.32050000006245,-55.67949999993755,55.67949999993755,47
nextstrain_tree_graph_300day,465,367308106_3,367327901_2,377,320.3242500000658,-56.675749999934226,56.675749999934226,56
nextstrain_tree_graph_300day,465,361670662_2,365109138_4,118,36.15974999997542,-81.84025000002458,81.84025000002458,19
nextstrain_tree_graph_300day,465,365102332_2,365119092_1,208,185.91224999992227,-22.087750000077733,22.087750000077733,34
nextstrain_tree_graph_300day,465,367308887_1,367320954_3,242,153.77025000001794,-88.22974999998206,88.22974999998206,36
nextstrain_tree_graph_300day,465,361649912_2,368307530_2,130,87.65999999992027,-42.340000000079726,42.340000000079726,24
nextstrain_tree_graph_300day,465,365876384_1,365910730_1,288,236.68199999996745,-51.318000000032555,51.318000000032555,41
nextstrain_tree_graph_300day,465,365865491_2,367317946_2,158,112.13175000000598,-45.86824999999402,45.86824999999402,27
nextstrain_tree_graph_300day,465,361277328_2,361607543_3,266,116.14949999999402,-149.85050000000598,149.85050000000598,40
nextstrain_tree_graph_300day,465,365890813_2,365929494_1,252,200.52225000007508,-51.477749999924924,51.477749999924924,34
nextstrain_tree_graph_300day,465,365929494_1,367328824_2,159,93.13874999995681,-65.86125000004319,65.86125000004319,24
nextstrain_tree_graph_300day,465,365102332_2,365109138_4,35,37.25549999994951,2.2554999999495067,2.2554999999495067,6
nextstrain_tree_graph_300day,465,361601064_2,367311306_2,226,170.2065000000445,-55.793499999955486,55.793499999955486,35
nextstrain_tree_graph_300day,465,361620105_3,368355210_2,234,178.2420000000206,-55.757999999979404,55.757999999979404,38
nextstrain_tree_graph_300day,465,365920949_3,367301599_3,205,150.48300000009567,-54.51699999990433,54.51699999990433,31
nextstrain_tree_graph_300day,465,361653080_1,367324586_1,259,203.44425000000598,-55.55574999999402,55.55574999999402,40
nextstrain_tree_graph_300day,465,361653080_1,365865781_1,153,131.4900000000465,-21.509999999953493,21.509999999953493,22
nextstrain_tree_graph_300day,465,365865781_1,367317946_2,124,78.16349999997874,-45.83650000002126,45.83650000002126,18
nextstrain_tree_graph_300day,465,365890813_2,367308887_1,212,123.81975000006179,-88.18024999993821,88.18024999993821,30
nextstrain_tree_graph_300day,465,365920949_3,368307530_2,128,100.80899999994153,-27.191000000058466,27.191000000058466,20
nextstrain_tree_graph_300day,465,365929494_1,367334084_3,228,162.17099999998538,-65.82900000001462,65.82900000001462,36
nextstrain_tree_graph_300day,465,361601064_2,367334084_3,177,27.028500000025247,-149.97149999997475,149.97149999997475,26
nextstrain_tree_graph_300day,465,365891963_2,367317946_2,122,75.97199999994751,-46.02800000005249,46.02800000005249,21
nextstrain_tree_graph_300day,465,363237790_3,367329381_2,233,173.85899999995814,-59.141000000041856,59.141000000041856,34
nextstrain_tree_graph_300day,465,367311306_2,367320954_3,255,102.6352499999814,-152.3647500000186,152.3647500000186,37
nextstrain_tree_graph_300day,465,361649912_2,367327901_2,265,212.21025000004784,-52.789749999952164,52.789749999952164,42
nextstrain_tree_graph_300day,465,361607543_3,367329515_1,194,142.81274999994486,-51.187250000055144,51.187250000055144,30
nextstrain_tree_graph_300day,465,367302923_2,368355210_2,161,96.06074999988772,-64.93925000011228,64.93925000011228,25
nextstrain_tree_graph_300day,465,367306202_2,367333790_2,168,112.13175000008903,-55.86824999991097,55.86824999991097,28
nextstrain_tree_graph_300day,465,361649912_2,361653080_1,117,97.1565000000279,-19.843499999972096,19.843499999972096,21
nextstrain_tree_graph_300day,465,367324586_1,368307530_2,238,193.94774999989835,-44.05225000010165,44.05225000010165,37
nextstrain_tree_graph_300day,465,361649912_2,367317946_2,88,43.82999999996014,-44.17000000003986,44.17000000003986,17
nextstrain_tree_graph_300day,465,361649912_2,365102332_2,212,158.15324999999734,-53.84675000000266,53.84675000000266,39
nextstrain_tree_graph_300day,465,361653080_1,367325721_1,228,172.3979999999927,-55.60200000000731,55.60200000000731,36
nextstrain_tree_graph_300day,465,365865491_2,366015494_4,278,75.24150000013088,-202.75849999986912,202.75849999986912,44
nextstrain_tree_graph_300day,465,365102332_2,367332333_3,201,135.1424999998771,-65.85750000012291,65.85750000012291,36
nextstrain_tree_graph_300day,465,365893410_1,367329515_1,178,126.74174999999269,-51.25825000000731,51.25825000000731,26
nextstrain_tree_graph_300day,465,367302923_2,367333790_2,140,107.0182499999608,-32.9817500000392,32.9817500000392,20
nextstrain_tree_graph_300day,465,367308887_1,367311306_2,209,120.53250000005647,-88.46749999994353,88.46749999994353,33
nextstrain_tree_graph_300day,465,361649912_2,367332333_3,113,63.188250000000664,-49.811749999999336,49.811749999999336,19
nextstrain_tree_graph_300day,465,365920949_3,366015494_4,222,109.20974999999203,-112.79025000000797,112.79025000000797,34
nextstrain_tree_graph_300day,465,361653080_1,361670662_2,234,168.01499999993024,-65.98500000006976,65.98500000006976,39
nextstrain_tree_graph_300day,465,365119092_1,367302923_2,159,47.847750000031226,-111.15224999996877,111.15224999996877,23
nextstrain_tree_graph_300day,465,367297183_2,367334084_3,301,109.57499999998339,-191.4250000000166,191.4250000000166,48
nextstrain_tree_graph_300day,465,361233179_1,367334084_3,236,180.43350000005182,-55.56649999994818,55.56649999994818,39
nextstrain_tree_graph_300day,465,365876384_1,368355210_2,213,153.7702499999349,-59.22975000006511,59.22975000006511,33
nextstrain_tree_graph_300day,465,365920949_3,367308106_3,254,197.23500000006976,-56.76499999993024,56.76499999993024,38
nextstrain_tree_graph_300day,465,365893410_1,367311306_2,239,109.20974999999203,-129.79025000000797,129.79025000000797,34
nextstrain_tree_graph_300day,465,361628564_4,365102332_2,281,50.03925000006245,-230.96074999993755,230.96074999993755,43
nextstrain_tree_graph_300day,465,365891963_2,366015494_4,286,230.47275000003123,-55.527249999968774,55.527249999968774,46
nextstrain_tree_graph_300day,465,367329515_1,367333790_2,151,99.34800000005913,-51.65199999994087,51.65199999994087,24
nextstrain_tree_graph_300day,465,366015494_4,367297183_2,15,14.975249999978075,-0.024750000021924734,0.024750000021924734,3
nextstrain_tree_graph_300day,465,367325721_1,367327901_2,342,287.4517500000126,-54.54824999998738,54.54824999998738,51
nextstrain_tree_graph_300day,465,363237790_3,365876384_1,307,248.00474999994884,-58.99525000005116,58.99525000005116,45
nextstrain_tree_graph_300day,465,367312090_1,367333790_2,222,166.18875000005647,-55.81124999994353,55.81124999994353,34
nextstrain_tree_graph_300day,465,367297183_2,368307530_2,253,224.99399999991164,-28.006000000088363,28.006000000088363,41
nextstrain_tree_graph_300day,465,361670662_2,365865781_1,247,191.39100000004186,-55.608999999958144,55.608999999958144,37
nextstrain_tree_graph_300day,465,367301599_3,368355210_2,233,177.51150000003787,-55.48849999996213,55.48849999996213,36
nextstrain_tree_graph_300day,465,367297183_2,367306202_2,238,198.33075000004385,-39.66924999995615,39.66924999995615,39
nextstrain_tree_graph_300day,465,367312090_1,368307530_2,171,126.74174999990964,-44.25825000009036,44.25825000009036,28
nextstrain_tree_graph_300day,465,366015494_4,367328824_2,217,157.78800000000598,-59.21199999999402,59.21199999999402,33
nextstrain_tree_graph_300day,465,361277328_2,367302923_2,191,140.25600000000532,-50.743999999994685,50.743999999994685,28
nextstrain_tree_graph_300day,465,363237790_3,367334084_3,298,106.65299999996944,-191.34700000003056,191.34700000003056,44
nextstrain_tree_graph_300day,465,361233179_1,367329515_1,144,92.77349999996545,-51.22650000003455,51.22650000003455,24
nextstrain_tree_graph_300day,465,367312090_1,368355210_2,211,155.2312499999834,-55.76875000001661,55.76875000001661,33
nextstrain_tree_graph_300day,465,361620105_3,361628564_4,277,221.34150000008106,-55.658499999918945,55.658499999918945,41
nextstrain_tree_graph_300day,465,365915460_2,365920949_3,249,196.50450000008703,-52.495499999912965,52.495499999912965,35
nextstrain_tree_graph_300day,465,367296669_2,367334084_3,283,98.98275000006777,-184.01724999993223,184.01724999993223,42
nextstrain_tree_graph_300day,465,365102332_2,367301599_3,275,219.5152500000412,-55.48474999995881,55.48474999995881,46
nextstrain_tree_graph_300day,465,361601064_2,367333790_2,204,29.9505000000392,-174.0494999999608,174.0494999999608,31
nextstrain_tree_graph_300day,465,367327818_2,367327901_2,234,175.685249999998,-58.31475000000199,58.31475000000199,34
nextstrain_tree_graph_300day,465,363237790_3,367320635_2,323,83.64225000001528,-239.35774999998472,239.35774999998472,47
nextstrain_tree_graph_300day,465,361607543_3,367325721_1,313,223.89824999993755,-89.10175000006245,89.10175000006245,47
nextstrain_tree_graph_300day,465,367329515_1,368355210_2,144,88.39049999998605,-55.60950000001395,55.60950000001395,25
nextstrain_tree_graph_300day,465,367312090_1,367327901_2,306,251.2920000000372,-54.707999999962794,54.707999999962794,46
nextstrain_tree_graph_300day,465,365893410_1,367297183_2,359,303.52275000004784,-55.477249999952164,55.477249999952164,55
nextstrain_tree_graph_300day,465,367296669_2,367328824_2,214,136.60350000000864,-77.39649999999136,77.39649999999136,30
nextstrain_tree_graph_300day,465,367317946_2,367329381_2,73,27.0284999999422,-45.9715000000578,45.9715000000578,14
nextstrain_tree_graph_300day,465,365910730_1,367332333_3,242,176.05049999990632,-65.94950000009368,65.94950000009368,36
nextstrain_tree_graph_300day,465,365915460_2,367332588_4,356,268.82400000003787,-87.17599999996213,87.17599999996213,50
nextstrain_tree_graph_300day,465,361233179_1,365929494_1,232,180.43350000005182,-51.56649999994818,51.56649999994818,35
nextstrain_tree_graph_300day,465,365891963_2,367312090_1,203,113.59274999997143,-89.40725000002857,89.40725000002857,32
nextstrain_tree_graph_300day,465,363237790_3,367324586_1,372,316.67174999998605,-55.32825000001395,55.32825000001395,54
nextstrain_tree_graph_300day,465,367302923_2,367327818_2,104,39.08174999990632,-64.91825000009368,64.91825000009368,16
nextstrain_tree_graph_300day,465,365865491_2,367312648_2,196,140.25600000008836,-55.74399999991164,55.74399999991164,32
nextstrain_tree_graph_300day,465,367302923_2,367329381_2,104,39.08174999990632,-64.91825000009368,64.91825000009368,17
nextstrain_tree_graph_300day,465,365929494_1,368355210_2,220,154.13549999992625,-65.86450000007375,65.86450000007375,34
nextstrain_tree_graph_300day,465,367327818_2,368307530_2,91,70.85849999990234,-20.141500000097665,20.141500000097665,14
nextstrain_tree_graph_300day,465,365119092_1,365910730_1,277,226.8202499999515,-50.1797500000485,50.1797500000485,38
nextstrain_tree_graph_300day,465,361601064_2,361628564_4,212,62.092500000026575,-149.90749999997342,149.90749999997342,27
nextstrain_tree_graph_300day,465,365920949_3,367312648_2,140,85.10325000006378,-54.89674999993622,54.89674999993622,22
nextstrain_tree_graph_300day,465,367296603_1,367332333_3,230,186.27749999991363,-43.72250000008637,43.72250000008637,37
nextstrain_tree_graph_300day,465,367332333_3,367332588_4,238,182.25975000000864,-55.74024999999136,55.74024999999136,36
nextstrain_tree_graph_300day,465,361670662_2,367312090_1,252,196.13925000001262,-55.86074999998738,55.86074999998738,40
nextstrain_tree_graph_300day,465,365893410_1,367312648_2,218,150.48300000001262,-67.51699999998738,67.51699999998738,32
nextstrain_tree_graph_300day,465,361628564_4,365865491_2,267,14.975249999978075,-252.02475000002192,252.02475000002192,38
nextstrain_tree_graph_300day,465,367311306_2,367317946_2,163,116.87999999997675,-46.12000000002325,46.12000000002325,27
nextstrain_tree_graph_300day,465,365910730_1,367312090_1,294,238.14300000001595,-55.856999999984055,55.856999999984055,43
nextstrain_tree_graph_300day,465,365920949_3,367333790_2,195,37.98600000001528,-157.01399999998472,157.01399999998472,30
nextstrain_tree_graph_300day,465,365102332_2,367325721_1,289,233.39474999996213,-55.60525000003787,55.60525000003787,48
nextstrain_tree_graph_300day,465,361277328_2,368307530_2,206,161.80574999991097,-44.19425000008903,44.19425000008903,34
nextstrain_tree_graph_300day,465,367312648_2,367320650_3,128,60.26624999998671,-67.73375000001329,67.73375000001329,20
nextstrain_tree_graph_300day,465,365876384_1,365890813_2,265,209.65350000002525,-55.34649999997475,55.34649999997475,39
nextstrain_tree_graph_300day,465,367301599_3,367332333_3,176,124.55025000004451,-51.449749999955486,51.449749999955486,26
nextstrain_tree_graph_300day,465,361653080_1,367311306_2,192,170.2065000000445,-21.793499999955486,21.793499999955486,31
nextstrain_tree_graph_300day,465,361607543_3,367332333_3,221,169.47599999997874,-51.52400000002126,51.52400000002126,33
nextstrain_tree_graph_300day,465,365890813_2,366015494_4,330,274.6680000000658,-55.331999999934226,55.331999999934226,49
nextstrain_tree_graph_300day,465,367311306_2,367325721_1,280,190.66049999997608,-89.33950000002392,89.33950000002392,43
nextstrain_tree_graph_300day,465,361653080_1,365929494_1,197,56.24849999999867,-140.75150000000133,140.75150000000133,30
nextstrain_tree_graph_300day,465,361607543_3,367333790_2,285,233.39475000004518,-51.60524999995482,51.60524999995482,42
nextstrain_tree_graph_300day,465,361653080_1,367327818_2,136,70.12799999991961,-65.87200000008039,65.87200000008039,23
nextstrain_tree_graph_300day,465,365910730_1,367302923_2,244,178.97249999992027,-65.02750000007973,65.02750000007973,35
nextstrain_tree_graph_300day,465,367320635_2,367332588_4,308,252.3877500000113,-55.612249999988705,55.612249999988705,45
nextstrain_tree_graph_300day,465,361233179_1,367306202_2,173,105.55724999999535,-67.44275000000465,67.44275000000465,30
nextstrain_tree_graph_300day,465,365876384_1,365920949_3,185,126.74174999999269,-58.25825000000731,58.25825000000731,28
nextstrain_tree_graph_300day,465,367332588_4,368355210_2,291,235.221000000002,-55.77899999999801,55.77899999999801,44
nextstrain_tree_graph_300day,465,367320635_2,367320650_3,185,133.31625000000332,-51.68374999999668,51.68374999999668,26
nextstrain_tree_graph_300day,465,367325721_1,367329515_1,179,111.76649999993157,-67.23350000006843,67.23350000006843,29
nextstrain_tree_graph_300day,465,367312648_2,367327901_2,263,208.1925000000598,-54.807499999940205,54.807499999940205,40
nextstrain_tree_graph_300day,465,365865781_1,367320954_3,200,112.8622499999887,-87.1377500000113,87.1377500000113,26
nextstrain_tree_graph_300day,465,365910730_1,365929494_1,303,237.0472499999588,-65.95275000004119,65.95275000004119,44
nextstrain_tree_graph_300day,465,365893410_1,367327901_2,357,302.42700000007375,-54.57299999992625,54.57299999992625,52
nextstrain_tree_graph_300day,465,367329515_1,368307530_2,104,59.9009999999123,-44.0990000000877,44.0990000000877,20
nextstrain_tree_graph_300day,465,367320635_2,367328824_2,168,92.77349999996545,-75.22650000003455,75.22650000003455,25
nextstrain_tree_graph_300day,465,361670662_2,367329515_1,185,129.29850000001528,-55.70149999998472,55.70149999998472,32
nextstrain_tree_graph_300day,465,367296603_1,367312090_1,304,248.37000000002325,-55.62999999997675,55.62999999997675,48
nextstrain_tree_graph_300day,465,365876384_1,367332588_4,308,252.3877500000113,-55.612249999988705,55.612249999988705,47
nextstrain_tree_graph_300day,465,361649912_2,365915460_2,189,107.38350000003521,-81.61649999996479,81.61649999996479,27
nextstrain_tree_graph_300day,465,367312090_1,367320650_3,171,81.45074999998405,-89.54925000001595,89.54925000001595,26
nextstrain_tree_graph_300day,465,365119092_1,367334084_3,202,151.94399999997808,-50.056000000021925,50.056000000021925,30
nextstrain_tree_graph_300day,465,366015494_4,367306202_2,223,183.35550000006577,-39.644499999934226,39.644499999934226,36
nextstrain_tree_graph_300day,465,361649912_2,363237790_3,264,210.38400000000797,-53.61599999999203,53.61599999999203,41
nextstrain_tree_graph_300day,465,361607543_3,361628564_4,321,265.53675000003255,-55.463249999967445,55.463249999967445,46
nextstrain_tree_graph_300day,465,361670662_2,367301599_3,274,218.4195000000671,-55.5804999999329,55.5804999999329,43
nextstrain_tree_graph_300day,465,361620105_3,367302923_2,179,128.2027500000412,-50.79724999995881,50.79724999995881,27
nextstrain_tree_graph_300day,465,367296669_2,367312090_1,240,216.22800000003588,-23.771999999964123,23.771999999964123,33
nextstrain_tree_graph_300day,465,367317946_2,367320650_3,90,43.82999999996014,-46.17000000003986,46.17000000003986,15
nextstrain_tree_graph_300day,465,367312090_1,367334084_3,219,163.26675000004252,-55.73324999995748,55.73324999995748,35
nextstrain_tree_graph_300day,465,365890813_2,367296669_2,311,253.48350000006843,-57.51649999993157,57.51649999993157,42
nextstrain_tree_graph_300day,465,367308887_1,367320650_3,136,47.48250000003986,-88.51749999996014,88.51749999996014,21
nextstrain_tree_graph_300day,465,367308887_1,367332333_3,123,68.30175000004584,-54.69824999995416,54.69824999995416,20
nextstrain_tree_graph_300day,465,365102332_2,367297183_2,139,57.34424999997276,-81.65575000002724,81.65575000002724,22
nextstrain_tree_graph_300day,465,363237790_3,367311306_2,339,283.4340000000246,-55.56599999997542,55.56599999997542,51
nextstrain_tree_graph_300day,465,361670662_2,367308887_1,173,162.17100000006843,-10.828999999931568,10.828999999931568,27
nextstrain_tree_graph_300day,465,367306202_2,367329515_1,89,15.705749999960801,-73.2942500000392,73.2942500000392,18
nextstrain_tree_graph_300day,465,367311306_2,367312090_1,244,154.50075000000066,-89.49924999999934,89.49924999999934,38
nextstrain_tree_graph_300day,465,361653080_1,367329381_2,136,70.12799999991961,-65.87200000008039,65.87200000008039,24
nextstrain_tree_graph_300day,465,365865491_2,367306202_2,169,129.29850000009833,-39.70149999990167,39.70149999990167,28
nextstrain_tree_graph_300day,465,361601064_2,367308106_3,263,205.27050000004584,-57.72949999995416,57.72949999995416,39
nextstrain_tree_graph_300day,465,365102332_2,367332588_4,333,277.2247500000053,-55.775249999994685,55.775249999994685,54
nextstrain_tree_graph_300day,465,366015494_4,367317946_2,212,166.18874999997342,-45.811250000026575,45.811250000026575,35
nextstrain_tree_graph_300day,465,361653080_1,367320954_3,225,203.44425000000598,-21.55574999999402,21.55574999999402,34
nextstrain_tree_graph_300day,465,361653080_1,367297183_2,290,224.2634999999289,-65.73650000007109,65.73650000007109,48
nextstrain_tree_graph_300day,465,361653080_1,366015494_4,275,209.28824999995084,-65.71175000004916,65.71175000004916,45
nextstrain_tree_graph_300day,465,361601064_2,367312090_1,192,136.23825000001727,-55.761749999982726,55.761749999982726,29
nextstrain_tree_graph_300day,465,361653080_1,363237790_3,287,221.34149999991496,-65.65850000008504,65.65850000008504,44
nextstrain_tree_graph_300day,465,365910730_1,366015494_4,361,130.02900000008106,-230.97099999991894,230.97099999991894,53
nextstrain_tree_graph_300day,465,365893410_1,367308887_1,226,137.69925000006577,-88.30074999993423,88.30074999993423,33
nextstrain_tree_graph_300day,465,363237790_3,368307530_2,250,222.07199999989768,-27.928000000102315,27.928000000102315,37
nextstrain_tree_graph_300day,465,367297183_2,367320650_3,269,213.30600000002192,-55.693999999978075,55.693999999978075,43
nextstrain_tree_graph_300day,465,361607543_3,365910730_1,361,305.34900000000465,-55.65099999999535,55.65099999999535,53
nextstrain_tree_graph_300day,465,365865491_2,365893410_1,290,234.49050000010232,-55.509499999897685,55.509499999897685,44
nextstrain_tree_graph_300day,465,365109138_4,367332588_4,368,312.28875000000664,-55.711249999993356,55.711249999993356,60
nextstrain_tree_graph_300day,465,361233179_1,367308887_1,192,103.73100000003853,-88.26899999996147,88.26899999996147,31
nextstrain_tree_graph_300day,465,361653080_1,367317946_2,111,65.01449999995748,-45.98550000004252,45.98550000004252,20
nextstrain_tree_graph_300day,465,361620105_3,365929494_1,238,186.27750000007973,-51.722499999920274,51.722499999920274,36
nextstrain_tree_graph_300day,465,361601064_2,367297183_2,274,116.14949999999402,-157.85050000000598,157.85050000000598,42
nextstrain_tree_graph_300day,465,367308106_3,367320635_2,299,241.43025000002126,-57.56974999997874,57.56974999997874,44
nextstrain_tree_graph_300day,465,365910730_1,367320635_2,312,72.31950000003388,-239.68049999996612,239.68049999996612,45
nextstrain_tree_graph_300day,465,365920949_3,367302923_2,133,69.03224999994552,-63.96775000005448,63.96775000005448,20
nextstrain_tree_graph_300day,465,367296603_1,368307530_2,265,220.9762499999236,-44.023750000076404,44.023750000076404,44
nextstrain_tree_graph_300day,465,367308106_3,367332333_3,229,171.3022500000186,-57.6977499999814,57.6977499999814,35
nextstrain_tree_graph_300day,465,361670662_2,367320954_3,319,263.34525000000133,-55.65474999999867,55.65474999999867,49
nextstrain_tree_graph_300day,465,361670662_2,367333790_2,264,81.81600000005847,-182.18399999994153,182.18399999994153,42
nextstrain_tree_graph_300day,465,367302923_2,367327901_2,256,192.12149999994153,-63.878500000058466,63.878500000058466,38
nextstrain_tree_graph_300day,465,363237790_3,367302923_2,255,190.29524999990167,-64.70475000009833,64.70475000009833,37
nextstrain_tree_graph_300day,465,365915460_2,367332333_3,220,170.57175000003588,-49.42824999996412,49.42824999996412,30
nextstrain_tree_graph_300day,465,361628564_4,368355210_2,239,73.05000000001661,-165.9499999999834,165.9499999999834,33
nextstrain_tree_graph_300day,465,367324586_1,367327901_2,373,318.4980000000259,-54.50199999997409,54.50199999997409,55
nextstrain_tree_graph_300day,465,367297183_2,367324586_1,375,319.59375,-55.40625,55.40625,58
nextstrain_tree_graph_300day,465,365865781_1,367296603_1,295,243.6217500000525,-51.37824999994751,51.37824999994751,43
nextstrain_tree_graph_300day,465,365920949_3,367296669_2,247,88.02524999999468,-158.97475000000532,158.97475000000532,35
nextstrain_tree_graph_300day,465,361601064_2,367312648_2,149,93.13875000003986,-55.86124999996014,55.86124999996014,23
nextstrain_tree_graph_300day,465,365891963_2,367332588_4,283,193.58249999999003,-89.41750000000997,89.41750000000997,43
nextstrain_tree_graph_300day,465,361628564_4,367327818_2,174,122.72400000000465,-51.27599999999535,51.27599999999535,22
nextstrain_tree_graph_300day,465,365102332_2,367329515_1,186,130.39424999998937,-55.60575000001063,55.60575000001063,35
nextstrain_tree_graph_300day,465,361277328_2,367320635_2,259,207.46199999999402,-51.53800000000598,51.53800000000598,38
nextstrain_tree_graph_300day,465,367325721_1,368307530_2,207,162.90149999988506,-44.09850000011494,44.09850000011494,33
nextstrain_tree_graph_300day,465,367329515_1,367334084_3,152,96.42600000004518,-55.57399999995482,55.57399999995482,27
nextstrain_tree_graph_300day,465,365910730_1,367317946_2,213,166.91924999995615,-46.08075000004385,46.08075000004385,32
nextstrain_tree_graph_300day,465,367317946_2,367327818_2,73,27.0284999999422,-45.9715000000578,45.9715000000578,13
nextstrain_tree_graph_300day,465,367312648_2,367324586_1,200,166.5539999999648,-33.44600000003521,33.44600000003521,29
nextstrain_tree_graph_300day,465,367320635_2,367333790_2,236,58.074750000038534,-177.92524999996147,177.92524999996147,34
nextstrain_tree_graph_300day,465,361607543_3,367320635_2,291,239.6039999999814,-51.3960000000186,51.3960000000186,42
nextstrain_tree_graph_300day,465,365119092_1,367312090_1,209,153.0397500000352,-55.96024999996479,55.96024999996479,31
nextstrain_tree_graph_300day,465,367308106_3,367333790_2,293,235.22100000008504,-57.77899999991496,57.77899999991496,44
nextstrain_tree_graph_300day,465,361277328_2,367311306_2,233,82.91175000003255,-150.08824999996745,150.08824999996745,36
nextstrain_tree_graph_300day,465,361653080_1,367327901_2,288,223.16774999995482,-64.83225000004518,64.83225000004518,45
nextstrain_tree_graph_300day,465,365109138_4,367312648_2,245,189.19950000001063,-55.80049999998937,55.80049999998937,43
nextstrain_tree_graph_300day,465,361277328_2,365891963_2,192,42.00375000000332,-149.99624999999668,149.99624999999668,30
nextstrain_tree_graph_300day,465,365865491_2,368307530_2,184,155.96174999996612,-28.038250000033884,28.038250000033884,30
nextstrain_tree_graph_300day,465,365876384_1,367329515_1,161,105.55724999999535,-55.44275000000465,55.44275000000465,28
nextstrain_tree_graph_300day,465,367312648_2,367320954_3,234,166.5539999999648,-67.44600000003521,67.44600000003521,35
nextstrain_tree_graph_300day,465,365915460_2,367296669_2,340,284.5297500000817,-55.47024999991828,55.47024999991828,46
nextstrain_tree_graph_300day,465,361601064_2,367320650_3,153,97.1565000000279,-55.843499999972096,55.843499999972096,23
nextstrain_tree_graph_300day,465,361277328_2,367308887_1,210,121.62825000003056,-88.37174999996944,88.37174999996944,33
nextstrain_tree_graph_300day,465,365109138_4,367297183_2,174,44.925749999934226,-129.07425000006577,129.07425000006577,28
nextstrain_tree_graph_300day,465,361277328_2,367312090_1,245,155.59649999997475,-89.40350000002525,89.40350000002525,38
nextstrain_tree_graph_300day,465,365915460_2,367296603_1,366,316.6717500000691,-49.328249999930904,49.328249999930904,53
nextstrain_tree_graph_300day,465,361628564_4,365890813_2,291,235.5862500000764,-55.413749999923596,55.413749999923596,39
nextstrain_tree_graph_300day,465,365102332_2,367312648_2,210,154.1355000000093,-55.8644999999907,55.8644999999907,37
nextstrain_tree_graph_300day,465,363237790_3,365893410_1,356,300.6007500000339,-55.399249999966116,55.399249999966116,51
nextstrain_tree_graph_300day,465,365109138_4,365890813_2,325,269.5545000000206,-55.445499999979404,55.445499999979404,52
nextstrain_tree_graph_300day,465,361628564_4,367334084_3,239,55.518000000015945,-183.48199999998405,183.48199999998405,33
nextstrain_tree_graph_300day,465,363237790_3,365910730_1,373,66.84074999999734,-306.15925000000266,306.15925000000266,52
nextstrain_tree_graph_300day,465,367297183_2,367328824_2,232,172.76324999998405,-59.236750000015945,59.236750000015945,36
nextstrain_tree_graph_300day,465,361607543_3,365102332_2,320,264.4409999999754,-55.55900000002458,55.55900000002458,53
nextstrain_tree_graph_300day,465,365915460_2,367324586_1,343,256.040250000008,-86.95974999999203,86.95974999999203,48
nextstrain_tree_graph_300day,465,361277328_2,365109138_4,323,267.36299999998937,-55.63700000001063,55.63700000001063,55
nextstrain_tree_graph_300day,465,365910730_1,367296603_1,388,65.74500000002325,-322.25499999997675,322.25499999997675,59
nextstrain_tree_graph_300day,465,363237790_3,367297183_2,359,156.32700000004053,-202.67299999995947,202.67299999995947,54
nextstrain_tree_graph_300day,465,365890813_2,365915460_2,83,47.11724999996545,-35.88275000003455,35.88275000003455,10
nextstrain_tree_graph_300day,465,361653080_1,367296603_1,282,220.24574999994087,-61.75425000005913,61.75425000005913,45
nextstrain_tree_graph_300day,465,361607543_3,365119092_1,276,220.24575000002392,-55.75424999997608,55.75424999997608,41
nextstrain_tree_graph_300day,465,365876384_1,367333790_2,240,164.72775000000797,-75.27224999999203,75.27224999999203,38
nextstrain_tree_graph_300day,465,367320650_3,367320954_3,192,106.28774999997808,-85.71225000002192,85.71225000002192,27
nextstrain_tree_graph_300day,465,365876384_1,367308887_1,177,138.4297500000485,-38.5702499999515,38.5702499999515,27
nextstrain_tree_graph_300day,465,367311306_2,367333790_2,252,200.1570000000837,-51.84299999991629,51.84299999991629,38
nextstrain_tree_graph_300day,465,367296603_1,367311306_2,334,282.3382500000505,-51.66174999994951,51.66174999994951,52
nextstrain_tree_graph_300day,465,361653080_1,365891963_2,151,129.29850000001528,-21.70149999998472,21.70149999998472,25
nextstrain_tree_graph_300day,465,361607543_3,365915460_2,287,159.6142499999628,-127.3857500000372,127.3857500000372,39
nextstrain_tree_graph_300day,465,367306202_2,367317946_2,75,28.85474999998206,-46.14525000001794,46.14525000001794,15
nextstrain_tree_graph_300day,465,361620105_3,367297183_2,331,275.3985000000485,-55.6014999999515,55.6014999999515,54
nextstrain_tree_graph_300day,465,367297183_2,367325721_1,344,288.5474999999867,-55.45250000001329,55.45250000001329,54
nextstrain_tree_graph_300day,465,361277328_2,365865781_1,194,80.72025000000133,-113.27974999999867,113.27974999999867,27
nextstrain_tree_graph_300day,465,367320650_3,367328824_2,111,55.15275000002458,-55.84724999997542,55.84724999997542,17
nextstrain_tree_graph_300day,465,361649912_2,365876384_1,187,133.31625000000332,-53.68374999999668,53.68374999999668,32
nextstrain_tree_graph_300day,465,367317946_2,367333790_2,141,94.96499999999668,-46.03500000000332,46.03500000000332,23
nextstrain_tree_graph_300day,465,361670662_2,365910730_1,320,88.75575000006046,-231.24424999993954,231.24424999993954,47
nextstrain_tree_graph_300day,465,367297183_2,367320635_2,326,86.56425000002923,-239.43574999997077,239.43574999997077,51
nextstrain_tree_graph_300day,465,361628564_4,367302923_2,204,139.16024999994818,-64.83975000005182,64.83975000005182,28
nextstrain_tree_graph_300day,465,363237790_3,366015494_4,344,141.35175000006245,-202.64824999993755,202.64824999993755,51
nextstrain_tree_graph_300day,465,365876384_1,368307530_2,165,145.00424999989303,-19.995750000106966,19.995750000106966,26
nextstrain_tree_graph_300day,465,367301599_3,367312648_2,189,121.62825000003056,-67.37174999996944,67.37174999996944,29
nextstrain_tree_graph_300day,465,367302923_2,367317946_2,79,33.96824999994419,-45.03175000005581,45.03175000005581,13
nextstrain_tree_graph_300day,465,361233179_1,361601064_2,209,153.40500000002658,-55.594999999973425,55.594999999973425,33
nextstrain_tree_graph_300day,465,367306202_2,367324586_1,223,155.59649999997475,-67.40350000002525,67.40350000002525,35
nextstrain_tree_graph_300day,465,365893410_1,367327818_2,205,149.38725000003853,-55.612749999961466,55.612749999961466,30
nextstrain_tree_graph_300day,465,361233179_1,365102332_2,270,214.401749999996,-55.598250000003986,55.598250000003986,47
nextstrain_tree_graph_300day,465,361607543_3,367308106_3,348,256.7707499999907,-91.2292500000093,91.2292500000093,52
nextstrain_tree_graph_300day,465,365891963_2,367320954_3,224,74.1457499999907,-149.8542500000093,149.8542500000093,33
nextstrain_tree_graph_300day,465,365929494_1,367296603_1,291,247.27424999996612,-43.725750000033884,43.725750000033884,45
nextstrain_tree_graph_300day,465,365865491_2,367325721_1,275,219.5152500000412,-55.48474999995881,55.48474999995881,43
nextstrain_tree_graph_300day,465,361601064_2,365893410_1,243,187.37325000005382,-55.626749999946185,55.626749999946185,35
nextstrain_tree_graph_300day,465,367312648_2,367320635_2,185,129.29850000001528,-55.70149999998472,55.70149999998472,28
nextstrain_tree_graph_300day,465,361620105_3,365910730_1,317,261.15375000005315,-55.84624999994685,55.84624999994685,48
nextstrain_tree_graph_300day,465,361628564_4,367296669_2,318,134.0467500000691,-183.9532499999309,183.9532499999309,43
nextstrain_tree_graph_300day,465,361670662_2,367332333_3,200,134.046749999903,-65.953250000097,65.953250000097,33
nextstrain_tree_graph_300day,465,365865491_2,367301599_3,261,205.63575000012025,-55.364249999879746,55.364249999879746,41
nextstrain_tree_graph_300day,465,367311306_2,367324586_1,311,221.70674999998937,-89.29325000001063,89.29325000001063,47
nextstrain_tree_graph_300day,465,365915460_2,368355210_2,277,223.53300000002923,-53.46699999997077,53.46699999997077,40
nextstrain_tree_graph_300day,465,365890813_2,367325721_1,283,193.9477499999814,-89.0522500000186,89.0522500000186,40
nextstrain_tree_graph_300day,465,365891963_2,367302923_2,149,98.252250000002,-50.74774999999801,50.74774999999801,22
nextstrain_tree_graph_300day,465,365876384_1,367327901_2,308,249.8309999999887,-58.169000000011295,58.169000000011295,46
nextstrain_tree_graph_300day,465,365920949_3,367320954_3,250,195.4087500000299,-54.5912499999701,54.5912499999701,37
nextstrain_tree_graph_300day,465,361670662_2,367327818_2,180,120.53249999997342,-59.467500000026575,59.467500000026575,28
nextstrain_tree_graph_300day,465,361233179_1,367320954_3,248,98.252250000002,-149.747749999998,149.747749999998,37
nextstrain_tree_graph_300day,465,361233179_1,367308106_3,298,206.7315000000113,-91.2684999999887,91.2684999999887,46
nextstrain_tree_graph_300day,465,361233179_1,367328824_2,167,111.40125000002325,-55.59874999997675,55.59874999997675,27
nextstrain_tree_graph_300day,465,367308887_1,367329515_1,108,41.63850000001196,-66.36149999998804,66.36149999998804,19
nextstrain_tree_graph_300day,465,367296669_2,367333790_2,286,84.372749999998,-201.627250000002,201.627250000002,41
nextstrain_tree_graph_300day,465,361628564_4,367312648_2,211,155.23125000006644,-55.76874999993356,55.76874999993356,30
nextstrain_tree_graph_300day,465,361620105_3,367327818_2,177,121.2630000000392,-55.7369999999608,55.7369999999608,29
nextstrain_tree_graph_300day,465,361653080_1,367328824_2,132,66.11024999993157,-65.88975000006843,65.88975000006843,22
nextstrain_tree_graph_300day,465,365929494_1,367320954_3,282,230.47275000003123,-51.527249999968774,51.527249999968774,40
nextstrain_tree_graph_300day,465,365109138_4,367296603_1,382,135.14250000004319,-246.85749999995681,246.85749999995681,65
nextstrain_tree_graph_300day,465,367334084_3,368355210_2,204,37.98600000001528,-166.01399999998472,166.01399999998472,32
nextstrain_tree_graph_300day,465,361233179_1,367329381_2,171,115.4190000000113,-55.580999999988705,55.580999999988705,29
nextstrain_tree_graph_300day,465,361653080_1,367306202_2,138,82.18125000004983,-55.81874999995017,55.81874999995017,25
nextstrain_tree_graph_300day,465,365119092_1,366015494_4,248,226.08974999996877,-21.910250000031226,21.910250000031226,37
nextstrain_tree_graph_300day,465,361233179_1,367302923_2,173,122.35875000001329,-50.64124999998671,50.64124999998671,26
nextstrain_tree_graph_300day,465,365865781_1,367332588_4,285,195.77400000002126,-89.22599999997874,89.22599999997874,40
nextstrain_tree_graph_300day,465,361277328_2,367333790_2,253,201.2527500000578,-51.7472499999422,51.7472499999422,38
nextstrain_tree_graph_300day,465,365891963_2,367328824_2,143,87.29475000001196,-55.70524999998804,55.70524999998804,23
nextstrain_tree_graph_300day,465,365929494_1,367329515_1,148,96.42600000004518,-51.57399999995482,51.57399999995482,23
nextstrain_tree_graph_300day,465,367324586_1,367325721_1,111,31.046250000013288,-79.95374999998671,79.95374999998671,16
nextstrain_tree_graph_300day,465,365910730_1,368355210_2,279,112.8622499999887,-166.1377500000113,166.1377500000113,40
nextstrain_tree_graph_300day,465,365865781_1,367308887_1,170,81.81600000005847,-88.18399999994153,88.18399999994153,24
nextstrain_tree_graph_300day,465,361601064_2,366015494_4,259,101.17425000001595,-157.82574999998405,157.82574999998405,39
nextstrain_tree_graph_300day,465,365891963_2,367308887_1,168,79.62450000002724,-88.37549999997276,88.37549999997276,27
nextstrain_tree_graph_300day,465,361233179_1,365865491_2,256,200.52225000007508,-55.477749999924924,55.477749999924924,42
nextstrain_tree_graph_300day,465,365119092_1,367325721_1,245,189.19950000001063,-55.80049999998937,55.80049999998937,36
nextstrain_tree_graph_300day,465,361653080_1,367296669_2,256,188.1037499999535,-67.8962500000465,67.8962500000465,38
nextstrain_tree_graph_300day,465,365891963_2,367320635_2,217,165.4582499999907,-51.5417500000093,51.5417500000093,32
nextstrain_tree_graph_300day,465,365102332_2,367317946_2,172,126.01124999992692,-45.98875000007308,45.98875000007308,32
nextstrain_tree_graph_300day,465,365119092_1,367327901_2,235,239.96924999997276,4.96924999997276,4.96924999997276,33
nextstrain_tree_graph_300day,465,367320954_3,367328824_2,217,161.44050000000266,-55.55949999999734,55.55949999999734,32
nextstrain_tree_graph_300day,465,365109138_4,367320635_2,306,66.47550000000598,-239.52449999999402,239.52449999999402,51
nextstrain_tree_graph_300day,465,361620105_3,367320650_3,148,62.092500000026575,-85.90749999997342,85.90749999997342,23
nextstrain_tree_graph_300day,465,361670662_2,367332588_4,332,276.1290000000312,-55.870999999968774,55.870999999968774,51
nextstrain_tree_graph_300day,465,361620105_3,361670662_2,275,219.15000000004983,-55.84999999995017,55.84999999995017,45
nextstrain_tree_graph_300day,465,365890813_2,367320635_2,261,209.65350000002525,-51.34649999997475,51.34649999997475,35
nextstrain_tree_graph_300day,465,365865781_1,367312090_1,205,115.78425000000266,-89.21574999999734,89.21574999999734,29
nextstrain_tree_graph_300day,465,367332333_3,368307530_2,119,74.87624999989038,-44.123750000109624,44.123750000109624,21
nextstrain_tree_graph_300day,465,365119092_1,365891963_2,202,146.10000000003322,-55.89999999996678,55.89999999996678,31
nextstrain_tree_graph_300day,465,361277328_2,367328824_2,185,129.29850000001528,-55.70149999998472,55.70149999998472,29
nextstrain_tree_graph_300day,465,361233179_1,367301599_3,203,53.32650000006777,-149.67349999993223,149.67349999993223,31
nextstrain_tree_graph_300day,465,361607543_3,367327818_2,221,165.4582499999907,-55.5417500000093,55.5417500000093,34
nextstrain_tree_graph_300day,465,365915460_2,367301599_3,242,114.68850000002857,-127.31149999997143,127.31149999997143,32
nextstrain_tree_graph_300day,465,365891963_2,367297183_2,301,245.4480000000093,-55.5519999999907,55.5519999999907,49
nextstrain_tree_graph_300day,465,367306202_2,367312090_1,156,88.39049999998605,-67.60950000001395,67.60950000001395,26
nextstrain_tree_graph_300day,465,366015494_4,367308887_1,214,203.44425000008903,-10.555749999910972,10.555749999910972,33
nextstrain_tree_graph_300day,465,361601064_2,367332333_3,140,74.14574999990765,-65.85425000009235,65.85425000009235,22
nextstrain_tree_graph_300day,465,361607543_3,365865781_1,216,112.8622499999887,-103.1377500000113,103.1377500000113,29
nextstrain_tree_graph_300day,465,367302923_2,367312648_2,117,62.092500000026575,-54.907499999973425,54.907499999973425,18
nextstrain_tree_graph_300day,465,361233179_1,365915460_2,247,109.57499999998339,-137.4250000000166,137.4250000000166,35
nextstrain_tree_graph_300day,465,365119092_1,367296669_2,273,204.90524999997143,-68.09475000002857,68.09475000002857,38
nextstrain_tree_graph_300day,465,361628564_4,365920949_3,211,70.12800000000266,-140.87199999999734,140.87199999999734,28
nextstrain_tree_graph_300day,465,367320635_2,368355210_2,229,47.11724999996545,-181.88275000003455,181.88275000003455,35
nextstrain_tree_graph_300day,465,361277328_2,367332588_4,325,235.58624999999336,-89.41375000000664,89.41375000000664,49
nextstrain_tree_graph_300day,465,365865781_1,367329381_2,149,93.50400000003123,-55.495999999968774,55.495999999968774,22
nextstrain_tree_graph_300day,465,361620105_3,367301599_3,115,29.950500000122247,-85.04949999987775,85.04949999987775,18
nextstrain_tree_graph_300day,465,365102332_2,365920949_3,182,69.03224999994552,-112.96775000005448,112.96775000005448,31
nextstrain_tree_graph_300day,465,361277328_2,367320650_3,160,74.1457499999907,-85.8542500000093,85.8542500000093,24
nextstrain_tree_graph_300day,465,367325721_1,368355210_2,247,191.3909999999588,-55.60900000004119,55.60900000004119,38
nextstrain_tree_graph_300day,465,365890813_2,365920949_3,220,165.45825000007375,-54.54174999992625,54.54174999992625,31
nextstrain_tree_graph_300day,465,365876384_1,367308106_3,299,241.43025000002126,-57.56974999997874,57.56974999997874,46
nextstrain_tree_graph_300day,465,361607543_3,365920949_3,250,195.4087500000299,-54.5912499999701,54.5912499999701,38
nextstrain_tree_graph_300day,465,365920949_3,367312090_1,183,128.2027500000412,-54.79724999995881,54.79724999995881,28
nextstrain_tree_graph_300day,465,361620105_3,367334084_3,242,186.27750000007973,-55.722499999920274,55.722499999920274,40
nextstrain_tree_graph_300day,465,367320954_3,367324586_1,344,254.94449999995084,-89.05550000004916,89.05550000004916,50
nextstrain_tree_graph_300day,465,361628564_4,361653080_1,236,170.20649999996147,-65.79350000003853,65.79350000003853,35
nextstrain_tree_graph_300day,465,361601064_2,361607543_3,259,203.44425000000598,-55.55574999999402,55.55574999999402,39
nextstrain_tree_graph_300day,465,361620105_3,367329381_2,177,121.2630000000392,-55.7369999999608,55.7369999999608,30
nextstrain_tree_graph_300day,465,361670662_2,368307530_2,197,168.74549999991297,-28.254500000087035,28.254500000087035,32
nextstrain_tree_graph_300day,465,361607543_3,368355210_2,278,222.4372499999721,-55.562750000027904,55.562750000027904,43
nextstrain_tree_graph_300day,465,361607543_3,367302923_2,223,172.3979999999927,-50.60200000000731,50.60200000000731,32
nextstrain_tree_graph_300day,465,365910730_1,367324586_1,361,305.34900000000465,-55.65099999999535,55.65099999999535,52
nextstrain_tree_graph_300day,465,361620105_3,361649912_2,146,62.092500000026575,-83.90749999997342,83.90749999997342,25
nextstrain_tree_graph_300day,465,361607543_3,367328824_2,217,161.44050000000266,-55.55949999999734,55.55949999999734,33
nextstrain_tree_graph_300day,465,361607543_3,367317946_2,196,150.1177499999382,-45.88225000006179,45.88225000006179,31
nextstrain_tree_graph_300day,465,365893410_1,367296603_1,351,299.5050000000598,-51.494999999940205,51.494999999940205,52
nextstrain_tree_graph_300day,465,361649912_2,367296669_2,233,177.1462500000465,-55.85374999995349,55.85374999995349,35
nextstrain_tree_graph_300day,465,367324586_1,367333790_2,289,233.39475000004518,-55.60524999995482,55.60524999995482,43
nextstrain_tree_graph_300day,465,365865781_1,367297183_2,303,247.63950000004053,-55.36049999995947,55.36049999995947,46
nextstrain_tree_graph_300day,465,367320954_3,368307530_2,238,193.94774999989835,-44.05225000010165,44.05225000010165,37
nextstrain_tree_graph_300day,465,367296603_1,367306202_2,250,194.3130000000558,-55.68699999994419,55.68699999994419,42
nextstrain_tree_graph_300day,465,367301599_3,368307530_2,193,149.02199999996412,-43.97800000003588,43.97800000003588,31
nextstrain_tree_graph_300day,465,361649912_2,367324586_1,236,148.65674999997276,-87.34325000002724,87.34325000002724,37
nextstrain_tree_graph_300day,465,365920949_3,367327818_2,111,52.59600000000199,-58.40399999999801,58.40399999999801,16
nextstrain_tree_graph_300day,465,367328824_2,368307530_2,87,66.8407499999143,-20.159250000085706,20.159250000085706,13
nextstrain_tree_graph_300day,465,361277328_2,367306202_2,191,123.45449999998738,-67.54550000001262,67.54550000001262,32
nextstrain_tree_graph_300day,465,365119092_1,367320650_3,170,113.95800000004584,-56.04199999995416,56.04199999995416,25
nextstrain_tree_graph_300day,465,361233179_1,361649912_2,140,56.24849999999867,-83.75150000000133,83.75150000000133,24
nextstrain_tree_graph_300day,465,365119092_1,368307530_2,154,125.64599999993555,-28.354000000064445,28.354000000064445,23
nextstrain_tree_graph_300day,465,361670662_2,367320635_2,270,30.31575000003056,-239.68424999996944,239.68424999996944,42
nextstrain_tree_graph_300day,465,365109138_4,367302923_2,238,173.12849999989237,-64.87150000010763,64.87150000010763,41
nextstrain_tree_graph_300day,465,361670662_2,365876384_1,254,194.67824999996412,-59.32175000003588,59.32175000003588,40
nextstrain_tree_graph_300day,465,361601064_2,368355210_2,177,18.992999999966116,-158.00700000003388,158.00700000003388,26
nextstrain_tree_graph_300day,465,361607543_3,361670662_2,319,263.34525000000133,-55.65474999999867,55.65474999999867,50
nextstrain_tree_graph_300day,465,365910730_1,367320650_3,255,199.06125000002658,-55.938749999973425,55.938749999973425,37
nextstrain_tree_graph_300day,465,367301599_3,367311306_2,126,30.681000000021925,-95.31899999997808,95.31899999997808,19
nextstrain_tree_graph_300day,465,367327818_2,367333790_2,166,90.58200000001727,-75.41799999998273,75.41799999998273,26
nextstrain_tree_graph_300day,465,363237790_3,367308106_3,376,318.4980000000259,-57.50199999997409,57.50199999997409,55
nextstrain_tree_graph_300day,465,365910730_1,367320954_3,361,305.34900000000465,-55.65099999999535,55.65099999999535,52
nextstrain_tree_graph_300day,465,365893410_1,365920949_3,234,179.33775000007773,-54.66224999992227,54.66224999992227,34
nextstrain_tree_graph_300day,465,361233179_1,366015494_4,310,254.57925000004252,-55.42074999995748,55.42074999995748,50
nextstrain_tree_graph_300day,465,367327901_2,367328824_2,230,171.66750000000997,-58.332499999990034,58.332499999990034,33
nextstrain_tree_graph_300day,465,361607543_3,363237790_3,372,316.67174999998605,-55.32825000001395,55.32825000001395,55
nextstrain_tree_graph_300day,465,365876384_1,367311306_2,262,206.36625000001993,-55.63374999998007,55.63374999998007,42
nextstrain_tree_graph_300day,465,365929494_1,367301599_3,237,185.547000000097,-51.452999999903,51.452999999903,34
nextstrain_tree_graph_300day,465,361620105_3,365920949_3,206,151.2135000000784,-54.7864999999216,54.7864999999216,33
nextstrain_tree_graph_300day,465,367308106_3,367329381_2,225,167.28450000003056,-57.71549999996944,57.71549999996944,35
nextstrain_tree_graph_300day,465,367306202_2,367329381_2,76,44.19525000003455,-31.804749999965452,31.804749999965452,13
nextstrain_tree_graph_300day,465,367320954_3,367329381_2,221,165.4582499999907,-55.5417500000093,55.5417500000093,34
nextstrain_tree_graph_300day,465,365920949_3,367320650_3,144,89.12100000005182,-54.87899999994818,54.87899999994818,22
nextstrain_tree_graph_300day,465,365920949_3,367320635_2,201,44.1952499999515,-156.8047500000485,156.8047500000485,30
nextstrain_tree_graph_300day,465,365920949_3,367297183_2,237,124.1849999999701,-112.8150000000299,112.8150000000299,37
nextstrain_tree_graph_300day,465,367306202_2,368307530_2,93,72.6847499999422,-20.3152500000578,20.3152500000578,16
nextstrain_tree_graph_300day,465,361233179_1,365865781_1,176,62.8230000000093,-113.1769999999907,113.1769999999907,25
nextstrain_tree_graph_300day,465,365865781_1,367325721_1,241,151.94399999997808,-89.05600000002192,89.05600000002192,34
nextstrain_tree_graph_300day,465,365865491_2,365876384_1,241,181.89450000001727,-59.105499999982726,59.105499999982726,38
nextstrain_tree_graph_300day,465,367308106_3,367332588_4,25,29.220000000056473,4.220000000056473,4.220000000056473,5
nextstrain_tree_graph_300day,465,365920949_3,367334084_3,176,35.06400000000133,-140.93599999999867,140.93599999999867,27
nextstrain_tree_graph_300day,465,365865491_2,367296603_1,333,65.01449999995748,-267.9855000000425,267.9855000000425,54
nextstrain_tree_graph_300day,465,365109138_4,367296669_2,352,168.0150000000133,-183.9849999999867,183.9849999999867,56
nextstrain_tree_graph_300day,465,361233179_1,361620105_3,204,54.05700000005049,-149.9429999999495,149.9429999999495,33
nextstrain_tree_graph_300day,465,361277328_2,365929494_1,250,198.33075000004385,-51.66924999995615,51.66924999995615,37
nextstrain_tree_graph_300day,465,367320650_3,367325721_1,207,117.61049999995947,-89.38950000004053,89.38950000004053,31
nextstrain_tree_graph_300day,465,366015494_4,367333790_2,305,123.08925000007906,-181.91074999992094,181.91074999992094,48
nextstrain_tree_graph_300day,465,361277328_2,361601064_2,227,171.3022500000186,-55.6977499999814,55.6977499999814,35
nextstrain_tree_graph_300day,465,365119092_1,365893410_1,260,204.17475000007175,-55.825249999928246,55.825249999928246,37
nextstrain_tree_graph_300day,465,365109138_4,365865781_1,283,227.55075000001727,-55.449249999982726,55.449249999982726,46
nextstrain_tree_graph_300day,465,365890813_2,367332333_3,191,139.5255000000226,-51.47449999997741,51.47449999997741,26
nextstrain_tree_graph_300day,465,365109138_4,365920949_3,217,104.09624999994685,-112.90375000005315,112.90375000005315,37
nextstrain_tree_graph_300day,465,365876384_1,367317946_2,147,101.1742499999329,-45.8257500000671,45.8257500000671,25
nextstrain_tree_graph_300day,465,365109138_4,365119092_1,243,220.9762499999236,-22.023750000076404,22.023750000076404,40
nextstrain_tree_graph_300day,465,361649912_2,365890813_2,160,76.33725000002192,-83.66274999997808,83.66274999997808,23
nextstrain_tree_graph_300day,465,361670662_2,367296603_1,346,98.98275000006777,-247.01724999993223,247.01724999993223,56
nextstrain_tree_graph_300day,465,361653080_1,365920949_3,165,100.07849999995881,-64.92150000004119,64.92150000004119,27
nextstrain_tree_graph_300day,465,365865491_2,365910730_1,307,54.78749999995017,-252.21250000004983,252.21250000004983,45
nextstrain_tree_graph_300day,465,365876384_1,367306202_2,150,118.34100000002525,-31.658999999974753,31.658999999974753,24
nextstrain_tree_graph_300day,465,366015494_4,368355210_2,228,112.13175000000598,-115.86824999999402,115.86824999999402,35
nextstrain_tree_graph_300day,465,366015494_4,367327901_2,345,143.17800000010232,-201.82199999989768,201.82199999989768,52
nextstrain_tree_graph_300day,465,365102332_2,367312090_1,253,197.2349999999867,-55.76500000001329,55.76500000001329,43
nextstrain_tree_graph_300day,465,367324586_1,368355210_2,278,222.4372499999721,-55.562750000027904,55.562750000027904,42
nextstrain_tree_graph_300day,465,361620105_3,361653080_1,181,159.24900000005448,-21.75099999994552,21.75099999994552,30
nextstrain_tree_graph_300day,465,361670662_2,363237790_3,303,100.07850000004186,-202.92149999995814,202.92149999995814,45
nextstrain_tree_graph_300day,465,365119092_1,367312648_2,166,109.9402500000578,-56.0597499999422,56.0597499999422,25
nextstrain_tree_graph_300day,465,367296603_1,367329381_2,248,172.76324999998405,-75.23675000001595,75.23675000001595,41
nextstrain_tree_graph_300day,474,367774928_1,367828792_2,171,147.19575000009036,-23.804249999909644,23.804249999909644,28
nextstrain_tree_graph_300day,474,367851341_3,368756055_3,210,186.27749999999668,-23.722500000003322,23.722500000003322,33
nextstrain_tree_graph_300day,474,367745081_3,368795331_2,410,387.5302500000545,-22.46974999994552,22.46974999994552,60
nextstrain_tree_graph_300day,474,366870976_1,368775042_2,152,128.20275000012424,-23.79724999987576,23.79724999987576,24
nextstrain_tree_graph_300day,474,367736163_2,368695032_1,148,130.39425000007242,-17.605749999927582,17.605749999927582,23
nextstrain_tree_graph_300day,474,367754464_2,368518447_2,82,59.17050000009567,-22.82949999990433,22.82949999990433,13
nextstrain_tree_graph_300day,474,367662389_2,367795026_2,163,139.16025000003123,-23.839749999968774,23.839749999968774,24
nextstrain_tree_graph_300day,474,366878129_2,367745081_3,290,120.16724999998206,-169.83275000001794,169.83275000001794,40
nextstrain_tree_graph_300day,474,367750582_2,368778817_2,185,169.11075000007042,-15.889249999929575,15.889249999929575,26
nextstrain_tree_graph_300day,474,367523546_1,368447320_2,168,145.00425000005913,-22.99574999994087,22.99574999994087,26
nextstrain_tree_graph_300day,474,368427274_2,368653625_2,327,249.8309999999887,-77.1690000000113,77.1690000000113,50
nextstrain_tree_graph_300day,474,366985143_3,367740361_3,213,157.42274999993157,-55.57725000006843,55.57725000006843,31
nextstrain_tree_graph_300day,474,368402125_2,368775042_2,262,238.50825000009036,-23.491749999909644,23.491749999909644,39
nextstrain_tree_graph_300day,474,366896447_1,367720936_3,247,223.16775000012092,-23.83224999987908,23.83224999987908,38
nextstrain_tree_graph_300day,474,367833948_1,368447320_2,140,84.372749999998,-55.62725000000199,55.62725000000199,23
nextstrain_tree_graph_300day,474,368447320_2,368812342_3,189,165.09300000008238,-23.906999999917616,23.906999999917616,29
nextstrain_tree_graph_300day,474,367828792_2,368442408_2,172,152.30925000013553,-19.690749999864465,19.690749999864465,27
nextstrain_tree_graph_300day,474,368331369_4,368450254_1,259,235.221000000002,-23.778999999998007,23.778999999998007,40
nextstrain_tree_graph_300day,474,367721321_4,367795026_2,220,196.13925000001262,-23.860749999987377,23.860749999987377,32
nextstrain_tree_graph_300day,474,367828792_2,368458593_2,230,192.486750000099,-37.51324999990101,37.51324999990101,35
nextstrain_tree_graph_300day,474,368413870_2,368442408_2,243,125.28075000002724,-117.71924999997276,117.71924999997276,37
nextstrain_tree_graph_300day,474,367750348_2,368402125_2,229,205.27050000004584,-23.729499999954157,23.729499999954157,35
nextstrain_tree_graph_300day,474,367843453_4,368653625_2,389,365.6152500000744,-23.38474999992559,23.38474999992559,58
nextstrain_tree_graph_300day,474,368653625_2,368795331_2,397,322.8810000000053,-74.11899999999468,74.11899999999468,60
nextstrain_tree_graph_300day,474,366865323_1,367740361_3,129,105.19200000008703,-23.807999999912965,23.807999999912965,20
nextstrain_tree_graph_300day,474,367739502_2,367741592_2,348,318.1327500001176,-29.867249999882404,29.867249999882404,53
nextstrain_tree_graph_300day,474,367744828_3,368318632_1,195,170.93700000002724,-24.06299999997276,24.06299999997276,31
nextstrain_tree_graph_300day,474,367740571_1,367841262_3,244,214.401749999996,-29.598250000003986,29.598250000003986,34
nextstrain_tree_graph_300day,474,367754684_4,367851341_3,354,164.36249999993356,-189.63750000006644,189.63750000006644,54
nextstrain_tree_graph_300day,474,367830220_3,368621213_2,214,189.9300000000764,-24.069999999923596,24.069999999923596,31
nextstrain_tree_graph_300day,474,367713378_2,367828792_2,93,55.51800000009899,-37.48199999990101,37.48199999990101,16
nextstrain_tree_graph_300day,474,367745602_2,368545973_4,176,151.94400000006112,-24.055999999938876,24.055999999938876,23
nextstrain_tree_graph_300day,474,366985143_3,367613404_2,236,160.34474999994552,-75.65525000005448,75.65525000005448,33
nextstrain_tree_graph_300day,474,366985143_3,367754464_2,195,157.42275000001462,-37.57724999998538,37.57724999998538,31
nextstrain_tree_graph_300day,474,367852099_2,368450254_1,129,105.19200000000399,-23.807999999996014,23.807999999996014,19
nextstrain_tree_graph_300day,474,367744510_3,367810472_3,219,195.04350000012158,-23.956499999878417,23.956499999878417,31
nextstrain_tree_graph_300day,474,366870976_1,368653625_2,275,251.29200000012025,-23.707999999879746,23.707999999879746,43
nextstrain_tree_graph_300day,474,368331369_4,368447320_2,219,101.1742499999329,-117.8257500000671,117.8257500000671,34
nextstrain_tree_graph_300day,474,367801805_2,368778616_3,164,140.25600000008836,-23.743999999911637,23.743999999911637,25
nextstrain_tree_graph_300day,474,367851341_3,368318632_1,266,242.160750000004,-23.839249999996014,23.839249999996014,43
nextstrain_tree_graph_300day,474,367851920_2,368331369_4,339,161.44050000000266,-177.55949999999734,177.55949999999734,51
nextstrain_tree_graph_300day,474,367828792_2,367849169_3,160,136.23825000010032,-23.761749999899678,23.761749999899678,25
nextstrain_tree_graph_300day,474,367774928_1,368442408_2,273,249.10050000008903,-23.899499999910972,23.899499999910972,43
nextstrain_tree_graph_300day,474,367750348_2,367830220_3,119,94.96500000007973,-24.034999999920274,24.034999999920274,19
nextstrain_tree_graph_300day,474,366860418_2,367721321_4,227,203.07900000001462,-23.920999999985384,23.920999999985384,33
nextstrain_tree_graph_300day,474,367744510_3,367852099_2,92,67.93650000005448,-24.06349999994552,24.06349999994552,14
nextstrain_tree_graph_300day,474,367746870_2,368812342_3,219,195.4087500000299,-23.591249999970103,23.591249999970103,32
nextstrain_tree_graph_300day,474,366976011_2,367810472_3,279,103.36575000004717,-175.63424999995283,175.63424999995283,38
nextstrain_tree_graph_300day,474,368445319_1,368447320_2,117,39.08174999998937,-77.91825000001063,77.91825000001063,18
nextstrain_tree_graph_300day,474,368523246_2,368812342_3,157,133.31625000008637,-23.68374999991363,23.68374999991363,24
nextstrain_tree_graph_300day,474,366985143_3,367750582_2,213,189.19950000001063,-23.80049999998937,23.80049999998937,32
nextstrain_tree_graph_300day,474,367016247_3,367744510_3,197,173.12850000005847,-23.871499999941534,23.871499999941534,30
nextstrain_tree_graph_300day,474,366976011_2,367213695_2,180,155.96175000004916,-24.038249999950835,24.038249999950835,25
nextstrain_tree_graph_300day,474,366865323_1,367825353_1,133,109.20975000007508,-23.790249999924924,23.790249999924924,23
nextstrain_tree_graph_300day,474,367739502_2,368523246_2,233,209.28825000011693,-23.711749999883068,23.711749999883068,36
nextstrain_tree_graph_300day,474,367739502_2,367798056_3,294,270.28500000008637,-23.71499999991363,23.71499999991363,45
nextstrain_tree_graph_300day,474,367745602_2,367798056_3,117,93.13875000003986,-23.861249999960137,23.861249999960137,18
nextstrain_tree_graph_300day,474,367750582_2,367754560_2,69,44.925750000017274,-24.074249999982726,24.074249999982726,10
nextstrain_tree_graph_300day,474,367736163_2,368756422_2,57,39.44700000006378,-17.55299999993622,17.55299999993622,10
nextstrain_tree_graph_300day,474,367613404_2,368523246_2,110,72.31950000011693,-37.68049999988307,37.68049999988307,14
nextstrain_tree_graph_300day,474,365364720_2,367746870_2,249,173.49374999996678,-75.50625000003322,75.50625000003322,37
nextstrain_tree_graph_300day,474,367753071_3,367754560_2,129,104.82675000001262,-24.173249999987377,24.173249999987377,19
nextstrain_tree_graph_300day,474,367807209_2,367843453_4,237,213.30600000002192,-23.693999999978075,23.693999999978075,36
nextstrain_tree_graph_300day,474,365364720_2,368402125_2,336,312.2887500000897,-23.711249999910308,23.711249999910308,51
nextstrain_tree_graph_300day,474,367662389_2,368447320_2,160,22.28024999997143,-137.71975000002857,137.71975000002857,23
nextstrain_tree_graph_300day,474,367744510_3,367841262_3,186,161.80575000007707,-24.19424999992293,24.19424999992293,29
nextstrain_tree_graph_300day,474,367740361_3,367744510_3,122,97.88700000009368,-24.11299999990632,24.11299999990632,18
nextstrain_tree_graph_300day,474,367744510_3,368402125_2,200,150.48300000009567,-49.51699999990433,49.51699999990433,30
nextstrain_tree_graph_300day,474,368450254_1,368695032_1,229,205.27050000004584,-23.729499999954157,23.729499999954157,35
nextstrain_tree_graph_300day,474,368331369_4,368545973_4,341,317.03700000006046,-23.96299999993954,23.96299999993954,49
nextstrain_tree_graph_300day,474,367801805_2,368331369_4,216,192.12150000002458,-23.878499999975418,23.878499999975418,35
nextstrain_tree_graph_300day,474,366985143_3,367774928_1,290,266.2672500000153,-23.73274999998472,23.73274999998472,46
nextstrain_tree_graph_300day,474,367736163_2,367851341_3,205,181.16400000003455,-23.835999999965452,23.835999999965452,32
nextstrain_tree_graph_300day,474,367740361_3,367849290_3,145,120.89775000004784,-24.102249999952164,24.102249999952164,23
nextstrain_tree_graph_300day,474,367852099_2,368318632_1,143,119.07150000000797,-23.928499999992027,23.928499999992027,24
nextstrain_tree_graph_300day,474,366860418_2,368578407_1,130,105.92250000006976,-24.07749999993024,24.07749999993024,22
nextstrain_tree_graph_300day,474,367613404_2,367828792_2,117,79.25925000011893,-37.740749999881075,37.740749999881075,15
nextstrain_tree_graph_300day,474,367523546_1,368621213_2,237,206.7315000000113,-30.268499999988705,30.268499999988705,34
nextstrain_tree_graph_300day,474,365364720_2,367754684_4,341,317.03700000006046,-23.96299999993954,23.96299999993954,52
nextstrain_tree_graph_300day,474,367810472_3,368442408_2,313,97.1565000000279,-215.8434999999721,215.8434999999721,45
nextstrain_tree_graph_300day,474,367741592_2,367801805_2,164,136.60350000000864,-27.396499999991363,27.396499999991363,25
nextstrain_tree_graph_300day,474,367849290_3,367851341_3,238,148.29149999989835,-89.70850000010165,89.70850000010165,38
nextstrain_tree_graph_300day,474,367843453_4,368518447_2,226,203.44425000008903,-22.555749999910972,22.555749999910972,33
nextstrain_tree_graph_300day,474,367754560_2,367795026_2,91,66.84074999999734,-24.159250000002658,24.159250000002658,15
nextstrain_tree_graph_300day,474,366577674_2,368695032_1,336,312.2887500000897,-23.711249999910308,23.711249999910308,52
nextstrain_tree_graph_300day,474,366865323_1,368618343_2,117,93.13875000003986,-23.861249999960137,23.861249999960137,18
nextstrain_tree_graph_300day,474,367613404_2,367662389_2,164,88.39049999998605,-75.60950000001395,75.60950000001395,20
nextstrain_tree_graph_300day,474,367798056_3,368618343_2,170,146.10000000003322,-23.89999999996678,23.89999999996678,25
nextstrain_tree_graph_300day,474,368756422_2,368778817_2,206,182.25975000009169,-23.740249999908315,23.740249999908315,32
nextstrain_tree_graph_300day,474,368621213_2,368756422_2,201,177.1462500000465,-23.853749999953493,23.853749999953493,30
nextstrain_tree_graph_300day,474,367830220_3,367841262_3,196,120.16724999998206,-75.83275000001794,75.83275000001794,31
nextstrain_tree_graph_300day,474,367740361_3,367841262_3,184,128.20274999995814,-55.797250000041856,55.797250000041856,27
nextstrain_tree_graph_300day,474,366896447_1,368518447_2,143,100.44375000003322,-42.55624999996678,42.55624999996678,23
nextstrain_tree_graph_300day,474,367736163_2,367833948_1,85,81.4507500000671,-3.549249999932897,3.549249999932897,15
nextstrain_tree_graph_300day,474,367018002_2,368402125_2,243,219.5152500000412,-23.484749999958808,23.484749999958808,36
nextstrain_tree_graph_300day,474,368318632_1,368795331_2,287,121.26299999995615,-165.73700000004385,165.73700000004385,46
nextstrain_tree_graph_300day,474,367008724_3,367754560_2,85,47.1172500000485,-37.8827499999515,37.8827499999515,14
nextstrain_tree_graph_300day,474,367018002_2,367720936_3,179,155.23125000006644,-23.76874999993356,23.76874999993356,24
nextstrain_tree_graph_300day,474,367721321_4,368545973_4,319,295.1220000000804,-23.87799999991961,23.87799999991961,42
nextstrain_tree_graph_300day,474,366865323_1,368756422_2,108,84.37275000008106,-23.627249999918945,23.627249999918945,19
nextstrain_tree_graph_300day,474,366860418_2,368427274_2,207,181.16400000003455,-25.835999999965452,25.835999999965452,33
nextstrain_tree_graph_300day,474,367727341_3,367739502_2,211,187.00800000006245,-23.991999999937548,23.991999999937548,32
nextstrain_tree_graph_300day,474,366896447_1,367833948_1,230,206.36625000010298,-23.63374999989702,23.63374999989702,40
nextstrain_tree_graph_300day,474,367740361_3,367753071_3,180,155.96175000004916,-24.038249999950835,24.038249999950835,26
nextstrain_tree_graph_300day,474,367744510_3,367754464_2,84,59.9010000000784,-24.098999999921602,24.098999999921602,14
nextstrain_tree_graph_300day,474,366896447_1,368458593_2,325,301.33125000009966,-23.668749999900342,23.668749999900342,52
nextstrain_tree_graph_300day,474,366882487_2,368323358_1,232,208.1925000000598,-23.807499999940205,23.807499999940205,38
nextstrain_tree_graph_300day,474,367828792_2,368450254_1,133,109.20975000007508,-23.790249999924924,23.790249999924924,20
nextstrain_tree_graph_300day,474,365364720_2,367720936_3,238,82.18125000004983,-155.81874999995017,155.81874999995017,33
nextstrain_tree_graph_300day,474,367795026_2,367849169_3,174,142.8127500000279,-31.187249999972096,31.187249999972096,28
nextstrain_tree_graph_300day,474,367713378_2,367841262_3,163,107.38349999995216,-55.616500000047836,55.616500000047836,26
nextstrain_tree_graph_300day,474,367212199_3,367523546_1,301,276.1290000000312,-24.870999999968774,24.870999999968774,43
nextstrain_tree_graph_300day,474,367849290_3,368518447_2,103,88.02525000007773,-14.974749999922267,14.974749999922267,16
nextstrain_tree_graph_300day,474,366896447_1,368413870_2,334,310.4625000001329,-23.537499999867123,23.537499999867123,55
nextstrain_tree_graph_300day,474,367740361_3,367833948_1,127,43.09949999997741,-83.90050000002259,83.90050000002259,20
nextstrain_tree_graph_300day,474,367523546_1,367740361_3,169,146.10000000003322,-22.89999999996678,22.89999999996678,25
nextstrain_tree_graph_300day,474,367754684_4,367851920_2,360,334.20375000006976,-25.79624999993024,25.79624999993024,53
nextstrain_tree_graph_300day,474,367713378_2,368402125_2,235,211.4797500000651,-23.52024999993489,23.52024999993489,37
nextstrain_tree_graph_300day,474,367754684_4,368695032_1,331,307.1752500000445,-23.824749999955486,23.824749999955486,51
nextstrain_tree_graph_300day,474,367739502_2,368445319_1,244,218.05425000007574,-25.94574999992426,25.94574999992426,37
nextstrain_tree_graph_300day,474,367750582_2,368323358_1,214,190.29525000006777,-23.704749999932233,23.704749999932233,34
nextstrain_tree_graph_300day,474,362224542_2,367739502_2,347,150.848250000004,-196.151749999996,196.151749999996,51
nextstrain_tree_graph_300day,474,367658138_2,368318632_1,151,127.1070000000671,-23.892999999932897,23.892999999932897,24
nextstrain_tree_graph_300day,474,366896447_1,367843453_4,315,291.4695000000837,-23.530499999916287,23.530499999916287,50
nextstrain_tree_graph_300day,474,367745081_3,368756422_2,261,237.41250000003322,-23.58749999996678,23.58749999996678,39
nextstrain_tree_graph_300day,474,367798056_3,368458593_2,274,185.91225000000532,-88.08774999999468,88.08774999999468,41
nextstrain_tree_graph_300day,474,368427274_2,368618343_2,200,174.22425000003255,-25.775749999967445,25.775749999967445,30
nextstrain_tree_graph_300day,474,368323358_1,368331369_4,110,8.03550000005913,-101.96449999994087,101.96449999994087,16
nextstrain_tree_graph_300day,474,366870976_1,368621213_2,214,189.9300000000764,-24.069999999923596,24.069999999923596,32
nextstrain_tree_graph_300day,474,367008724_3,367753071_3,176,151.94400000006112,-24.055999999938876,24.055999999938876,27
nextstrain_tree_graph_300day,474,368323358_1,368812342_3,284,260.4232500000704,-23.576749999929575,23.576749999929575,45
nextstrain_tree_graph_300day,474,367754560_2,367807209_2,80,55.88325000000731,-24.11674999999269,24.11674999999269,13
nextstrain_tree_graph_300day,474,367841262_3,368775042_2,200,134.4119999999774,-65.58800000002259,65.58800000002259,30
nextstrain_tree_graph_300day,474,367721321_4,367849290_3,223,199.06125000002658,-23.938749999973425,23.938749999973425,33
nextstrain_tree_graph_300day,474,367721321_4,367745081_3,360,336.39525000001794,-23.60474999998206,23.60474999998206,50
nextstrain_tree_graph_300day,474,367851920_2,368778616_3,287,131.4900000000465,-155.5099999999535,155.5099999999535,41
nextstrain_tree_graph_300day,474,367833948_1,368323358_1,235,179.70299999998605,-55.29700000001395,55.29700000001395,39
nextstrain_tree_graph_300day,474,367727341_3,368618343_2,87,62.8230000000093,-24.1769999999907,24.1769999999907,12
nextstrain_tree_graph_300day,474,367016247_3,367841262_3,269,203.44424999992293,-65.55575000007707,65.55575000007707,41
nextstrain_tree_graph_300day,474,366870976_1,367744828_3,160,143.90850000008504,-16.09149999991496,16.09149999991496,24
nextstrain_tree_graph_300day,474,367713378_2,367750582_2,99,75.24150000004784,-23.758499999952164,23.758499999952164,16
nextstrain_tree_graph_300day,474,368518447_2,368778817_2,185,170.20650000012756,-14.793499999872438,14.793499999872438,26
nextstrain_tree_graph_300day,474,366896447_1,367754464_2,171,147.19575000009036,-23.804249999909644,23.804249999909644,30
nextstrain_tree_graph_300day,474,367740571_1,368442408_2,284,226.45500000004319,-57.544999999956815,57.544999999956815,41
nextstrain_tree_graph_300day,474,367849169_3,368545973_4,273,241.79550000009567,-31.20449999990433,31.20449999990433,38
nextstrain_tree_graph_300day,474,367213695_2,367828792_2,112,88.02525000007773,-23.974749999922267,23.974749999922267,17
nextstrain_tree_graph_300day,474,366976011_2,367018002_2,183,159.24900000005448,-23.75099999994552,23.75099999994552,25
nextstrain_tree_graph_300day,474,367795026_2,368445319_1,120,93.86925000002259,-26.13074999997741,26.13074999997741,19
nextstrain_tree_graph_300day,474,367849169_3,368318632_1,205,181.16400000003455,-23.835999999965452,23.835999999965452,34
nextstrain_tree_graph_300day,474,367720936_3,367745602_2,127,103.00050000005581,-23.99949999994419,23.99949999994419,17
nextstrain_tree_graph_300day,474,367740361_3,368445319_1,118,29.9505000000392,-88.0494999999608,88.0494999999608,17
nextstrain_tree_graph_300day,474,366870976_1,368331369_4,246,222.07200000006378,-23.92799999993622,23.92799999993622,40
nextstrain_tree_graph_300day,474,366860418_2,366976011_2,191,166.9192500000392,-24.0807499999608,24.0807499999608,28
nextstrain_tree_graph_300day,474,368331369_4,368795331_2,368,125.64599999993555,-242.35400000006445,242.35400000006445,57
nextstrain_tree_graph_300day,474,367801805_2,367830220_3,108,84.00750000008969,-23.992499999910308,23.992499999910308,18
nextstrain_tree_graph_300day,474,367736163_2,367843453_4,218,194.3130000000558,-23.68699999994419,23.68699999994419,33
nextstrain_tree_graph_300day,474,366865323_1,367841262_3,193,169.11075000007042,-23.889249999929575,23.889249999929575,31
nextstrain_tree_graph_300day,474,365364720_2,367745602_2,169,145.00425000005913,-23.99574999994087,23.99574999994087,26
nextstrain_tree_graph_300day,474,367212199_3,367613404_2,275,197.2349999999867,-77.76500000001329,77.76500000001329,36
nextstrain_tree_graph_300day,474,367795026_2,368331369_4,242,218.0542499999927,-23.94575000000731,23.94575000000731,39
nextstrain_tree_graph_300day,474,368331369_4,368427274_2,298,80.35499999992692,-217.64500000007308,217.64500000007308,47
nextstrain_tree_graph_300day,474,366896447_1,366985143_3,302,278.32050000006245,-23.679499999937548,23.679499999937548,49
nextstrain_tree_graph_300day,474,367745081_3,368545973_4,369,104.82674999992958,-264.1732500000704,264.1732500000704,50
nextstrain_tree_graph_300day,474,367613404_2,367852099_2,127,103.00050000005581,-23.99949999994419,23.99949999994419,16
nextstrain_tree_graph_300day,474,367750582_2,368402125_2,222,198.33075000004385,-23.66924999995615,23.66924999995615,33
nextstrain_tree_graph_300day,474,367713378_2,367720936_3,137,81.45074999998405,-55.549250000015945,55.549250000015945,19
nextstrain_tree_graph_300day,474,366577674_2,368756422_2,245,221.34150000008106,-23.658499999918945,23.658499999918945,39
nextstrain_tree_graph_300day,474,367016247_3,367721321_4,283,235.95149999998472,-47.04850000001528,47.04850000001528,40
nextstrain_tree_graph_300day,474,367213695_2,367754464_2,100,75.97200000003056,-24.02799999996944,24.02799999996944,16
nextstrain_tree_graph_300day,474,367841262_3,368518447_2,184,161.07525000009434,-22.924749999905657,22.924749999905657,28
nextstrain_tree_graph_300day,474,366976011_2,367720936_3,200,25.93274999996811,-174.0672500000319,174.0672500000319,25
nextstrain_tree_graph_300day,474,365364720_2,367750348_2,207,182.9902500000744,-24.00974999992559,24.00974999992559,32
nextstrain_tree_graph_300day,474,367662389_2,367852099_2,145,121.2630000000392,-23.7369999999608,23.7369999999608,20
nextstrain_tree_graph_300day,474,367721321_4,367810472_3,315,257.86650000004784,-57.133499999952164,57.133499999952164,43
nextstrain_tree_graph_300day,474,366865323_1,367740571_1,197,173.12850000005847,-23.871499999941534,23.871499999941534,29
nextstrain_tree_graph_300day,474,367740571_1,368518447_2,188,165.09300000008238,-22.906999999917616,22.906999999917616,26
nextstrain_tree_graph_300day,474,366878129_2,367852099_2,132,108.11400000001794,-23.88599999998206,23.88599999998206,18
nextstrain_tree_graph_300day,474,368450254_1,368795331_2,287,264.44100000005847,-22.558999999941534,22.558999999941534,43
nextstrain_tree_graph_300day,474,367018002_2,368812342_3,177,153.40500000002658,-23.594999999973425,23.594999999973425,26
nextstrain_tree_graph_300day,474,367754684_4,367833948_1,282,258.2317500000392,-23.7682499999608,23.7682499999608,45
nextstrain_tree_graph_300day,474,362224542_2,368756055_3,198,174.22425000003255,-23.775749999967445,23.775749999967445,29
nextstrain_tree_graph_300day,474,366878129_2,367830220_3,154,130.02900000008106,-23.970999999918945,23.970999999918945,22
nextstrain_tree_graph_300day,474,367739502_2,367745081_3,270,197.96549999996944,-72.03450000003056,72.03450000003056,38
nextstrain_tree_graph_300day,474,367744828_3,367828792_2,150,126.01125000009301,-23.988749999906986,23.988749999906986,22
nextstrain_tree_graph_300day,474,367008724_3,367739502_2,262,238.143000000099,-23.856999999901007,23.856999999901007,41
nextstrain_tree_graph_300day,474,366577674_2,367849290_3,257,225.72450000006046,-31.27549999993954,31.27549999993954,41
nextstrain_tree_graph_300day,474,365364720_2,366860418_2,229,204.90525000005448,-24.09474999994552,24.09474999994552,36
nextstrain_tree_graph_300day,474,367736163_2,367801805_2,74,50.03925000006245,-23.960749999937548,23.960749999937548,13
nextstrain_tree_graph_300day,474,366896447_1,367741592_2,291,268.45875000012956,-22.541249999870445,22.541249999870445,47
nextstrain_tree_graph_300day,474,367016247_3,367720936_3,243,177.51149999995482,-65.48850000004518,65.48850000004518,34
nextstrain_tree_graph_300day,474,366870976_1,367720936_3,184,159.97950000012025,-24.020499999879746,24.020499999879746,27
nextstrain_tree_graph_300day,474,367849290_3,368447320_2,144,119.80200000007375,-24.197999999926253,24.197999999926253,24
nextstrain_tree_graph_300day,474,367018002_2,367795026_2,129,105.19200000000399,-23.807999999996014,23.807999999996014,20
nextstrain_tree_graph_300day,474,367795026_2,368578407_1,123,98.98275000006777,-24.017249999932233,24.017249999932233,21
nextstrain_tree_graph_300day,474,367736163_2,368778817_2,185,161.07525000009434,-23.924749999905657,23.924749999905657,28
nextstrain_tree_graph_300day,474,367740361_3,368778616_3,168,112.49699999999734,-55.50300000000266,55.50300000000266,23
nextstrain_tree_graph_300day,474,367841262_3,368523246_2,171,133.31625000008637,-37.68374999991363,37.68374999991363,27
nextstrain_tree_graph_300day,474,367213695_2,367851341_3,231,207.09675000000266,-23.903249999997342,23.903249999997342,35
nextstrain_tree_graph_300day,474,367740571_1,367744510_3,190,165.8235000000651,-24.17649999993489,24.17649999993489,27
nextstrain_tree_graph_300day,474,367018002_2,367810472_3,238,214.40175000007906,-23.598249999920938,23.598249999920938,33
nextstrain_tree_graph_300day,474,365364720_2,367843453_4,340,316.30650000007773,-23.693499999922267,23.693499999922267,51
nextstrain_tree_graph_300day,474,365364720_2,367774928_1,277,253.11825000007707,-23.88174999992293,23.88174999992293,44
nextstrain_tree_graph_300day,474,367740571_1,367833948_1,209,171.66750000000997,-37.332499999990034,37.332499999990034,31
nextstrain_tree_graph_300day,474,367741592_2,368323358_1,330,307.5405000001189,-22.459499999881075,22.459499999881075,52
nextstrain_tree_graph_300day,474,366896447_1,367750582_2,167,131.4900000000465,-35.50999999995349,35.50999999995349,27
nextstrain_tree_graph_300day,474,367828792_2,368778616_3,162,124.55025000012756,-37.44974999987244,37.44974999987244,24
nextstrain_tree_graph_300day,474,366870976_1,366896447_1,201,157.42275000009766,-43.577249999902335,43.577249999902335,35
nextstrain_tree_graph_300day,474,367740571_1,367849169_3,254,230.10750000003986,-23.892499999960137,23.892499999960137,37
nextstrain_tree_graph_300day,474,367754560_2,368756055_3,52,14.24474999999535,-37.75525000000465,37.75525000000465,9
nextstrain_tree_graph_300day,474,367018002_2,368442408_2,217,193.21725000008172,-23.78274999991828,23.78274999991828,32
nextstrain_tree_graph_300day,474,368518447_2,368618343_2,108,65.37975000003189,-42.62024999996811,42.62024999996811,15
nextstrain_tree_graph_300day,474,367016247_3,368756055_3,168,140.62124999999668,-27.378750000003322,27.378750000003322,26
nextstrain_tree_graph_300day,474,367795026_2,368778817_2,215,106.28775000006112,-108.71224999993888,108.71224999993888,33
nextstrain_tree_graph_300day,474,367613404_2,367833948_1,164,59.17050000001262,-104.82949999998738,104.82949999998738,24
nextstrain_tree_graph_300day,474,367721321_4,367798056_3,236,188.83425000001927,-47.16574999998073,47.16574999998073,33
nextstrain_tree_graph_300day,474,367774928_1,368795331_2,325,302.42700000007375,-22.572999999926253,22.572999999926253,51
nextstrain_tree_graph_300day,474,366577674_2,367798056_3,294,270.28500000008637,-23.71499999991363,23.71499999991363,45
nextstrain_tree_graph_300day,474,368653625_2,368756422_2,220,151.5787499999867,-68.42125000001329,68.42125000001329,33
nextstrain_tree_graph_300day,474,367830220_3,368318632_1,151,75.24149999996479,-75.75850000003521,75.75850000003521,26
nextstrain_tree_graph_300day,474,368447320_2,368795331_2,267,130.39424999998937,-136.60575000001063,136.60575000001063,41
nextstrain_tree_graph_300day,474,367744510_3,368445319_1,100,73.78050000008238,-26.219499999917616,26.219499999917616,15
nextstrain_tree_graph_300day,474,365364720_2,368695032_1,252,46.386749999982726,-205.61325000001727,205.61325000001727,37
nextstrain_tree_graph_300day,474,366577674_2,367744510_3,210,160.34475000011162,-49.65524999988838,49.65524999988838,32
nextstrain_tree_graph_300day,474,367213695_2,368775042_2,144,120.16725000006511,-23.83274999993489,23.83274999993489,21
nextstrain_tree_graph_300day,474,367744828_3,367754684_4,283,85.10324999998073,-197.89675000001927,197.89675000001927,42
nextstrain_tree_graph_300day,474,367745081_3,367851341_3,375,75.24149999988174,-299.75850000011826,299.75850000011826,55
nextstrain_tree_graph_300day,474,366985143_3,368778616_3,253,127.47224999997542,-125.52775000002458,125.52775000002458,36
nextstrain_tree_graph_300day,474,366882487_2,367613404_2,141,116.8800000000598,-24.119999999940205,24.119999999940205,19
nextstrain_tree_graph_300day,474,367739502_2,367754464_2,228,204.17475000007175,-23.825249999928246,23.825249999928246,36
nextstrain_tree_graph_300day,474,367662389_2,367830220_3,135,77.43299999999601,-57.567000000003986,57.567000000003986,20
nextstrain_tree_graph_300day,474,367740361_3,368812342_3,190,166.18875000005647,-23.811249999943527,23.811249999943527,28
nextstrain_tree_graph_300day,474,366865323_1,367744828_3,151,119.80200000007375,-31.197999999926253,31.197999999926253,23
nextstrain_tree_graph_300day,474,367852099_2,368756055_3,87,63.188250000000664,-23.811749999999336,23.811749999999336,14
nextstrain_tree_graph_300day,474,367613404_2,367798056_3,171,72.68475000002525,-98.31524999997475,98.31524999997475,23
nextstrain_tree_graph_300day,474,367750582_2,367774928_1,155,139.16025000003123,-15.839749999968774,15.839749999968774,24
nextstrain_tree_graph_300day,474,366870976_1,368812342_3,182,158.1532500000804,-23.84674999991961,23.84674999991961,29
nextstrain_tree_graph_300day,474,367849290_3,368450254_1,150,60.266249999903664,-89.73375000009634,89.73375000009634,24
nextstrain_tree_graph_300day,474,367753071_3,368812342_3,216,41.63849999992891,-174.3615000000711,174.3615000000711,32
nextstrain_tree_graph_300day,474,366860418_2,367744510_3,117,92.7735000000485,-24.2264999999515,24.2264999999515,19
nextstrain_tree_graph_300day,474,367798056_3,367801805_2,144,120.16725000006511,-23.83274999993489,23.83274999993489,23
nextstrain_tree_graph_300day,474,367740361_3,367745081_3,282,258.2317500000392,-23.7682499999608,23.7682499999608,40
nextstrain_tree_graph_300day,474,366878129_2,368523246_2,129,105.19200000008703,-23.807999999912965,23.807999999912965,18
nextstrain_tree_graph_300day,474,367741592_2,367745081_3,364,334.20375000006976,-29.79624999993024,29.79624999993024,53
nextstrain_tree_graph_300day,474,367830220_3,368756422_2,111,14.24474999999535,-96.75525000000465,96.75525000000465,19
nextstrain_tree_graph_300day,474,367795026_2,368450254_1,139,38.351250000006644,-100.64874999999336,100.64874999999336,21
nextstrain_tree_graph_300day,474,367727341_3,367852099_2,61,44.925750000017274,-16.074249999982726,16.074249999982726,8
nextstrain_tree_graph_300day,474,362224542_2,368778817_2,308,118.34100000002525,-189.65899999997475,189.65899999997475,44
nextstrain_tree_graph_300day,474,366896447_1,368427274_2,267,241.4302500001043,-25.56974999989569,25.56974999989569,44
nextstrain_tree_graph_300day,474,366896447_1,367736163_2,167,143.17800000010232,-23.821999999897685,23.821999999897685,29
nextstrain_tree_graph_300day,474,366878129_2,368795331_2,290,267.3630000000724,-22.636999999927582,22.636999999927582,42
nextstrain_tree_graph_300day,474,367658138_2,367740361_3,132,108.11400000010099,-23.885999999899013,23.885999999899013,18
nextstrain_tree_graph_300day,474,367008724_3,367523546_1,165,142.08225000004518,-22.91774999995482,22.91774999995482,26
nextstrain_tree_graph_300day,474,367721321_4,368695032_1,260,230.8380000000226,-29.16199999997741,29.16199999997741,36
nextstrain_tree_graph_300day,474,367740361_3,368545973_4,241,216.95850000010165,-24.04149999989835,24.04149999989835,32
nextstrain_tree_graph_300day,474,367744828_3,368445319_1,154,127.83750000004983,-26.16249999995017,26.16249999995017,22
nextstrain_tree_graph_300day,474,366985143_3,367851341_3,340,316.3064999999947,-23.693500000005315,23.693500000005315,52
nextstrain_tree_graph_300day,474,367754684_4,368331369_4,361,337.12575000000066,-23.874249999999336,23.874249999999336,56
nextstrain_tree_graph_300day,474,367720936_3,367739502_2,304,280.1467500001023,-23.853249999897685,23.853249999897685,44
nextstrain_tree_graph_300day,474,367721321_4,368756422_2,169,139.89075000001395,-29.109249999986048,29.109249999986048,23
nextstrain_tree_graph_300day,474,367745081_3,367754560_2,231,207.09675000000266,-23.903249999997342,23.903249999997342,33
nextstrain_tree_graph_300day,474,367753071_3,368621213_2,248,73.41524999992492,-174.58475000007508,174.58475000007508,35
nextstrain_tree_graph_300day,474,367739502_2,367750348_2,239,215.1322500000618,-23.867749999938212,23.867749999938212,37
nextstrain_tree_graph_300day,474,366985143_3,368413870_2,358,114.68849999994552,-243.31150000005448,243.31150000005448,56
nextstrain_tree_graph_300day,474,367825353_1,367841262_3,222,197.9655000000525,-24.034499999947514,24.034499999947514,36
nextstrain_tree_graph_300day,474,367720936_3,367830220_3,170,94.23450000001395,-75.76549999998605,75.76549999998605,24
nextstrain_tree_graph_300day,474,367852099_2,368402125_2,226,202.3485000000319,-23.65149999996811,23.65149999996811,34
nextstrain_tree_graph_300day,474,367851341_3,368445319_1,225,199.06125000002658,-25.938749999973425,25.938749999973425,34
nextstrain_tree_graph_300day,474,367851920_2,368775042_2,245,167.64975000002192,-77.35024999997808,77.35024999997808,35
nextstrain_tree_graph_300day,474,367662389_2,368413870_2,268,104.0962500000299,-163.9037499999701,163.9037499999701,41
nextstrain_tree_graph_300day,474,366577674_2,367830220_3,258,234.12525000011095,-23.874749999889048,23.874749999889048,40
nextstrain_tree_graph_300day,474,367662389_2,368518447_2,141,118.3410000001083,-22.658999999891705,22.658999999891705,19
nextstrain_tree_graph_300day,474,367745602_2,367830220_3,81,56.979000000064445,-24.020999999935555,24.020999999935555,13
nextstrain_tree_graph_300day,474,367753071_3,368323358_1,274,250.19625000006312,-23.803749999936883,23.803749999936883,43
nextstrain_tree_graph_300day,474,367830220_3,368578407_1,113,55.51800000009899,-57.48199999990101,57.48199999990101,19
nextstrain_tree_graph_300day,474,368413870_2,368756422_2,244,168.745499999996,-75.25450000000399,75.25450000000399,40
nextstrain_tree_graph_300day,474,366976011_2,367798056_3,200,134.4119999999774,-65.58800000002259,65.58800000002259,28
nextstrain_tree_graph_300day,474,367613404_2,368402125_2,259,235.22100000008504,-23.77899999991496,23.77899999991496,36
nextstrain_tree_graph_300day,474,367662389_2,367739502_2,287,263.3452500000844,-23.654749999915623,23.654749999915623,42
nextstrain_tree_graph_300day,474,362224542_2,367736163_2,193,169.11075000007042,-23.889249999929575,23.889249999929575,28
nextstrain_tree_graph_300day,474,365364720_2,368445319_1,198,120.16724999998206,-77.83275000001794,77.83275000001794,30
nextstrain_tree_graph_300day,474,367828792_2,368427274_2,154,132.58575000010364,-21.414249999896356,21.414249999896356,25
nextstrain_tree_graph_300day,474,367843453_4,367849290_3,251,161.4404999999196,-89.55950000008039,89.55950000008039,39
nextstrain_tree_graph_300day,474,367828792_2,367841262_3,178,140.25600000008836,-37.74399999991164,37.74399999991164,28
nextstrain_tree_graph_300day,474,367833948_1,368427274_2,219,141.71699999997077,-77.28300000002923,77.28300000002923,36
nextstrain_tree_graph_300day,474,367754684_4,368812342_3,297,107.38349999995216,-189.61650000004784,189.61650000004784,45
nextstrain_tree_graph_300day,474,366976011_2,368695032_1,224,76.33725000002192,-147.66274999997808,147.66274999997808,31
nextstrain_tree_graph_300day,474,366865323_1,367849169_3,145,69.39750000001993,-75.60249999998007,75.60249999998007,24
nextstrain_tree_graph_300day,474,367213695_2,367833948_1,159,135.14250000004319,-23.857499999956815,23.857499999956815,26
nextstrain_tree_graph_300day,474,367713378_2,368618343_2,121,97.1565000000279,-23.843499999972096,23.843499999972096,19
nextstrain_tree_graph_300day,474,367736163_2,367851920_2,197,157.42275000009766,-39.577249999902335,39.577249999902335,29
nextstrain_tree_graph_300day,474,367745602_2,367807209_2,42,42.00375000000332,0.0037500000033219294,0.0037500000033219294,7
nextstrain_tree_graph_300day,474,368427274_2,368447320_2,197,57.34424999997276,-139.65575000002724,139.65575000002724,31
nextstrain_tree_graph_300day,474,367828792_2,368795331_2,224,205.63575000012025,-18.364249999879746,18.364249999879746,35
nextstrain_tree_graph_300day,474,366882487_2,367833948_1,159,135.14250000004319,-23.857499999956815,23.857499999956815,27
nextstrain_tree_graph_300day,474,367745081_3,368413870_2,407,383.51250000006644,-23.48749999993356,23.48749999993356,61
nextstrain_tree_graph_300day,474,366860418_2,368778817_2,214,197.9655000000525,-16.034499999947514,16.034499999947514,32
nextstrain_tree_graph_300day,474,367658138_2,368812342_3,168,144.2737500000764,-23.726249999923596,23.726249999923596,24
nextstrain_tree_graph_300day,474,367746870_2,368756422_2,148,51.500249999944856,-96.49975000005514,96.49975000005514,23
nextstrain_tree_graph_300day,474,367658138_2,368323358_1,226,202.34850000011494,-23.65149999988506,23.65149999988506,35
nextstrain_tree_graph_300day,474,367745081_3,367745602_2,217,193.21724999999867,-23.78275000000133,23.78275000000133,31
nextstrain_tree_graph_300day,474,365364720_2,367713378_2,179,123.45449999998738,-55.54550000001262,55.54550000001262,28
nextstrain_tree_graph_300day,474,367008724_3,367212199_3,268,190.29524999998472,-77.70475000001528,77.70475000001528,39
nextstrain_tree_graph_300day,474,367833948_1,368812342_3,211,187.37325000005382,-23.626749999946185,23.626749999946185,34
nextstrain_tree_graph_300day,474,367841262_3,368695032_1,246,98.252250000002,-147.747749999998,147.747749999998,37
nextstrain_tree_graph_300day,474,366985143_3,368450254_1,252,228.28125,-23.71875,23.71875,38
nextstrain_tree_graph_300day,474,367720936_3,367851341_3,285,261.15375000005315,-23.84624999994685,23.84624999994685,41
nextstrain_tree_graph_300day,474,367745602_2,367754560_2,38,13.879500000003986,-24.120499999996014,24.120499999996014,6
nextstrain_tree_graph_300day,474,368445319_1,368518447_2,98,73.05000000009966,-24.949999999900342,24.949999999900342,14
nextstrain_tree_graph_300day,474,367830220_3,368695032_1,202,126.37650000000133,-75.62349999999867,75.62349999999867,32
nextstrain_tree_graph_300day,474,367754684_4,367849169_3,293,261.8842500000359,-31.115749999964123,31.115749999964123,45
nextstrain_tree_graph_300day,474,367008724_3,367018002_2,137,113.22750000006312,-23.772499999936883,23.772499999936883,21
nextstrain_tree_graph_300day,474,368621213_2,368795331_2,350,327.26400000006777,-22.735999999932233,22.735999999932233,51
nextstrain_tree_graph_300day,474,367658138_2,367807209_2,101,65.37975000003189,-35.62024999996811,35.62024999996811,14
nextstrain_tree_graph_300day,474,367740361_3,367750348_2,127,103.00050000005581,-23.99949999994419,23.99949999994419,19
nextstrain_tree_graph_300day,474,367754684_4,367841262_3,325,300.96600000002525,-24.033999999974753,24.033999999974753,50
nextstrain_tree_graph_300day,474,362224542_2,367720936_3,273,249.10050000008903,-23.899499999910972,23.899499999910972,37
nextstrain_tree_graph_300day,474,362224542_2,368427274_2,293,267.3630000000724,-25.636999999927582,25.636999999927582,43
nextstrain_tree_graph_300day,474,366896447_1,367016247_3,284,260.4232500000704,-23.576749999929575,23.576749999929575,46
nextstrain_tree_graph_300day,474,367849290_3,368458593_2,261,237.04725000004186,-23.952749999958144,23.952749999958144,41
nextstrain_tree_graph_300day,474,367753071_3,367849290_3,171,81.08549999990964,-89.91450000009036,89.91450000009036,27
nextstrain_tree_graph_300day,474,367720936_3,367851920_2,277,59.17050000001262,-217.82949999998738,217.82949999998738,38
nextstrain_tree_graph_300day,474,367721321_4,367828792_2,192,154.5007500000837,-37.49924999991629,37.49924999991629,27
nextstrain_tree_graph_300day,474,367613404_2,367727341_3,102,77.79825000007042,-24.201749999929575,24.201749999929575,12
nextstrain_tree_graph_300day,474,367739502_2,368427274_2,324,298.4092500000857,-25.590749999914294,25.590749999914294,50
nextstrain_tree_graph_300day,474,367727341_3,368445319_1,77,50.76975000004518,-26.23024999995482,26.23024999995482,11
nextstrain_tree_graph_300day,474,367212199_3,368318632_1,291,121.99349999993888,-169.00650000006112,169.00650000006112,44
nextstrain_tree_graph_300day,474,367740571_1,368618343_2,210,185.91225000000532,-24.087749999994685,24.087749999994685,29
nextstrain_tree_graph_300day,474,366882487_2,367727341_3,83,58.80525000002126,-24.19474999997874,24.19474999997874,13
nextstrain_tree_graph_300day,474,367736163_2,367746870_2,127,89.48625000004319,-37.513749999956815,37.513749999956815,19
nextstrain_tree_graph_300day,474,367849169_3,367852099_2,156,132.22050000002923,-23.779499999970767,23.779499999970767,24
nextstrain_tree_graph_300day,474,368778616_3,368778817_2,275,251.29200000012025,-23.707999999879746,23.707999999879746,40
nextstrain_tree_graph_300day,474,367018002_2,368795331_2,269,246.54375000006644,-22.45624999993356,22.45624999993356,40
nextstrain_tree_graph_300day,474,366985143_3,367720936_3,251,95.33024999998804,-155.66975000001196,155.66975000001196,35
nextstrain_tree_graph_300day,474,367213695_2,367830220_3,130,105.92250000006976,-24.07749999993024,24.07749999993024,20
nextstrain_tree_graph_300day,474,366860418_2,367801805_2,111,86.9295000000206,-24.070499999979404,24.070499999979404,19
nextstrain_tree_graph_300day,474,367744828_3,368653625_2,305,281.2425000000764,-23.757499999923596,23.757499999923596,45
nextstrain_tree_graph_300day,474,368413870_2,368427274_2,225,105.55724999999535,-119.44275000000465,119.44275000000465,35
nextstrain_tree_graph_300day,474,365364720_2,367016247_3,285,219.51524999995814,-65.48475000004186,65.48475000004186,43
nextstrain_tree_graph_300day,474,366882487_2,367750348_2,111,86.9295000000206,-24.070499999979404,24.070499999979404,18
nextstrain_tree_graph_300day,474,362224542_2,368653625_2,364,340.413000000089,-23.586999999910972,23.586999999910972,53
nextstrain_tree_graph_300day,474,366870976_1,367016247_3,221,197.23500000006976,-23.76499999993024,23.76499999993024,35
nextstrain_tree_graph_300day,474,367740571_1,368450254_1,227,203.07900000001462,-23.920999999985384,23.920999999985384,32
nextstrain_tree_graph_300day,474,362224542_2,367830220_3,227,203.07900000009766,-23.920999999902335,23.920999999902335,33
nextstrain_tree_graph_300day,474,368450254_1,368756422_2,138,114.3232500000372,-23.676749999962794,23.676749999962794,22
nextstrain_tree_graph_300day,474,367750348_2,368427274_2,185,159.24900000005448,-25.75099999994552,25.75099999994552,29
nextstrain_tree_graph_300day,474,367801805_2,368402125_2,184,155.59649999997475,-28.403500000025247,28.403500000025247,28
nextstrain_tree_graph_300day,474,367851341_3,368756422_2,226,202.3485000000319,-23.65149999996811,23.65149999996811,36
nextstrain_tree_graph_300day,474,367801805_2,367828792_2,90,66.11025000009766,-23.889749999902335,23.889749999902335,15
nextstrain_tree_graph_300day,474,367774928_1,367801805_2,159,127.83750000004983,-31.16249999995017,31.16249999995017,27
nextstrain_tree_graph_300day,474,367744828_3,367825353_1,164,155.96175000004916,-8.038249999950835,8.038249999950835,24
nextstrain_tree_graph_300day,474,367830220_3,367843453_4,252,228.28125000008305,-23.71874999991695,23.71874999991695,38
nextstrain_tree_graph_300day,474,366882487_2,368775042_2,144,120.16725000006511,-23.83274999993489,23.83274999993489,22
nextstrain_tree_graph_300day,474,367798056_3,367810472_3,265,189.564750000002,-75.435249999998,75.435249999998,38
nextstrain_tree_graph_300day,474,362224542_2,367016247_3,310,286.35600000003853,-23.643999999961466,23.643999999961466,45
nextstrain_tree_graph_300day,474,367843453_4,368323358_1,354,330.5512500000731,-23.448749999926918,23.448749999926918,55
nextstrain_tree_graph_300day,474,366860418_2,367613404_2,152,127.83750000004983,-24.16249999995017,24.16249999995017,21
nextstrain_tree_graph_300day,474,367213695_2,368756422_2,117,93.13875000003986,-23.861249999960137,23.861249999960137,19
nextstrain_tree_graph_300day,474,367750582_2,368458593_2,236,212.21025000004784,-23.789749999952164,23.789749999952164,35
nextstrain_tree_graph_300day,474,367745081_3,367828792_2,256,232.2990000000711,-23.70099999992891,23.70099999992891,37
nextstrain_tree_graph_300day,474,368318632_1,368778616_3,145,53.32649999998472,-91.67350000001528,91.67350000001528,21
nextstrain_tree_graph_300day,474,368402125_2,368447320_2,255,231.203250000097,-23.796749999903,23.796749999903,39
nextstrain_tree_graph_300day,474,367736163_2,367849169_3,144,120.16725000006511,-23.83274999993489,23.83274999993489,23
nextstrain_tree_graph_300day,474,362224542_2,368795331_2,363,340.413000000089,-22.586999999910972,22.586999999910972,53
nextstrain_tree_graph_300day,474,366577674_2,367795026_2,254,222.8025000000465,-31.197499999953493,31.197499999953493,40
nextstrain_tree_graph_300day,474,367825353_1,368795331_2,286,263.3452500000844,-22.654749999915623,22.654749999915623,45
nextstrain_tree_graph_300day,474,366870976_1,367795026_2,126,109.9402500000578,-16.0597499999422,16.0597499999422,21
nextstrain_tree_graph_300day,474,368427274_2,368756422_2,177,99.71324999996745,-77.28675000003255,77.28675000003255,29
nextstrain_tree_graph_300day,474,367843453_4,368775042_2,266,242.5260000000784,-23.473999999921602,23.473999999921602,39
nextstrain_tree_graph_300day,474,366985143_3,367807209_2,224,200.15700000000066,-23.842999999999336,23.842999999999336,35
nextstrain_tree_graph_300day,474,367851341_3,368402125_2,349,318.13275000003455,-30.867249999965452,30.867249999965452,53
nextstrain_tree_graph_300day,474,367016247_3,367833948_1,226,138.0644999999741,-87.93550000002591,87.93550000002591,36
nextstrain_tree_graph_300day,474,367754464_2,368756422_2,81,43.46475000005182,-37.53524999994818,37.53524999994818,15
nextstrain_tree_graph_300day,474,367658138_2,367736163_2,90,66.11025000009766,-23.889749999902335,23.889749999902335,13
nextstrain_tree_graph_300day,474,368450254_1,368621213_2,227,97.1565000000279,-129.8434999999721,129.8434999999721,32
nextstrain_tree_graph_300day,474,366865323_1,368445319_1,107,81.08550000007574,-25.91449999992426,25.91449999992426,17
nextstrain_tree_graph_300day,474,367523546_1,368442408_2,245,222.07200000006378,-22.92799999993622,22.92799999993622,37
nextstrain_tree_graph_300day,474,367720936_3,368318632_1,177,29.95049999995615,-147.04950000004385,147.04950000004385,26
nextstrain_tree_graph_300day,474,367212199_3,368413870_2,397,130.39424999998937,-266.60575000001063,266.60575000001063,59
nextstrain_tree_graph_300day,474,367744828_3,368523246_2,143,119.07150000009102,-23.92849999990898,23.92849999990898,21
nextstrain_tree_graph_300day,474,367740571_1,367745081_3,350,326.16825000001063,-23.83174999998937,23.83174999998937,49
nextstrain_tree_graph_300day,474,367008724_3,367720936_3,164,98.252250000002,-65.747749999998,65.747749999998,23
nextstrain_tree_graph_300day,474,367018002_2,367851920_2,240,214.40175000007906,-25.598249999920938,25.598249999920938,34
nextstrain_tree_graph_300day,474,366860418_2,367713378_2,128,104.0962500000299,-23.903749999970103,23.903749999970103,22
nextstrain_tree_graph_300day,474,367795026_2,367833948_1,163,139.16025000003123,-23.839749999968774,23.839749999968774,28
nextstrain_tree_graph_300day,474,367741592_2,367750582_2,202,179.33775000007773,-22.662249999922267,22.662249999922267,30
nextstrain_tree_graph_300day,474,367745602_2,368402125_2,191,167.28450000003056,-23.71549999996944,23.71549999996944,29
nextstrain_tree_graph_300day,474,367213695_2,367613404_2,141,116.8800000000598,-24.119999999940205,24.119999999940205,18
nextstrain_tree_graph_300day,474,368518447_2,368795331_2,248,226.45500000012623,-21.544999999873767,21.544999999873767,37
nextstrain_tree_graph_300day,474,367008724_3,368427274_2,194,116.51474999998538,-77.48525000001462,77.48525000001462,31
nextstrain_tree_graph_300day,474,367741592_2,367798056_3,264,241.4302500001043,-22.56974999989569,22.56974999989569,40
nextstrain_tree_graph_300day,474,368621213_2,368756055_3,185,161.0752500000113,-23.924749999988705,23.924749999988705,27
nextstrain_tree_graph_300day,474,366896447_1,368812342_3,245,221.34150000008106,-23.658499999918945,23.658499999918945,40
nextstrain_tree_graph_300day,474,367830220_3,368812342_3,182,158.1532500000804,-23.84674999991961,23.84674999991961,28
nextstrain_tree_graph_300day,474,367851920_2,368578407_1,200,160.71000000010298,-39.28999999989702,39.28999999989702,29
nextstrain_tree_graph_300day,474,367741592_2,367744510_3,180,131.49000000012956,-48.509999999870445,48.509999999870445,27
nextstrain_tree_graph_300day,474,367212199_3,367746870_2,301,223.53299999994618,-77.46700000005382,77.46700000005382,42
nextstrain_tree_graph_300day,474,367008724_3,367754464_2,98,60.26625000006976,-37.73374999993024,37.73374999993024,17
nextstrain_tree_graph_300day,474,367801805_2,368695032_1,186,162.17100000006843,-23.82899999993157,23.82899999993157,30
nextstrain_tree_graph_300day,474,367212199_3,367736163_2,230,190.29525000006777,-39.70474999993223,39.70474999993223,33
nextstrain_tree_graph_300day,474,367828792_2,368621213_2,196,172.03275000008438,-23.967249999915623,23.967249999915623,28
nextstrain_tree_graph_300day,474,367523546_1,367774928_1,212,181.89450000001727,-30.105499999982726,30.105499999982726,34
nextstrain_tree_graph_300day,474,362224542_2,367754684_4,342,152.30924999996944,-189.69075000003056,189.69075000003056,50
nextstrain_tree_graph_300day,474,366882487_2,368695032_1,208,184.0860000000485,-23.9139999999515,23.9139999999515,33
nextstrain_tree_graph_300day,474,367736163_2,368518447_2,78,55.15275000010763,-22.84724999989237,22.84724999989237,12
nextstrain_tree_graph_300day,474,367833948_1,367851341_3,268,244.3522500000352,-23.647749999964788,23.647749999964788,43
nextstrain_tree_graph_300day,474,367774928_1,367825353_1,201,177.1462500000465,-23.853749999953493,23.853749999953493,34
nextstrain_tree_graph_300day,474,367523546_1,368450254_1,174,143.908500000002,-30.091499999998007,30.091499999998007,26
nextstrain_tree_graph_300day,474,368695032_1,368756422_2,161,113.59274999997143,-47.40725000002857,47.40725000002857,25
nextstrain_tree_graph_300day,474,367018002_2,367741592_2,223,200.52225000007508,-22.477749999924924,22.477749999924924,33
nextstrain_tree_graph_300day,474,365364720_2,367841262_3,256,108.11400000001794,-147.88599999998206,147.88599999998206,38
nextstrain_tree_graph_300day,474,368323358_1,368518447_2,214,191.3910000001249,-22.608999999875095,22.608999999875095,34
nextstrain_tree_graph_300day,474,367658138_2,367774928_1,167,151.2135000000784,-15.786499999921602,15.786499999921602,25
nextstrain_tree_graph_300day,474,367741592_2,367754464_2,198,175.3200000000897,-22.679999999910308,22.679999999910308,31
nextstrain_tree_graph_300day,474,368323358_1,368442408_2,310,94.23450000001395,-215.76549999998605,215.76549999998605,49
nextstrain_tree_graph_300day,474,367658138_2,368756055_3,95,71.2237500000598,-23.776249999940205,23.776249999940205,14
nextstrain_tree_graph_300day,474,367658138_2,367753071_3,158,134.0467500000691,-23.953249999930904,23.953249999930904,22
nextstrain_tree_graph_300day,474,366865323_1,368756055_3,92,68.30175000004584,-23.698249999954157,23.698249999954157,16
nextstrain_tree_graph_300day,474,367754684_4,367774928_1,100,63.91874999998339,-36.08125000001661,36.08125000001661,14
nextstrain_tree_graph_300day,474,367213695_2,368445319_1,116,89.85150000003455,-26.148499999965452,26.148499999965452,17
nextstrain_tree_graph_300day,474,367750582_2,368621213_2,188,163.99725000002525,-24.002749999974753,24.002749999974753,26
nextstrain_tree_graph_300day,474,368413870_2,368778817_2,352,328.3597500001249,-23.640249999875095,23.640249999875095,54
nextstrain_tree_graph_300day,474,367754464_2,367830220_3,94,56.24850000008172,-37.75149999991828,37.75149999991828,16
nextstrain_tree_graph_300day,474,366882487_2,367798056_3,166,142.08225000004518,-23.91774999995482,23.91774999995482,26
nextstrain_tree_graph_300day,474,367662389_2,367740361_3,161,85.4684999999721,-75.5315000000279,75.5315000000279,22
nextstrain_tree_graph_300day,474,366878129_2,367741592_2,244,214.0365000000877,-29.9634999999123,29.9634999999123,35
nextstrain_tree_graph_300day,474,367721321_4,368427274_2,276,216.9585000000186,-59.0414999999814,59.0414999999814,40
nextstrain_tree_graph_300day,474,367754560_2,367841262_3,153,115.05375000001993,-37.94624999998007,37.94624999998007,24
nextstrain_tree_graph_300day,474,366577674_2,367713378_2,245,221.34150000008106,-23.658499999918945,23.658499999918945,39
nextstrain_tree_graph_300day,474,367841262_3,368545973_4,305,280.87725000008504,-24.12274999991496,24.12274999991496,43
nextstrain_tree_graph_300day,474,367801805_2,367851341_3,209,177.87675000002923,-31.123249999970767,31.123249999970767,33
nextstrain_tree_graph_300day,474,367807209_2,368402125_2,233,209.28825000003388,-23.711749999966116,23.711749999966116,36
nextstrain_tree_graph_300day,474,366976011_2,367841262_3,218,51.86549999993622,-166.13450000006378,166.13450000006378,30
nextstrain_tree_graph_300day,474,367753071_3,368458593_2,296,272.1112500000432,-23.888749999956815,23.888749999956815,44
nextstrain_tree_graph_300day,474,367736163_2,367753071_3,138,113.95800000004584,-24.041999999954157,24.041999999954157,21
nextstrain_tree_graph_300day,474,367016247_3,367523546_1,244,221.341499999998,-22.658500000001993,22.658500000001993,37
nextstrain_tree_graph_300day,474,367795026_2,368653625_2,271,247.27425000004916,-23.725749999950835,23.725749999950835,42
nextstrain_tree_graph_300day,474,366878129_2,367754560_2,111,86.9295000000206,-24.070499999979404,24.070499999979404,15
nextstrain_tree_graph_300day,474,367713378_2,368323358_1,193,137.69924999998273,-55.300750000017274,55.300750000017274,32
nextstrain_tree_graph_300day,474,367613404_2,368621213_2,225,200.88750000006644,-24.11249999993356,24.11249999993356,29
nextstrain_tree_graph_300day,474,367852099_2,368413870_2,249,225.3592500000691,-23.640749999930904,23.640749999930904,39
nextstrain_tree_graph_300day,474,367658138_2,367754464_2,94,70.1280000000857,-23.871999999914294,23.871999999914294,14
nextstrain_tree_graph_300day,474,367740361_3,367740571_1,188,150.48300000001262,-37.51699999998738,37.51699999998738,25
nextstrain_tree_graph_300day,474,365364720_2,367739502_2,346,322.15050000010564,-23.849499999894363,23.849499999894363,53
nextstrain_tree_graph_300day,474,367825353_1,368621213_2,226,201.98325000004053,-24.016749999959472,24.016749999959472,34
nextstrain_tree_graph_300day,474,367018002_2,367658138_2,119,33.237750000044514,-85.76224999995549,85.76224999995549,16
nextstrain_tree_graph_300day,474,367830220_3,367851341_3,239,215.1322500000618,-23.867749999938212,23.867749999938212,37
nextstrain_tree_graph_300day,474,366882487_2,367720936_3,176,151.94400000006112,-24.055999999938876,24.055999999938876,25
nextstrain_tree_graph_300day,474,367016247_3,367810472_3,312,236.68199999996745,-75.31800000003255,75.31800000003255,45
nextstrain_tree_graph_300day,474,367721321_4,368402125_2,334,310.46250000004983,-23.53749999995017,23.53749999995017,48
nextstrain_tree_graph_300day,474,366878129_2,367213695_2,146,121.99350000002192,-24.006499999978075,24.006499999978075,20
nextstrain_tree_graph_300day,474,367801805_2,368447320_2,115,90.94725000009169,-24.052749999908315,24.052749999908315,19
nextstrain_tree_graph_300day,474,367851920_2,368695032_1,309,131.4900000000465,-177.5099999999535,177.5099999999535,46
nextstrain_tree_graph_300day,474,367662389_2,368778817_2,248,224.263500000095,-23.736499999904993,23.736499999904993,35
nextstrain_tree_graph_300day,474,367745081_3,367843453_4,388,62.8230000000093,-325.1769999999907,325.1769999999907,56
nextstrain_tree_graph_300day,474,366865323_1,367213695_2,113,89.12100000005182,-23.878999999948178,23.878999999948178,18
nextstrain_tree_graph_300day,474,367744828_3,367841262_3,240,215.8627500000445,-24.137249999955486,24.137249999955486,36
nextstrain_tree_graph_300day,474,367754560_2,368427274_2,147,107.38350000003521,-39.61649999996479,39.61649999996479,23
nextstrain_tree_graph_300day,474,367721321_4,368756055_3,153,143.54325000001063,-9.45674999998937,9.45674999998937,20
nextstrain_tree_graph_300day,474,367008724_3,367830220_3,128,29.585250000047836,-98.41474999995216,98.41474999995216,21
nextstrain_tree_graph_300day,474,367830220_3,368331369_4,232,156.32699999995748,-75.67300000004252,75.67300000004252,37
nextstrain_tree_graph_300day,474,367828792_2,367852099_2,98,74.14575000007375,-23.854249999926253,23.854249999926253,15
nextstrain_tree_graph_300day,474,365364720_2,367213695_2,218,193.94775000006445,-24.052249999935555,24.052249999935555,33
nextstrain_tree_graph_300day,474,366985143_3,367212199_3,365,119.43674999991629,-245.5632500000837,245.5632500000837,53
nextstrain_tree_graph_300day,474,367213695_2,368427274_2,196,170.2065000000445,-25.793499999955486,25.793499999955486,30
nextstrain_tree_graph_300day,474,366577674_2,367741592_2,42,28.85474999998206,-13.145250000017938,13.145250000017938,7
nextstrain_tree_graph_300day,474,368621213_2,368695032_1,292,268.09350000005514,-23.906499999944856,23.906499999944856,43
nextstrain_tree_graph_300day,474,368413870_2,368621213_2,347,323.2462500000797,-23.753749999920274,23.753749999920274,52
nextstrain_tree_graph_300day,474,367016247_3,367750582_2,195,171.3022500000186,-23.697749999981397,23.697749999981397,29
nextstrain_tree_graph_300day,474,367727341_3,368695032_1,169,145.00425000005913,-23.99574999994087,23.99574999994087,26
nextstrain_tree_graph_300day,474,367833948_1,368413870_2,286,210.74924999999934,-75.25075000000066,75.25075000000066,47
nextstrain_tree_graph_300day,474,367851920_2,368812342_3,289,263.3452500000844,-25.654749999915623,25.654749999915623,42
nextstrain_tree_graph_300day,474,367754560_2,368621213_2,171,146.83050000001595,-24.169499999984055,24.169499999984055,24
nextstrain_tree_graph_300day,474,366896447_1,367795026_2,197,173.12850000005847,-23.871499999941534,23.871499999941534,34
nextstrain_tree_graph_300day,474,367727341_3,368518447_2,57,42.00375000008637,-14.99624999991363,14.99624999991363,7
nextstrain_tree_graph_300day,474,366577674_2,367843453_4,372,341.14350000007175,-30.856499999928246,30.856499999928246,56
nextstrain_tree_graph_300day,474,367841262_3,368578407_1,185,127.47225000005847,-57.527749999941534,57.527749999941534,30
nextstrain_tree_graph_300day,474,368458593_2,368518447_2,236,213.30600000010497,-22.693999999895027,22.693999999895027,35
nextstrain_tree_graph_300day,474,368450254_1,368653625_2,288,264.44100000005847,-23.558999999941534,23.558999999941534,43
nextstrain_tree_graph_300day,474,367213695_2,368518447_2,104,61.36200000004385,-42.63799999995615,42.63799999995615,15
nextstrain_tree_graph_300day,474,367213695_2,367740361_3,138,113.95800000004584,-24.041999999954157,24.041999999954157,20
nextstrain_tree_graph_300day,474,367727341_3,368756055_3,62,37.98600000001528,-24.01399999998472,24.01399999998472,10
nextstrain_tree_graph_300day,474,362224542_2,367727341_3,180,155.96175000004916,-24.038249999950835,24.038249999950835,25
nextstrain_tree_graph_300day,474,368318632_1,368578407_1,140,82.54650000004119,-57.45349999995881,57.45349999995881,25
nextstrain_tree_graph_300day,474,367213695_2,367774928_1,181,157.05750000002325,-23.942499999976746,23.942499999976746,29
nextstrain_tree_graph_300day,474,366870976_1,367523546_1,161,138.06450000005714,-22.935499999942863,22.935499999942863,26
nextstrain_tree_graph_300day,474,367740361_3,368621213_2,222,197.9655000000525,-24.034499999947514,24.034499999947514,31
nextstrain_tree_graph_300day,474,367008724_3,367713378_2,105,23.37600000002857,-81.62399999997143,81.62399999997143,18
nextstrain_tree_graph_300day,474,367745602_2,368578407_1,70,46.02150000007441,-23.97849999992559,23.97849999992559,12
nextstrain_tree_graph_300day,474,366865323_1,366985143_3,222,198.33075000004385,-23.66924999995615,23.66924999995615,35
nextstrain_tree_graph_300day,474,367754560_2,367825353_1,107,82.91175000003255,-24.088249999967445,24.088249999967445,18
nextstrain_tree_graph_300day,474,367720936_3,368523246_2,145,107.38350000011826,-37.61649999988174,37.61649999988174,20
nextstrain_tree_graph_300day,474,362224542_2,367851341_3,328,42.003749999920274,-285.9962500000797,285.9962500000797,48
nextstrain_tree_graph_300day,474,366870976_1,368450254_1,133,127.1070000000671,-5.892999999932897,5.892999999932897,20
nextstrain_tree_graph_300day,474,368427274_2,368621213_2,280,254.21400000005116,-25.785999999948842,25.785999999948842,41
nextstrain_tree_graph_300day,474,367774928_1,368450254_1,202,72.31950000003388,-129.68049999996612,129.68049999996612,32
nextstrain_tree_graph_300day,474,367810472_3,368756422_2,216,140.62124999999668,-75.37875000000332,75.37875000000332,32
nextstrain_tree_graph_300day,474,368447320_2,368518447_2,119,96.06075000013686,-22.939249999863137,22.939249999863137,18
nextstrain_tree_graph_300day,474,367016247_3,367740361_3,205,116.87999999997675,-88.12000000002325,88.12000000002325,30
nextstrain_tree_graph_300day,474,366865323_1,367736163_2,87,63.18825000008371,-23.811749999916287,23.811749999916287,15
nextstrain_tree_graph_300day,474,367658138_2,367754560_2,81,56.979000000064445,-24.020999999935555,24.020999999935555,11
nextstrain_tree_graph_300day,482,365527307_2,365541248_2,39,4.748249999970767,-34.25175000002923,34.25175000002923,7
nextstrain_tree_graph_300day,504,367668166_2,367690888_1,85,46.75200000005714,-38.24799999994286,38.24799999994286,15
nextstrain_tree_graph_300day,504,367690888_1,367800143_3,118,44.19525000003455,-73.80474999996545,73.80474999996545,20
nextstrain_tree_graph_300day,504,367665878_2,367724588_2,108,34.3335000000186,-73.6664999999814,73.6664999999814,17
nextstrain_tree_graph_300day,504,367013881_2,368428057_4,216,142.08225000004518,-73.91774999995482,73.91774999995482,37
nextstrain_tree_graph_300day,504,367716754_2,367721863_1,122,63.91874999998339,-58.08125000001661,58.08125000001661,18
nextstrain_tree_graph_300day,504,367676152_2,367889497_1,169,93.13875000003986,-75.86124999996014,75.86124999996014,30
nextstrain_tree_graph_300day,504,368312293_1,368517492_3,212,124.1849999999701,-87.8150000000299,87.8150000000299,34
nextstrain_tree_graph_300day,504,367203947_2,367716754_2,157,82.9117499999495,-74.0882500000505,74.0882500000505,27
nextstrain_tree_graph_300day,504,367672011_5,368428057_4,306,87.66000000000332,-218.33999999999668,218.33999999999668,47
nextstrain_tree_graph_300day,504,367013881_2,367690502_1,100,17.897250000075076,-82.10274999992492,82.10274999992492,18
nextstrain_tree_graph_300day,504,367682519_3,367722092_4,246,172.03275000000133,-73.96724999999867,73.96724999999867,42
nextstrain_tree_graph_300day,504,367834814_3,368732505_3,215,141.3517499999794,-73.6482500000206,73.6482500000206,35
nextstrain_tree_graph_300day,504,367676152_2,368329136_5,229,153.0397500000352,-75.96024999996479,75.96024999996479,39
nextstrain_tree_graph_300day,504,367675987_3,367772487_2,169,95.33025000007109,-73.66974999992891,73.66974999992891,27
nextstrain_tree_graph_300day,504,367889497_1,368483418_1,310,236.31675000005913,-73.68324999994087,73.68324999994087,48
nextstrain_tree_graph_300day,504,366829321_4,367716292_1,260,147.56099999991562,-112.43900000008438,112.43900000008438,41
nextstrain_tree_graph_300day,504,367013881_2,367722092_4,223,170.93700000002724,-52.06299999997276,52.06299999997276,37
nextstrain_tree_graph_300day,504,367664031_2,367665746_2,111,73.05000000009966,-37.94999999990034,37.94999999990034,17
nextstrain_tree_graph_300day,504,366973038_1,368327726_2,155,56.97899999989835,-98.02100000010165,98.02100000010165,26
nextstrain_tree_graph_300day,504,367241922_2,367778625_3,195,59.17050000001262,-135.82949999998738,135.82949999998738,32
nextstrain_tree_graph_300day,504,367778625_3,367823852_1,283,85.10324999998073,-197.89675000001927,197.89675000001927,45
nextstrain_tree_graph_300day,504,367672011_5,367722092_4,335,136.96875,-198.03125,198.03125,53
nextstrain_tree_graph_300day,504,367699576_2,367724588_2,92,18.26250000006644,-73.73749999993356,73.73749999993356,17
nextstrain_tree_graph_300day,504,364276964_1,367255795_1,173,136.96875,-36.03125,36.03125,26
nextstrain_tree_graph_300day,504,367699576_2,367889497_1,163,63.55349999999203,-99.44650000000797,99.44650000000797,28
nextstrain_tree_graph_300day,504,367659344_3,367889497_1,208,42.00375000000332,-165.99624999999668,165.99624999999668,34
nextstrain_tree_graph_300day,504,367665746_2,367679324_2,109,55.88324999992426,-53.11675000007574,53.11675000007574,14
nextstrain_tree_graph_300day,504,367759214_2,368672368_2,131,56.979000000064445,-74.02099999993555,74.02099999993555,21
nextstrain_tree_graph_300day,504,367255795_1,367792087_3,166,92.04299999998273,-73.95700000001727,73.95700000001727,27
nextstrain_tree_graph_300day,504,367722092_4,367725247_3,41,29.220000000056473,-11.779999999943527,11.779999999943527,7
nextstrain_tree_graph_300day,504,366903338_1,367255795_1,199,71.22374999997675,-127.77625000002325,127.77625000002325,29
nextstrain_tree_graph_300day,504,367676268_3,367772487_2,170,96.06075000005382,-73.93924999994618,73.93924999994618,26
nextstrain_tree_graph_300day,504,367682462_3,367904401_1,217,72.68475000002525,-144.31524999997475,144.31524999997475,33
nextstrain_tree_graph_300day,504,367792087_3,368312293_1,130,58.074750000038534,-71.92524999996147,71.92524999996147,24
nextstrain_tree_graph_300day,504,367665878_2,368591361_2,149,75.24149999996479,-73.75850000003521,73.75850000003521,24
nextstrain_tree_graph_300day,504,364276964_1,367721863_1,133,58.80525000002126,-74.19474999997874,74.19474999997874,22
nextstrain_tree_graph_300day,504,367675987_3,368732505_3,262,188.4690000000279,-73.5309999999721,73.5309999999721,38
nextstrain_tree_graph_300day,504,367665878_2,367672011_5,210,136.23825000001727,-73.76174999998273,73.76174999998273,32
nextstrain_tree_graph_300day,504,367722092_4,367889497_1,304,132.22050000002923,-171.77949999997077,171.77949999997077,51
nextstrain_tree_graph_300day,504,366903338_1,367834814_3,157,83.27700000002392,-73.72299999997608,73.72299999997608,25
nextstrain_tree_graph_300day,504,367716292_1,368329136_5,235,122.35874999993024,-112.64125000006976,112.64125000006976,39
nextstrain_tree_graph_300day,504,367682462_3,368517492_3,282,51.13500000003654,-230.86499999996346,230.86499999996346,42
nextstrain_tree_graph_300day,504,367800143_3,368502232_1,141,53.32649999998472,-87.67350000001528,87.67350000001528,20
nextstrain_tree_graph_300day,504,368534153_1,368710853_4,324,52.961250000076404,-271.0387499999236,271.0387499999236,49
nextstrain_tree_graph_300day,504,367724588_2,367725247_3,244,170.2065000000445,-73.79349999995549,73.79349999995549,41
nextstrain_tree_graph_300day,504,368428057_4,368744051_2,194,145.00425000014218,-48.99574999985782,48.99574999985782,32
nextstrain_tree_graph_300day,504,367703822_1,367759214_2,254,158.1532500000804,-95.84674999991961,95.84674999991961,43
nextstrain_tree_graph_300day,504,367241922_2,367759214_2,139,43.09950000006046,-95.90049999993954,95.90049999993954,21
nextstrain_tree_graph_300day,504,367772487_2,368327726_2,118,44.19525000003455,-73.80474999996545,73.80474999996545,22
nextstrain_tree_graph_300day,504,367203947_2,367241922_2,131,56.9789999999814,-74.0210000000186,74.0210000000186,21
nextstrain_tree_graph_300day,504,367013881_2,367713208_3,247,173.12849999997542,-73.87150000002458,73.87150000002458,41
nextstrain_tree_graph_300day,504,367241922_2,367676268_3,196,59.90099999999535,-136.09900000000465,136.09900000000465,28
nextstrain_tree_graph_300day,504,366911734_2,367203947_2,126,24.106499999928246,-101.89350000007175,101.89350000007175,24
nextstrain_tree_graph_300day,504,367725247_3,368687951_2,307,119.07150000000797,-187.92849999999203,187.92849999999203,50
nextstrain_tree_graph_300day,504,364276964_1,368428057_4,254,180.06825000006046,-73.93174999993954,73.93174999993954,43
nextstrain_tree_graph_300day,504,367668166_2,368732505_3,153,105.5572499999123,-47.4427500000877,47.4427500000877,24
nextstrain_tree_graph_300day,504,368591361_2,368687951_2,174,64.28399999997475,-109.71600000002525,109.71600000002525,28
nextstrain_tree_graph_300day,504,367665746_2,368732505_3,168,146.46525000002458,-21.534749999975418,21.534749999975418,25
nextstrain_tree_graph_300day,504,364276964_1,368312293_1,107,103.00050000005581,-3.9994999999441916,3.9994999999441916,17
nextstrain_tree_graph_300day,504,363273584_2,367682519_3,208,134.04674999998605,-73.95325000001395,73.95325000001395,32
nextstrain_tree_graph_300day,504,367792087_3,368428057_4,209,135.14250000004319,-73.85749999995681,73.85749999995681,34
nextstrain_tree_graph_300day,504,366855162_2,367716292_1,269,156.69224999994884,-112.30775000005116,112.30775000005116,42
nextstrain_tree_graph_300day,504,367676268_3,368502506_2,170,134.04674999998605,-35.95325000001395,35.95325000001395,23
nextstrain_tree_graph_300day,504,367679324_2,367699576_2,115,41.273250000020596,-73.7267499999794,73.7267499999794,18
nextstrain_tree_graph_300day,504,367013881_2,367823852_1,207,132.95100000001196,-74.04899999998804,74.04899999998804,33
nextstrain_tree_graph_300day,504,366903338_1,367800143_3,128,68.30175000004584,-59.69824999995416,59.69824999995416,19
nextstrain_tree_graph_300day,504,368428057_4,368687951_2,275,66.11025000001462,-208.88974999998538,208.88974999998538,47
nextstrain_tree_graph_300day,504,367676268_3,367889497_1,238,66.11025000001462,-171.88974999998538,171.88974999998538,36
nextstrain_tree_graph_300day,504,367664031_2,367834814_3,144,70.12800000000266,-73.87199999999734,73.87199999999734,25
nextstrain_tree_graph_300day,504,367716292_1,367788489_3,137,63.91874999998339,-73.08125000001661,73.08125000001661,24
nextstrain_tree_graph_300day,504,367665746_2,367738558_2,163,87.29475000001196,-75.70524999998804,75.70524999998804,26
nextstrain_tree_graph_300day,504,367757529_2,368591361_2,130,56.24849999999867,-73.75150000000133,73.75150000000133,22
nextstrain_tree_graph_300day,504,367721863_1,367738558_2,122,44.56050000002591,-77.43949999997409,77.43949999997409,20
nextstrain_tree_graph_300day,504,363273584_2,367690888_1,209,132.951000000095,-76.04899999990499,76.04899999990499,33
nextstrain_tree_graph_300day,504,367690888_1,367952085_3,257,181.1640000001176,-75.8359999998824,75.8359999998824,39
nextstrain_tree_graph_300day,504,367759214_2,368732505_3,206,110.30550000004916,-95.69449999995084,95.69449999995084,34
nextstrain_tree_graph_300day,504,366841845_1,368534153_1,221,146.83050000001595,-74.16949999998405,74.16949999998405,35
nextstrain_tree_graph_300day,504,366911734_2,368672368_2,123,48.943500000005315,-74.05649999999468,74.05649999999468,23
nextstrain_tree_graph_300day,504,363273584_2,367800143_3,221,147.1957500000073,-73.80424999999269,73.80424999999269,33
nextstrain_tree_graph_300day,504,367778625_3,368517492_3,291,93.13874999995681,-197.86125000004319,197.86125000004319,47
nextstrain_tree_graph_300day,504,367757529_2,367800143_3,115,41.273250000020596,-73.7267499999794,73.7267499999794,18
nextstrain_tree_graph_300day,504,363273584_2,367659344_3,254,88.02524999999468,-165.97475000000532,165.97475000000532,37
nextstrain_tree_graph_300day,504,367682462_3,367792087_3,162,88.02524999999468,-73.97475000000532,73.97475000000532,22
nextstrain_tree_graph_300day,504,367800143_3,368312293_1,151,79.25925000003588,-71.74074999996412,71.74074999996412,25
nextstrain_tree_graph_300day,504,368483418_1,368672368_2,260,186.27750000007973,-73.72249999992027,73.72249999992027,40
nextstrain_tree_graph_300day,504,367203947_2,367683504_4,127,52.961249999993356,-74.03875000000664,74.03875000000664,21
nextstrain_tree_graph_300day,504,367665746_2,368327726_2,123,87.29475000001196,-35.70524999998804,35.70524999998804,18
nextstrain_tree_graph_300day,504,363273584_2,368672368_2,216,142.08225000004518,-73.91774999995482,73.91774999995482,31
nextstrain_tree_graph_300day,504,367675987_3,367716754_2,221,147.1957500000073,-73.80424999999269,73.80424999999269,33
nextstrain_tree_graph_300day,504,367699576_2,368555184_3,151,52.59600000000199,-98.403999999998,98.403999999998,24
nextstrain_tree_graph_300day,504,367834814_3,367952085_3,284,210.38400000000797,-73.61599999999203,73.61599999999203,43
nextstrain_tree_graph_300day,504,367757529_2,367823852_1,206,132.22050000002923,-73.77949999997077,73.77949999997077,31
nextstrain_tree_graph_300day,504,367682462_3,368428057_4,283,53.69175000005913,-229.30824999994087,229.30824999994087,42
nextstrain_tree_graph_300day,504,367659344_3,367722092_4,284,126.01125000000997,-157.98874999999003,157.98874999999003,45
nextstrain_tree_graph_300day,504,367676152_2,368502232_1,149,45.29100000000864,-103.70899999999136,103.70899999999136,22
nextstrain_tree_graph_300day,504,367668166_2,367800143_3,135,60.99674999996944,-74.00325000003056,74.00325000003056,21
nextstrain_tree_graph_300day,504,363273584_2,368483418_1,356,282.3382500000505,-73.6617499999495,73.6617499999495,51
nextstrain_tree_graph_300day,504,367683504_4,367800143_3,129,55.15275000002458,-73.84724999997542,73.84724999997542,18
nextstrain_tree_graph_300day,504,367664031_2,367682519_3,78,39.812250000055144,-38.187749999944856,38.187749999944856,14
nextstrain_tree_graph_300day,504,366855162_2,367725247_3,409,224.99399999999468,-184.00600000000532,184.00600000000532,66
nextstrain_tree_graph_300day,504,367668166_2,367952085_3,274,174.58949999994087,-99.41050000005913,99.41050000005913,40
nextstrain_tree_graph_300day,504,367778625_3,368329136_5,297,98.98274999998472,-198.01725000001528,198.01725000001528,49
nextstrain_tree_graph_300day,504,366841845_1,367676152_2,118,42.00375000000332,-75.99624999999668,75.99624999999668,21
nextstrain_tree_graph_300day,504,367683504_4,368591361_2,144,58.43999999994685,-85.56000000005315,85.56000000005315,22
nextstrain_tree_graph_300day,504,367665746_2,367722092_4,279,205.27050000004584,-73.72949999995416,73.72949999995416,45
nextstrain_tree_graph_300day,504,368329136_5,368672368_2,230,155.96175000004916,-74.03824999995084,74.03824999995084,37
nextstrain_tree_graph_300day,504,367665878_2,368687951_2,179,107.38350000003521,-71.61649999996479,71.61649999996479,30
nextstrain_tree_graph_300day,504,367775730_2,368312293_1,205,79.25925000003588,-125.74074999996412,125.74074999996412,35
nextstrain_tree_graph_300day,504,367904401_1,368710853_4,261,117.61050000004252,-143.38949999995748,143.38949999995748,41
nextstrain_tree_graph_300day,504,367664031_2,367665878_2,95,56.979000000064445,-38.020999999935555,38.020999999935555,15
nextstrain_tree_graph_300day,504,364351888_1,367659344_3,294,136.23825000001727,-157.76174999998273,157.76174999998273,46
nextstrain_tree_graph_300day,504,367665878_2,367675987_3,196,88.75574999997741,-107.24425000002259,107.24425000002259,27
nextstrain_tree_graph_300day,504,367792087_3,368710853_4,206,132.95100000001196,-73.04899999998804,73.04899999998804,30
nextstrain_tree_graph_300day,504,364276964_1,367713208_3,285,211.1144999999907,-73.8855000000093,73.8855000000093,45
nextstrain_tree_graph_300day,504,366903338_1,367788489_3,149,75.24150000004784,-73.75849999995216,73.75849999995216,25
nextstrain_tree_graph_300day,504,368483418_1,368591361_2,280,206.36625000001993,-73.63374999998007,73.63374999998007,42
nextstrain_tree_graph_300day,504,367725247_3,367738558_2,283,207.09675000000266,-75.90324999999734,75.90324999999734,46
nextstrain_tree_graph_300day,504,367203947_2,368672368_2,123,48.943500000005315,-74.05649999999468,74.05649999999468,21
nextstrain_tree_graph_300day,504,367716292_1,368428057_4,230,117.61049999995947,-112.38950000004053,112.38950000004053,39
nextstrain_tree_graph_300day,504,367682462_3,367716292_1,183,70.49324999991097,-112.50675000008903,112.50675000008903,27
nextstrain_tree_graph_300day,504,367664031_2,367724588_2,103,29.220000000056473,-73.77999999994353,73.77999999994353,18
nextstrain_tree_graph_300day,504,367716292_1,367721863_1,109,35.794499999984055,-73.20550000001595,73.20550000001595,18
nextstrain_tree_graph_300day,504,367683504_4,368428057_4,229,143.54325000001063,-85.45674999998937,85.45674999998937,37
nextstrain_tree_graph_300day,504,367659344_3,368555184_3,196,31.046250000013288,-164.9537499999867,164.9537499999867,30
nextstrain_tree_graph_300day,504,367682462_3,368710853_4,260,51.500250000027904,-208.4997499999721,208.4997499999721,36
nextstrain_tree_graph_300day,504,367675987_3,367682519_3,179,87.65999999992027,-91.34000000007973,91.34000000007973,26
nextstrain_tree_graph_300day,504,367665746_2,367703822_1,268,194.3130000000558,-73.68699999994419,73.68699999994419,42
nextstrain_tree_graph_300day,504,367665878_2,368312293_1,117,83.27700000002392,-33.72299999997608,33.72299999997608,19
nextstrain_tree_graph_300day,504,366841845_1,367724588_2,98,24.106500000011295,-73.8934999999887,73.8934999999887,18
nextstrain_tree_graph_300day,504,367672011_5,367682519_3,193,119.07150000000797,-73.92849999999203,73.92849999999203,31
nextstrain_tree_graph_300day,504,364351888_1,368428057_4,369,171.3022500000186,-197.6977499999814,197.6977499999814,61
nextstrain_tree_graph_300day,504,367241922_2,367683504_4,132,46.386749999982726,-85.61325000001727,85.61325000001727,20
nextstrain_tree_graph_300day,504,366903338_1,367889497_1,187,59.17050000001262,-127.82949999998738,127.82949999998738,31
nextstrain_tree_graph_300day,504,367759214_2,368327726_2,147,73.05000000001661,-73.94999999998339,73.94999999998339,25
nextstrain_tree_graph_300day,504,367699576_2,367703822_1,236,136.60350000000864,-99.39649999999136,99.39649999999136,40
nextstrain_tree_graph_300day,504,367788489_3,368428057_4,237,163.26675000004252,-73.73324999995748,73.73324999995748,39
nextstrain_tree_graph_300day,504,366911734_2,368591361_2,143,69.03224999994552,-73.96775000005448,73.96775000005448,25
nextstrain_tree_graph_300day,504,368428057_4,368732505_3,300,70.85850000006843,-229.14149999993157,229.14149999993157,50
nextstrain_tree_graph_300day,504,366903338_1,367757529_2,127,53.32650000006777,-73.67349999993223,73.67349999993223,19
nextstrain_tree_graph_300day,504,367664031_2,367722092_4,258,184.0860000000485,-73.9139999999515,73.9139999999515,44
nextstrain_tree_graph_300day,504,367724588_2,367823852_1,181,121.2630000000392,-59.7369999999608,59.7369999999608,28
nextstrain_tree_graph_300day,504,367792087_3,368329136_5,214,139.89075000001395,-74.10924999998605,74.10924999998605,34
nextstrain_tree_graph_300day,504,367716292_1,367772487_2,107,33.96825000002724,-73.03174999997276,73.03174999997276,20
nextstrain_tree_graph_300day,504,366903338_1,367682462_3,195,67.2059999999887,-127.7940000000113,127.7940000000113,28
nextstrain_tree_graph_300day,504,363273584_2,366855162_2,360,176.05049999998937,-183.94950000001063,183.94950000001063,55
nextstrain_tree_graph_300day,504,366903338_1,367775730_2,182,68.30175000004584,-113.69824999995416,113.69824999995416,29
nextstrain_tree_graph_300day,504,367690888_1,367725247_3,258,181.89450000010032,-76.10549999989968,76.10549999989968,44
nextstrain_tree_graph_300day,504,367724588_2,368555184_3,137,64.2840000000578,-72.7159999999422,72.7159999999422,23
nextstrain_tree_graph_300day,504,367255795_1,368483418_1,322,248.37000000002325,-73.62999999997675,73.62999999997675,46
nextstrain_tree_graph_300day,504,367682462_3,367716754_2,212,40.17749999996346,-171.82250000003654,171.82250000003654,31
nextstrain_tree_graph_300day,504,367823852_1,368672368_2,216,142.08225000004518,-73.91774999995482,73.91774999995482,35
nextstrain_tree_graph_300day,504,367757529_2,367778625_3,177,103.36575000004717,-73.63424999995283,73.63424999995283,30
nextstrain_tree_graph_300day,504,367255795_1,367664031_2,148,112.13175000000598,-35.86824999999402,35.86824999999402,23
nextstrain_tree_graph_300day,504,364276964_1,367665878_2,120,56.24849999999867,-63.75150000000133,63.75150000000133,18
nextstrain_tree_graph_300day,504,367823852_1,367834814_3,236,162.17099999998538,-73.82900000001462,73.82900000001462,37
nextstrain_tree_graph_300day,504,367713208_3,367724588_2,203,161.44050000000266,-41.55949999999734,41.55949999999734,32
nextstrain_tree_graph_300day,504,367690502_1,367904401_1,110,75.24150000004784,-34.758499999952164,34.758499999952164,18
nextstrain_tree_graph_300day,504,367241922_2,367659344_3,166,29.95049999995615,-136.04950000004385,136.04950000004385,26
nextstrain_tree_graph_300day,504,367665746_2,367665878_2,102,22.645500000045843,-79.35449999995416,79.35449999995416,14
nextstrain_tree_graph_300day,504,366855162_2,367682519_3,256,182.25975000000864,-73.74024999999136,73.74024999999136,41
nextstrain_tree_graph_300day,504,367682519_3,368502506_2,94,58.074749999955486,-35.925250000044514,35.925250000044514,16
nextstrain_tree_graph_300day,504,367013881_2,367255795_1,173,98.98274999998472,-74.01725000001528,74.01725000001528,28
nextstrain_tree_graph_300day,504,367757529_2,367788489_3,122,48.21300000002259,-73.78699999997741,73.78699999997741,22
nextstrain_tree_graph_300day,504,367683504_4,368555184_3,162,77.43299999999601,-84.56700000000399,84.56700000000399,24
nextstrain_tree_graph_300day,504,366855162_2,367675987_3,317,257.5012500000565,-59.49874999994353,59.49874999994353,47
nextstrain_tree_graph_300day,504,367665878_2,367682519_3,57,29.58524999988174,-27.41475000011826,27.41475000011826,9
nextstrain_tree_graph_300day,504,367716754_2,368329136_5,264,92.04299999998273,-171.95700000001727,171.95700000001727,43
nextstrain_tree_graph_300day,504,367792087_3,367823852_1,200,126.01125000000997,-73.98874999999003,73.98874999999003,32
nextstrain_tree_graph_300day,504,367665746_2,368502506_2,127,91.3125,-35.6875,35.6875,19
nextstrain_tree_graph_300day,504,366973038_1,368483418_1,279,205.27050000004584,-73.72949999995416,73.72949999995416,42
nextstrain_tree_graph_300day,504,368329136_5,368591361_2,250,121.99349999993888,-128.00650000006112,128.00650000006112,41
nextstrain_tree_graph_300day,504,364351888_1,368710853_4,366,169.11074999998738,-196.88925000001262,196.88925000001262,57
nextstrain_tree_graph_300day,504,367676268_3,367724588_2,167,93.13875000003986,-73.86124999996014,73.86124999996014,23
nextstrain_tree_graph_300day,504,367665878_2,367738558_2,147,71.22374999997675,-75.77625000002325,75.77625000002325,24
nextstrain_tree_graph_300day,504,366855162_2,366911734_2,253,193.21724999999867,-59.78275000000133,59.78275000000133,41
nextstrain_tree_graph_300day,504,367682519_3,367952085_3,256,182.25975000000864,-73.74024999999136,73.74024999999136,38
nextstrain_tree_graph_300day,504,368687951_2,368732505_3,245,36.15974999997542,-208.84025000002458,208.84025000002458,41
nextstrain_tree_graph_300day,504,367013881_2,367676268_3,179,104.82675000001262,-74.17324999998738,74.17324999998738,26
nextstrain_tree_graph_300day,504,368502232_1,368732505_3,225,151.21349999999535,-73.78650000000465,73.78650000000465,33
nextstrain_tree_graph_300day,504,367904401_1,368312293_1,127,60.26624999998671,-66.73375000001329,66.73375000001329,21
nextstrain_tree_graph_300day,504,367690502_1,367722092_4,243,169.11075000007042,-73.88924999992958,73.88924999992958,41
nextstrain_tree_graph_300day,504,363273584_2,367682462_3,254,55.5179999999329,-198.4820000000671,198.4820000000671,34
nextstrain_tree_graph_300day,504,367676152_2,367690888_1,74,36.159750000058466,-37.840249999941534,37.840249999941534,14
nextstrain_tree_graph_300day,504,364276964_1,368732505_3,186,150.11775000002126,-35.88224999997874,35.88224999997874,29
nextstrain_tree_graph_300day,504,368517492_3,368710853_4,326,97.52175000001927,-228.47824999998073,228.47824999998073,50
nextstrain_tree_graph_300day,504,367721863_1,367757529_2,94,18.6277500000578,-75.3722499999422,75.3722499999422,16
nextstrain_tree_graph_300day,504,367699576_2,367738558_2,131,55.15275000002458,-75.84724999997542,75.84724999997542,22
nextstrain_tree_graph_300day,504,367676268_3,367699576_2,181,81.45074999998405,-99.54925000001595,99.54925000001595,26
nextstrain_tree_graph_300day,504,366855162_2,367713208_3,56,20.45399999993157,-35.54600000006843,35.54600000006843,9
nextstrain_tree_graph_300day,504,366855162_2,367738558_2,282,206.36625000001993,-75.63374999998007,75.63374999998007,46
nextstrain_tree_graph_300day,504,367672011_5,367724588_2,180,106.28775000006112,-73.71224999993888,73.71224999993888,29
nextstrain_tree_graph_300day,504,367668166_2,367722092_4,264,164.36249999993356,-99.63750000006644,99.63750000006644,44
nextstrain_tree_graph_300day,504,366903338_1,367716292_1,142,29.585249999964788,-112.41475000003521,112.41475000003521,21
nextstrain_tree_graph_300day,504,367664031_2,367690502_1,75,36.89025000012424,-38.10974999987576,38.10974999987576,13
nextstrain_tree_graph_300day,504,363273584_2,367792087_3,200,126.01125000000997,-73.98874999999003,73.98874999999003,28
nextstrain_tree_graph_300day,504,367775730_2,367834814_3,199,125.28075000002724,-73.71924999997276,73.71924999997276,34
nextstrain_tree_graph_300day,504,367203947_2,367721863_1,107,32.8724999999701,-74.1275000000299,74.1275000000299,19
nextstrain_tree_graph_300day,504,367668166_2,368327726_2,108,71.95424999995947,-36.04575000004053,36.04575000004053,17
nextstrain_tree_graph_300day,504,367738558_2,367775730_2,197,121.2630000000392,-75.7369999999608,75.7369999999608,34
nextstrain_tree_graph_300day,504,364276964_1,366911734_2,152,50.039249999979404,-101.9607500000206,101.9607500000206,25
nextstrain_tree_graph_300day,504,367699576_2,367800143_3,118,44.19525000003455,-73.80474999996545,73.80474999996545,20
nextstrain_tree_graph_300day,504,367679324_2,367724588_2,101,27.39375000001661,-73.60624999998339,73.60624999998339,15
nextstrain_tree_graph_300day,504,364351888_1,367716754_2,290,126.37650000000133,-163.62349999999867,163.62349999999867,46
nextstrain_tree_graph_300day,504,367690502_1,367716754_2,143,69.03225000002857,-73.96774999997143,73.96774999997143,24
nextstrain_tree_graph_300day,504,367699576_2,368502232_1,143,69.03225000002857,-73.96774999997143,73.96774999997143,22
nextstrain_tree_graph_300day,504,367722092_4,367775730_2,313,128.93325000002392,-184.06674999997608,184.06674999997608,53
nextstrain_tree_graph_300day,504,367690502_1,367952085_3,253,179.33775000007773,-73.66224999992227,73.66224999992227,37
nextstrain_tree_graph_300day,504,367675987_3,368502506_2,207,133.31625000000332,-73.68374999999668,73.68374999999668,30
nextstrain_tree_graph_300day,504,367703822_1,368483418_1,369,309.36675000007574,-59.63324999992426,59.63324999992426,56
nextstrain_tree_graph_300day,504,367672011_5,367834814_3,159,147.1957500000073,-11.804249999992692,11.804249999992692,24
nextstrain_tree_graph_300day,504,367241922_2,368591361_2,148,20.088749999940205,-127.9112500000598,127.9112500000598,24
nextstrain_tree_graph_300day,504,367682462_3,368687951_2,228,18.992999999966116,-209.00700000003388,209.00700000003388,35
nextstrain_tree_graph_300day,504,367679324_2,367682519_3,76,10.227000000007308,-65.77299999999269,65.77299999999269,11
nextstrain_tree_graph_300day,504,367682462_3,368672368_2,178,104.0962500000299,-73.9037499999701,73.9037499999701,25
nextstrain_tree_graph_300day,504,364351888_1,367725247_3,143,63.55349999999203,-79.44650000000797,79.44650000000797,20
nextstrain_tree_graph_300day,504,367676152_2,367759214_2,130,54.05700000005049,-75.9429999999495,75.9429999999495,23
nextstrain_tree_graph_300day,504,367679324_2,367952085_3,266,192.48675000001595,-73.51324999998405,73.51324999998405,37
nextstrain_tree_graph_300day,504,366973038_1,367682519_3,131,56.9789999999814,-74.0210000000186,74.0210000000186,23
nextstrain_tree_graph_300day,504,367013881_2,367672011_5,192,117.97575000003388,-74.02424999996612,74.02424999996612,30
nextstrain_tree_graph_300day,504,367255795_1,367668166_2,154,92.40824999989104,-61.59175000010896,61.59175000010896,23
nextstrain_tree_graph_300day,504,367889497_1,367904401_1,209,64.64925000004916,-144.35074999995084,144.35074999995084,36
nextstrain_tree_graph_300day,504,364351888_1,367664031_2,268,194.3130000000558,-73.68699999994419,73.68699999994419,45
nextstrain_tree_graph_300day,504,364276964_1,366855162_2,293,219.15000000004983,-73.84999999995017,73.84999999995017,46
nextstrain_tree_graph_300day,504,367665878_2,367716292_1,82,60.99674999996944,-21.00325000003056,21.00325000003056,12
nextstrain_tree_graph_300day,504,367203947_2,367722092_4,257,182.99024999999136,-74.00975000000864,74.00975000000864,44
nextstrain_tree_graph_300day,504,364276964_1,367672011_5,230,155.96175000004916,-74.03824999995084,74.03824999995084,36
nextstrain_tree_graph_300day,504,364276964_1,367659344_3,187,112.8622499999887,-74.1377500000113,74.1377500000113,30
nextstrain_tree_graph_300day,504,367203947_2,367788489_3,99,33.237749999961466,-65.76225000003853,65.76225000003853,17
nextstrain_tree_graph_300day,504,367668166_2,367683504_4,104,48.21299999993954,-55.78700000006046,55.78700000006046,15
nextstrain_tree_graph_300day,504,368502232_1,368591361_2,170,96.06074999997077,-73.93925000002923,73.93925000002923,26
nextstrain_tree_graph_300day,504,367778625_3,368591361_2,199,79.25924999995283,-119.74075000004717,119.74075000004717,32
nextstrain_tree_graph_300day,504,367675987_3,367716292_1,192,119.07150000000797,-72.92849999999203,72.92849999999203,27
nextstrain_tree_graph_300day,504,366911734_2,367722092_4,257,182.99024999999136,-74.00975000000864,74.00975000000864,44
nextstrain_tree_graph_300day,504,364351888_1,367665746_2,289,215.49750000005315,-73.50249999994685,73.50249999994685,46
nextstrain_tree_graph_300day,504,366855162_2,367659344_3,302,136.23825000001727,-165.76174999998273,165.76174999998273,48
nextstrain_tree_graph_300day,504,367659344_3,367738558_2,176,100.07849999995881,-75.92150000004119,75.92150000004119,28
nextstrain_tree_graph_300day,504,368329136_5,368732505_3,305,86.56424999994618,-218.43575000005382,218.43575000005382,50
nextstrain_tree_graph_300day,504,363273584_2,367672011_5,277,60.99675000005249,-216.0032499999475,216.0032499999475,39
nextstrain_tree_graph_300day,504,366829321_4,367699576_2,248,148.65674999997276,-99.34325000002724,99.34325000002724,39
nextstrain_tree_graph_300day,504,367703822_1,368428057_4,348,163.99725000002525,-184.00274999997475,184.00274999997475,59
nextstrain_tree_graph_300day,504,367672011_5,367904401_1,240,95.69550000006245,-144.30449999993755,144.30449999993755,38
nextstrain_tree_graph_300day,504,367725247_3,367800143_3,270,196.13925000001262,-73.86074999998738,73.86074999998738,44
nextstrain_tree_graph_300day,504,367699576_2,367904401_1,152,53.69174999997608,-98.30825000002392,98.30825000002392,26
nextstrain_tree_graph_300day,504,367664031_2,368672368_2,124,50.03925000006245,-73.96074999993755,73.96074999993755,23
nextstrain_tree_graph_300day,504,367664031_2,367676268_3,154,117.97575000003388,-36.024249999966116,36.024249999966116,21
nextstrain_tree_graph_300day,504,367659344_3,367699576_2,143,51.500249999944856,-91.49975000005514,91.49975000005514,22
nextstrain_tree_graph_300day,504,367013881_2,367778625_3,156,104.0962500000299,-51.9037499999701,51.9037499999701,26
nextstrain_tree_graph_300day,504,367665746_2,367823852_1,241,167.28450000003056,-73.71549999996944,73.71549999996944,35
nextstrain_tree_graph_300day,504,366855162_2,367203947_2,267,193.21724999999867,-73.78275000000133,73.78275000000133,45
nextstrain_tree_graph_300day,504,367675987_3,367679324_2,189,97.88699999992758,-91.11300000007242,91.11300000007242,25
nextstrain_tree_graph_300day,504,367778625_3,368428057_4,292,94.23450000001395,-197.76549999998605,197.76549999998605,49
nextstrain_tree_graph_300day,504,367675987_3,367757529_2,177,103.36575000004717,-73.63424999995283,73.63424999995283,25
nextstrain_tree_graph_300day,504,367725247_3,367792087_3,249,174.95475000001528,-74.04524999998472,74.04524999998472,41
nextstrain_tree_graph_300day,504,367834814_3,368687951_2,190,118.34100000002525,-71.65899999997475,71.65899999997475,32
nextstrain_tree_graph_300day,504,367013881_2,367721863_1,87,20.81925000000598,-66.18074999999402,66.18074999999402,14
nextstrain_tree_graph_300day,504,363273584_2,367675987_3,283,209.28825000003388,-73.71174999996612,73.71174999996612,40
nextstrain_tree_graph_300day,504,367672011_5,367772487_2,163,109.20975000007508,-53.790249999924924,53.790249999924924,26
nextstrain_tree_graph_300day,504,368502506_2,368591361_2,160,86.19899999995482,-73.80100000004518,73.80100000004518,27
nextstrain_tree_graph_300day,504,366973038_1,367664031_2,143,69.03225000002857,-73.96774999997143,73.96774999997143,25
nextstrain_tree_graph_300day,504,367724588_2,368428057_4,204,130.39425000007242,-73.60574999992758,73.60574999992758,36
nextstrain_tree_graph_300day,504,367241922_2,367672011_5,209,73.05000000001661,-135.9499999999834,135.9499999999834,30
nextstrain_tree_graph_300day,504,367665878_2,367775730_2,188,114.3232500000372,-73.6767499999628,73.6767499999628,30
nextstrain_tree_graph_300day,504,367772487_2,367800143_3,107,33.237750000044514,-73.76224999995549,73.76224999995549,20
nextstrain_tree_graph_300day,504,368327726_2,368591361_2,156,82.18124999996678,-73.81875000003322,73.81875000003322,26
nextstrain_tree_graph_300day,504,367668166_2,367778625_3,197,97.52174999993622,-99.47825000006378,99.47825000006378,33
nextstrain_tree_graph_300day,504,367716292_1,367904401_1,126,52.595999999918945,-73.40400000008106,73.40400000008106,20
nextstrain_tree_graph_300day,504,368329136_5,368687951_2,280,70.85849999998538,-209.14150000001462,209.14150000001462,47
nextstrain_tree_graph_300day,504,367703822_1,368687951_2,293,111.03600000003189,-181.9639999999681,181.9639999999681,50
nextstrain_tree_graph_300day,504,367203947_2,367904401_1,162,89.12099999996877,-72.87900000003123,72.87900000003123,29
nextstrain_tree_graph_300day,504,367699576_2,368329136_5,223,123.45449999998738,-99.54550000001262,99.54550000001262,37
nextstrain_tree_graph_300day,504,367241922_2,367713208_3,264,128.20274999995814,-135.79725000004186,135.79725000004186,43
nextstrain_tree_graph_300day,504,363273584_2,367823852_1,312,75.97200000003056,-236.02799999996944,236.02799999996944,46
nextstrain_tree_graph_300day,504,364351888_1,367690502_1,253,179.33775000007773,-73.66224999992227,73.66224999992227,42
nextstrain_tree_graph_300day,504,367823852_1,368555184_3,254,59.17050000009567,-194.82949999990433,194.82949999990433,39
nextstrain_tree_graph_300day,504,367664031_2,367668166_2,96,59.90099999999535,-36.09900000000465,36.09900000000465,16
nextstrain_tree_graph_300day,504,366911734_2,367792087_3,107,32.8724999999701,-74.1275000000299,74.1275000000299,20
nextstrain_tree_graph_300day,504,367668166_2,367823852_1,226,126.37649999991828,-99.62350000008172,99.62350000008172,34
nextstrain_tree_graph_300day,504,367738558_2,368517492_3,242,166.18874999997342,-75.81125000002658,75.81125000002658,39
nextstrain_tree_graph_300day,504,367672011_5,368329136_5,291,52.961250000076404,-238.0387499999236,238.0387499999236,45
nextstrain_tree_graph_300day,504,367690502_1,367716292_1,76,40.90800000002923,-35.09199999997077,35.09199999997077,12
nextstrain_tree_graph_300day,504,366911734_2,367699576_2,116,42.00375000000332,-73.99624999999668,73.99624999999668,21
nextstrain_tree_graph_300day,504,367665746_2,367668166_2,103,81.08549999999269,-21.91450000000731,21.91450000000731,15
nextstrain_tree_graph_300day,504,367672011_5,367889497_1,231,79.25925000003588,-151.74074999996412,151.74074999996412,36
nextstrain_tree_graph_300day,504,366829321_4,368428057_4,360,141.71699999997077,-218.28300000002923,218.28300000002923,56
nextstrain_tree_graph_300day,504,367013881_2,367659344_3,141,74.87624999997342,-66.12375000002658,66.12375000002658,22
nextstrain_tree_graph_300day,504,367676152_2,368591361_2,139,63.188250000000664,-75.81174999999934,75.81174999999934,24
nextstrain_tree_graph_300day,504,366829321_4,367672011_5,316,78.16350000006179,-237.8364999999382,237.8364999999382,47
nextstrain_tree_graph_300day,504,367672011_5,367823852_1,297,39.08175000007242,-257.9182499999276,257.9182499999276,45
nextstrain_tree_graph_300day,504,367203947_2,367716292_1,128,54.78749999995017,-73.21250000004983,73.21250000004983,23
nextstrain_tree_graph_300day,504,364276964_1,367013881_2,140,43.830000000043185,-96.16999999995681,96.16999999995681,24
nextstrain_tree_graph_300day,504,367675987_3,368329136_5,297,223.16775000003787,-73.83224999996213,73.83224999996213,46
nextstrain_tree_graph_300day,504,367682462_3,368555184_3,216,21.18450000008039,-194.8154999999196,194.8154999999196,29
nextstrain_tree_graph_300day,504,367668166_2,367757529_2,82,46.02149999999136,-35.97850000000864,35.97850000000864,13
nextstrain_tree_graph_300day,504,368327726_2,368555184_3,174,101.17425000001595,-72.82574999998405,72.82574999998405,28
nextstrain_tree_graph_300day,504,367788489_3,368502232_1,162,60.26624999998671,-101.73375000001329,101.73375000001329,26
nextstrain_tree_graph_300day,504,364276964_1,367725247_3,294,219.88050000003255,-74.11949999996745,74.11949999996745,48
nextstrain_tree_graph_300day,504,367664031_2,367675987_3,191,115.05375000010298,-75.94624999989702,75.94624999989702,28
nextstrain_tree_graph_300day,504,366841845_1,366911734_2,122,47.84774999994818,-74.15225000005182,74.15225000005182,22
nextstrain_tree_graph_300day,504,367679324_2,368710853_4,224,151.21349999999535,-72.78650000000465,72.78650000000465,33
nextstrain_tree_graph_300day,504,364276964_1,367676152_2,110,44.19525000003455,-65.80474999996545,65.80474999996545,18
nextstrain_tree_graph_300day,504,367952085_3,368428057_4,369,150.848250000004,-218.151749999996,218.151749999996,58
nextstrain_tree_graph_300day,504,367721863_1,368517492_3,208,134.04674999998605,-73.95325000001395,73.95325000001395,33
nextstrain_tree_graph_300day,504,367759214_2,368710853_4,205,138.06450000005714,-66.93549999994286,66.93549999994286,30
nextstrain_tree_graph_300day,504,367676152_2,367722092_4,253,177.1462500000465,-75.8537499999535,75.8537499999535,43
nextstrain_tree_graph_300day,504,367241922_2,368744051_2,123,47.847750000114274,-75.15224999988573,75.15224999988573,19
nextstrain_tree_graph_300day,504,367665878_2,367889497_1,179,105.19200000000399,-73.80799999999601,73.80799999999601,30
nextstrain_tree_graph_300day,504,367690888_1,368312293_1,71,65.01450000012358,-5.985499999876424,5.985499999876424,13
nextstrain_tree_graph_300day,504,367682462_3,367952085_3,322,103.73099999995549,-218.2690000000445,218.2690000000445,46
nextstrain_tree_graph_300day,504,367013881_2,368534153_1,213,138.79500000003986,-74.20499999996014,74.20499999996014,36
nextstrain_tree_graph_300day,504,367772487_2,368591361_2,122,48.21300000002259,-73.78699999997741,73.78699999997741,22
nextstrain_tree_graph_300day,504,367889497_1,368312293_1,196,70.12800000000266,-125.87199999999734,125.87199999999734,35
nextstrain_tree_graph_300day,504,366903338_1,367676268_3,205,77.06775000000465,-127.93224999999535,127.93224999999535,27
nextstrain_tree_graph_300day,504,367834814_3,368428057_4,245,171.3022500000186,-73.6977499999814,73.6977499999814,39
nextstrain_tree_graph_300day,504,366829321_4,367713208_3,391,207.0967499999196,-183.9032500000804,183.9032500000804,62
nextstrain_tree_graph_300day,504,367676152_2,367725247_3,264,188.10375000003654,-75.89624999996346,75.89624999996346,44
nextstrain_tree_graph_300day,504,366973038_1,367659344_3,177,103.00049999997276,-73.99950000002724,73.99950000002724,28
nextstrain_tree_graph_300day,504,364276964_1,367690888_1,74,67.93650000005448,-6.06349999994552,6.06349999994552,12
nextstrain_tree_graph_300day,504,367682519_3,367759214_2,123,48.943500000005315,-74.05649999999468,74.05649999999468,22
nextstrain_tree_graph_300day,504,366841845_1,367683504_4,123,48.943500000005315,-74.05649999999468,74.05649999999468,19
nextstrain_tree_graph_300day,504,367713208_3,367722092_4,390,206.00099999994552,-183.99900000005448,183.99900000005448,64
nextstrain_tree_graph_300day,504,366855162_2,368591361_2,284,156.32699999995748,-127.67300000004252,127.67300000004252,46
nextstrain_tree_graph_300day,504,366903338_1,367772487_2,119,45.291000000091685,-73.70899999990831,73.70899999990831,21
nextstrain_tree_graph_300day,504,364276964_1,367800143_3,154,52.23075000001063,-101.76924999998937,101.76924999998937,24
nextstrain_tree_graph_300day,504,367725247_3,367952085_3,409,211.1144999999907,-197.8855000000093,197.8855000000093,63
nextstrain_tree_graph_300day,504,367682519_3,368710853_4,214,140.98649999998804,-73.01350000001196,73.01350000001196,34
nextstrain_tree_graph_300day,504,367772487_2,367952085_3,246,172.39800000007574,-73.60199999992426,73.60199999992426,39
nextstrain_tree_graph_300day,504,367665878_2,367800143_3,134,26.663249999950835,-107.33675000004916,107.33675000004916,20
nextstrain_tree_graph_300day,504,367255795_1,367778625_3,249,51.13499999995349,-197.8650000000465,197.8650000000465,40
nextstrain_tree_graph_300day,504,368327726_2,368710853_4,238,165.09299999999934,-72.90700000000066,72.90700000000066,37
nextstrain_tree_graph_300day,504,367255795_1,368710853_4,284,61.36200000004385,-222.63799999995615,222.63799999995615,43
nextstrain_tree_graph_300day,504,366829321_4,367675987_3,322,248.37000000002325,-73.62999999997675,73.62999999997675,48
nextstrain_tree_graph_300day,504,367889497_1,368591361_2,190,62.09249999994353,-127.90750000005647,127.90750000005647,32
nextstrain_tree_graph_300day,504,366841845_1,367738558_2,137,60.99674999996944,-76.00325000003056,76.00325000003056,21
nextstrain_tree_graph_300day,504,367675987_3,367676152_2,186,70.85849999998538,-115.14150000001462,115.14150000001462,27
nextstrain_tree_graph_300day,504,367203947_2,368534153_1,225,150.848250000004,-74.15174999999601,74.15174999999601,37
nextstrain_tree_graph_300day,504,367241922_2,367703822_1,251,115.05375000001993,-135.94624999998007,135.94624999998007,42
nextstrain_tree_graph_300day,504,367672011_5,367690888_1,194,117.97575000011693,-76.02424999988307,76.02424999988307,32
nextstrain_tree_graph_300day,504,367676152_2,368710853_4,221,146.10000000003322,-74.89999999996678,74.89999999996678,35
nextstrain_tree_graph_300day,504,367788489_3,368744051_2,127,54.05700000005049,-72.9429999999495,72.9429999999495,21
nextstrain_tree_graph_300day,504,367665878_2,368502506_2,111,75.24149999996479,-35.75850000003521,35.75850000003521,17
nextstrain_tree_graph_300day,504,367738558_2,367788489_3,106,74.1457499999907,-31.8542500000093,31.8542500000093,16
nextstrain_tree_graph_300day,504,367823852_1,368483418_1,342,282.3382500000505,-59.66174999994951,59.66174999994951,49
nextstrain_tree_graph_300day,504,366855162_2,367904401_1,303,158.88375000006312,-144.11624999993688,144.11624999993688,48
nextstrain_tree_graph_300day,504,367690502_1,367713208_3,245,171.3022500000186,-73.6977499999814,73.6977499999814,39
nextstrain_tree_graph_300day,504,367013881_2,367675987_3,178,82.18125000004983,-95.81874999995017,95.81874999995017,27
nextstrain_tree_graph_300day,504,367255795_1,368687951_2,232,23.010749999954157,-208.98925000004584,208.98925000004584,38
nextstrain_tree_graph_300day,504,367772487_2,368517492_3,206,132.22050000002923,-73.77949999997077,73.77949999997077,35
nextstrain_tree_graph_300day,504,367676268_3,367738558_2,206,130.028999999998,-75.971000000002,75.971000000002,30
nextstrain_tree_graph_300day,504,366973038_1,367676152_2,138,62.092500000026575,-75.90749999997342,75.90749999997342,24
nextstrain_tree_graph_300day,504,367241922_2,367800143_3,133,59.17050000001262,-73.82949999998738,73.82949999998738,22
nextstrain_tree_graph_300day,504,367013881_2,367679324_2,113,21.549749999905657,-91.45025000009434,91.45025000009434,18
nextstrain_tree_graph_300day,504,367716754_2,368555184_3,192,21.184499999997342,-170.81550000000266,170.81550000000266,30
nextstrain_tree_graph_300day,504,367668166_2,368502232_1,160,85.83374999996346,-74.16625000003654,74.16625000003654,23
nextstrain_tree_graph_300day,504,367665746_2,368672368_2,145,71.2237500000598,-73.7762499999402,73.7762499999402,24
nextstrain_tree_graph_300day,504,366855162_2,367823852_1,346,176.05049999998937,-169.94950000001063,169.94950000001063,53
nextstrain_tree_graph_300day,504,367725247_3,368312293_1,291,165.09299999999934,-125.90700000000066,125.90700000000066,49
nextstrain_tree_graph_300day,504,367665878_2,368327726_2,107,71.22374999997675,-35.77625000002325,35.77625000002325,16
nextstrain_tree_graph_300day,504,367823852_1,368502232_1,232,172.03275000000133,-59.96724999999867,59.96724999999867,33
nextstrain_tree_graph_300day,504,367772487_2,368732505_3,177,103.36575000004717,-73.63424999995283,73.63424999995283,31
nextstrain_tree_graph_300day,504,367203947_2,367834814_3,123,69.03224999994552,-53.96775000005448,53.96775000005448,21
nextstrain_tree_graph_300day,504,367721863_1,368502506_2,124,50.039249999979404,-73.9607500000206,73.9607500000206,21
nextstrain_tree_graph_300day,504,364276964_1,367716292_1,116,80.72025000000133,-35.27974999999867,35.27974999999867,18
nextstrain_tree_graph_300day,504,367659344_3,367675987_3,225,151.21349999999535,-73.78650000000465,73.78650000000465,33
nextstrain_tree_graph_300day,504,367738558_2,367889497_1,144,112.13175000000598,-31.86824999999402,31.86824999999402,22
nextstrain_tree_graph_300day,504,367676152_2,368312293_1,107,71.2237500000598,-35.776249999940205,35.776249999940205,19
nextstrain_tree_graph_300day,504,367013881_2,367699576_2,82,29.9505000000392,-52.0494999999608,52.0494999999608,14
nextstrain_tree_graph_300day,504,367904401_1,368534153_1,261,116.51475000006843,-144.48524999993157,144.48524999993157,44
nextstrain_tree_graph_300day,504,367241922_2,367792087_3,112,37.98600000001528,-74.01399999998472,74.01399999998472,17
nextstrain_tree_graph_300day,504,367659344_3,368534153_1,260,93.86925000002259,-166.1307499999774,166.1307499999774,42
nextstrain_tree_graph_300day,504,367203947_2,367682462_3,161,107.0182499999608,-53.9817500000392,53.9817500000392,24
nextstrain_tree_graph_300day,504,367659344_3,367952085_3,302,136.23825000001727,-165.76174999998273,165.76174999998273,45
nextstrain_tree_graph_300day,504,367683504_4,368483418_1,264,190.29525000006777,-73.70474999993223,73.70474999993223,36
nextstrain_tree_graph_300day,504,367778625_3,368312293_1,213,87.29475000001196,-125.70524999998804,125.70524999998804,37
nextstrain_tree_graph_300day,504,366973038_1,367772487_2,121,47.1172500000485,-73.8827499999515,73.8827499999515,20
nextstrain_tree_graph_300day,504,367788489_3,368672368_2,132,58.074750000038534,-73.92524999996147,73.92524999996147,22
nextstrain_tree_graph_300day,504,367690888_1,368555184_3,151,75.97200000011361,-75.02799999988639,75.02799999988639,26
nextstrain_tree_graph_300day,504,366841845_1,368517492_3,223,149.02199999996412,-73.97800000003588,73.97800000003588,36
nextstrain_tree_graph_300day,504,367675987_3,368555184_3,225,152.3092500000525,-72.69074999994751,72.69074999994751,33
nextstrain_tree_graph_300day,504,366841845_1,367772487_2,101,27.028500000025247,-73.97149999997475,73.97149999997475,17
nextstrain_tree_graph_300day,504,366911734_2,367889497_1,173,98.98274999998472,-74.01725000001528,74.01725000001528,31
nextstrain_tree_graph_300day,504,366903338_1,367690888_1,130,54.05700000013354,-75.94299999986646,75.94299999986646,21
nextstrain_tree_graph_300day,504,367716754_2,367722092_4,280,116.14949999999402,-163.85050000000598,163.85050000000598,45
nextstrain_tree_graph_300day,504,367203947_2,367679324_2,125,33.60299999986978,-91.39700000013022,91.39700000013022,21
nextstrain_tree_graph_300day,504,366973038_1,367672011_5,220,146.10000000003322,-73.89999999996678,73.89999999996678,32
nextstrain_tree_graph_300day,504,367724588_2,368312293_1,125,53.32650000006777,-71.67349999993223,71.67349999993223,22
nextstrain_tree_graph_300day,504,367203947_2,367757529_2,113,39.08174999998937,-73.91825000001063,73.91825000001063,21
nextstrain_tree_graph_300day,504,368329136_5,368502506_2,250,176.05049999998937,-73.94950000001063,73.94950000001063,42
nextstrain_tree_graph_300day,504,367690888_1,367721863_1,97,23.010750000037206,-73.9892499999628,73.9892499999628,18
nextstrain_tree_graph_300day,504,367241922_2,368428057_4,233,97.1565000000279,-135.8434999999721,135.8434999999721,37
nextstrain_tree_graph_300day,504,367676268_3,367683504_4,162,106.28774999997808,-55.712250000021925,55.712250000021925,20
nextstrain_tree_graph_300day,504,368555184_3,368591361_2,178,51.13499999995349,-126.8650000000465,126.8650000000465,28
nextstrain_tree_graph_300day,504,367676152_2,368483418_1,259,143.908500000002,-115.091499999998,115.091499999998,38
nextstrain_tree_graph_300day,504,367800143_3,367904401_1,164,91.3125,-72.6875,72.6875,26
nextstrain_tree_graph_300day,504,364276964_1,367683504_4,123,78.89400000004451,-44.105999999955486,44.105999999955486,18
nextstrain_tree_graph_300day,504,367772487_2,367775730_2,161,87.29475000009501,-73.70524999990499,73.70524999990499,30
nextstrain_tree_graph_300day,504,364276964_1,367675987_3,216,114.3232500000372,-101.6767499999628,101.6767499999628,31
nextstrain_tree_graph_300day,504,367672011_5,368517492_3,305,86.56424999994618,-218.43575000005382,218.43575000005382,47
nextstrain_tree_graph_300day,504,367772487_2,368687951_2,152,80.35500000009301,-71.64499999990699,71.64499999990699,28
nextstrain_tree_graph_300day,504,367664031_2,368327726_2,102,66.11025000001462,-35.88974999998538,35.88974999998538,17
nextstrain_tree_graph_300day,504,367721863_1,368744051_2,99,25.932750000051158,-73.06724999994884,73.06724999994884,17
nextstrain_tree_graph_300day,504,363273584_2,368502506_2,236,162.17099999998538,-73.82900000001462,73.82900000001462,36
nextstrain_tree_graph_300day,504,366841845_1,367255795_1,181,107.0182499999608,-73.9817500000392,73.9817500000392,29
nextstrain_tree_graph_300day,504,367682519_3,367690888_1,67,31.046250000013288,-35.95374999998671,35.95374999998671,13
nextstrain_tree_graph_300day,504,367676268_3,368329136_5,298,61.72725000003521,-236.2727499999648,236.2727499999648,45
nextstrain_tree_graph_300day,504,367690888_1,367889497_1,163,86.92950000010364,-76.07049999989636,76.07049999989636,30
nextstrain_tree_graph_300day,504,367690502_1,367792087_3,93,18.993000000049165,-74.00699999995084,74.00699999995084,17
nextstrain_tree_graph_300day,504,364276964_1,367682519_3,103,49.30874999991363,-53.69125000008637,53.69125000008637,17
nextstrain_tree_graph_300day,504,364351888_1,367757529_2,254,180.43350000005182,-73.56649999994818,73.56649999994818,42
nextstrain_tree_graph_300day,504,367665746_2,368687951_2,195,123.45450000007042,-71.54549999992958,71.54549999992958,32
nextstrain_tree_graph_300day,504,368327726_2,368517492_3,202,166.18874999997342,-35.811250000026575,35.811250000026575,31
nextstrain_tree_graph_300day,504,367800143_3,368327726_2,141,67.2059999999887,-73.7940000000113,73.7940000000113,22
nextstrain_tree_graph_300day,504,367800143_3,368428057_4,230,156.32700000004053,-73.67299999995947,73.67299999995947,39
nextstrain_tree_graph_300day,504,367778625_3,368744051_2,182,107.0182500001269,-74.9817499998731,74.9817499998731,31
nextstrain_tree_graph_300day,504,367664031_2,367679324_2,88,50.03925000006245,-37.96074999993755,37.96074999993755,13
nextstrain_tree_graph_300day,504,368428057_4,368517492_3,329,99.7132500000505,-229.2867499999495,229.2867499999495,54
nextstrain_tree_graph_300day,504,367679324_2,367834814_3,142,68.3017499999628,-73.6982500000372,73.6982500000372,22
nextstrain_tree_graph_300day,504,367725247_3,367889497_1,315,143.17800000001927,-171.82199999998073,171.82199999998073,52
nextstrain_tree_graph_300day,504,367725247_3,368483418_1,405,331.2817500000558,-73.71824999994419,73.71824999994419,62
nextstrain_tree_graph_300day,504,367241922_2,367255795_1,190,54.056999999967445,-135.94300000003255,135.94300000003255,30
nextstrain_tree_graph_300day,504,364351888_1,368327726_2,280,206.36625000001993,-73.63374999998007,73.63374999998007,46
nextstrain_tree_graph_300day,504,367659344_3,368687951_2,192,44.19525000003455,-147.80474999996545,147.80474999996545,30
nextstrain_tree_graph_300day,504,367255795_1,368502232_1,212,138.0644999999741,-73.93550000002591,73.93550000002591,30
nextstrain_tree_graph_300day,504,366841845_1,368710853_4,221,147.92624999999003,-73.07375000000997,73.07375000000997,32
nextstrain_tree_graph_300day,504,367738558_2,368329136_5,168,172.03275000000133,4.032750000001329,4.032750000001329,25
nextstrain_tree_graph_300day,504,367690888_1,367699576_2,106,29.950500000122247,-76.04949999987775,76.04949999987775,20
nextstrain_tree_graph_300day,504,367889497_1,368517492_3,274,102.26999999999003,-171.73000000000997,171.73000000000997,45
nextstrain_tree_graph_300day,504,367664031_2,367683504_4,98,54.05700000005049,-43.94299999994951,43.94299999994951,15
nextstrain_tree_graph_300day,504,367665746_2,368555184_3,183,110.30550000004916,-72.69449999995084,72.69449999995084,28
nextstrain_tree_graph_300day,504,367792087_3,368534153_1,206,131.85525000003787,-74.14474999996213,74.14474999996213,33
nextstrain_tree_graph_300day,504,367952085_3,368327726_2,280,206.36625000001993,-73.63374999998007,73.63374999998007,41
nextstrain_tree_graph_300day,504,363273584_2,367834814_3,216,162.17099999998538,-53.82900000001462,53.82900000001462,31
nextstrain_tree_graph_300day,504,367699576_2,368710853_4,215,116.51474999998538,-98.48525000001462,98.48525000001462,33
nextstrain_tree_graph_300day,504,367721863_1,367759214_2,115,40.90800000002923,-74.09199999997077,74.09199999997077,19
nextstrain_tree_graph_300day,504,367713208_3,368329136_5,366,181.89449999993423,-184.10550000006577,184.10550000006577,60
nextstrain_tree_graph_300day,504,363273584_2,368329136_5,282,89.85150000003455,-192.14849999996545,192.14849999996545,40
nextstrain_tree_graph_300day,504,364276964_1,366841845_1,148,73.78049999999934,-74.21950000000066,74.21950000000066,25
nextstrain_tree_graph_300day,504,367834814_3,368744051_2,135,62.092500000026575,-72.90749999997342,72.90749999997342,21
nextstrain_tree_graph_300day,504,367772487_2,367778625_3,169,95.33025000007109,-73.66974999992891,73.66974999992891,30
nextstrain_tree_graph_300day,504,367676268_3,368483418_1,328,254.21400000005116,-73.78599999994884,73.78599999994884,44
nextstrain_tree_graph_300day,504,367713208_3,367952085_3,386,216.22799999995283,-169.77200000004717,169.77200000004717,58
nextstrain_tree_graph_300day,504,366903338_1,368428057_4,242,114.3232500000372,-127.6767499999628,127.6767499999628,40
nextstrain_tree_graph_300day,504,367665878_2,367904401_1,130,95.33024999998804,-34.66975000001196,34.66975000001196,20
nextstrain_tree_graph_300day,504,367679324_2,368312293_1,110,76.33725000002192,-33.662749999978075,33.662749999978075,17
nextstrain_tree_graph_300day,504,367772487_2,368744051_2,97,24.106500000094343,-72.89349999990566,72.89349999990566,17
nextstrain_tree_graph_300day,504,367255795_1,367703822_1,305,120.89774999996479,-184.1022500000352,184.1022500000352,48
nextstrain_tree_graph_300day,504,367665878_2,368710853_4,231,158.15324999999734,-72.84675000000266,72.84675000000266,35
nextstrain_tree_graph_300day,504,367665746_2,367952085_3,289,215.49750000005315,-73.50249999994685,73.50249999994685,41
nextstrain_tree_graph_300day,504,367676152_2,367721863_1,103,27.028500000025247,-75.97149999997475,75.97149999997475,18
nextstrain_tree_graph_300day,504,367690502_1,367775730_2,168,94.234500000097,-73.765499999903,73.765499999903,28
nextstrain_tree_graph_300day,504,366829321_4,367241922_2,263,127.10699999998405,-135.89300000001595,135.89300000001595,39
nextstrain_tree_graph_300day,504,364276964_1,368483418_1,289,187.37325000005382,-101.62674999994618,101.62674999994618,42
nextstrain_tree_graph_300day,504,367203947_2,367889497_1,137,98.98274999998472,-38.01725000001528,38.01725000001528,23
nextstrain_tree_graph_300day,504,366829321_4,367665878_2,264,190.29524999998472,-73.70475000001528,73.70475000001528,41
nextstrain_tree_graph_300day,504,367800143_3,368517492_3,229,155.2312499999834,-73.76875000001661,73.76875000001661,35
nextstrain_tree_graph_300day,504,367682462_3,367713208_3,314,130.02899999991496,-183.97100000008504,183.97100000008504,48
nextstrain_tree_graph_300day,504,367699576_2,367757529_2,103,29.220000000056473,-73.77999999994353,73.77999999994353,18
nextstrain_tree_graph_300day,504,367682519_3,367716292_1,65,43.82999999996014,-21.170000000039863,21.170000000039863,11
nextstrain_tree_graph_300day,504,367721863_1,367889497_1,154,79.9897500000186,-74.0102499999814,74.0102499999814,26
nextstrain_tree_graph_300day,504,366903338_1,367724588_2,102,42.36900000007773,-59.63099999992227,59.63099999992227,16
nextstrain_tree_graph_300day,504,367203947_2,367672011_5,184,130.028999999998,-53.97100000000199,53.97100000000199,29
nextstrain_tree_graph_300day,504,367664031_2,368517492_3,190,154.1355000000093,-35.8644999999907,35.8644999999907,30
nextstrain_tree_graph_300day,504,367659344_3,367665746_2,183,109.20974999999203,-73.79025000000797,73.79025000000797,28
nextstrain_tree_graph_300day,504,367672011_5,367725247_3,346,147.92624999999003,-198.07375000000997,198.07375000000997,54
nextstrain_tree_graph_300day,504,367682462_3,367721863_1,162,88.02524999999468,-73.97475000000532,73.97475000000532,23
nextstrain_tree_graph_300day,504,367013881_2,367241922_2,119,44.925750000017274,-74.07424999998273,74.07424999998273,20
nextstrain_tree_graph_300day,504,367823852_1,368687951_2,266,56.9789999999814,-209.0210000000186,209.0210000000186,43
nextstrain_tree_graph_300day,504,367255795_1,368672368_2,182,108.11400000001794,-73.88599999998206,73.88599999998206,30
nextstrain_tree_graph_300day,504,367013881_2,368672368_2,111,36.89025000004119,-74.10974999995881,74.10974999995881,20
nextstrain_tree_graph_300day,504,367889497_1,368329136_5,236,108.11400000001794,-127.88599999998206,127.88599999998206,37
nextstrain_tree_graph_300day,504,367772487_2,368502506_2,122,48.21300000002259,-73.78699999997741,73.78699999997741,23
nextstrain_tree_graph_300day,504,367676152_2,367682462_3,177,101.17425000001595,-75.82574999998405,75.82574999998405,27
nextstrain_tree_graph_300day,504,364276964_1,367757529_2,89,65.01450000004053,-23.985499999959472,23.985499999959472,14
nextstrain_tree_graph_300day,504,366841845_1,367679324_2,121,47.11724999996545,-73.88275000003455,73.88275000003455,19
nextstrain_tree_graph_300day,504,367665746_2,367788489_3,157,13.14900000002126,-143.85099999997874,143.85099999997874,26
nextstrain_tree_graph_300day,504,367792087_3,368591361_2,124,50.039249999979404,-73.9607500000206,73.9607500000206,21
nextstrain_tree_graph_300day,504,363273584_2,367676152_2,215,139.16025000003123,-75.83974999996877,75.83974999996877,33
nextstrain_tree_graph_300day,504,367716754_2,368744051_2,149,73.78050000008238,-75.21949999991762,75.21949999991762,25
nextstrain_tree_graph_300day,504,367665746_2,367682519_3,85,45.65624999991695,-39.34375000008305,39.34375000008305,13
nextstrain_tree_graph_300day,504,364351888_1,366829321_4,399,201.25274999997475,-197.74725000002525,197.74725000002525,63
nextstrain_tree_graph_300day,504,368732505_3,368744051_2,190,115.05375000010298,-74.94624999989702,74.94624999989702,32
nextstrain_tree_graph_300day,504,367675987_3,367690888_1,180,106.28775000006112,-73.71224999993888,73.71224999993888,27
nextstrain_tree_graph_300day,504,367664031_2,367823852_1,220,146.10000000003322,-73.89999999996678,73.89999999996678,34
nextstrain_tree_graph_300day,504,366829321_4,367690888_1,248,172.03275000008438,-75.96724999991562,75.96724999991562,41
nextstrain_tree_graph_300day,504,367668166_2,367775730_2,189,89.48624999996014,-99.51375000003986,99.51375000003986,31
nextstrain_tree_graph_300day,504,367203947_2,367699576_2,116,42.00375000000332,-73.99624999999668,73.99624999999668,21
nextstrain_tree_graph_300day,504,367665878_2,367722092_4,263,189.19950000001063,-73.80049999998937,73.80049999998937,43
nextstrain_tree_graph_300day,504,367724588_2,368591361_2,119,45.29100000000864,-73.70899999999136,73.70899999999136,21
nextstrain_tree_graph_300day,504,367738558_2,367792087_3,122,46.02149999999136,-75.97850000000864,75.97850000000864,19
nextstrain_tree_graph_300day,504,368534153_1,368687951_2,272,62.8230000000093,-209.1769999999907,209.1769999999907,46
nextstrain_tree_graph_300day,504,368483418_1,368732505_3,335,261.5190000000445,-73.48099999995549,73.48099999995549,49
nextstrain_tree_graph_300day,504,367682519_3,368312293_1,100,66.11025000001462,-33.88974999998538,33.88974999998538,18
nextstrain_tree_graph_300day,504,367679324_2,367716754_2,156,82.18124999996678,-73.81875000003322,73.81875000003322,24
nextstrain_tree_graph_300day,504,367683504_4,367724588_2,103,29.220000000056473,-73.77999999994353,73.77999999994353,15
nextstrain_tree_graph_300day,504,367676268_3,367759214_2,199,103.00050000005581,-95.99949999994419,95.99949999994419,29
nextstrain_tree_graph_300day,504,367690502_1,368672368_2,109,35.06400000008438,-73.93599999991562,73.93599999991562,20
nextstrain_tree_graph_300day,504,368483418_1,368502506_2,280,206.36625000001993,-73.63374999998007,73.63374999998007,41
nextstrain_tree_graph_300day,504,367722092_4,368428057_4,359,161.0752500000113,-197.9247499999887,197.9247499999887,60
nextstrain_tree_graph_300day,504,367659344_3,367772487_2,140,66.11025000001462,-73.88974999998538,73.88974999998538,24
nextstrain_tree_graph_300day,504,367904401_1,368428057_4,264,119.80200000007375,-144.19799999992625,144.19799999992625,45
nextstrain_tree_graph_300day,504,366973038_1,367834814_3,159,85.10324999998073,-73.89675000001927,73.89675000001927,24
nextstrain_tree_graph_300day,510,367652109_3,368695613_2,59,58.80524999993821,-0.1947500000617879,0.1947500000617879,7
nextstrain_tree_graph_300day,511,364278180_1,364286548_2,114,18.26250000006644,-95.73749999993356,95.73749999993356,18
nextstrain_tree_graph_300day,511,364278180_1,364293847_3,194,84.372749999998,-109.627250000002,109.627250000002,31
nextstrain_tree_graph_300day,511,364278180_1,364295736_2,216,106.28775000006112,-109.71224999993888,109.71224999993888,33
nextstrain_tree_graph_300day,511,364278180_1,364296277_2,152,42.368999999994685,-109.63100000000532,109.63100000000532,25
nextstrain_tree_graph_300day,511,364278180_1,364299329_2,112,16.071000000035212,-95.92899999996479,95.92899999996479,20
nextstrain_tree_graph_300day,511,364278180_1,366549392_1,187,77.43299999999601,-109.56700000000399,109.56700000000399,29
nextstrain_tree_graph_300day,511,364278180_1,366598903_2,236,132.5857500000206,-103.4142499999794,103.4142499999794,37
nextstrain_tree_graph_300day,511,364278180_1,367518089_2,209,97.52175000001927,-111.47824999998073,111.47824999998073,34
nextstrain_tree_graph_300day,511,364286548_2,364293847_3,158,84.372749999998,-73.627250000002,73.627250000002,23
nextstrain_tree_graph_300day,511,364286548_2,364295736_2,180,106.28775000006112,-73.71224999993888,73.71224999993888,25
nextstrain_tree_graph_300day,511,364286548_2,364296277_2,116,42.368999999994685,-73.63100000000532,73.63100000000532,17
nextstrain_tree_graph_300day,511,364286548_2,364299329_2,76,2.191500000031226,-73.80849999996877,73.80849999996877,12
nextstrain_tree_graph_300day,511,364286548_2,366549392_1,151,77.43299999999601,-73.56700000000399,73.56700000000399,21
nextstrain_tree_graph_300day,511,364286548_2,366598903_2,228,132.5857500000206,-95.4142499999794,95.4142499999794,35
nextstrain_tree_graph_300day,511,364286548_2,367518089_2,173,97.52175000001927,-75.47824999998073,75.47824999998073,26
nextstrain_tree_graph_300day,511,364293847_3,364295736_2,54,48.21299999993954,-5.787000000060459,5.787000000060459,8
nextstrain_tree_graph_300day,511,364293847_3,364296277_2,196,58.074749999955486,-137.9252500000445,137.9252500000445,30
nextstrain_tree_graph_300day,511,364293847_3,364299329_2,148,82.18124999996678,-65.81875000003322,65.81875000003322,23
nextstrain_tree_graph_300day,511,364293847_3,366549392_1,203,51.500249999944856,-151.49975000005514,151.49975000005514,28
nextstrain_tree_graph_300day,511,364293847_3,366598903_2,308,74.51099999989901,-233.489000000101,233.489000000101,48
nextstrain_tree_graph_300day,511,364293847_3,367518089_2,225,71.58899999996811,-153.4110000000319,153.4110000000319,33
nextstrain_tree_graph_300day,511,364295736_2,364296277_2,218,79.9897500000186,-138.0102499999814,138.0102499999814,32
nextstrain_tree_graph_300day,511,364295736_2,364299329_2,170,104.0962500000299,-65.9037499999701,65.9037499999701,25
nextstrain_tree_graph_300day,511,364295736_2,366549392_1,225,73.41525000000797,-151.58474999999203,151.58474999999203,30
nextstrain_tree_graph_300day,511,364295736_2,366598903_2,330,70.85850000006843,-259.14149999993157,259.14149999993157,50
nextstrain_tree_graph_300day,511,364295736_2,367518089_2,247,93.50400000003123,-153.49599999996877,153.49599999996877,35
nextstrain_tree_graph_300day,511,364296277_2,364299329_2,114,40.17749999996346,-73.82250000003654,73.82250000003654,19
nextstrain_tree_graph_300day,511,364296277_2,366549392_1,189,51.13499999995349,-137.8650000000465,137.8650000000465,28
nextstrain_tree_graph_300day,511,364296277_2,366598903_2,266,106.28774999997808,-159.71225000002192,159.71225000002192,42
nextstrain_tree_graph_300day,511,364296277_2,367518089_2,211,71.22374999997675,-139.77625000002325,139.77625000002325,33
nextstrain_tree_graph_300day,511,364299329_2,366549392_1,141,75.24149999996479,-65.75850000003521,65.75850000003521,21
nextstrain_tree_graph_300day,511,364299329_2,366598903_2,226,130.39424999998937,-95.60575000001063,95.60575000001063,37
nextstrain_tree_graph_300day,511,364299329_2,367518089_2,163,95.33024999998804,-67.66975000001196,67.66975000001196,26
nextstrain_tree_graph_300day,511,366549392_1,366598903_2,301,99.71324999996745,-201.28675000003255,201.28675000003255,46
nextstrain_tree_graph_300day,511,366549392_1,367518089_2,118,20.088750000023254,-97.91124999997675,97.91124999997675,15
nextstrain_tree_graph_300day,511,366598903_2,367518089_2,323,119.8019999999907,-203.1980000000093,203.1980000000093,51
nextstrain_tree_graph_300day,512,368347536_1,368348930_3,80,25.202249999985384,-54.79775000001462,54.79775000001462,11
nextstrain_tree_graph_300day,517,366945619_1,367003496_1,226,115.78424999991961,-110.21575000008039,110.21575000008039,31
nextstrain_tree_graph_300day,517,366945619_1,367670765_3,182,105.92249999998671,-76.07750000001329,76.07750000001329,26
nextstrain_tree_graph_300day,517,366945619_1,367697497_1,190,113.9579999999628,-76.0420000000372,76.0420000000372,27
nextstrain_tree_graph_300day,517,366945619_1,367706200_3,92,93.50399999994818,1.503999999948178,1.503999999948178,12
nextstrain_tree_graph_300day,517,366945619_1,367755866_5,358,62.092500000026575,-295.9074999999734,295.9074999999734,50
nextstrain_tree_graph_300day,517,366945619_1,367822328_2,256,95.6954999999794,-160.3045000000206,160.3045000000206,35
nextstrain_tree_graph_300day,517,366945619_1,367929505_3,117,87.66000000008637,-29.33999999991363,29.33999999991363,17
nextstrain_tree_graph_300day,517,366945619_1,368366927_2,160,43.82999999996014,-116.17000000003986,116.17000000003986,24
nextstrain_tree_graph_300day,517,366945619_1,368392377_3,62,50.039249999979404,-11.960750000020596,11.960750000020596,8
nextstrain_tree_graph_300day,517,366945619_1,368770464_1,225,115.05374999993688,-109.94625000006312,109.94625000006312,31
nextstrain_tree_graph_300day,517,367003496_1,367670765_3,120,9.861749999932897,-110.1382500000671,110.1382500000671,17
nextstrain_tree_graph_300day,517,367003496_1,367697497_1,128,17.89724999990898,-110.10275000009102,110.10275000009102,18
nextstrain_tree_graph_300day,517,367003496_1,367706200_3,158,47.84774999986513,-110.15225000013487,110.15225000013487,21
nextstrain_tree_graph_300day,517,367003496_1,367755866_5,218,150.1177499999382,-67.88225000006179,67.88225000006179,31
nextstrain_tree_graph_300day,517,367003496_1,367822328_2,134,50.039249999896356,-83.96075000010364,83.96075000010364,18
nextstrain_tree_graph_300day,517,367003496_1,367929505_3,169,58.80524999993821,-110.19475000006179,110.19475000006179,24
nextstrain_tree_graph_300day,517,367003496_1,368366927_2,242,131.85524999987177,-110.14475000012823,110.14475000012823,35
nextstrain_tree_graph_300day,517,367003496_1,368392377_3,176,65.7449999999402,-110.2550000000598,110.2550000000598,25
nextstrain_tree_graph_300day,517,367003496_1,368770464_1,103,18.992999999883068,-84.00700000011693,84.00700000011693,14
nextstrain_tree_graph_300day,517,367670765_3,367697497_1,68,8.035499999976082,-59.96450000002392,59.96450000002392,11
nextstrain_tree_graph_300day,517,367670765_3,367706200_3,114,37.98599999993223,-76.01400000006777,76.01400000006777,16
nextstrain_tree_graph_300day,517,367670765_3,367755866_5,252,140.25600000000532,-111.74399999999468,111.74399999999468,36
nextstrain_tree_graph_300day,517,367670765_3,367822328_2,150,40.17749999996346,-109.82250000003654,109.82250000003654,21
nextstrain_tree_graph_300day,517,367670765_3,367929505_3,125,48.943500000005315,-76.05649999999468,76.05649999999468,19
nextstrain_tree_graph_300day,517,367670765_3,368366927_2,198,121.99349999993888,-76.00650000006112,76.00650000006112,30
nextstrain_tree_graph_300day,517,367670765_3,368392377_3,132,55.88325000000731,-76.11674999999269,76.11674999999269,20
nextstrain_tree_graph_300day,517,367670765_3,368770464_1,119,9.131249999950171,-109.86875000004983,109.86875000004983,17
nextstrain_tree_graph_300day,517,367697497_1,367706200_3,122,46.021499999908315,-75.97850000009169,75.97850000009169,17
nextstrain_tree_graph_300day,517,367697497_1,367755866_5,260,148.2914999999814,-111.7085000000186,111.7085000000186,37
nextstrain_tree_graph_300day,517,367697497_1,367822328_2,158,48.21299999993954,-109.78700000006046,109.78700000006046,22
nextstrain_tree_graph_300day,517,367697497_1,367929505_3,133,56.9789999999814,-76.0210000000186,76.0210000000186,20
nextstrain_tree_graph_300day,517,367697497_1,368366927_2,206,130.02899999991496,-75.97100000008504,75.97100000008504,31
nextstrain_tree_graph_300day,517,367697497_1,368392377_3,140,63.91874999998339,-76.08125000001661,76.08125000001661,21
nextstrain_tree_graph_300day,517,367697497_1,368770464_1,127,17.166749999926253,-109.83325000007375,109.83325000007375,18
nextstrain_tree_graph_300day,517,367706200_3,367755866_5,290,127.83749999996678,-162.16250000003322,162.16250000003322,40
nextstrain_tree_graph_300day,517,367706200_3,367822328_2,188,2.191500000031226,-185.80849999996877,185.80849999996877,25
nextstrain_tree_graph_300day,517,367706200_3,367929505_3,49,36.52499999996678,-12.47500000003322,12.47500000003322,7
nextstrain_tree_graph_300day,517,367706200_3,368366927_2,108,109.57499999990034,1.5749999999003421,1.5749999999003421,16
nextstrain_tree_graph_300day,517,367706200_3,368392377_3,42,43.464749999968774,1.4647499999687739,1.4647499999687739,6
nextstrain_tree_graph_300day,517,367706200_3,368770464_1,157,47.117249999882404,-109.8827500001176,109.8827500001176,21
nextstrain_tree_graph_300day,517,367755866_5,367822328_2,266,130.028999999998,-135.971000000002,135.971000000002,37
nextstrain_tree_graph_300day,517,367755866_5,367929505_3,301,121.99350000010497,-179.00649999989503,179.00649999989503,43
nextstrain_tree_graph_300day,517,367755866_5,368366927_2,374,46.02150000007441,-327.9784999999256,327.9784999999256,54
nextstrain_tree_graph_300day,517,367755866_5,368392377_3,308,84.372749999998,-223.627250000002,223.627250000002,44
nextstrain_tree_graph_300day,517,367755866_5,368770464_1,235,149.3872499999555,-85.61275000004451,85.61275000004451,33
nextstrain_tree_graph_300day,517,367822328_2,367929505_3,199,38.71649999999801,-160.283500000002,160.283500000002,28
nextstrain_tree_graph_300day,517,367822328_2,368366927_2,272,111.76649999993157,-160.23350000006843,160.23350000006843,39
nextstrain_tree_graph_300day,517,367822328_2,368392377_3,206,45.65625,-160.34375,160.34375,29
nextstrain_tree_graph_300day,517,367822328_2,368770464_1,133,49.30874999991363,-83.69125000008637,83.69125000008637,18
nextstrain_tree_graph_300day,517,367929505_3,368366927_2,133,103.73100000003853,-29.268999999961466,29.268999999961466,21
nextstrain_tree_graph_300day,517,367929505_3,368392377_3,67,37.620750000106966,-29.379249999893034,29.379249999893034,11
nextstrain_tree_graph_300day,517,367929505_3,368770464_1,168,58.074749999955486,-109.92525000004451,109.92525000004451,24
nextstrain_tree_graph_300day,517,368366927_2,368392377_3,110,66.11024999993157,-43.88975000006843,43.88975000006843,18
nextstrain_tree_graph_300day,517,368366927_2,368770464_1,241,131.12474999988905,-109.87525000011095,109.87525000011095,35
nextstrain_tree_graph_300day,517,368392377_3,368770464_1,175,65.01449999995748,-109.98550000004252,109.98550000004252,25
nextstrain_tree_graph_300day,534,365032516_2,367737563_1,155,62.09249999994353,-92.90750000005647,92.90750000005647,22
nextstrain_tree_graph_300day,534,365032516_2,367976277_1,174,44.925750000017274,-129.07424999998273,129.07424999998273,27
nextstrain_tree_graph_300day,534,365032516_2,367976910_4,290,104.46150000002126,-185.53849999997874,185.53849999997874,39
nextstrain_tree_graph_300day,534,365032516_2,368592100_2,179,48.943500000005315,-130.05649999999468,130.05649999999468,26
nextstrain_tree_graph_300day,534,365032516_2,368645488_1,146,56.9789999999814,-89.0210000000186,89.0210000000186,23
nextstrain_tree_graph_300day,534,365032516_2,368682190_1,208,48.57825000001395,-159.42174999998605,159.42174999998605,30
nextstrain_tree_graph_300day,534,365032516_2,368781204_2,138,67.93649999997143,-70.06350000002857,70.06350000002857,20
nextstrain_tree_graph_300day,534,365032516_2,368788084_3,130,90.58200000001727,-39.417999999982726,39.417999999982726,20
nextstrain_tree_graph_300day,534,365032516_2,368789255_2,127,87.66000000008637,-39.33999999991363,39.33999999991363,20
nextstrain_tree_graph_300day,534,367737563_1,367976277_1,123,31.04624999993024,-91.95375000006976,91.95375000006976,19
nextstrain_tree_graph_300day,534,367737563_1,367976910_4,239,146.09999999995017,-92.90000000004983,92.90000000004983,31
nextstrain_tree_graph_300day,534,367737563_1,368592100_2,128,35.06399999991828,-92.93600000008172,92.93600000008172,18
nextstrain_tree_graph_300day,534,367737563_1,368645488_1,111,18.26249999998339,-92.73750000001661,92.73750000001661,17
nextstrain_tree_graph_300day,534,367737563_1,368682190_1,183,90.21674999994286,-92.78325000005714,92.78325000005714,26
nextstrain_tree_graph_300day,534,367737563_1,368781204_2,87,16.80149999993489,-70.19850000006511,70.19850000006511,12
nextstrain_tree_graph_300day,534,367737563_1,368788084_3,79,39.44699999998073,-39.55300000001927,39.55300000001927,12
nextstrain_tree_graph_300day,534,367737563_1,368789255_2,76,36.52500000004983,-39.47499999995017,39.47499999995017,12
nextstrain_tree_graph_300day,534,367976277_1,367976910_4,258,128.93325000002392,-129.06674999997608,129.06674999997608,36
nextstrain_tree_graph_300day,534,367976277_1,368592100_2,147,6.209249999936219,-140.79075000006378,140.79075000006378,23
nextstrain_tree_graph_300day,534,367976277_1,368645488_1,130,25.93274999996811,-104.06725000003189,104.06725000003189,22
nextstrain_tree_graph_300day,534,367976277_1,368682190_1,202,73.05000000001661,-128.9499999999834,128.9499999999834,31
nextstrain_tree_graph_300day,534,367976277_1,368781204_2,106,36.890249999958144,-69.10975000004186,69.10975000004186,17
nextstrain_tree_graph_300day,534,367976277_1,368788084_3,98,59.535750000003986,-38.464249999996014,38.464249999996014,17
nextstrain_tree_graph_300day,534,367976277_1,368789255_2,95,56.61375000007308,-38.38624999992692,38.38624999992692,17
nextstrain_tree_graph_300day,534,367976910_4,368592100_2,263,132.95100000001196,-130.04899999998804,130.04899999998804,35
nextstrain_tree_graph_300day,534,367976910_4,368645488_1,246,140.98649999998804,-105.01350000001196,105.01350000001196,34
nextstrain_tree_graph_300day,534,367976910_4,368682190_1,318,90.21675000002591,-227.7832499999741,227.7832499999741,43
nextstrain_tree_graph_300day,534,367976910_4,368781204_2,222,151.94399999997808,-70.05600000002192,70.05600000002192,29
nextstrain_tree_graph_300day,534,367976910_4,368788084_3,214,174.58950000002392,-39.41049999997608,39.41049999997608,29
nextstrain_tree_graph_300day,534,367976910_4,368789255_2,211,171.667500000093,-39.332499999906986,39.332499999906986,29
nextstrain_tree_graph_300day,534,368592100_2,368645488_1,135,29.95049999995615,-105.04950000004385,105.04950000004385,21
nextstrain_tree_graph_300day,534,368592100_2,368682190_1,207,77.06775000000465,-129.93224999999535,129.93224999999535,30
nextstrain_tree_graph_300day,534,368592100_2,368781204_2,111,40.907999999946185,-70.09200000005382,70.09200000005382,16
nextstrain_tree_graph_300day,534,368592100_2,368788084_3,103,63.55349999999203,-39.44650000000797,39.44650000000797,16
nextstrain_tree_graph_300day,534,368592100_2,368789255_2,100,60.63150000006112,-39.36849999993888,39.36849999993888,16
nextstrain_tree_graph_300day,534,368645488_1,368682190_1,174,85.10324999998073,-88.89675000001927,88.89675000001927,27
nextstrain_tree_graph_300day,534,368645488_1,368781204_2,94,24.106500000011295,-69.8934999999887,69.8934999999887,15
nextstrain_tree_graph_300day,534,368645488_1,368788084_3,86,46.75200000005714,-39.24799999994286,39.24799999994286,15
nextstrain_tree_graph_300day,534,368645488_1,368789255_2,83,43.83000000012623,-39.16999999987377,39.16999999987377,15
nextstrain_tree_graph_300day,534,368682190_1,368781204_2,166,96.06074999997077,-69.93925000002923,69.93925000002923,24
nextstrain_tree_graph_300day,534,368682190_1,368788084_3,158,118.70625000001661,-39.29374999998339,39.29374999998339,24
nextstrain_tree_graph_300day,534,368682190_1,368789255_2,155,115.7842500000857,-39.215749999914294,39.215749999914294,24
nextstrain_tree_graph_300day,534,368781204_2,368788084_3,54,22.645500000045843,-31.354499999954157,31.354499999954157,8
nextstrain_tree_graph_300day,534,368781204_2,368789255_2,51,19.72350000011494,-31.27649999988506,31.27649999988506,8
nextstrain_tree_graph_300day,534,368788084_3,368789255_2,43,11.688000000055808,-31.31199999994419,31.31199999994419,8
nextstrain_tree_graph_300day,536,366692422_3,367115221_2,262,23.376000000111617,-238.62399999988838,238.62399999988838,39
nextstrain_tree_graph_300day,539,362616630_4,363084403_1,133,60.99675000005249,-72.00324999994751,72.00324999994751,20
nextstrain_tree_graph_300day,548,366821769_3,366825118_3,123,73.05000000001661,-49.94999999998339,49.94999999998339,18
nextstrain_tree_graph_300day,548,366821769_3,366828249_3,162,111.76650000001462,-50.23349999998538,50.23349999998538,25
nextstrain_tree_graph_300day,548,366821769_3,366896934_2,146,81.45074999998405,-64.54925000001595,64.54925000001595,20
nextstrain_tree_graph_300day,548,366821769_3,366967373_1,53,9.861749999932897,-43.1382500000671,43.1382500000671,6
nextstrain_tree_graph_300day,548,366821769_3,366979278_2,156,39.08174999998937,-116.91825000001063,116.91825000001063,23
nextstrain_tree_graph_300day,548,366821769_3,366989787_1,138,73.41525000000797,-64.58474999999203,64.58474999999203,20
nextstrain_tree_graph_300day,548,366825118_3,366828249_3,89,38.71649999999801,-50.28350000000199,50.28350000000199,15
nextstrain_tree_graph_300day,548,366825118_3,366896934_2,59,23.010749999954157,-35.98925000004584,35.98925000004584,8
nextstrain_tree_graph_300day,548,366825118_3,366967373_1,132,82.9117499999495,-49.08825000005049,49.08825000005049,20
nextstrain_tree_graph_300day,548,366825118_3,366979278_2,83,33.96825000002724,-49.03174999997276,49.03174999997276,13
nextstrain_tree_graph_300day,548,366825118_3,366989787_1,51,14.975249999978075,-36.024750000021925,36.024750000021925,8
nextstrain_tree_graph_300day,548,366828249_3,366896934_2,112,61.727249999952164,-50.272750000047836,50.272750000047836,17
nextstrain_tree_graph_300day,548,366828249_3,366967373_1,171,121.62824999994751,-49.37175000005249,49.37175000005249,27
nextstrain_tree_graph_300day,548,366828249_3,366979278_2,100,72.68475000002525,-27.315249999974753,27.315249999974753,16
nextstrain_tree_graph_300day,548,366828249_3,366989787_1,104,53.69174999997608,-50.30825000002392,50.30825000002392,17
nextstrain_tree_graph_300day,548,366896934_2,366967373_1,155,91.31249999991695,-63.68750000008305,63.68750000008305,22
nextstrain_tree_graph_300day,548,366896934_2,366979278_2,106,42.368999999994685,-63.631000000005315,63.631000000005315,15
nextstrain_tree_graph_300day,548,366896934_2,366989787_1,16,8.035499999976082,-7.964500000023918,7.964500000023918,2
nextstrain_tree_graph_300day,548,366967373_1,366979278_2,165,48.94349999992227,-116.05650000007773,116.05650000007773,25
nextstrain_tree_graph_300day,548,366967373_1,366989787_1,147,83.27699999994087,-63.72300000005913,63.72300000005913,22
nextstrain_tree_graph_300day,548,366979278_2,366989787_1,98,34.3335000000186,-63.6664999999814,63.6664999999814,15
nextstrain_tree_graph_300day,551,363221312_1,364755820_2,34,8.035499999976082,-25.964500000023918,25.964500000023918,7
nextstrain_tree_graph_300day,562,367649705_1,367782132_3,228,174.95475000009833,-53.04524999990167,53.04524999990167,34
nextstrain_tree_graph_300day,562,366119389_1,367788592_4,315,99.34799999997608,-215.65200000002392,215.65200000002392,50
nextstrain_tree_graph_300day,562,367710676_1,367804430_3,198,150.48299999992958,-47.517000000070425,47.517000000070425,30
nextstrain_tree_graph_300day,562,367716536_1,367775252_3,104,54.056999999967445,-49.943000000032555,49.943000000032555,19
nextstrain_tree_graph_300day,562,367804902_2,368744638_1,182,162.17099999998538,-19.829000000014616,19.829000000014616,31
nextstrain_tree_graph_300day,562,367789477_3,367812362_2,145,98.98275000006777,-46.01724999993223,46.01724999993223,24
nextstrain_tree_graph_300day,562,367763730_2,367775037_4,163,145.00424999997608,-17.995750000023918,17.995750000023918,27
nextstrain_tree_graph_300day,562,364284103_1,367209095_2,190,98.61749999999336,-91.38250000000664,91.38250000000664,28
nextstrain_tree_graph_300day,562,367653131_1,368742722_2,90,73.04999999993356,-16.95000000006644,16.95000000006644,15
nextstrain_tree_graph_300day,562,367750172_3,367781697_1,84,49.30874999999668,-34.69125000000332,34.69125000000332,11
nextstrain_tree_graph_300day,562,367653131_1,368642321_2,106,86.92949999993755,-19.070500000062452,19.070500000062452,19
nextstrain_tree_graph_300day,562,367678499_2,367763730_2,95,74.87624999997342,-20.123750000026575,20.123750000026575,19
nextstrain_tree_graph_300day,562,366943897_2,367655585_2,63,28.85474999998206,-34.14525000001794,34.14525000001794,12
nextstrain_tree_graph_300day,562,367764230_2,367814350_3,147,104.82675000001262,-42.17324999998738,42.17324999998738,22
nextstrain_tree_graph_300day,562,367630669_1,367764230_2,183,106.65299999996944,-76.34700000003056,76.34700000003056,26
nextstrain_tree_graph_300day,562,367750172_3,368609221_2,198,122.7239999999216,-75.2760000000784,75.2760000000784,30
nextstrain_tree_graph_300day,562,363705249_2,367209095_2,306,67.93650000005448,-238.06349999994552,238.06349999994552,43
nextstrain_tree_graph_300day,562,367750172_3,367928005_1,170,127.83749999996678,-42.16250000003322,42.16250000003322,26
nextstrain_tree_graph_300day,562,363705249_2,368337489_1,348,104.82675000001262,-243.17324999998738,243.17324999998738,48
nextstrain_tree_graph_300day,562,367655585_2,367758326_2,48,28.124249999916287,-19.875750000083713,19.875750000083713,7
nextstrain_tree_graph_300day,562,367782422_2,367797785_2,101,25.5674999998937,-75.4325000001063,75.4325000001063,20
nextstrain_tree_graph_300day,562,367750172_3,368642321_2,206,73.04999999993356,-132.95000000006644,132.95000000006644,31
nextstrain_tree_graph_300day,562,367671501_1,367794050_1,121,83.64225000001528,-37.35774999998472,37.35774999998472,21
nextstrain_tree_graph_300day,562,366943897_2,367770839_3,159,110.30550000004916,-48.694499999950835,48.694499999950835,25
nextstrain_tree_graph_300day,562,367716536_1,367804902_2,101,81.08549999999269,-19.91450000000731,19.91450000000731,19
nextstrain_tree_graph_300day,562,367655585_2,367789477_3,131,96.06074999997077,-34.93925000002923,34.93925000002923,21
nextstrain_tree_graph_300day,562,367012497_1,367655585_2,181,146.8304999999329,-34.1695000000671,34.1695000000671,29
nextstrain_tree_graph_300day,562,367713054_2,367794050_1,165,127.83750000004983,-37.16249999995017,37.16249999995017,26
nextstrain_tree_graph_300day,562,367804902_2,368337489_1,190,170.20649999996147,-19.793500000038534,19.793500000038534,29
nextstrain_tree_graph_300day,562,368742722_2,368774360_1,128,54.78749999995017,-73.21250000004983,73.21250000004983,19
nextstrain_tree_graph_300day,562,366943897_2,367814350_3,73,30.681000000021925,-42.318999999978075,42.318999999978075,11
nextstrain_tree_graph_300day,562,367797785_2,367812362_2,88,41.63850000001196,-46.36149999998804,46.36149999998804,19
nextstrain_tree_graph_300day,562,367775252_3,367825785_2,71,21.184499999997342,-49.81550000000266,49.81550000000266,13
nextstrain_tree_graph_300day,562,367781697_1,368568530_2,247,68.30175000004584,-178.69824999995416,178.69824999995416,36
nextstrain_tree_graph_300day,562,367750172_3,368744638_1,294,52.961249999993356,-241.03875000000664,241.03875000000664,45
nextstrain_tree_graph_300day,562,367654730_4,367750172_3,237,161.80574999991097,-75.19425000008903,75.19425000008903,36
nextstrain_tree_graph_300day,562,366859891_2,367654730_4,170,94.59974999992227,-75.40025000007773,75.40025000007773,29
nextstrain_tree_graph_300day,562,367787975_1,368742722_2,92,26.29800000004252,-65.70199999995748,65.70199999995748,16
nextstrain_tree_graph_300day,562,366119389_1,367787975_1,221,155.23125000006644,-65.76874999993356,65.76874999993356,35
nextstrain_tree_graph_300day,562,367713054_2,367775252_3,152,102.26999999999003,-49.730000000009966,49.730000000009966,26
nextstrain_tree_graph_300day,562,367209095_2,367782132_3,310,74.14575000007375,-235.85424999992625,235.85424999992625,43
nextstrain_tree_graph_300day,562,367649705_1,367804902_2,66,46.386749999982726,-19.613250000017274,19.613250000017274,13
nextstrain_tree_graph_300day,562,367750172_3,367804430_3,169,119.43674999991629,-49.56325000008371,49.56325000008371,26
nextstrain_tree_graph_300day,562,367678499_2,367770839_3,186,132.58575000010364,-53.414249999896356,53.414249999896356,28
nextstrain_tree_graph_300day,562,364284103_1,367797785_2,128,74.51100000006511,-53.48899999993489,53.48899999993489,23
nextstrain_tree_graph_300day,562,364284103_1,367716536_1,151,23.010750000037206,-127.9892499999628,127.9892499999628,27
nextstrain_tree_graph_300day,562,367812362_2,368642321_2,104,57.70950000004717,-46.29049999995283,46.29049999995283,19
nextstrain_tree_graph_300day,562,367797785_2,368759539_1,89,28.85475000006511,-60.14524999993489,60.14524999993489,19
nextstrain_tree_graph_300day,562,363705249_2,367782422_2,235,179.7030000000691,-55.296999999930904,55.296999999930904,34
nextstrain_tree_graph_300day,562,367525395_2,367716536_1,171,43.09950000006046,-127.90049999993954,127.90049999993954,27
nextstrain_tree_graph_300day,562,367775037_4,368749000_4,299,41.27324999993755,-257.72675000006245,257.72675000006245,44
nextstrain_tree_graph_300day,562,366119389_1,367790671_2,203,182.99024999999136,-20.009750000008637,20.009750000008637,33
nextstrain_tree_graph_300day,562,366119389_1,367789477_3,290,130.028999999998,-159.971000000002,159.971000000002,42
nextstrain_tree_graph_300day,562,367758326_2,367812362_2,70,42.003749999920274,-27.996250000079726,27.996250000079726,14
nextstrain_tree_graph_300day,562,364284103_1,366943897_2,117,68.30175000004584,-48.69824999995416,48.69824999995416,21
nextstrain_tree_graph_300day,562,367012497_1,367787526_2,200,163.63200000003388,-36.367999999966116,36.367999999966116,31
nextstrain_tree_graph_300day,562,368742722_2,368749000_4,215,131.1247499999721,-83.8752500000279,83.8752500000279,31
nextstrain_tree_graph_300day,562,367775252_3,368487949_1,101,51.13499999995349,-49.86500000004651,49.86500000004651,18
nextstrain_tree_graph_300day,562,367713054_2,367723730_2,197,97.52175000001927,-99.47824999998073,99.47824999998073,32
nextstrain_tree_graph_300day,562,367750172_3,368568530_2,297,56.24849999999867,-240.75150000000133,240.75150000000133,43
nextstrain_tree_graph_300day,562,366972607_1,367794050_1,106,86.19899999995482,-19.80100000004518,19.80100000004518,20
nextstrain_tree_graph_300day,562,367787975_1,367806581_2,85,19.358250000040528,-65.64174999995947,65.64174999995947,16
nextstrain_tree_graph_300day,562,366859891_2,367775037_4,209,109.57499999998339,-99.42500000001661,99.42500000001661,35
nextstrain_tree_graph_300day,562,367723730_2,367928005_1,106,63.55349999999203,-42.44650000000797,42.44650000000797,18
nextstrain_tree_graph_300day,562,367782422_2,367787975_1,89,35.7945000000671,-53.2054999999329,53.2054999999329,16
nextstrain_tree_graph_300day,562,367812362_2,368759539_1,75,28.85475000006511,-46.14524999993489,46.14524999993489,16
nextstrain_tree_graph_300day,562,367209095_2,368749000_4,283,47.1172500000485,-235.8827499999515,235.8827499999515,40
nextstrain_tree_graph_300day,562,367764230_2,367806581_2,160,85.83374999996346,-74.16625000003654,74.16625000003654,25
nextstrain_tree_graph_300day,562,364284103_1,367012497_1,235,136.60350000000864,-98.39649999999136,98.39649999999136,38
nextstrain_tree_graph_300day,562,366859891_2,367671501_1,150,50.40449999997077,-99.59550000002923,99.59550000002923,26
nextstrain_tree_graph_300day,562,363705249_2,368744638_1,340,96.79125000003654,-243.20874999996346,243.20874999996346,50
nextstrain_tree_graph_300day,562,367012497_1,367525395_2,255,156.6922500000319,-98.30774999996811,98.30774999996811,38
nextstrain_tree_graph_300day,562,367750172_3,368774360_1,214,140.986499999905,-73.01350000009501,73.01350000009501,30
nextstrain_tree_graph_300day,562,367928005_1,368487949_1,100,59.535750000003986,-40.464249999996014,40.464249999996014,16
nextstrain_tree_graph_300day,562,367671501_1,367781697_1,167,28.124249999916287,-138.8757500000837,138.8757500000837,26
nextstrain_tree_graph_300day,562,366972607_1,367649705_1,102,82.18124999996678,-19.81875000003322,19.81875000003322,19
nextstrain_tree_graph_300day,562,367654730_4,368487949_1,167,93.50399999994818,-73.49600000005182,73.49600000005182,26
nextstrain_tree_graph_300day,562,367764230_2,368742722_2,167,84.00750000000664,-82.99249999999336,82.99249999999336,25
nextstrain_tree_graph_300day,562,367790671_2,368744638_1,176,155.96174999996612,-20.038250000033884,20.038250000033884,30
nextstrain_tree_graph_300day,562,363705249_2,367928005_1,216,171.66750000000997,-44.332499999990034,44.332499999990034,31
nextstrain_tree_graph_300day,562,366859891_2,368774360_1,147,73.78049999991629,-73.21950000008371,73.21950000008371,21
nextstrain_tree_graph_300day,562,367710676_1,368642321_2,237,104.09624999994685,-132.90375000005315,132.90375000005315,37
nextstrain_tree_graph_300day,562,366119389_1,367209095_2,303,66.84075000008039,-236.1592499999196,236.1592499999196,46
nextstrain_tree_graph_300day,562,366859891_2,367723730_2,147,27.758999999924924,-119.24100000007508,119.24100000007508,25
nextstrain_tree_graph_300day,562,366943897_2,367710676_1,210,161.44050000000266,-48.55949999999734,48.55949999999734,33
nextstrain_tree_graph_300day,562,367758326_2,367928005_1,64,36.890249999958144,-27.109750000041856,27.109750000041856,12
nextstrain_tree_graph_300day,562,367806581_2,368642321_2,113,37.62074999994087,-75.37925000005913,75.37925000005913,18
nextstrain_tree_graph_300day,562,367770839_3,368742722_2,172,88.02524999999468,-83.97475000000532,83.97475000000532,27
nextstrain_tree_graph_300day,562,367713054_2,367928005_1,153,110.67075000004053,-42.32924999995947,42.32924999995947,26
nextstrain_tree_graph_300day,562,367525395_2,367649705_1,136,82.9117500001156,-53.0882499998844,53.0882499998844,21
nextstrain_tree_graph_300day,562,367782422_2,367804430_3,80,30.315749999947514,-49.68425000005249,49.68425000005249,15
nextstrain_tree_graph_300day,562,367209095_2,367525395_2,218,118.70625000001661,-99.29374999998339,99.29374999998339,32
nextstrain_tree_graph_300day,562,367630669_1,368568530_2,227,149.75249999994685,-77.24750000005315,77.24750000005315,35
nextstrain_tree_graph_300day,562,367804430_3,368759539_1,68,18.26249999998339,-49.73750000001661,49.73750000001661,14
nextstrain_tree_graph_300day,562,367775252_3,367809113_3,107,57.34424999997276,-49.65575000002724,49.65575000002724,18
nextstrain_tree_graph_300day,562,367782132_3,367814350_3,222,178.97250000000332,-43.02749999999668,43.02749999999668,33
nextstrain_tree_graph_300day,562,367209095_2,367789477_3,229,69.03224999994552,-159.96775000005448,159.96775000005448,34
nextstrain_tree_graph_300day,562,367678499_2,367789477_3,175,121.62825000011361,-53.37174999988639,53.37174999988639,28
nextstrain_tree_graph_300day,562,367787526_2,367797785_2,93,55.518000000015945,-37.481999999984055,37.481999999984055,18
nextstrain_tree_graph_300day,562,367787975_1,367814350_3,72,28.85474999998206,-43.14525000001794,43.14525000001794,13
nextstrain_tree_graph_300day,562,367713054_2,367750172_3,261,45.65624999991695,-215.34375000008305,215.34375000008305,40
nextstrain_tree_graph_300day,562,368487949_1,368609221_2,130,54.42224999995881,-75.57775000004119,75.57775000004119,22
nextstrain_tree_graph_300day,562,367671501_1,367787526_2,120,82.54650000004119,-37.45349999995881,37.45349999995881,20
nextstrain_tree_graph_300day,562,366972607_1,367710676_1,231,213.30599999993888,-17.694000000061124,17.694000000061124,36
nextstrain_tree_graph_300day,562,367716536_1,368609221_2,133,57.34424999997276,-75.65575000002724,75.65575000002724,23
nextstrain_tree_graph_300day,562,366972607_1,368337489_1,224,206.00099999994552,-17.99900000005448,17.99900000005448,33
nextstrain_tree_graph_300day,562,367763730_2,367794050_1,71,51.13499999995349,-19.865000000046507,19.865000000046507,15
nextstrain_tree_graph_300day,562,368749000_4,368774360_1,237,163.9972499999422,-73.0027500000578,73.0027500000578,32
nextstrain_tree_graph_300day,562,367678499_2,367814350_3,100,56.613749999990034,-43.386250000009966,43.386250000009966,18
nextstrain_tree_graph_300day,562,367812362_2,368525219_2,86,39.812250000055144,-46.187749999944856,46.187749999944856,16
nextstrain_tree_graph_300day,562,367655585_2,368759539_1,61,25.93274999996811,-35.06725000003189,35.06725000003189,13
nextstrain_tree_graph_300day,562,366943897_2,367928005_1,71,29.585250000047836,-41.414749999952164,41.414749999952164,13
nextstrain_tree_graph_300day,562,366943897_2,367787975_1,79,30.31575000003056,-48.68424999996944,48.68424999996944,14
nextstrain_tree_graph_300day,562,366859891_2,367655585_2,95,59.9009999999123,-35.0990000000877,35.0990000000877,16
nextstrain_tree_graph_300day,562,363705249_2,367814350_3,218,172.76324999998405,-45.236750000015945,45.236750000015945,31
nextstrain_tree_graph_300day,562,367655585_2,367782422_2,73,37.98599999993223,-35.01400000006777,35.01400000006777,14
nextstrain_tree_graph_300day,562,367770839_3,368744638_1,274,75.24150000004784,-198.75849999995216,198.75849999995216,43
nextstrain_tree_graph_300day,562,367654730_4,367787975_1,137,71.2237500000598,-65.7762499999402,65.7762499999402,23
nextstrain_tree_graph_300day,562,367012497_1,367758326_2,191,163.9972499999422,-27.0027500000578,27.0027500000578,30
nextstrain_tree_graph_300day,562,367655585_2,368744638_1,178,142.81274999994486,-35.187250000055144,35.187250000055144,30
nextstrain_tree_graph_300day,562,367804430_3,368568530_2,188,138.42974999996545,-49.57025000003455,49.57025000003455,29
nextstrain_tree_graph_300day,562,367788592_4,367789477_3,241,81.08549999999269,-159.9145000000073,159.9145000000073,38
nextstrain_tree_graph_300day,562,367750172_3,368759539_1,177,123.81975000006179,-53.18024999993821,53.18024999993821,28
nextstrain_tree_graph_300day,562,367723730_2,368568530_2,233,133.68149999999468,-99.31850000000532,99.31850000000532,35
nextstrain_tree_graph_300day,562,367782422_2,368337489_1,213,159.61425000004584,-53.38574999995416,53.38574999995416,32
nextstrain_tree_graph_300day,562,367630669_1,367812362_2,106,57.70950000004717,-48.29049999995283,48.29049999995283,20
nextstrain_tree_graph_300day,562,367788592_4,368759539_1,171,117.61050000012557,-53.38949999987443,53.38949999987443,30
nextstrain_tree_graph_300day,562,367671501_1,367764230_2,192,53.32649999998472,-138.67350000001528,138.67350000001528,29
nextstrain_tree_graph_300day,562,367770839_3,367782132_3,308,109.57500000006644,-198.42499999993356,198.42499999993356,43
nextstrain_tree_graph_300day,562,367806581_2,368774360_1,121,31.776749999996014,-89.22325000000399,89.22325000000399,19
nextstrain_tree_graph_300day,562,367654730_4,367788592_4,231,155.59649999997475,-75.40350000002525,75.40350000002525,38
nextstrain_tree_graph_300day,562,367775037_4,368609221_2,196,120.53249999997342,-75.46750000002658,75.46750000002658,32
nextstrain_tree_graph_300day,562,366943897_2,367654730_4,138,89.12100000005182,-48.87899999994818,48.87899999994818,23
nextstrain_tree_graph_300day,562,367713054_2,367781697_1,211,32.142000000070425,-178.85799999992958,178.85799999992958,33
nextstrain_tree_graph_300day,562,367649705_1,367825785_2,80,4.748249999970767,-75.25175000002923,75.25175000002923,14
nextstrain_tree_graph_300day,562,367723730_2,368774360_1,150,76.70249999993024,-73.29750000006976,73.29750000006976,22
nextstrain_tree_graph_300day,562,367012497_1,367630669_1,227,150.48299999992958,-76.51700000007042,76.51700000007042,36
nextstrain_tree_graph_300day,562,367012497_1,367782422_2,208,155.5965000000578,-52.4034999999422,52.4034999999422,33
nextstrain_tree_graph_300day,562,367209095_2,368525219_2,170,71.95424999995947,-98.04575000004053,98.04575000004053,26
nextstrain_tree_graph_300day,562,364284103_1,367678499_2,144,90.58200000010032,-53.41799999989968,53.41799999989968,24
nextstrain_tree_graph_300day,562,367653131_1,367782422_2,89,70.12799999991961,-18.87200000008039,18.87200000008039,17
nextstrain_tree_graph_300day,562,364284103_1,367713054_2,199,99.7132500000505,-99.2867499999495,99.2867499999495,34
nextstrain_tree_graph_300day,562,367787526_2,367814350_3,75,37.62075000002392,-37.37924999997608,37.37924999997608,13
nextstrain_tree_graph_300day,562,367782132_3,367789477_3,297,137.33399999999136,-159.66600000000864,159.66600000000864,43
nextstrain_tree_graph_300day,562,367710676_1,367763730_2,196,178.24199999993755,-17.758000000062452,17.758000000062452,31
nextstrain_tree_graph_300day,562,367209095_2,367794050_1,164,126.74174999999269,-37.25825000000731,37.25825000000731,26
nextstrain_tree_graph_300day,562,366972607_1,367763730_2,73,48.943500000005315,-24.056499999994685,24.056499999994685,13
nextstrain_tree_graph_300day,562,367655585_2,367781697_1,112,77.79824999990433,-34.20175000009567,34.20175000009567,18
nextstrain_tree_graph_300day,562,367630669_1,367775037_4,206,128.5679999999495,-77.4320000000505,77.4320000000505,34
nextstrain_tree_graph_300day,562,367781697_1,367788592_4,218,43.09950000006046,-174.90049999993954,174.90049999993954,33
nextstrain_tree_graph_300day,562,367758326_2,367788592_4,166,138.0644999999741,-27.93550000002591,27.93550000002591,28
nextstrain_tree_graph_300day,562,366859891_2,367782132_3,261,161.80574999999402,-99.19425000000598,99.19425000000598,38
nextstrain_tree_graph_300day,562,367713054_2,367764230_2,236,38.35125000008969,-197.6487499999103,197.6487499999103,36
nextstrain_tree_graph_300day,562,366859891_2,367012497_1,230,131.48999999996346,-98.51000000003654,98.51000000003654,37
nextstrain_tree_graph_300day,562,367770839_3,367812362_2,156,109.9402500000578,-46.0597499999422,46.0597499999422,26
nextstrain_tree_graph_300day,562,367781697_1,368487949_1,160,76.70249999993024,-83.29750000006976,83.29750000006976,25
nextstrain_tree_graph_300day,562,367654730_4,367716536_1,160,96.42599999996213,-63.57400000003787,63.57400000003787,25
nextstrain_tree_graph_300day,562,367654730_4,367775037_4,223,159.6142499999628,-63.385750000037206,63.385750000037206,34
nextstrain_tree_graph_300day,562,367653131_1,367804902_2,66,47.11724999996545,-18.882750000034548,18.882750000034548,14
nextstrain_tree_graph_300day,562,367713054_2,367789477_3,230,70.12800000000266,-159.87199999999734,159.87199999999734,36
nextstrain_tree_graph_300day,562,367787975_1,367804902_2,66,46.386749999982726,-19.613250000017274,19.613250000017274,13
nextstrain_tree_graph_300day,562,367781697_1,367789477_3,197,37.98599999993223,-159.01400000006777,159.01400000006777,29
nextstrain_tree_graph_300day,562,367012497_1,367825785_2,199,146.46525000010763,-52.53474999989237,52.53474999989237,31
nextstrain_tree_graph_300day,562,366859891_2,367812362_2,109,62.8230000000093,-46.1769999999907,46.1769999999907,21
nextstrain_tree_graph_300day,562,367209095_2,367678499_2,188,134.41200000006046,-53.58799999993954,53.58799999993954,28
nextstrain_tree_graph_300day,562,367209095_2,367671501_1,199,59.170499999929575,-139.82950000007042,139.82950000007042,31
nextstrain_tree_graph_300day,562,366119389_1,366859891_2,254,154.50075000000066,-99.49924999999934,99.49924999999934,41
nextstrain_tree_graph_300day,562,367713054_2,367797785_2,173,119.43675000008238,-53.563249999917616,53.563249999917616,31
nextstrain_tree_graph_300day,562,366943897_2,367678499_2,107,58.074750000038534,-48.925249999961466,48.925249999961466,19
nextstrain_tree_graph_300day,562,367012497_1,367790671_2,169,159.97949999995416,-9.020500000045843,9.020500000045843,25
nextstrain_tree_graph_300day,562,367671501_1,367713054_2,200,60.26624999998671,-139.7337500000133,139.7337500000133,33
nextstrain_tree_graph_300day,562,367806581_2,367928005_1,77,34.698750000009966,-42.301249999990034,42.301249999990034,15
nextstrain_tree_graph_300day,562,367775037_4,368337489_1,156,58.80525000002126,-97.19474999997874,97.19474999997874,21
nextstrain_tree_graph_300day,562,367012497_1,367775037_4,293,54.78750000003322,-238.21249999996678,238.21249999996678,44
nextstrain_tree_graph_300day,562,367671501_1,368487949_1,149,64.64924999996612,-84.35075000003388,84.35075000003388,25
nextstrain_tree_graph_300day,562,367928005_1,368744638_1,186,143.54325000001063,-42.45674999998937,42.45674999998937,31
nextstrain_tree_graph_300day,562,367713054_2,367787975_1,161,95.33025000007109,-65.66974999992891,65.66974999992891,27
nextstrain_tree_graph_300day,562,367649705_1,367655585_2,62,27.0284999999422,-34.9715000000578,34.9715000000578,12
nextstrain_tree_graph_300day,562,367655585_2,368642321_2,90,54.78749999995017,-35.21250000004983,35.21250000004983,16
nextstrain_tree_graph_300day,562,367763730_2,367809113_3,105,85.10324999998073,-19.896750000019267,19.896750000019267,19
nextstrain_tree_graph_300day,562,367716536_1,368337489_1,215,137.33399999999136,-77.66600000000864,77.66600000000864,30
nextstrain_tree_graph_300day,562,363705249_2,368487949_1,256,169.8412499999701,-86.1587500000299,86.1587500000299,37
nextstrain_tree_graph_300day,562,367012497_1,367653131_1,187,178.97249999992027,-8.027500000079726,8.027500000079726,28
nextstrain_tree_graph_300day,562,367788592_4,367928005_1,164,121.62825000003056,-42.37174999996944,42.37174999996944,28
nextstrain_tree_graph_300day,562,367787526_2,367806581_2,88,50.76975000004518,-37.23024999995482,37.23024999995482,16
nextstrain_tree_graph_300day,562,367723730_2,368525219_2,124,25.93274999996811,-98.06725000003189,98.06725000003189,18
nextstrain_tree_graph_300day,562,367928005_1,368759539_1,69,26.663250000033884,-42.336749999966116,42.336749999966116,14
nextstrain_tree_graph_300day,562,367649705_1,367678499_2,106,38.716500000081055,-67.28349999991894,67.28349999991894,19
nextstrain_tree_graph_300day,562,367750172_3,367825785_2,180,126.74175000007574,-53.25824999992426,53.25824999992426,27
nextstrain_tree_graph_300day,562,366943897_2,367649705_1,79,30.31575000003056,-48.68424999996944,48.68424999996944,12
nextstrain_tree_graph_300day,562,367653131_1,367758326_2,72,52.96124999991031,-19.038750000089692,19.038750000089692,14
nextstrain_tree_graph_300day,562,367630669_1,367782422_2,119,63.553500000075076,-55.446499999924924,55.446499999924924,21
nextstrain_tree_graph_300day,562,367781697_1,367787526_2,131,94.59975000000532,-36.400249999994685,36.400249999994685,20
nextstrain_tree_graph_300day,562,364284103_1,367758326_2,110,82.18124999996678,-27.81875000003322,27.81875000003322,18
nextstrain_tree_graph_300day,562,367653131_1,367710676_1,207,190.29524999990167,-16.70475000009833,16.70475000009833,32
nextstrain_tree_graph_300day,562,367825785_2,368568530_2,199,145.7347500001249,-53.265249999875095,53.265249999875095,30
nextstrain_tree_graph_300day,562,363705249_2,368759539_1,223,167.64975000010497,-55.35024999989503,55.35024999989503,33
nextstrain_tree_graph_300day,562,367763730_2,367804902_2,55,35.06400000000133,-19.93599999999867,19.93599999999867,13
nextstrain_tree_graph_300day,562,367787526_2,367804430_3,72,34.698750000009966,-37.301249999990034,37.301249999990034,13
nextstrain_tree_graph_300day,562,363705249_2,367787975_1,224,156.32700000004053,-67.67299999995947,67.67299999995947,32
nextstrain_tree_graph_300day,562,367678499_2,368774360_1,142,90.58200000010032,-51.41799999989968,51.41799999989968,20
nextstrain_tree_graph_300day,562,367209095_2,367787526_2,163,125.6460000000186,-37.3539999999814,37.3539999999814,25
nextstrain_tree_graph_300day,562,366119389_1,368744638_1,337,95.69550000006245,-241.30449999993755,241.30449999993755,51
nextstrain_tree_graph_300day,562,367716536_1,367825785_2,115,61.3620000001269,-53.6379999998731,53.6379999998731,20
nextstrain_tree_graph_300day,562,367671501_1,368749000_4,240,100.44374999995017,-139.55625000004983,139.55625000004983,33
nextstrain_tree_graph_300day,562,367649705_1,368568530_2,197,143.90850000008504,-53.09149999991496,53.09149999991496,30
nextstrain_tree_graph_300day,562,367630669_1,368609221_2,128,27.759000000007973,-100.24099999999203,100.24099999999203,22
nextstrain_tree_graph_300day,562,367012497_1,367723730_2,233,134.4119999999774,-98.58800000002259,98.58800000002259,36
nextstrain_tree_graph_300day,562,368525219_2,368742722_2,102,17.897249999992027,-84.10275000000797,84.10275000000797,17
nextstrain_tree_graph_300day,562,367758326_2,367782132_3,214,194.31299999997276,-19.68700000002724,19.68700000002724,29
nextstrain_tree_graph_300day,562,367787975_1,368525219_2,88,22.28025000005448,-65.71974999994552,65.71974999994552,15
nextstrain_tree_graph_300day,562,367763730_2,367790671_2,31,6.939750000001993,-24.060249999998007,24.060249999998007,6
nextstrain_tree_graph_300day,562,367710676_1,367814350_3,203,159.97949999995416,-43.02050000004584,43.02050000004584,32
nextstrain_tree_graph_300day,562,367710676_1,367787975_1,209,143.54325000001063,-65.45674999998937,65.45674999998937,33
nextstrain_tree_graph_300day,562,367764230_2,367782422_2,164,111.76650000009766,-52.233499999902335,52.233499999902335,25
nextstrain_tree_graph_300day,562,367723730_2,367763730_2,103,82.9117499999495,-20.088250000050493,20.088250000050493,19
nextstrain_tree_graph_300day,562,367758326_2,368337489_1,196,168.01499999993024,-27.98500000006976,27.98500000006976,29
nextstrain_tree_graph_300day,562,367789477_3,368609221_2,167,91.67774999999136,-75.32225000000864,75.32225000000864,24
nextstrain_tree_graph_300day,562,367814350_3,368759539_1,71,27.759000000007973,-43.24099999999203,43.24099999999203,12
nextstrain_tree_graph_300day,562,367787526_2,367804902_2,69,49.30874999999668,-19.691250000003322,19.691250000003322,11
nextstrain_tree_graph_300day,562,367209095_2,367713054_2,243,27.39374999993356,-215.60625000006644,215.60625000006644,38
nextstrain_tree_graph_300day,562,367789477_3,367825785_2,149,95.6955000001455,-53.3044999998545,53.3044999998545,23
nextstrain_tree_graph_300day,562,367809113_3,368487949_1,148,63.91874999998339,-84.08125000001661,84.08125000001661,24
nextstrain_tree_graph_300day,562,364284103_1,367630669_1,146,68.66699999995416,-77.33300000004584,77.33300000004584,24
nextstrain_tree_graph_300day,562,367775252_3,368759539_1,68,18.26249999998339,-49.73750000001661,49.73750000001661,14
nextstrain_tree_graph_300day,562,367671501_1,367814350_3,111,67.57124999998007,-43.42875000001993,43.42875000001993,17
nextstrain_tree_graph_300day,562,367630669_1,367763730_2,97,74.87624999997342,-22.123750000026575,22.123750000026575,19
nextstrain_tree_graph_300day,562,364284103_1,367787975_1,116,50.404500000053815,-65.59549999994618,65.59549999994618,19
nextstrain_tree_graph_300day,562,367678499_2,367797785_2,102,42.36899999991164,-59.63100000008836,59.63100000008836,17
nextstrain_tree_graph_300day,562,367928005_1,368525219_2,80,37.62075000002392,-42.37924999997608,42.37924999997608,14
nextstrain_tree_graph_300day,562,367764230_2,367781697_1,203,25.20225000006843,-177.79774999993157,177.79774999993157,29
nextstrain_tree_graph_300day,562,367655585_2,368525219_2,72,36.890249999958144,-35.109750000041856,35.109750000041856,13
nextstrain_tree_graph_300day,562,366972607_1,367654730_4,159,140.98649999998804,-18.01350000001196,18.01350000001196,26
nextstrain_tree_graph_300day,562,367770839_3,367809113_3,196,42.00375000000332,-153.99624999999668,153.99624999999668,28
nextstrain_tree_graph_300day,562,367012497_1,367713054_2,280,65.37974999994884,-214.62025000005116,214.62025000005116,44
nextstrain_tree_graph_300day,562,367809113_3,367825785_2,118,64.64925000013221,-53.35074999986779,53.35074999986779,19
nextstrain_tree_graph_300day,562,367782132_3,367790671_2,210,190.29524999998472,-19.70475000001528,19.70475000001528,32
nextstrain_tree_graph_300day,562,367653131_1,367789477_3,147,128.20274999995814,-18.797250000041856,18.797250000041856,24
nextstrain_tree_graph_300day,562,367710676_1,367825785_2,211,157.78800000008903,-53.21199999991097,53.21199999991097,33
nextstrain_tree_graph_300day,562,367758326_2,367763730_2,61,40.907999999946185,-20.092000000053815,20.092000000053815,13
nextstrain_tree_graph_300day,562,367775037_4,367804430_3,165,117.24524999996811,-47.75475000003189,47.75475000003189,26
nextstrain_tree_graph_300day,562,367654730_4,367723730_2,173,97.52174999993622,-75.47825000006378,75.47825000006378,28
nextstrain_tree_graph_300day,562,366119389_1,367804430_3,212,162.17099999998538,-49.82900000001462,49.82900000001462,34
nextstrain_tree_graph_300day,562,367789477_3,367928005_1,139,96.79125000003654,-42.20874999996346,42.20874999996346,22
nextstrain_tree_graph_300day,562,367758326_2,368749000_4,195,167.2844999999475,-27.715500000052486,27.715500000052486,28
nextstrain_tree_graph_300day,562,367209095_2,367806581_2,167,91.67774999990831,-75.32225000009169,75.32225000009169,27
nextstrain_tree_graph_300day,562,367781697_1,368642321_2,156,23.741249999936883,-132.25875000006312,132.25875000006312,24
nextstrain_tree_graph_300day,562,367763730_2,368642321_2,95,74.87624999997342,-20.123750000026575,20.123750000026575,18
nextstrain_tree_graph_300day,562,367209095_2,367716536_1,195,95.33024999998804,-99.66975000001196,99.66975000001196,31
nextstrain_tree_graph_300day,562,367630669_1,367825785_2,110,54.422250000124905,-55.577749999875095,55.577749999875095,19
nextstrain_tree_graph_300day,562,367782422_2,367825785_2,91,23.74125000010298,-67.25874999989702,67.25874999989702,16
nextstrain_tree_graph_300day,562,367630669_1,367789477_3,177,99.71324999996745,-77.28675000003255,77.28675000003255,28
nextstrain_tree_graph_300day,562,367716536_1,367806581_2,120,44.56049999994286,-75.43950000005714,75.43950000005714,22
nextstrain_tree_graph_300day,562,367794050_1,367814350_3,76,38.71649999999801,-37.28350000000199,37.28350000000199,14
nextstrain_tree_graph_300day,562,367649705_1,367723730_2,114,60.63150000006112,-53.36849999993888,53.36849999993888,17
nextstrain_tree_graph_300day,562,367716536_1,367787975_1,113,47.1172500000485,-65.8827499999515,65.8827499999515,20
nextstrain_tree_graph_300day,562,366943897_2,368742722_2,93,44.19525000003455,-48.80474999996545,48.80474999996545,16
nextstrain_tree_graph_300day,562,363705249_2,367716536_1,259,157.42275000001462,-101.57724999998538,101.57724999998538,38
nextstrain_tree_graph_300day,562,366119389_1,367782422_2,232,178.607250000095,-53.39274999990499,53.39274999990499,35
nextstrain_tree_graph_300day,562,367655585_2,367716536_1,97,61.727249999952164,-35.272750000047836,35.272750000047836,18
nextstrain_tree_graph_300day,562,367804430_3,368744638_1,185,135.14249999996014,-49.85750000003986,49.85750000003986,31
nextstrain_tree_graph_300day,562,366859891_2,367209095_2,193,93.50399999994818,-99.49600000005182,99.49600000005182,29
nextstrain_tree_graph_300day,562,367723730_2,367787975_1,114,48.21300000002259,-65.78699999997741,65.78699999997741,19
nextstrain_tree_graph_300day,562,363705249_2,367781697_1,130,93.13875000003986,-36.86124999996014,36.86124999996014,16
nextstrain_tree_graph_300day,562,367763730_2,367814350_3,61,40.907999999946185,-20.092000000053815,20.092000000053815,13
nextstrain_tree_graph_300day,562,363705249_2,368749000_4,347,66.84075000008039,-280.1592499999196,280.1592499999196,47
nextstrain_tree_graph_300day,562,366859891_2,367710676_1,242,142.81274999994486,-99.18725000005514,99.18725000005514,39
nextstrain_tree_graph_300day,562,367525395_2,367763730_2,125,105.19200000000399,-19.807999999996014,19.807999999996014,21
nextstrain_tree_graph_300day,562,367716536_1,368642321_2,141,41.273250000020596,-99.7267499999794,99.7267499999794,24
nextstrain_tree_graph_300day,562,367814350_3,368609221_2,92,48.57825000001395,-43.42174999998605,43.42174999998605,14
nextstrain_tree_graph_300day,562,367630669_1,367794050_1,112,72.68475000002525,-39.31524999997475,39.31524999997475,20
nextstrain_tree_graph_300day,562,367630669_1,367713054_2,191,113.59274999997143,-77.40725000002857,77.40725000002857,32
nextstrain_tree_graph_300day,562,367781697_1,367804430_3,119,70.12799999991961,-48.87200000008039,48.87200000008039,19
nextstrain_tree_graph_300day,562,366972607_1,367716536_1,135,116.87999999997675,-18.120000000023254,18.120000000023254,23
nextstrain_tree_graph_300day,562,366119389_1,367671501_1,260,120.16724999998206,-139.83275000001794,139.83275000001794,39
nextstrain_tree_graph_300day,562,367763730_2,367787526_2,70,50.039249999979404,-19.960750000020596,19.960750000020596,14
nextstrain_tree_graph_300day,562,367678499_2,368742722_2,120,66.47550000008903,-53.52449999991097,53.52449999991097,21
nextstrain_tree_graph_300day,562,367770839_3,367781697_1,208,29.220000000056473,-178.77999999994353,178.77999999994353,31
nextstrain_tree_graph_300day,562,367710676_1,367723730_2,245,145.7347499999588,-99.26525000004119,99.26525000004119,38
nextstrain_tree_graph_300day,562,367723730_2,367804902_2,102,82.18124999996678,-19.81875000003322,19.81875000003322,18
nextstrain_tree_graph_300day,562,367653131_1,367797785_2,90,70.85849999990234,-19.141500000097665,19.141500000097665,19
nextstrain_tree_graph_300day,562,367781697_1,367825785_2,130,77.43300000007906,-52.56699999992094,52.56699999992094,20
nextstrain_tree_graph_300day,562,367750172_3,368742722_2,192,108.11399999993489,-83.88600000006511,83.88600000006511,29
nextstrain_tree_graph_300day,562,367525395_2,367804430_3,127,77.43299999999601,-49.567000000003986,49.567000000003986,20
nextstrain_tree_graph_300day,562,367825785_2,368609221_2,100,46.38675000014882,-53.61324999985118,53.61324999985118,17
nextstrain_tree_graph_300day,562,367654730_4,367710676_1,132,192.85199999992426,60.85199999992426,60.85199999992426,18
nextstrain_tree_graph_300day,562,367525395_2,367775252_3,127,77.43299999999601,-49.567000000003986,49.567000000003986,20
nextstrain_tree_graph_300day,562,367654730_4,367794050_1,141,103.73100000003853,-37.268999999961466,37.268999999961466,24
nextstrain_tree_graph_300day,562,366972607_1,367723730_2,138,117.97574999995084,-20.024250000049165,20.024250000049165,24
nextstrain_tree_graph_300day,562,367723730_2,367797785_2,126,72.31950000003388,-53.680499999966116,53.680499999966116,23
nextstrain_tree_graph_300day,562,367782422_2,367809113_3,127,73.78050000008238,-53.219499999917616,53.219499999917616,21
nextstrain_tree_graph_300day,562,367653131_1,367790671_2,30,18.992999999966116,-11.007000000033884,11.007000000033884,5
nextstrain_tree_graph_300day,562,367770839_3,368642321_2,186,52.961249999993356,-133.03875000000664,133.03875000000664,29
nextstrain_tree_graph_300day,562,367781697_1,368749000_4,251,72.31950000003388,-178.68049999996612,178.68049999996612,35
nextstrain_tree_graph_300day,562,367788592_4,367825785_2,174,120.53250000013952,-53.46749999986048,53.46749999986048,29
nextstrain_tree_graph_300day,562,367763730_2,368337489_1,189,170.9369999999442,-18.06300000005581,18.06300000005581,28
nextstrain_tree_graph_300day,562,367763730_2,367782422_2,78,58.074749999955486,-19.925250000044514,19.925250000044514,16
nextstrain_tree_graph_300day,562,367781697_1,367782422_2,139,86.56425000002923,-52.43574999997077,52.43574999997077,22
nextstrain_tree_graph_300day,562,367775252_3,367782422_2,80,30.315749999947514,-49.68425000005249,49.68425000005249,15
nextstrain_tree_graph_300day,562,364284103_1,367794050_1,120,82.91175000003255,-37.088249999967445,37.088249999967445,22
nextstrain_tree_graph_300day,562,364284103_1,368609221_2,136,60.631499999978075,-75.36850000002192,75.36850000002192,24
nextstrain_tree_graph_300day,562,366972607_1,367775252_3,93,73.04999999993356,-19.95000000006644,19.95000000006644,18
nextstrain_tree_graph_300day,562,367525395_2,368568530_2,255,155.96175000004916,-99.03824999995084,99.03824999995084,35
nextstrain_tree_graph_300day,562,367723730_2,367806581_2,121,45.65624999991695,-75.34375000008305,75.34375000008305,19
nextstrain_tree_graph_300day,562,367678499_2,368642321_2,134,80.35500000009301,-53.644999999906986,53.644999999906986,23
nextstrain_tree_graph_300day,562,367788592_4,367804430_3,163,113.22749999998007,-49.77250000001993,49.77250000001993,28
nextstrain_tree_graph_300day,562,367525395_2,367764230_2,211,112.86225000007175,-98.13774999992825,98.13774999992825,30
nextstrain_tree_graph_300day,562,367790671_2,367806581_2,67,47.11724999996545,-19.882750000034548,19.882750000034548,14
nextstrain_tree_graph_300day,562,367716536_1,367797785_2,125,71.2237500000598,-53.776249999940205,53.776249999940205,24
nextstrain_tree_graph_300day,562,366859891_2,368568530_2,230,130.75949999998073,-99.24050000001927,99.24050000001927,36
nextstrain_tree_graph_300day,562,367775037_4,368759539_1,175,121.62825000011361,-53.37174999988639,53.37174999988639,30
nextstrain_tree_graph_300day,562,367525395_2,367775037_4,234,134.77725000005182,-99.22274999994818,99.22274999994818,36
nextstrain_tree_graph_300day,562,367782422_2,368742722_2,103,49.67400000007109,-53.32599999992891,53.32599999992891,18
nextstrain_tree_graph_300day,562,368568530_2,368774360_1,233,159.97949999995416,-73.02050000004584,73.02050000004584,33
nextstrain_tree_graph_300day,562,367782422_2,367789477_3,158,104.82675000009567,-53.17324999990433,53.17324999990433,23
nextstrain_tree_graph_300day,562,366859891_2,368749000_4,234,134.77724999996877,-99.22275000003123,99.22275000003123,35
nextstrain_tree_graph_300day,562,366859891_2,366972607_1,135,115.05374999993688,-19.946250000063117,19.946250000063117,25
nextstrain_tree_graph_300day,562,367713054_2,368749000_4,284,68.66699999995416,-215.33300000004584,215.33300000004584,42
nextstrain_tree_graph_300day,562,367012497_1,367812362_2,195,149.7525000000299,-45.2474999999701,45.2474999999701,32
nextstrain_tree_graph_300day,562,367758326_2,367804902_2,60,40.17749999996346,-19.82250000003654,19.82250000003654,12
nextstrain_tree_graph_300day,562,367012497_1,368744638_1,313,63.91875000006644,-249.08124999993356,249.08124999993356,49
nextstrain_tree_graph_300day,562,367787526_2,367928005_1,73,36.52500000004983,-36.47499999995017,36.47499999995017,13
nextstrain_tree_graph_300day,562,367758326_2,368774360_1,100,82.18124999996678,-17.81875000003322,17.81875000003322,12
nextstrain_tree_graph_300day,562,367804430_3,368525219_2,79,29.219999999973425,-49.780000000026575,49.780000000026575,14
nextstrain_tree_graph_300day,562,368337489_1,368525219_2,212,113.9579999999628,-98.0420000000372,98.0420000000372,31
nextstrain_tree_graph_300day,562,366859891_2,367928005_1,103,60.631499999978075,-42.368500000021925,42.368500000021925,19
nextstrain_tree_graph_300day,562,367525395_2,367671501_1,175,75.6067500000392,-99.3932499999608,99.3932499999608,27
nextstrain_tree_graph_300day,562,367630669_1,368759539_1,107,51.50025000011095,-55.49974999988905,55.49974999988905,20
nextstrain_tree_graph_300day,562,367723730_2,367809113_3,152,52.59600000000199,-99.403999999998,99.403999999998,24
nextstrain_tree_graph_300day,562,367723730_2,368487949_1,146,61.727249999952164,-84.27275000004784,84.27275000004784,24
nextstrain_tree_graph_300day,562,363705249_2,368742722_2,238,151.94399999997808,-86.05600000002192,86.05600000002192,34
nextstrain_tree_graph_300day,562,367654730_4,367928005_1,127,86.56425000002923,-40.43574999997077,40.43574999997077,20
nextstrain_tree_graph_300day,562,366943897_2,367209095_2,161,112.13175000000598,-48.86824999999402,48.86824999999402,25
nextstrain_tree_graph_300day,562,363705249_2,367630669_1,254,174.58949999994087,-79.41050000005913,79.41050000005913,37
nextstrain_tree_graph_300day,562,367209095_2,367804902_2,148,128.20274999995814,-19.797250000041856,19.797250000041856,24
nextstrain_tree_graph_300day,562,367012497_1,367789477_3,266,107.0182499999608,-158.9817500000392,158.9817500000392,40
nextstrain_tree_graph_300day,562,367655585_2,367678499_2,90,54.78749999995017,-35.21250000004983,35.21250000004983,15
nextstrain_tree_graph_300day,562,364284103_1,368749000_4,239,139.89075000001395,-99.10924999998605,99.10924999998605,36
nextstrain_tree_graph_300day,562,367782132_3,367788592_4,322,106.65299999996944,-215.34700000003056,215.34700000003056,49
nextstrain_tree_graph_300day,562,367209095_2,367723730_2,196,96.42599999996213,-99.57400000003787,99.57400000003787,30
nextstrain_tree_graph_300day,562,367775037_4,367787526_2,179,141.71700000005382,-37.282999999946185,37.282999999946185,29
nextstrain_tree_graph_300day,562,367653131_1,368744638_1,194,174.95474999993223,-19.045250000067767,19.045250000067767,33
nextstrain_tree_graph_300day,562,367678499_2,368749000_4,229,175.68525000008106,-53.314749999918945,53.314749999918945,34
nextstrain_tree_graph_300day,562,367790671_2,368759539_1,59,39.08174999998937,-19.91825000001063,19.91825000001063,13
nextstrain_tree_graph_300day,562,367710676_1,368744638_1,325,84.00750000000664,-240.99249999999336,240.99249999999336,51
nextstrain_tree_graph_300day,562,367806581_2,367825785_2,87,33.603000000118925,-53.396999999881075,53.396999999881075,16
nextstrain_tree_graph_300day,562,367782132_3,368759539_1,227,173.85900000012424,-53.14099999987576,53.14099999987576,35
nextstrain_tree_graph_300day,562,367806581_2,367814350_3,79,35.794499999984055,-43.205500000015945,43.205500000015945,13
nextstrain_tree_graph_300day,562,367209095_2,367781697_1,210,31.046250000013288,-178.9537499999867,178.9537499999867,31
nextstrain_tree_graph_300day,562,367630669_1,367809113_3,146,68.66699999995416,-77.33300000004584,77.33300000004584,22
nextstrain_tree_graph_300day,562,364284103_1,367653131_1,116,97.15649999994486,-18.843500000055144,18.843500000055144,22
nextstrain_tree_graph_300day,562,367630669_1,368744638_1,224,146.46524999994153,-77.53475000005847,77.53475000005847,37
nextstrain_tree_graph_300day,562,367814350_3,368525219_2,82,38.71649999999801,-43.28350000000199,43.28350000000199,12
nextstrain_tree_graph_300day,562,367788592_4,368525219_2,182,84.00750000000664,-97.99249999999336,97.99249999999336,30
nextstrain_tree_graph_300day,562,367790671_2,367928005_1,42,32.8724999999701,-9.127500000029897,9.127500000029897,7
nextstrain_tree_graph_300day,562,367654730_4,367787526_2,140,102.63525000006445,-37.364749999935555,37.364749999935555,23
nextstrain_tree_graph_300day,562,367716536_1,367787526_2,116,78.52875000005315,-37.47124999994685,37.47124999994685,20
nextstrain_tree_graph_300day,562,367716536_1,367814350_3,107,63.55349999999203,-43.44650000000797,43.44650000000797,19
nextstrain_tree_graph_300day,562,367012497_1,367804430_3,178,139.16024999994818,-38.83975000005182,38.83975000005182,26
nextstrain_tree_graph_300day,562,367764230_2,367787975_1,153,88.3905000000691,-64.6094999999309,64.6094999999309,21
nextstrain_tree_graph_300day,562,367713054_2,367814350_3,155,111.76650000001462,-43.23349999998538,43.23349999998538,26
nextstrain_tree_graph_300day,562,367770839_3,367775037_4,256,57.34425000005581,-198.6557499999442,198.6557499999442,40
nextstrain_tree_graph_300day,562,367928005_1,368742722_2,82,41.63850000001196,-40.36149999998804,40.36149999998804,13
nextstrain_tree_graph_300day,562,367775252_3,368744638_1,185,135.14249999996014,-49.85750000003986,49.85750000003986,31
nextstrain_tree_graph_300day,562,367630669_1,367781697_1,158,81.450749999901,-76.549250000099,76.549250000099,25
nextstrain_tree_graph_300day,562,367209095_2,367782422_2,171,117.61050000004252,-53.38949999995748,53.38949999995748,27
nextstrain_tree_graph_300day,562,367770839_3,367797785_2,170,116.51475000006843,-53.48524999993157,53.48524999993157,27
nextstrain_tree_graph_300day,562,363705249_2,367804430_3,215,163.26674999995947,-51.73325000004053,51.73325000004053,31
nextstrain_tree_graph_300day,562,366119389_1,367723730_2,257,157.42275000001462,-99.57724999998538,99.57724999998538,38
nextstrain_tree_graph_300day,562,367812362_2,367814350_3,70,26.663249999950835,-43.336750000049165,43.336750000049165,14
nextstrain_tree_graph_300day,562,367782132_3,367806581_2,235,159.97949999995416,-75.02050000004584,75.02050000004584,36
nextstrain_tree_graph_300day,562,366119389_1,367763730_2,210,189.92999999999336,-20.070000000006644,20.070000000006644,35
nextstrain_tree_graph_300day,562,367525395_2,367782422_2,147,93.86925000010564,-53.13074999989436,53.13074999989436,23
nextstrain_tree_graph_300day,562,367782422_2,368487949_1,121,67.57125000006312,-53.42874999993688,53.42874999993688,21
nextstrain_tree_graph_300day,562,363705249_2,367713054_2,307,89.48624999996014,-217.51375000003986,217.51375000003986,45
nextstrain_tree_graph_300day,562,367649705_1,367763730_2,67,47.11724999996545,-19.882750000034548,19.882750000034548,14
nextstrain_tree_graph_300day,562,367788592_4,368774360_1,208,134.77724999996877,-73.22275000003123,73.22275000003123,32
nextstrain_tree_graph_300day,562,367655585_2,367763730_2,51,31.04624999993024,-19.95375000006976,19.95375000006976,12
nextstrain_tree_graph_300day,562,367789477_3,368337489_1,271,111.03599999994884,-159.96400000005116,159.96400000005116,39
nextstrain_tree_graph_300day,562,367770839_3,367788592_4,252,53.32650000006777,-198.67349999993223,198.67349999993223,40
nextstrain_tree_graph_300day,562,366943897_2,367653131_1,79,60.99674999996944,-18.00325000003056,18.00325000003056,15
nextstrain_tree_graph_300day,562,367763730_2,367812362_2,65,44.925749999934226,-20.074250000065774,20.074250000065774,15
nextstrain_tree_graph_300day,562,367797785_2,368487949_1,122,68.30175000004584,-53.69824999995416,53.69824999995416,23
nextstrain_tree_graph_300day,562,367758326_2,367782422_2,83,55.152749999941534,-27.847250000058466,27.847250000058466,15
nextstrain_tree_graph_300day,562,368337489_1,368759539_1,201,147.56100000008172,-53.43899999991828,53.43899999991828,31
nextstrain_tree_graph_300day,562,367525395_2,368642321_2,164,64.64925000004916,-99.35074999995084,99.35074999995084,25
nextstrain_tree_graph_300day,562,367713054_2,368642321_2,189,55.88325000000731,-133.1167499999927,133.1167499999927,31
nextstrain_tree_graph_300day,562,367814350_3,368568530_2,191,147.92624999999003,-43.073750000009966,43.073750000009966,29
nextstrain_tree_graph_300day,562,367723730_2,367775037_4,212,112.49699999999734,-99.50300000000266,99.50300000000266,34
nextstrain_tree_graph_300day,562,366943897_2,368749000_4,202,153.40500000002658,-48.594999999973425,48.594999999973425,27
nextstrain_tree_graph_300day,562,367787526_2,367812362_2,51,41.63850000001196,-9.361499999988041,9.361499999988041,9
nextstrain_tree_graph_300day,562,367770839_3,367787526_2,161,123.81975000006179,-37.18024999993821,37.18024999993821,25
nextstrain_tree_graph_300day,562,367804902_2,367814350_3,60,40.17749999996346,-19.82250000003654,19.82250000003654,12
nextstrain_tree_graph_300day,562,367788592_4,368337489_1,296,80.35499999992692,-215.64500000007308,215.64500000007308,45
nextstrain_tree_graph_300day,562,367710676_1,367789477_3,278,118.3409999999422,-159.6590000000578,159.6590000000578,42
nextstrain_tree_graph_300day,562,367525395_2,367928005_1,128,85.8337500000465,-42.16624999995349,42.16624999995349,20
nextstrain_tree_graph_300day,562,367763730_2,367804430_3,48,37.98599999993223,-10.014000000067767,10.014000000067767,9
nextstrain_tree_graph_300day,562,367804430_3,367806581_2,76,26.297999999959472,-49.70200000004053,49.70200000004053,15
nextstrain_tree_graph_300day,562,366119389_1,366943897_2,222,173.12850000005847,-48.871499999941534,48.871499999941534,33
nextstrain_tree_graph_300day,562,364284103_1,368759539_1,115,61.72725000011826,-53.27274999988174,53.27274999988174,22
nextstrain_tree_graph_300day,562,367649705_1,368487949_1,110,56.61375000007308,-53.38624999992692,53.38624999992692,19
nextstrain_tree_graph_300day,562,367012497_1,367671501_1,236,97.15649999994486,-138.84350000005514,138.84350000005514,37
nextstrain_tree_graph_300day,562,367012497_1,367814350_3,191,148.65674999997276,-42.34325000002724,42.34325000002724,30
nextstrain_tree_graph_300day,562,367787975_1,367825785_2,80,26.663250000116932,-53.33674999988307,53.33674999988307,14
nextstrain_tree_graph_300day,562,367750172_3,367787526_2,181,143.908500000002,-37.09149999999801,37.09149999999801,27
nextstrain_tree_graph_300day,562,367671501_1,368568530_2,236,96.42599999996213,-139.57400000003787,139.57400000003787,36
nextstrain_tree_graph_300day,562,368609221_2,368742722_2,112,36.52499999996678,-75.47500000003322,75.47500000003322,19
nextstrain_tree_graph_300day,562,368487949_1,368642321_2,138,53.69174999997608,-84.30825000002392,84.30825000002392,23
nextstrain_tree_graph_300day,562,367012497_1,367678499_2,225,172.39800000007574,-52.60199999992426,52.60199999992426,36
nextstrain_tree_graph_300day,562,367653131_1,368487949_1,108,90.94724999992559,-17.05275000007441,17.05275000007441,18
nextstrain_tree_graph_300day,562,367770839_3,368568530_2,277,78.52875000005315,-198.47124999994685,198.47124999994685,41
nextstrain_tree_graph_300day,562,366943897_2,367775252_3,70,16.80149999993489,-53.19850000006511,53.19850000006511,13
nextstrain_tree_graph_300day,562,366859891_2,367806581_2,118,42.734249999903,-75.265750000097,75.265750000097,22
nextstrain_tree_graph_300day,562,367209095_2,367710676_1,291,55.15275000002458,-235.84724999997542,235.84724999997542,44
nextstrain_tree_graph_300day,562,366119389_1,368759539_1,208,166.55400000013088,-41.445999999869116,41.445999999869116,32
nextstrain_tree_graph_300day,562,366943897_2,368525219_2,89,40.17750000004651,-48.82249999995349,48.82249999995349,13
nextstrain_tree_graph_300day,562,367782132_3,368568530_2,347,106.28775000006112,-240.71224999993888,240.71224999993888,50
nextstrain_tree_graph_300day,562,367764230_2,367804902_2,141,122.35875000001329,-18.641249999986712,18.641249999986712,22
nextstrain_tree_graph_300day,562,367809113_3,368749000_4,239,85.10324999998073,-153.89675000001927,153.89675000001927,34
nextstrain_tree_graph_300day,562,367012497_1,367750172_3,297,56.9789999999814,-240.0210000000186,240.0210000000186,44
nextstrain_tree_graph_300day,562,367782132_3,367928005_1,220,177.87675000002923,-42.12324999997077,42.12324999997077,33
nextstrain_tree_graph_300day,562,367525395_2,367770839_3,216,116.8800000000598,-99.1199999999402,99.1199999999402,32
nextstrain_tree_graph_300day,562,367797785_2,367809113_3,88,74.51100000006511,-13.48899999993489,13.48899999993489,13
nextstrain_tree_graph_300day,562,367782132_3,367787975_1,220,162.5362500000598,-57.463749999940205,57.463749999940205,30
nextstrain_tree_graph_300day,562,367654730_4,367671501_1,176,100.44374999995017,-75.55625000004983,75.55625000004983,29
nextstrain_tree_graph_300day,562,367649705_1,368525219_2,88,34.698750000093014,-53.301249999906986,53.301249999906986,13
nextstrain_tree_graph_300day,562,367781697_1,368744638_1,244,65.01450000004053,-178.98549999995947,178.98549999995947,38
nextstrain_tree_graph_300day,562,367789477_3,368742722_2,161,77.06775000000465,-83.93224999999535,83.93224999999535,25
nextstrain_tree_graph_300day,562,367654730_4,368642321_2,165,89.48624999996014,-75.51375000003986,75.51375000003986,27
nextstrain_tree_graph_300day,562,366972607_1,367804430_3,83,73.04999999993356,-9.950000000066439,9.950000000066439,14
nextstrain_tree_graph_300day,562,364284103_1,367809113_3,154,54.78750000003322,-99.21249999996678,99.21249999996678,24
nextstrain_tree_graph_300day,562,366119389_1,367655585_2,205,169.8412499999701,-35.1587500000299,35.1587500000299,33
nextstrain_tree_graph_300day,562,367525395_2,368742722_2,150,66.11025000001462,-83.88974999998538,83.88974999998538,23
nextstrain_tree_graph_300day,562,363705249_2,367764230_2,299,99.34800000005913,-199.65199999994087,199.65199999994087,41
nextstrain_tree_graph_300day,562,367775252_3,368609221_2,89,39.08174999998937,-49.91825000001063,49.91825000001063,16
nextstrain_tree_graph_300day,562,367790671_2,367797785_2,72,51.86549999993622,-20.13450000006378,20.13450000006378,16
nextstrain_tree_graph_300day,562,366943897_2,368774360_1,115,68.30175000004584,-46.69824999995416,46.69824999995416,17
nextstrain_tree_graph_300day,562,367825785_2,368487949_1,112,58.440000000112946,-53.559999999887054,53.559999999887054,19
nextstrain_tree_graph_300day,562,367812362_2,368487949_1,108,61.72725000003521,-46.27274999996479,46.27274999996479,20
nextstrain_tree_graph_300day,562,367787975_1,367789477_3,147,81.4507500000671,-65.5492499999329,65.5492499999329,23
nextstrain_tree_graph_300day,562,367654730_4,368749000_4,260,184.81649999994818,-75.18350000005182,75.18350000005182,38
nextstrain_tree_graph_300day,562,367655585_2,367797785_2,74,38.71649999991496,-35.28350000008504,35.28350000008504,14
nextstrain_tree_graph_300day,562,367787526_2,368744638_1,197,159.61425000004584,-37.38574999995416,37.38574999995416,32
nextstrain_tree_graph_300day,562,367763730_2,367788592_4,161,140.98649999998804,-20.01350000001196,20.01350000001196,29
nextstrain_tree_graph_300day,562,367763730_2,367806581_2,74,54.056999999967445,-19.943000000032555,19.943000000032555,16
nextstrain_tree_graph_300day,562,367794050_1,368759539_1,81,43.830000000043185,-37.169999999956815,37.169999999956815,16
nextstrain_tree_graph_300day,562,366943897_2,367782132_3,229,180.43350000005182,-48.56649999994818,48.56649999994818,34
nextstrain_tree_graph_300day,562,367781697_1,367809113_3,166,12.78374999994685,-153.21625000005315,153.21625000005315,25
nextstrain_tree_graph_300day,562,367770839_3,368774360_1,194,120.89774999996479,-73.10225000003521,73.10225000003521,26
nextstrain_tree_graph_300day,562,366943897_2,367797785_2,91,42.00375000000332,-48.99624999999668,48.99624999999668,18
nextstrain_tree_graph_300day,562,366972607_1,367525395_2,160,140.25600000000532,-19.743999999994685,19.743999999994685,26
nextstrain_tree_graph_300day,562,367789477_3,368642321_2,157,42.00375000000332,-114.99624999999668,114.99624999999668,23
nextstrain_tree_graph_300day,562,367209095_2,367787975_1,160,94.23450000001395,-65.76549999998605,65.76549999998605,23
nextstrain_tree_graph_300day,562,367790671_2,367804902_2,48,28.124249999999336,-19.875750000000664,19.875750000000664,11
nextstrain_tree_graph_300day,562,367671501_1,368744638_1,233,93.13874999995681,-139.86125000004319,139.86125000004319,36
nextstrain_tree_graph_300day,562,367716536_1,368749000_4,236,136.60350000000864,-99.39649999999136,99.39649999999136,35
nextstrain_tree_graph_300day,562,367710676_1,367770839_3,289,90.58200000001727,-198.41799999998273,198.41799999998273,44
nextstrain_tree_graph_300day,562,367649705_1,368774360_1,114,62.82300000009235,-51.17699999990765,51.17699999990765,17
nextstrain_tree_graph_300day,562,366943897_2,367716536_1,114,65.01450000004053,-48.98549999995947,48.98549999995947,20
nextstrain_tree_graph_300day,562,367678499_2,368759539_1,105,44.92575000010032,-60.07424999989968,60.07424999989968,20
nextstrain_tree_graph_300day,562,367789477_3,367806581_2,154,78.89399999996147,-75.10600000003853,75.10600000003853,23
nextstrain_tree_graph_300day,562,367723730_2,367788592_4,208,108.4792500000093,-99.5207499999907,99.5207499999907,34
nextstrain_tree_graph_300day,562,367775037_4,367806581_2,183,107.74874999994353,-75.25125000005647,75.25125000005647,31
nextstrain_tree_graph_300day,562,366859891_2,367790671_2,93,73.04999999993356,-19.95000000006644,19.95000000006644,18
nextstrain_tree_graph_300day,562,367209095_2,367928005_1,152,109.57499999998339,-42.42500000001661,42.42500000001661,24
nextstrain_tree_graph_300day,562,367710676_1,367812362_2,207,161.0752500000113,-45.924749999988705,45.924749999988705,34
nextstrain_tree_graph_300day,562,364284103_1,366119389_1,259,159.61425000004584,-99.38574999995416,99.38574999995416,42
nextstrain_tree_graph_300day,562,367758326_2,367775252_3,63,35.06399999991828,-27.93600000008172,27.93600000008172,12
nextstrain_tree_graph_300day,562,367758326_2,368568530_2,191,163.26674999995947,-27.733250000040528,27.733250000040528,29
nextstrain_tree_graph_300day,562,366859891_2,367525395_2,169,50.039249999979404,-118.9607500000206,118.9607500000206,27
nextstrain_tree_graph_300day,562,367655585_2,367794050_1,66,31.04624999993024,-34.95375000006976,34.95375000006976,13
nextstrain_tree_graph_300day,562,368487949_1,368744638_1,226,141.71699999997077,-84.28300000002923,84.28300000002923,37
nextstrain_tree_graph_300day,562,366859891_2,367814350_3,105,61.727249999952164,-43.272750000047836,43.272750000047836,19
nextstrain_tree_graph_300day,562,367678499_2,367787975_1,106,52.59600000008504,-53.40399999991496,53.40399999991496,17
nextstrain_tree_graph_300day,562,367797785_2,367806581_2,97,43.46475000005182,-53.53524999994818,53.53524999994818,20
nextstrain_tree_graph_300day,562,367928005_1,368749000_4,193,150.848250000004,-42.151749999996014,42.151749999996014,28
nextstrain_tree_graph_300day,562,368568530_2,368742722_2,211,127.10699999998405,-83.89300000001595,83.89300000001595,32
nextstrain_tree_graph_300day,562,367804902_2,368525219_2,76,56.24849999999867,-19.75150000000133,19.75150000000133,14
nextstrain_tree_graph_300day,562,366972607_1,367806581_2,109,89.12099999996877,-19.879000000031226,19.879000000031226,21
nextstrain_tree_graph_300day,562,367787526_2,367794050_1,85,1.095749999974089,-83.90425000002591,83.90425000002591,13
nextstrain_tree_graph_300day,562,367525395_2,367713054_2,219,119.80200000007375,-99.19799999992625,99.19799999992625,32
nextstrain_tree_graph_300day,562,366119389_1,368487949_1,253,168.745499999996,-84.25450000000399,84.25450000000399,40
nextstrain_tree_graph_300day,562,366119389_1,367012497_1,340,99.7132500000505,-240.2867499999495,240.2867499999495,52
nextstrain_tree_graph_300day,562,367787975_1,367788592_4,172,106.28775000006112,-65.71224999993888,65.71224999993888,29
nextstrain_tree_graph_300day,562,367671501_1,367812362_2,115,68.6670000000372,-46.332999999962794,46.332999999962794,21
nextstrain_tree_graph_300day,562,367763730_2,367781697_1,117,97.88699999992758,-19.113000000072418,19.113000000072418,20
nextstrain_tree_graph_300day,562,367723730_2,367787526_2,117,79.62450000002724,-37.37549999997276,37.37549999997276,19
nextstrain_tree_graph_300day,562,368642321_2,368759539_1,105,51.50025000011095,-53.49974999988905,53.49974999988905,17
nextstrain_tree_graph_300day,562,364284103_1,367671501_1,155,55.518000000015945,-99.48199999998405,99.48199999998405,27
nextstrain_tree_graph_300day,562,364284103_1,366859891_2,149,29.95049999995615,-119.04950000004385,119.04950000004385,25
nextstrain_tree_graph_300day,562,368609221_2,368642321_2,126,50.40449999997077,-75.59550000002923,75.59550000002923,19
nextstrain_tree_graph_300day,562,367654730_4,368742722_2,149,75.60674999995615,-73.39325000004385,73.39325000004385,23
nextstrain_tree_graph_300day,562,367825785_2,368525219_2,90,36.52500000013288,-53.47499999986712,53.47499999986712,15
nextstrain_tree_graph_300day,562,366859891_2,367787526_2,114,76.70250000001329,-37.29749999998671,37.29749999998671,20
nextstrain_tree_graph_300day,562,367770839_3,368609221_2,178,102.6352499999814,-75.3647500000186,75.3647500000186,28
nextstrain_tree_graph_300day,562,367770839_3,367928005_1,150,107.74875000002658,-42.251249999973425,42.251249999973425,24
nextstrain_tree_graph_300day,562,367525395_2,367781697_1,186,87.66000000000332,-98.33999999999668,98.33999999999668,27
nextstrain_tree_graph_300day,562,367781697_1,367928005_1,120,78.5287499999701,-41.4712500000299,41.4712500000299,19
nextstrain_tree_graph_300day,562,367525395_2,367794050_1,140,103.00050000005581,-36.99949999994419,36.99949999994419,20
nextstrain_tree_graph_300day,562,367763730_2,367764230_2,142,123.08924999999601,-18.910750000003986,18.910750000003986,23
nextstrain_tree_graph_300day,572,361698817_1,361718619_2,146,74.87624999997342,-71.12375000002658,71.12375000002658,22
nextstrain_tree_graph_300day,572,361698817_1,361771098_1,145,73.78049999999934,-71.21950000000066,71.21950000000066,21
nextstrain_tree_graph_300day,572,361698817_1,362282374_3,182,86.9295000000206,-95.0704999999794,95.0704999999794,27
nextstrain_tree_graph_300day,572,361698817_1,366544068_1,222,134.77724999996877,-87.22275000003123,87.22275000003123,31
nextstrain_tree_graph_300day,572,361698817_1,368189012_1,233,162.9014999999681,-70.09850000003189,70.09850000003189,35
nextstrain_tree_graph_300day,572,361698817_1,368211904_3,279,192.12150000002458,-86.87849999997542,86.87849999997542,39
nextstrain_tree_graph_300day,572,361698817_1,368233956_3,261,189.92999999999336,-71.07000000000664,71.07000000000664,39
nextstrain_tree_graph_300day,572,361698817_1,368238148_3,203,115.78425000000266,-87.21574999999734,87.21574999999734,29
nextstrain_tree_graph_300day,572,361698817_1,368244195_1,161,89.85150000003455,-71.14849999996545,71.14849999996545,23
nextstrain_tree_graph_300day,572,361698817_1,368266664_3,149,53.69175000005913,-95.30824999994087,95.30824999994087,22
nextstrain_tree_graph_300day,572,361698817_1,368269875_3,269,181.89450000001727,-87.10549999998273,87.10549999998273,41
nextstrain_tree_graph_300day,572,361698817_1,368278394_1,256,166.9192500000392,-89.0807499999608,89.0807499999608,36
nextstrain_tree_graph_300day,572,361698817_1,368285618_2,189,101.90474999999867,-87.09525000000133,87.09525000000133,26
nextstrain_tree_graph_300day,572,361718619_2,361771098_1,117,17.166749999926253,-99.83325000007375,99.83325000007375,17
nextstrain_tree_graph_300day,572,361718619_2,362282374_3,154,66.11024999993157,-87.88975000006843,87.88975000006843,23
nextstrain_tree_graph_300day,572,361718619_2,366544068_1,194,59.90099999999535,-134.09900000000465,134.09900000000465,27
nextstrain_tree_graph_300day,572,361718619_2,368189012_1,153,88.02524999999468,-64.97475000000532,64.97475000000532,23
nextstrain_tree_graph_300day,572,361718619_2,368211904_3,251,117.24525000005116,-133.75474999994884,133.75474999994884,35
nextstrain_tree_graph_300day,572,361718619_2,368233956_3,181,115.05375000001993,-65.94624999998007,65.94624999998007,27
nextstrain_tree_graph_300day,572,361718619_2,368238148_3,175,40.90800000002923,-134.09199999997077,134.09199999997077,25
nextstrain_tree_graph_300day,572,361718619_2,368244195_1,133,23.010750000037206,-109.9892499999628,109.9892499999628,19
nextstrain_tree_graph_300day,572,361718619_2,368266664_3,121,32.8724999999701,-88.1275000000299,88.1275000000299,18
nextstrain_tree_graph_300day,572,361718619_2,368269875_3,241,107.01825000004385,-133.98174999995615,133.98174999995615,37
nextstrain_tree_graph_300day,572,361718619_2,368278394_1,228,92.04300000006577,-135.95699999993423,135.95699999993423,32
nextstrain_tree_graph_300day,572,361718619_2,368285618_2,161,56.9789999999814,-104.0210000000186,104.0210000000186,22
nextstrain_tree_graph_300day,572,361771098_1,362282374_3,153,65.01449999995748,-87.98550000004252,87.98550000004252,22
nextstrain_tree_graph_300day,572,361771098_1,366544068_1,193,77.0677499999216,-115.9322500000784,115.9322500000784,26
nextstrain_tree_graph_300day,572,361771098_1,368189012_1,204,105.19199999992094,-98.80800000007906,98.80800000007906,30
nextstrain_tree_graph_300day,572,361771098_1,368211904_3,250,134.4119999999774,-115.58800000002259,115.58800000002259,34
nextstrain_tree_graph_300day,572,361771098_1,368233956_3,232,132.22049999994618,-99.77950000005382,99.77950000005382,34
nextstrain_tree_graph_300day,572,361771098_1,368238148_3,174,58.074749999955486,-115.92525000004451,115.92525000004451,24
nextstrain_tree_graph_300day,572,361771098_1,368244195_1,72,32.14199999998738,-39.85800000001262,39.85800000001262,10
nextstrain_tree_graph_300day,572,361771098_1,368266664_3,120,31.776749999996014,-88.22325000000399,88.22325000000399,17
nextstrain_tree_graph_300day,572,361771098_1,368269875_3,240,124.1849999999701,-115.8150000000299,115.8150000000299,36
nextstrain_tree_graph_300day,572,361771098_1,368278394_1,227,109.20974999999203,-117.79025000000797,117.79025000000797,31
nextstrain_tree_graph_300day,572,361771098_1,368285618_2,160,55.88325000000731,-104.11674999999269,104.11674999999269,21
nextstrain_tree_graph_300day,572,362282374_3,366544068_1,198,126.01124999992692,-71.98875000007308,71.98875000007308,28
nextstrain_tree_graph_300day,572,362282374_3,368189012_1,241,154.13549999992625,-86.86450000007375,86.86450000007375,36
nextstrain_tree_graph_300day,572,362282374_3,368211904_3,255,183.35549999998273,-71.64450000001727,71.64450000001727,36
nextstrain_tree_graph_300day,572,362282374_3,368233956_3,269,181.1639999999515,-87.8360000000485,87.8360000000485,40
nextstrain_tree_graph_300day,572,362282374_3,368238148_3,179,107.0182499999608,-71.9817500000392,71.9817500000392,26
nextstrain_tree_graph_300day,572,362282374_3,368244195_1,169,81.08549999999269,-87.91450000000731,87.91450000000731,24
nextstrain_tree_graph_300day,572,362282374_3,368266664_3,103,33.237749999961466,-69.76225000003853,69.76225000003853,15
nextstrain_tree_graph_300day,572,362282374_3,368269875_3,233,173.12849999997542,-59.87150000002458,59.87150000002458,36
nextstrain_tree_graph_300day,572,362282374_3,368278394_1,220,158.15324999999734,-61.84675000000266,61.84675000000266,31
nextstrain_tree_graph_300day,572,362282374_3,368285618_2,165,93.13874999995681,-71.86125000004319,71.86125000004319,23
nextstrain_tree_graph_300day,572,366544068_1,368189012_1,281,28.124249999999336,-252.87575000000066,252.87575000000066,40
nextstrain_tree_graph_300day,572,366544068_1,368211904_3,167,57.34425000005581,-109.65574999994419,109.65574999994419,22
nextstrain_tree_graph_300day,572,366544068_1,368233956_3,309,55.15275000002458,-253.84724999997542,253.84724999997542,44
nextstrain_tree_graph_300day,572,366544068_1,368238148_3,91,18.992999999966116,-72.00700000003388,72.00700000003388,12
nextstrain_tree_graph_300day,572,366544068_1,368244195_1,209,82.91175000003255,-126.08824999996745,126.08824999996745,28
nextstrain_tree_graph_300day,572,366544068_1,368266664_3,165,92.77349999996545,-72.22650000003455,72.22650000003455,23
nextstrain_tree_graph_300day,572,366544068_1,368269875_3,285,47.1172500000485,-237.8827499999515,237.8827499999515,42
nextstrain_tree_graph_300day,572,366544068_1,368278394_1,272,32.142000000070425,-239.85799999992958,239.85799999992958,37
nextstrain_tree_graph_300day,572,366544068_1,368285618_2,147,116.87999999997675,-30.120000000023254,30.120000000023254,19
nextstrain_tree_graph_300day,572,368189012_1,368211904_3,338,81.08549999999269,-256.9145000000073,256.9145000000073,48
nextstrain_tree_graph_300day,572,368189012_1,368233956_3,148,78.89399999996147,-69.10600000003853,69.10600000003853,22
nextstrain_tree_graph_300day,572,368189012_1,368238148_3,262,47.11724999996545,-214.88275000003455,214.88275000003455,38
nextstrain_tree_graph_300day,572,368189012_1,368244195_1,220,111.03600000003189,-108.96399999996811,108.96399999996811,32
nextstrain_tree_graph_300day,572,368189012_1,368266664_3,208,120.89774999996479,-87.10225000003521,87.10225000003521,31
nextstrain_tree_graph_300day,572,368189012_1,368269875_3,328,70.85849999998538,-257.1415000000146,257.1415000000146,50
nextstrain_tree_graph_300day,572,368189012_1,368278394_1,315,55.88325000000731,-259.1167499999927,259.1167499999927,45
nextstrain_tree_graph_300day,572,368189012_1,368285618_2,248,145.00424999997608,-102.99575000002392,102.99575000002392,35
nextstrain_tree_graph_300day,572,368211904_3,368233956_3,366,74.51099999998206,-291.48900000001794,291.48900000001794,52
nextstrain_tree_graph_300day,572,368211904_3,368238148_3,112,76.33725000002192,-35.662749999978075,35.662749999978075,16
nextstrain_tree_graph_300day,572,368211904_3,368244195_1,266,140.25600000008836,-125.74399999991164,125.74399999991164,36
nextstrain_tree_graph_300day,572,368211904_3,368266664_3,222,150.11775000002126,-71.88224999997874,71.88224999997874,31
nextstrain_tree_graph_300day,572,368211904_3,368269875_3,342,48.21300000010564,-293.78699999989436,293.78699999989436,50
nextstrain_tree_graph_300day,572,368211904_3,368278394_1,329,51.500250000027904,-277.4997499999721,277.4997499999721,45
nextstrain_tree_graph_300day,572,368211904_3,368285618_2,204,174.22425000003255,-29.775749999967445,29.775749999967445,27
nextstrain_tree_graph_300day,572,368233956_3,368238148_3,290,74.1457499999907,-215.8542500000093,215.8542500000093,42
nextstrain_tree_graph_300day,572,368233956_3,368244195_1,248,138.06450000005714,-109.93549999994286,109.93549999994286,36
nextstrain_tree_graph_300day,572,368233956_3,368266664_3,236,147.92624999999003,-88.07375000000997,88.07375000000997,35
nextstrain_tree_graph_300day,572,368233956_3,368269875_3,356,64.28399999997475,-291.71600000002525,291.71600000002525,54
nextstrain_tree_graph_300day,572,368233956_3,368278394_1,343,23.74125000010298,-319.258749999897,319.258749999897,49
nextstrain_tree_graph_300day,572,368233956_3,368285618_2,276,172.03275000000133,-103.96724999999867,103.96724999999867,39
nextstrain_tree_graph_300day,572,368238148_3,368244195_1,190,63.91875000006644,-126.08124999993356,126.08124999993356,26
nextstrain_tree_graph_300day,572,368238148_3,368266664_3,146,73.78049999999934,-72.21950000000066,72.21950000000066,21
nextstrain_tree_graph_300day,572,368238148_3,368269875_3,266,66.11025000001462,-199.88974999998538,199.88974999998538,40
nextstrain_tree_graph_300day,572,368238148_3,368278394_1,253,51.13500000003654,-201.86499999996346,201.86499999996346,35
nextstrain_tree_graph_300day,572,368238148_3,368285618_2,128,97.88700000001063,-30.11299999998937,30.11299999998937,17
nextstrain_tree_graph_300day,572,368244195_1,368266664_3,136,47.847750000031226,-88.15224999996877,88.15224999996877,19
nextstrain_tree_graph_300day,572,368244195_1,368269875_3,256,130.02900000008106,-125.97099999991894,125.97099999991894,38
nextstrain_tree_graph_300day,572,368244195_1,368278394_1,243,115.05375000010298,-127.94624999989702,127.94624999989702,33
nextstrain_tree_graph_300day,572,368244195_1,368285618_2,176,71.95425000004252,-104.04574999995748,104.04574999995748,23
nextstrain_tree_graph_300day,572,368266664_3,368269875_3,200,139.89075000001395,-60.10924999998605,60.10924999998605,31
nextstrain_tree_graph_300day,572,368266664_3,368278394_1,187,124.91550000003588,-62.08449999996412,62.08449999996412,26
nextstrain_tree_graph_300day,572,368266664_3,368285618_2,132,59.90099999999535,-72.09900000000465,72.09900000000465,18
nextstrain_tree_graph_300day,572,368269875_3,368278394_1,177,41.273250000020596,-135.7267499999794,135.7267499999794,25
nextstrain_tree_graph_300day,572,368269875_3,368285618_2,252,163.99725000002525,-88.00274999997475,88.00274999997475,37
nextstrain_tree_graph_300day,572,368278394_1,368285618_2,239,149.02200000004717,-89.97799999995283,89.97799999995283,32
nextstrain_tree_graph_300day,579,366894256_2,366894357_2,137,75.24149999996479,-61.75850000003521,61.75850000003521,22
nextstrain_tree_graph_300day,579,366894256_2,366913027_1,177,73.05000000009966,-103.94999999990034,103.94999999990034,27
nextstrain_tree_graph_300day,579,366894256_2,366922828_2,229,94.96499999999668,-134.03500000000332,134.03500000000332,35
nextstrain_tree_graph_300day,579,366894256_2,366924391_2,274,235.221000000002,-38.77899999999801,38.77899999999801,41
nextstrain_tree_graph_300day,579,366894256_2,366932827_2,140,116.14949999999402,-23.85050000000598,23.85050000000598,22
nextstrain_tree_graph_300day,579,366894256_2,366934429_4,174,104.0962500000299,-69.9037499999701,69.9037499999701,24
nextstrain_tree_graph_300day,579,366894256_2,366947436_2,213,143.17800000001927,-69.82199999998073,69.82199999998073,31
nextstrain_tree_graph_300day,579,366894256_2,366947517_4,200,130.02900000008106,-69.97099999991894,69.97099999991894,27
nextstrain_tree_graph_300day,579,366894256_2,366947635_2,152,110.30550000004916,-41.694499999950835,41.694499999950835,25
nextstrain_tree_graph_300day,579,366894256_2,366950142_1,174,129.29850000001528,-44.70149999998472,44.70149999998472,29
nextstrain_tree_graph_300day,579,366894256_2,366957272_3,242,172.03275000008438,-69.96724999991562,69.96724999991562,34
nextstrain_tree_graph_300day,579,366894256_2,366966762_3,157,86.9295000000206,-70.0704999999794,70.0704999999794,21
nextstrain_tree_graph_300day,579,366894256_2,366967424_2,150,111.03600000003189,-38.96399999996811,38.96399999996811,24
nextstrain_tree_graph_300day,579,366894256_2,366978344_1,165,46.386749999982726,-118.61325000001727,118.61325000001727,26
nextstrain_tree_graph_300day,579,366894256_2,367182572_2,269,230.10750000003986,-38.89249999996014,38.89249999996014,41
nextstrain_tree_graph_300day,579,366894256_2,367753915_2,142,94.96499999999668,-47.03500000000332,47.03500000000332,23
nextstrain_tree_graph_300day,579,366894256_2,367796553_1,184,76.33725000002192,-107.66274999997808,107.66274999997808,29
nextstrain_tree_graph_300day,579,366894256_2,367960365_1,153,105.19200000000399,-47.807999999996014,47.807999999996014,26
nextstrain_tree_graph_300day,579,366894256_2,368331918_2,256,216.9585000000186,-39.0414999999814,39.0414999999814,40
nextstrain_tree_graph_300day,579,366894256_2,368509564_2,142,84.73799999998937,-57.26200000001063,57.26200000001063,23
nextstrain_tree_graph_300day,579,366894256_2,368614060_2,221,150.84825000008703,-70.15174999991297,70.15174999991297,30
nextstrain_tree_graph_300day,579,366894357_2,366913027_1,102,24.106500000011295,-77.8934999999887,77.8934999999887,15
nextstrain_tree_graph_300day,579,366894357_2,366922828_2,184,121.99349999993888,-62.00650000006112,62.00650000006112,29
nextstrain_tree_graph_300day,579,366894357_2,366924391_2,199,159.9795000000372,-39.020499999962794,39.020499999962794,29
nextstrain_tree_graph_300day,579,366894357_2,366932827_2,65,40.90800000002923,-24.091999999970767,24.091999999970767,10
nextstrain_tree_graph_300day,579,366894357_2,366934429_4,117,55.152749999941534,-61.847250000058466,61.847250000058466,16
nextstrain_tree_graph_300day,579,366894357_2,366947436_2,156,94.2344999999309,-61.765500000069096,61.765500000069096,23
nextstrain_tree_graph_300day,579,366894357_2,366947517_4,143,81.08549999999269,-61.91450000000731,61.91450000000731,19
nextstrain_tree_graph_300day,579,366894357_2,366947635_2,77,35.06400000008438,-41.93599999991562,41.93599999991562,13
nextstrain_tree_graph_300day,579,366894357_2,366950142_1,99,54.05700000005049,-44.94299999994951,44.94299999994951,17
nextstrain_tree_graph_300day,579,366894357_2,366957272_3,185,123.08924999999601,-61.910750000003986,61.910750000003986,26
nextstrain_tree_graph_300day,579,366894357_2,366966762_3,100,37.98599999993223,-62.01400000006777,62.01400000006777,13
nextstrain_tree_graph_300day,579,366894357_2,366967424_2,75,35.7945000000671,-39.2054999999329,39.2054999999329,12
nextstrain_tree_graph_300day,579,366894357_2,366978344_1,76,28.85474999998206,-47.14525000001794,47.14525000001794,12
nextstrain_tree_graph_300day,579,366894357_2,367182572_2,194,154.86600000007508,-39.133999999924924,39.133999999924924,29
nextstrain_tree_graph_300day,579,366894357_2,367753915_2,67,19.72350000003189,-47.27649999996811,47.27649999996811,11
nextstrain_tree_graph_300day,579,366894357_2,367796553_1,109,47.11724999996545,-61.88275000003455,61.88275000003455,17
nextstrain_tree_graph_300day,579,366894357_2,367960365_1,78,29.9505000000392,-48.0494999999608,48.0494999999608,14
nextstrain_tree_graph_300day,579,366894357_2,368331918_2,181,141.71700000005382,-39.282999999946185,39.282999999946185,28
nextstrain_tree_graph_300day,579,366894357_2,368509564_2,75,13.148999999938212,-61.85100000006179,61.85100000006179,13
nextstrain_tree_graph_300day,579,366894357_2,368614060_2,164,101.90474999999867,-62.09525000000133,62.09525000000133,22
nextstrain_tree_graph_300day,579,366913027_1,366922828_2,224,119.80200000007375,-104.19799999992625,104.19799999992625,34
nextstrain_tree_graph_300day,579,366913027_1,366924391_2,215,184.0860000000485,-30.9139999999515,30.9139999999515,30
nextstrain_tree_graph_300day,579,366913027_1,366932827_2,105,65.01450000004053,-39.98549999995947,39.98549999995947,15
nextstrain_tree_graph_300day,579,366913027_1,366934429_4,157,31.04624999993024,-125.95375000006976,125.95375000006976,21
nextstrain_tree_graph_300day,579,366913027_1,366947436_2,196,70.12799999991961,-125.87200000008039,125.87200000008039,28
nextstrain_tree_graph_300day,579,366913027_1,366947517_4,183,56.9789999999814,-126.0210000000186,126.0210000000186,24
nextstrain_tree_graph_300day,579,366913027_1,366947635_2,93,59.17050000009567,-33.82949999990433,33.82949999990433,14
nextstrain_tree_graph_300day,579,366913027_1,366950142_1,139,78.16350000006179,-60.83649999993821,60.83649999993821,22
nextstrain_tree_graph_300day,579,366913027_1,366957272_3,225,98.98274999998472,-126.01725000001528,126.01725000001528,31
nextstrain_tree_graph_300day,579,366913027_1,366966762_3,140,13.879499999920938,-126.12050000007906,126.12050000007906,18
nextstrain_tree_graph_300day,579,366913027_1,366967424_2,91,59.9010000000784,-31.098999999921602,31.098999999921602,13
nextstrain_tree_graph_300day,579,366913027_1,366978344_1,130,26.663250000116932,-103.33674999988307,103.33674999988307,19
nextstrain_tree_graph_300day,579,366913027_1,367182572_2,210,178.97250000008637,-31.02749999991363,31.02749999991363,30
nextstrain_tree_graph_300day,579,366913027_1,367753915_2,91,43.830000000043185,-47.169999999956815,47.169999999956815,14
nextstrain_tree_graph_300day,579,366913027_1,367796553_1,149,44.92575000010032,-104.07424999989968,104.07424999989968,22
nextstrain_tree_graph_300day,579,366913027_1,367960365_1,102,54.05700000005049,-47.94299999994951,47.94299999994951,17
nextstrain_tree_graph_300day,579,366913027_1,368331918_2,197,165.8235000000651,-31.17649999993489,31.17649999993489,29
nextstrain_tree_graph_300day,579,366913027_1,368509564_2,115,33.60300000003588,-81.39699999996412,81.39699999996412,18
nextstrain_tree_graph_300day,579,366913027_1,368614060_2,204,77.79824999998738,-126.20175000001262,126.20175000001262,27
nextstrain_tree_graph_300day,579,366922828_2,366924391_2,321,281.9729999999761,-39.02700000002392,39.02700000002392,48
nextstrain_tree_graph_300day,579,366922828_2,366932827_2,187,162.9014999999681,-24.09850000003189,24.09850000003189,29
nextstrain_tree_graph_300day,579,366922828_2,366934429_4,221,150.848250000004,-70.15174999999601,70.15174999999601,31
nextstrain_tree_graph_300day,579,366922828_2,366947436_2,260,189.92999999999336,-70.07000000000664,70.07000000000664,38
nextstrain_tree_graph_300day,579,366922828_2,366947517_4,247,176.78100000005514,-70.21899999994486,70.21899999994486,34
nextstrain_tree_graph_300day,579,366922828_2,366947635_2,199,157.05750000002325,-41.94249999997675,41.94249999997675,32
nextstrain_tree_graph_300day,579,366922828_2,366950142_1,221,176.05049999998937,-44.94950000001063,44.94950000001063,36
nextstrain_tree_graph_300day,579,366922828_2,366957272_3,289,218.78475000005847,-70.21524999994153,70.21524999994153,41
nextstrain_tree_graph_300day,579,366922828_2,366966762_3,204,133.68149999999468,-70.31850000000532,70.31850000000532,28
nextstrain_tree_graph_300day,579,366922828_2,366967424_2,197,157.78800000000598,-39.21199999999402,39.21199999999402,31
nextstrain_tree_graph_300day,579,366922828_2,366978344_1,212,93.13874999995681,-118.86125000004319,118.86125000004319,33
nextstrain_tree_graph_300day,579,366922828_2,367182572_2,316,276.85950000001395,-39.14049999998605,39.14049999998605,48
nextstrain_tree_graph_300day,579,366922828_2,367753915_2,189,141.71699999997077,-47.28300000002923,47.28300000002923,30
nextstrain_tree_graph_300day,579,366922828_2,367796553_1,231,123.08924999999601,-107.91075000000399,107.91075000000399,36
nextstrain_tree_graph_300day,579,366922828_2,367960365_1,200,151.94399999997808,-48.056000000021925,48.056000000021925,33
nextstrain_tree_graph_300day,579,366922828_2,368331918_2,303,263.7104999999927,-39.28950000000731,39.28950000000731,47
nextstrain_tree_graph_300day,579,366922828_2,368509564_2,189,131.48999999996346,-57.51000000003654,57.51000000003654,30
nextstrain_tree_graph_300day,579,366922828_2,368614060_2,268,197.60025000006112,-70.39974999993888,70.39974999993888,37
nextstrain_tree_graph_300day,579,366924391_2,366932827_2,202,162.9014999999681,-39.09850000003189,39.09850000003189,29
nextstrain_tree_graph_300day,579,366924391_2,366934429_4,254,215.13224999997874,-38.86775000002126,38.86775000002126,35
nextstrain_tree_graph_300day,579,366924391_2,366947436_2,293,254.2139999999681,-38.78600000003189,38.78600000003189,42
nextstrain_tree_graph_300day,579,366924391_2,366947517_4,280,241.0650000000299,-38.9349999999701,38.9349999999701,38
nextstrain_tree_graph_300day,579,366924391_2,366947635_2,190,157.05750000002325,-32.94249999997675,32.94249999997675,28
nextstrain_tree_graph_300day,579,366924391_2,366950142_1,236,197.96549999996944,-38.03450000003056,38.03450000003056,36
nextstrain_tree_graph_300day,579,366924391_2,366957272_3,322,283.0687500000332,-38.93124999996678,38.93124999996678,45
nextstrain_tree_graph_300day,579,366924391_2,366966762_3,237,197.96549999996944,-39.03450000003056,39.03450000003056,32
nextstrain_tree_graph_300day,579,366924391_2,366967424_2,164,124.1849999999701,-39.8150000000299,39.8150000000299,23
nextstrain_tree_graph_300day,579,366924391_2,366978344_1,227,188.83425000001927,-38.16574999998073,38.16574999998073,33
nextstrain_tree_graph_300day,579,366924391_2,367182572_2,283,70.1280000000857,-212.8719999999143,212.8719999999143,40
nextstrain_tree_graph_300day,579,366924391_2,367753915_2,188,140.98649999998804,-47.01350000001196,47.01350000001196,28
nextstrain_tree_graph_300day,579,366924391_2,367796553_1,246,207.09675000000266,-38.90324999999734,38.90324999999734,36
nextstrain_tree_graph_300day,579,366924391_2,367960365_1,199,151.94399999997808,-47.056000000021925,47.056000000021925,31
nextstrain_tree_graph_300day,579,366924391_2,368331918_2,100,18.26249999998339,-81.73750000001661,81.73750000001661,15
nextstrain_tree_graph_300day,579,366924391_2,368509564_2,212,173.12849999997542,-38.87150000002458,38.87150000002458,32
nextstrain_tree_graph_300day,579,366924391_2,368614060_2,301,261.8842500000359,-39.11574999996412,39.11574999996412,41
nextstrain_tree_graph_300day,579,366932827_2,366934429_4,120,96.06074999997077,-23.939250000029233,23.939250000029233,16
nextstrain_tree_graph_300day,579,366932827_2,366947436_2,159,135.14249999996014,-23.857500000039863,23.857500000039863,23
nextstrain_tree_graph_300day,579,366932827_2,366947517_4,146,121.99350000002192,-24.006499999978075,24.006499999978075,19
nextstrain_tree_graph_300day,579,366932827_2,366947635_2,80,10.227000000007308,-69.77299999999269,69.77299999999269,13
nextstrain_tree_graph_300day,579,366932827_2,366950142_1,92,78.89399999996147,-13.106000000038534,13.106000000038534,15
nextstrain_tree_graph_300day,579,366932827_2,366957272_3,188,163.99725000002525,-24.002749999974753,24.002749999974753,26
nextstrain_tree_graph_300day,579,366932827_2,366966762_3,103,78.89399999996147,-24.106000000038534,24.106000000038534,13
nextstrain_tree_graph_300day,579,366932827_2,366967424_2,78,38.71649999999801,-39.28350000000199,39.28350000000199,12
nextstrain_tree_graph_300day,579,366932827_2,366978344_1,93,69.7627500000113,-23.237249999988705,23.237249999988705,14
nextstrain_tree_graph_300day,579,366932827_2,367182572_2,197,157.78800000000598,-39.21199999999402,39.21199999999402,29
nextstrain_tree_graph_300day,579,366932827_2,367753915_2,70,22.645499999962794,-47.354500000037206,47.354500000037206,11
nextstrain_tree_graph_300day,579,366932827_2,367796553_1,102,88.02524999999468,-13.974750000005315,13.974750000005315,15
nextstrain_tree_graph_300day,579,366932827_2,367960365_1,81,23.375999999862472,-57.62400000013753,57.62400000013753,14
nextstrain_tree_graph_300day,579,366932827_2,368331918_2,184,144.63899999998472,-39.36100000001528,39.36100000001528,28
nextstrain_tree_graph_300day,579,366932827_2,368509564_2,78,54.056999999967445,-23.943000000032555,23.943000000032555,13
nextstrain_tree_graph_300day,579,366932827_2,368614060_2,167,142.8127500000279,-24.187249999972096,24.187249999972096,22
nextstrain_tree_graph_300day,579,366934429_4,366947436_2,51,39.08174999998937,-11.91825000001063,11.91825000001063,9
nextstrain_tree_graph_300day,579,366934429_4,366947517_4,60,25.932750000051158,-34.06724999994884,34.06724999994884,9
nextstrain_tree_graph_300day,579,366934429_4,366947635_2,132,90.21675000002591,-41.78324999997409,41.78324999997409,19
nextstrain_tree_graph_300day,579,366934429_4,366950142_1,154,109.20974999999203,-44.79025000000797,44.79025000000797,23
nextstrain_tree_graph_300day,579,366934429_4,366957272_3,102,67.93650000005448,-34.06349999994552,34.06349999994552,16
nextstrain_tree_graph_300day,579,366934429_4,366966762_3,17,17.1667500000093,0.1667500000093014,0.1667500000093014,3
nextstrain_tree_graph_300day,579,366934429_4,366967424_2,130,90.94725000000864,-39.05274999999136,39.05274999999136,18
nextstrain_tree_graph_300day,579,366934429_4,366978344_1,145,57.70950000004717,-87.29049999995283,87.29049999995283,20
nextstrain_tree_graph_300day,579,366934429_4,367182572_2,249,210.0187500000166,-38.98124999998339,38.98124999998339,35
nextstrain_tree_graph_300day,579,366934429_4,367753915_2,122,74.87624999997342,-47.123750000026575,47.123750000026575,17
nextstrain_tree_graph_300day,579,366934429_4,367796553_1,164,75.97200000003056,-88.02799999996944,88.02799999996944,23
nextstrain_tree_graph_300day,579,366934429_4,367960365_1,133,85.10324999998073,-47.89675000001927,47.89675000001927,20
nextstrain_tree_graph_300day,579,366934429_4,368331918_2,236,196.86974999999535,-39.13025000000465,39.13025000000465,34
nextstrain_tree_graph_300day,579,366934429_4,368509564_2,122,64.64924999996612,-57.350750000033884,57.350750000033884,17
nextstrain_tree_graph_300day,579,366934429_4,368614060_2,59,46.75200000005714,-12.247999999942863,12.247999999942863,8
nextstrain_tree_graph_300day,579,366947436_2,366947517_4,99,13.148999999938212,-85.85100000006179,85.85100000006179,16
nextstrain_tree_graph_300day,579,366947436_2,366947635_2,171,129.29850000001528,-41.70149999998472,41.70149999998472,26
nextstrain_tree_graph_300day,579,366947436_2,366950142_1,193,148.2914999999814,-44.7085000000186,44.7085000000186,30
nextstrain_tree_graph_300day,579,366947436_2,366957272_3,141,41.27324999993755,-99.72675000006245,99.72675000006245,23
nextstrain_tree_graph_300day,579,366947436_2,366966762_3,56,56.24849999999867,0.24849999999867123,0.24849999999867123,10
nextstrain_tree_graph_300day,579,366947436_2,366967424_2,169,130.028999999998,-38.97100000000199,38.97100000000199,25
nextstrain_tree_graph_300day,579,366947436_2,366978344_1,184,96.79125000003654,-87.20874999996346,87.20874999996346,27
nextstrain_tree_graph_300day,579,366947436_2,367182572_2,288,249.10050000000598,-38.89949999999402,38.89949999999402,42
nextstrain_tree_graph_300day,579,366947436_2,367753915_2,161,113.9579999999628,-47.042000000037206,47.042000000037206,24
nextstrain_tree_graph_300day,579,366947436_2,367796553_1,203,115.05375000001993,-87.94624999998007,87.94624999998007,30
nextstrain_tree_graph_300day,579,366947436_2,367960365_1,172,124.1849999999701,-47.8150000000299,47.8150000000299,27
nextstrain_tree_graph_300day,579,366947436_2,368331918_2,275,235.95149999998472,-39.04850000001528,39.04850000001528,41
nextstrain_tree_graph_300day,579,366947436_2,368509564_2,161,103.73099999995549,-57.269000000044514,57.269000000044514,24
nextstrain_tree_graph_300day,579,366947436_2,368614060_2,98,20.088749999940205,-77.9112500000598,77.9112500000598,15
nextstrain_tree_graph_300day,579,366947517_4,366947635_2,158,116.14950000007707,-41.85049999992293,41.85049999992293,22
nextstrain_tree_graph_300day,579,366947517_4,366950142_1,180,135.14250000004319,-44.857499999956815,44.857499999956815,26
nextstrain_tree_graph_300day,579,366947517_4,366957272_3,128,42.00375000000332,-85.99624999999668,85.99624999999668,19
nextstrain_tree_graph_300day,579,366947517_4,366966762_3,43,43.09950000006046,0.09950000006045912,0.09950000006045912,6
nextstrain_tree_graph_300day,579,366947517_4,366967424_2,156,116.8800000000598,-39.119999999940205,39.119999999940205,21
nextstrain_tree_graph_300day,579,366947517_4,366978344_1,171,83.64225000009833,-87.35774999990167,87.35774999990167,23
nextstrain_tree_graph_300day,579,366947517_4,367182572_2,275,235.95150000006777,-39.04849999993223,39.04849999993223,38
nextstrain_tree_graph_300day,579,366947517_4,367753915_2,148,100.80900000002458,-47.19099999997542,47.19099999997542,20
nextstrain_tree_graph_300day,579,366947517_4,367796553_1,190,101.90475000008172,-88.09524999991828,88.09524999991828,26
nextstrain_tree_graph_300day,579,366947517_4,367960365_1,159,111.03600000003189,-47.96399999996811,47.96399999996811,23
nextstrain_tree_graph_300day,579,366947517_4,368331918_2,262,222.8025000000465,-39.19749999995349,39.19749999995349,37
nextstrain_tree_graph_300day,579,366947517_4,368509564_2,148,90.58200000001727,-57.417999999982726,57.417999999982726,20
nextstrain_tree_graph_300day,579,366947517_4,368614060_2,107,20.81925000000598,-86.18074999999402,86.18074999999402,15
nextstrain_tree_graph_300day,579,366947635_2,366950142_1,114,73.05000000001661,-40.94999999998339,40.94999999998339,20
nextstrain_tree_graph_300day,579,366947635_2,366957272_3,200,158.1532500000804,-41.84674999991961,41.84674999991961,29
nextstrain_tree_graph_300day,579,366947635_2,366966762_3,115,73.05000000001661,-41.94999999998339,41.94999999998339,16
nextstrain_tree_graph_300day,579,366947635_2,366967424_2,66,32.87250000005315,-33.12749999994685,33.12749999994685,11
nextstrain_tree_graph_300day,579,366947635_2,366978344_1,105,63.91875000006644,-41.08124999993356,41.08124999993356,17
nextstrain_tree_graph_300day,579,366947635_2,367182572_2,185,151.94400000006112,-33.05599999993888,33.05599999993888,28
nextstrain_tree_graph_300day,579,366947635_2,367753915_2,66,16.80150000001794,-49.19849999998206,49.19849999998206,12
nextstrain_tree_graph_300day,579,366947635_2,367796553_1,124,82.18125000004983,-41.81874999995017,41.81874999995017,20
nextstrain_tree_graph_300day,579,366947635_2,367960365_1,77,17.531999999917616,-59.468000000082384,59.468000000082384,15
nextstrain_tree_graph_300day,579,366947635_2,368331918_2,172,138.79500000003986,-33.20499999996014,33.20499999996014,27
nextstrain_tree_graph_300day,579,366947635_2,368509564_2,90,48.21300000002259,-41.78699999997741,41.78699999997741,16
nextstrain_tree_graph_300day,579,366947635_2,368614060_2,179,136.96875000008305,-42.03124999991695,42.03124999991695,25
nextstrain_tree_graph_300day,579,366950142_1,366957272_3,222,177.1462500000465,-44.85374999995349,44.85374999995349,33
nextstrain_tree_graph_300day,579,366950142_1,366966762_3,137,92.04299999998273,-44.957000000017274,44.957000000017274,20
nextstrain_tree_graph_300day,579,366950142_1,366967424_2,112,73.78049999999934,-38.219500000000664,38.219500000000664,19
nextstrain_tree_graph_300day,579,366950142_1,366978344_1,127,82.91175000003255,-44.088249999967445,44.088249999967445,21
nextstrain_tree_graph_300day,579,366950142_1,367182572_2,231,192.8520000000073,-38.14799999999269,38.14799999999269,36
nextstrain_tree_graph_300day,579,366950142_1,367753915_2,104,57.70949999996412,-46.29050000003588,46.29050000003588,18
nextstrain_tree_graph_300day,579,366950142_1,367796553_1,136,101.17425000001595,-34.825749999984055,34.825749999984055,22
nextstrain_tree_graph_300day,579,366950142_1,367960365_1,115,67.93649999997143,-47.06350000002857,47.06350000002857,21
nextstrain_tree_graph_300day,579,366950142_1,368331918_2,218,179.70299999998605,-38.29700000001395,38.29700000001395,35
nextstrain_tree_graph_300day,579,366950142_1,368509564_2,112,67.2059999999887,-44.794000000011295,44.794000000011295,20
nextstrain_tree_graph_300day,579,366950142_1,368614060_2,201,155.96175000004916,-45.038249999950835,45.038249999950835,29
nextstrain_tree_graph_300day,579,366957272_3,366966762_3,85,85.10325000006378,0.10325000006378104,0.10325000006378104,13
nextstrain_tree_graph_300day,579,366957272_3,366967424_2,198,158.88375000006312,-39.11624999993688,39.11624999993688,28
nextstrain_tree_graph_300day,579,366957272_3,366978344_1,213,125.64600000010165,-87.35399999989835,87.35399999989835,30
nextstrain_tree_graph_300day,579,366957272_3,367182572_2,317,277.9552500000711,-39.04474999992891,39.04474999992891,45
nextstrain_tree_graph_300day,579,366957272_3,367753915_2,190,142.8127500000279,-47.187249999972096,47.187249999972096,27
nextstrain_tree_graph_300day,579,366957272_3,367796553_1,232,143.90850000008504,-88.09149999991496,88.09149999991496,33
nextstrain_tree_graph_300day,579,366957272_3,367960365_1,201,153.0397500000352,-47.96024999996479,47.96024999996479,30
nextstrain_tree_graph_300day,579,366957272_3,368331918_2,304,264.80625000004983,-39.19374999995017,39.19374999995017,44
nextstrain_tree_graph_300day,579,366957272_3,368509564_2,190,132.5857500000206,-57.414249999979404,57.414249999979404,27
nextstrain_tree_graph_300day,579,366957272_3,368614060_2,149,36.52500000013288,-112.47499999986712,112.47499999986712,22
nextstrain_tree_graph_300day,579,366966762_3,366967424_2,113,73.78049999999934,-39.219500000000664,39.219500000000664,15
nextstrain_tree_graph_300day,579,366966762_3,366978344_1,128,40.54275000003787,-87.45724999996213,87.45724999996213,17
nextstrain_tree_graph_300day,579,366966762_3,367182572_2,232,192.8520000000073,-39.14799999999269,39.14799999999269,32
nextstrain_tree_graph_300day,579,366966762_3,367753915_2,105,57.70949999996412,-47.29050000003588,47.29050000003588,14
nextstrain_tree_graph_300day,579,366966762_3,367796553_1,147,58.80525000002126,-88.19474999997874,88.19474999997874,20
nextstrain_tree_graph_300day,579,366966762_3,367960365_1,116,67.93649999997143,-48.06350000002857,48.06350000002857,17
nextstrain_tree_graph_300day,579,366966762_3,368331918_2,219,179.70299999998605,-39.29700000001395,39.29700000001395,31
nextstrain_tree_graph_300day,579,366966762_3,368509564_2,105,47.482499999956815,-57.517500000043185,57.517500000043185,14
nextstrain_tree_graph_300day,579,366966762_3,368614060_2,64,63.91875000006644,-0.08124999993356141,0.08124999993356141,9
nextstrain_tree_graph_300day,579,366967424_2,366978344_1,103,64.64925000004916,-38.350749999950835,38.350749999950835,16
nextstrain_tree_graph_300day,579,366967424_2,367182572_2,149,119.07150000000797,-29.928499999992027,29.928499999992027,21
nextstrain_tree_graph_300day,579,366967424_2,367753915_2,64,16.80150000001794,-47.19849999998206,47.19849999998206,11
nextstrain_tree_graph_300day,579,366967424_2,367796553_1,122,82.91175000003255,-39.088249999967445,39.088249999967445,19
nextstrain_tree_graph_300day,579,366967424_2,367960365_1,75,27.759000000007973,-47.24099999999203,47.24099999999203,14
nextstrain_tree_graph_300day,579,366967424_2,368331918_2,146,105.92249999998671,-40.07750000001329,40.07750000001329,22
nextstrain_tree_graph_300day,579,366967424_2,368509564_2,88,48.943500000005315,-39.056499999994685,39.056499999994685,15
nextstrain_tree_graph_300day,579,366967424_2,368614060_2,177,137.69925000006577,-39.300749999934226,39.300749999934226,24
nextstrain_tree_graph_300day,579,366978344_1,367182572_2,222,183.72075000005714,-38.27924999994286,38.27924999994286,33
nextstrain_tree_graph_300day,579,366978344_1,367753915_2,95,48.57825000001395,-46.42174999998605,46.42174999998605,15
nextstrain_tree_graph_300day,579,366978344_1,367796553_1,137,29.9505000000392,-107.0494999999608,107.0494999999608,21
nextstrain_tree_graph_300day,579,366978344_1,367960365_1,106,58.80525000002126,-47.19474999997874,47.19474999997874,18
nextstrain_tree_graph_300day,579,366978344_1,368331918_2,209,170.57175000003588,-38.42824999996412,38.42824999996412,32
nextstrain_tree_graph_300day,579,366978344_1,368509564_2,103,38.351250000006644,-64.64874999999336,64.64874999999336,17
nextstrain_tree_graph_300day,579,366978344_1,368614060_2,192,104.46150000010431,-87.53849999989569,87.53849999989569,26
nextstrain_tree_graph_300day,579,367182572_2,367753915_2,183,135.8730000000259,-47.12699999997409,47.12699999997409,28
nextstrain_tree_graph_300day,579,367182572_2,367796553_1,241,201.98325000004053,-39.01674999995947,39.01674999995947,36
nextstrain_tree_graph_300day,579,367182572_2,367960365_1,194,146.83050000001595,-47.169499999984055,47.169499999984055,31
nextstrain_tree_graph_300day,579,367182572_2,368331918_2,265,51.865500000102315,-213.13449999989768,213.13449999989768,39
nextstrain_tree_graph_300day,579,367182572_2,368509564_2,207,168.0150000000133,-38.98499999998671,38.98499999998671,32
nextstrain_tree_graph_300day,579,367182572_2,368614060_2,296,256.77075000007375,-39.22924999992625,39.22924999992625,41
nextstrain_tree_graph_300day,579,367753915_2,367796553_1,114,66.84074999999734,-47.15925000000266,47.15925000000266,18
nextstrain_tree_graph_300day,579,367753915_2,367960365_1,59,11.68799999997276,-47.31200000002724,47.31200000002724,11
nextstrain_tree_graph_300day,579,367753915_2,368331918_2,170,122.72400000000465,-47.27599999999535,47.27599999999535,27
nextstrain_tree_graph_300day,579,367753915_2,368509564_2,80,32.8724999999701,-47.1275000000299,47.1275000000299,14
nextstrain_tree_graph_300day,579,367753915_2,368614060_2,169,121.62825000003056,-47.37174999996944,47.37174999996944,23
nextstrain_tree_graph_300day,579,367796553_1,367960365_1,125,77.06775000000465,-47.93224999999535,47.93224999999535,21
nextstrain_tree_graph_300day,579,367796553_1,368331918_2,228,188.83425000001927,-39.16574999998073,39.16574999998073,35
nextstrain_tree_graph_300day,579,367796553_1,368509564_2,122,56.613749999990034,-65.38625000000997,65.38625000000997,20
nextstrain_tree_graph_300day,579,367796553_1,368614060_2,211,122.7240000000877,-88.2759999999123,88.2759999999123,29
nextstrain_tree_graph_300day,579,367960365_1,368331918_2,181,133.68149999999468,-47.318500000005315,47.318500000005315,30
nextstrain_tree_graph_300day,579,367960365_1,368509564_2,91,43.09949999997741,-47.90050000002259,47.90050000002259,17
nextstrain_tree_graph_300day,579,367960365_1,368614060_2,180,131.85525000003787,-48.14474999996213,48.14474999996213,26
nextstrain_tree_graph_300day,579,368331918_2,368509564_2,194,154.86599999999203,-39.13400000000797,39.13400000000797,31
nextstrain_tree_graph_300day,579,368331918_2,368614060_2,283,243.6217500000525,-39.37824999994751,39.37824999994751,40
nextstrain_tree_graph_300day,579,368509564_2,368614060_2,169,111.40125000002325,-57.59874999997675,57.59874999997675,23
nextstrain_tree_graph_300day,590,364285757_2,368557802_2,259,82.91175000003255,-176.08824999996745,176.08824999996745,36
nextstrain_tree_graph_300day,590,364285757_2,368763487_1,254,78.16349999997874,-175.83650000002126,175.83650000002126,37
nextstrain_tree_graph_300day,590,368557802_2,368763487_1,167,41.273250000020596,-125.7267499999794,125.7267499999794,25
nextstrain_tree_graph_300day,592,364231591_1,365758987_2,341,130.02899999991496,-210.97100000008504,210.97100000008504,53
nextstrain_tree_graph_300day,592,364231591_1,365760230_1,322,120.16724999989901,-201.832750000101,201.832750000101,48
nextstrain_tree_graph_300day,592,364231591_1,365760816_2,307,105.19199999992094,-201.80800000007906,201.80800000007906,46
nextstrain_tree_graph_300day,592,364231591_1,365772250_3,58,37.98600000001528,-20.01399999998472,20.01399999998472,8
nextstrain_tree_graph_300day,592,364231591_1,368189031_4,240,196.8697499999123,-43.1302500000877,43.1302500000877,37
nextstrain_tree_graph_300day,592,364231591_1,368190348_2,329,277.955249999905,-51.04475000009501,51.04475000009501,50
nextstrain_tree_graph_300day,592,364231591_1,368196536_2,228,132.22049999994618,-95.77950000005382,95.77950000005382,35
nextstrain_tree_graph_300day,592,364231591_1,368201399_3,187,153.7702499999349,-33.22975000006511,33.22975000006511,28
nextstrain_tree_graph_300day,592,364231591_1,368207144_1,222,170.57174999986978,-51.42825000013022,51.42825000013022,35
nextstrain_tree_graph_300day,592,364231591_1,368208953_1,245,194.67824999988107,-50.321750000118925,50.321750000118925,37
nextstrain_tree_graph_300day,592,364231591_1,368218659_2,197,163.6319999998678,-33.36800000013221,33.36800000013221,30
nextstrain_tree_graph_300day,592,364231591_1,368221485_1,303,73.41524999992492,-229.58475000007508,229.58475000007508,44
nextstrain_tree_graph_300day,592,364231591_1,368231838_2,210,166.55399999988174,-43.44600000011826,43.44600000011826,33
nextstrain_tree_graph_300day,592,364231591_1,368239997_4,287,65.37975000003189,-221.6202499999681,221.6202499999681,42
nextstrain_tree_graph_300day,592,364231591_1,368256317_1,230,186.642749999905,-43.35725000009501,43.35725000009501,35
nextstrain_tree_graph_300day,592,364231591_1,368267534_1,355,303.8879999998731,-51.1120000001269,51.1120000001269,55
nextstrain_tree_graph_300day,592,365758987_2,365760230_1,337,62.45774999993489,-274.5422500000651,274.5422500000651,51
nextstrain_tree_graph_300day,592,365758987_2,365760816_2,322,25.567499999976746,-296.43250000002325,296.43250000002325,49
nextstrain_tree_graph_300day,592,365758987_2,365772250_3,303,92.04299999989968,-210.95700000010032,210.95700000010032,47
nextstrain_tree_graph_300day,592,365758987_2,368189031_4,217,202.7137499999402,-14.286250000059795,14.286250000059795,32
nextstrain_tree_graph_300day,592,365758987_2,368190348_2,334,283.7992499999329,-50.2007500000671,50.2007500000671,51
nextstrain_tree_graph_300day,592,365758987_2,368196536_2,233,138.0644999999741,-94.93550000002591,94.93550000002591,36
nextstrain_tree_graph_300day,592,365758987_2,368201399_3,202,159.6142499999628,-42.385750000037206,42.385750000037206,31
nextstrain_tree_graph_300day,592,365758987_2,368207144_1,227,176.41574999989768,-50.584250000102315,50.584250000102315,36
nextstrain_tree_graph_300day,592,365758987_2,368208953_1,250,200.52224999990898,-49.47775000009102,49.47775000009102,38
nextstrain_tree_graph_300day,592,365758987_2,368218659_2,212,169.4759999998957,-42.52400000010431,42.52400000010431,33
nextstrain_tree_graph_300day,592,365758987_2,368221485_1,318,107.0182499999608,-210.9817500000392,210.9817500000392,47
nextstrain_tree_graph_300day,592,365758987_2,368231838_2,179,172.39799999990964,-6.6020000000903565,6.6020000000903565,26
nextstrain_tree_graph_300day,592,365758987_2,368239997_4,302,90.94724999992559,-211.0527500000744,211.0527500000744,45
nextstrain_tree_graph_300day,592,365758987_2,368256317_1,225,192.4867499999329,-32.5132500000671,32.5132500000671,34
nextstrain_tree_graph_300day,592,365758987_2,368267534_1,360,309.731999999901,-50.26800000009899,50.26800000009899,56
nextstrain_tree_graph_300day,592,365760230_1,365760816_2,23,37.62074999994087,14.62074999994087,14.62074999994087,4
nextstrain_tree_graph_300day,592,365760230_1,365772250_3,284,82.18124999988373,-201.81875000011627,201.81875000011627,42
nextstrain_tree_graph_300day,592,365760230_1,368189031_4,236,192.85199999992426,-43.14800000007574,43.14800000007574,35
nextstrain_tree_graph_300day,592,365760230_1,368190348_2,325,273.93749999991695,-51.06250000008305,51.06250000008305,48
nextstrain_tree_graph_300day,592,365760230_1,368196536_2,224,128.20274999995814,-95.79725000004186,95.79725000004186,33
nextstrain_tree_graph_300day,592,365760230_1,368201399_3,145,149.75249999994685,4.752499999946849,4.752499999946849,22
nextstrain_tree_graph_300day,592,365760230_1,368207144_1,218,166.55399999988174,-51.44600000011826,51.44600000011826,33
nextstrain_tree_graph_300day,592,365760230_1,368208953_1,241,190.66049999989303,-50.339500000106966,50.339500000106966,35
nextstrain_tree_graph_300day,592,365760230_1,368218659_2,125,159.61424999987975,34.614249999879746,34.614249999879746,18
nextstrain_tree_graph_300day,592,365760230_1,368221485_1,167,97.15649999994486,-69.84350000005514,69.84350000005514,24
nextstrain_tree_graph_300day,592,365760230_1,368231838_2,206,162.5362499998937,-43.4637500001063,43.4637500001063,31
nextstrain_tree_graph_300day,592,365760230_1,368239997_4,171,81.08549999990964,-89.91450000009036,89.91450000009036,24
nextstrain_tree_graph_300day,592,365760230_1,368256317_1,226,182.62499999991695,-43.37500000008305,43.37500000008305,33
nextstrain_tree_graph_300day,592,365760230_1,368267534_1,351,299.87024999988506,-51.12975000011494,51.12975000011494,53
nextstrain_tree_graph_300day,592,365760816_2,365772250_3,269,67.20599999990566,-201.79400000009434,201.79400000009434,40
nextstrain_tree_graph_300day,592,365760816_2,368189031_4,221,177.87674999994618,-43.123250000053815,43.123250000053815,33
nextstrain_tree_graph_300day,592,365760816_2,368190348_2,310,258.9622499999389,-51.03775000006112,51.03775000006112,46
nextstrain_tree_graph_300day,592,365760816_2,368196536_2,209,113.22749999998007,-95.77250000001993,95.77250000001993,31
nextstrain_tree_graph_300day,592,365760816_2,368201399_3,130,134.77724999996877,4.777249999968774,4.777249999968774,20
nextstrain_tree_graph_300day,592,365760816_2,368207144_1,203,151.57874999990366,-51.421250000096336,51.421250000096336,31
nextstrain_tree_graph_300day,592,365760816_2,368208953_1,226,175.68524999991496,-50.31475000008504,50.31475000008504,33
nextstrain_tree_graph_300day,592,365760816_2,368218659_2,110,144.63899999990167,34.63899999990167,34.63899999990167,16
nextstrain_tree_graph_300day,592,365760816_2,368221485_1,152,82.18124999996678,-69.81875000003322,69.81875000003322,22
nextstrain_tree_graph_300day,592,365760816_2,368231838_2,191,147.56099999991562,-43.43900000008438,43.43900000008438,29
nextstrain_tree_graph_300day,592,365760816_2,368239997_4,156,66.11024999993157,-89.88975000006843,89.88975000006843,22
nextstrain_tree_graph_300day,592,365760816_2,368256317_1,211,167.64974999993888,-43.35025000006112,43.35025000006112,31
nextstrain_tree_graph_300day,592,365760816_2,368267534_1,336,284.894999999907,-51.105000000093014,51.105000000093014,51
nextstrain_tree_graph_300day,592,365772250_3,368189031_4,202,158.88374999989702,-43.11625000010298,43.11625000010298,31
nextstrain_tree_graph_300day,592,365772250_3,368190348_2,291,239.9692499998897,-51.03075000011029,51.03075000011029,44
nextstrain_tree_graph_300day,592,365772250_3,368196536_2,190,94.2344999999309,-95.7655000000691,95.7655000000691,29
nextstrain_tree_graph_300day,592,365772250_3,368201399_3,149,115.78424999991961,-33.21575000008039,33.21575000008039,22
nextstrain_tree_graph_300day,592,365772250_3,368207144_1,184,132.5857499998545,-51.4142500001455,51.4142500001455,29
nextstrain_tree_graph_300day,592,365772250_3,368208953_1,207,156.6922499998658,-50.307750000134206,50.307750000134206,31
nextstrain_tree_graph_300day,592,365772250_3,368218659_2,159,125.6459999998525,-33.354000000147494,33.354000000147494,24
nextstrain_tree_graph_300day,592,365772250_3,368221485_1,265,35.42924999990964,-229.57075000009036,229.57075000009036,38
nextstrain_tree_graph_300day,592,365772250_3,368231838_2,172,128.56799999986646,-43.43200000013354,43.43200000013354,27
nextstrain_tree_graph_300day,592,365772250_3,368239997_4,249,27.39375000001661,-221.6062499999834,221.6062499999834,36
nextstrain_tree_graph_300day,592,365772250_3,368256317_1,192,148.6567499998897,-43.34325000011029,43.34325000011029,29
nextstrain_tree_graph_300day,592,365772250_3,368267534_1,317,265.9019999998578,-51.09800000014218,51.09800000014218,49
nextstrain_tree_graph_300day,592,368189031_4,368190348_2,233,168.74550000007906,-64.25449999992094,64.25449999992094,35
nextstrain_tree_graph_300day,592,368189031_4,368196536_2,132,80.72024999991828,-51.27975000008172,51.27975000008172,20
nextstrain_tree_graph_300day,592,368189031_4,368201399_3,101,57.70949999996412,-43.29050000003588,43.29050000003588,15
nextstrain_tree_graph_300day,592,368189031_4,368207144_1,126,74.51099999989901,-51.48900000010099,51.48900000010099,20
nextstrain_tree_graph_300day,592,368189031_4,368208953_1,149,85.46850000005514,-63.531499999944856,63.531499999944856,22
nextstrain_tree_graph_300day,592,368189031_4,368218659_2,111,54.422250000041856,-56.577749999958144,56.577749999958144,17
nextstrain_tree_graph_300day,592,368189031_4,368221485_1,217,173.85899999995814,-43.141000000041856,43.141000000041856,31
nextstrain_tree_graph_300day,592,368189031_4,368231838_2,86,57.34425000005581,-28.65574999994419,28.65574999994419,12
nextstrain_tree_graph_300day,592,368189031_4,368239997_4,201,157.78799999992293,-43.21200000007707,43.21200000007707,29
nextstrain_tree_graph_300day,592,368189031_4,368256317_1,124,77.43300000007906,-46.56699999992094,46.56699999992094,18
nextstrain_tree_graph_300day,592,368189031_4,368267534_1,259,194.67825000004717,-64.32174999995283,64.32174999995283,40
nextstrain_tree_graph_300day,592,368190348_2,368196536_2,181,161.80574999991097,-19.194250000089028,19.194250000089028,25
nextstrain_tree_graph_300day,592,368190348_2,368201399_3,190,138.79499999995681,-51.205000000043185,51.205000000043185,28
nextstrain_tree_graph_300day,592,368190348_2,368207144_1,207,155.5964999998917,-51.403500000108295,51.403500000108295,31
nextstrain_tree_graph_300day,592,368190348_2,368208953_1,208,157.0574999999402,-50.942500000059795,50.942500000059795,29
nextstrain_tree_graph_300day,592,368190348_2,368218659_2,200,126.01124999992692,-73.98875000007308,73.98875000007308,30
nextstrain_tree_graph_300day,592,368190348_2,368221485_1,306,254.94449999995084,-51.055500000049165,51.055500000049165,44
nextstrain_tree_graph_300day,592,368190348_2,368231838_2,203,118.70625000001661,-84.29374999998339,84.29374999998339,31
nextstrain_tree_graph_300day,592,368190348_2,368239997_4,290,238.87349999991562,-51.12650000008438,51.12650000008438,42
nextstrain_tree_graph_300day,592,368190348_2,368256317_1,223,138.79500000003986,-84.20499999996014,84.20499999996014,33
nextstrain_tree_graph_300day,592,368190348_2,368267534_1,204,94.59975000000532,-109.40024999999468,109.40024999999468,29
nextstrain_tree_graph_300day,592,368196536_2,368201399_3,89,37.62074999994087,-51.37925000005913,51.37925000005913,13
nextstrain_tree_graph_300day,592,368196536_2,368207144_1,106,54.42224999987576,-51.57775000012424,51.57775000012424,16
nextstrain_tree_graph_300day,592,368196536_2,368208953_1,107,78.52874999988705,-28.471250000112946,28.471250000112946,14
nextstrain_tree_graph_300day,592,368196536_2,368218659_2,99,47.48249999987377,-51.51750000012623,51.51750000012623,15
nextstrain_tree_graph_300day,592,368196536_2,368221485_1,205,109.20974999999203,-95.79025000000797,95.79025000000797,29
nextstrain_tree_graph_300day,592,368196536_2,368231838_2,102,50.40449999988772,-51.59550000011228,51.59550000011228,16
nextstrain_tree_graph_300day,592,368196536_2,368239997_4,189,93.13874999995681,-95.86125000004319,95.86125000004319,27
nextstrain_tree_graph_300day,592,368196536_2,368256317_1,122,70.49324999991097,-51.50675000008903,51.50675000008903,18
nextstrain_tree_graph_300day,592,368196536_2,368267534_1,207,187.73849999987908,-19.26150000012092,19.26150000012092,30
nextstrain_tree_graph_300day,592,368201399_3,368207144_1,83,31.411499999921602,-51.5885000000784,51.5885000000784,13
nextstrain_tree_graph_300day,592,368201399_3,368208953_1,106,55.5179999999329,-50.4820000000671,50.4820000000671,15
nextstrain_tree_graph_300day,592,368201399_3,368218659_2,20,24.47174999991961,4.471749999919609,4.471749999919609,4
nextstrain_tree_graph_300day,592,368201399_3,368221485_1,126,130.75949999998073,4.759499999980733,4.759499999980733,18
nextstrain_tree_graph_300day,592,368201399_3,368231838_2,71,27.39374999993356,-43.60625000006644,43.60625000006644,11
nextstrain_tree_graph_300day,592,368201399_3,368239997_4,110,114.68849999994552,4.68849999994552,4.68849999994552,16
nextstrain_tree_graph_300day,592,368201399_3,368256317_1,91,47.482499999956815,-43.517500000043185,43.517500000043185,13
nextstrain_tree_graph_300day,592,368201399_3,368267534_1,216,164.72774999992492,-51.272250000075076,51.272250000075076,33
nextstrain_tree_graph_300day,592,368207144_1,368208953_1,123,72.31949999986779,-50.68050000013221,50.68050000013221,18
nextstrain_tree_graph_300day,592,368207144_1,368218659_2,93,41.2732499998545,-51.7267500001455,51.7267500001455,15
nextstrain_tree_graph_300day,592,368207144_1,368221485_1,199,147.56099999991562,-51.43900000008438,51.43900000008438,29
nextstrain_tree_graph_300day,592,368207144_1,368231838_2,96,44.19524999986845,-51.80475000013155,51.80475000013155,16
nextstrain_tree_graph_300day,592,368207144_1,368239997_4,183,131.4899999998804,-51.51000000011959,51.51000000011959,27
nextstrain_tree_graph_300day,592,368207144_1,368256317_1,116,64.2839999998917,-51.716000000108295,51.716000000108295,18
nextstrain_tree_graph_300day,592,368207144_1,368267534_1,233,181.52924999985981,-51.470750000140185,51.470750000140185,36
nextstrain_tree_graph_300day,592,368208953_1,368218659_2,116,31.046250000013288,-84.95374999998671,84.95374999998671,17
nextstrain_tree_graph_300day,592,368208953_1,368221485_1,222,171.66749999992692,-50.33250000007308,50.33250000007308,31
nextstrain_tree_graph_300day,592,368208953_1,368231838_2,119,45.65624999991695,-73.34375000008305,73.34375000008305,18
nextstrain_tree_graph_300day,592,368208953_1,368239997_4,206,155.5964999998917,-50.403500000108295,50.403500000108295,29
nextstrain_tree_graph_300day,592,368208953_1,368256317_1,139,65.7449999999402,-73.2550000000598,73.2550000000598,20
nextstrain_tree_graph_300day,592,368208953_1,368267534_1,234,182.99024999990831,-51.009750000091685,51.009750000091685,34
nextstrain_tree_graph_300day,592,368218659_2,368221485_1,106,140.62124999991363,34.62124999991363,34.62124999991363,14
nextstrain_tree_graph_300day,592,368218659_2,368231838_2,81,14.609999999903664,-66.39000000009634,66.39000000009634,13
nextstrain_tree_graph_300day,592,368218659_2,368239997_4,90,124.55024999987842,34.55024999987842,34.55024999987842,12
nextstrain_tree_graph_300day,592,368218659_2,368256317_1,101,34.69874999992692,-66.30125000007308,66.30125000007308,15
nextstrain_tree_graph_300day,592,368218659_2,368267534_1,226,151.94399999989503,-74.05600000010497,74.05600000010497,35
nextstrain_tree_graph_300day,592,368221485_1,368231838_2,187,143.54324999992758,-43.45675000007242,43.45675000007242,27
nextstrain_tree_graph_300day,592,368221485_1,368239997_4,152,42.36900000007773,-109.63099999992227,109.63099999992227,20
nextstrain_tree_graph_300day,592,368221485_1,368256317_1,207,163.63199999995084,-43.368000000049165,43.368000000049165,29
nextstrain_tree_graph_300day,592,368221485_1,368267534_1,332,280.87724999991894,-51.122750000081055,51.122750000081055,49
nextstrain_tree_graph_300day,592,368231838_2,368239997_4,171,127.47224999989237,-43.52775000010763,43.52775000010763,25
nextstrain_tree_graph_300day,592,368231838_2,368256317_1,94,20.088750000023254,-73.91124999997675,73.91124999997675,14
nextstrain_tree_graph_300day,592,368231838_2,368267534_1,229,144.63899999998472,-84.36100000001528,84.36100000001528,36
nextstrain_tree_graph_300day,592,368239997_4,368256317_1,191,147.56099999991562,-43.43900000008438,43.43900000008438,27
nextstrain_tree_graph_300day,592,368239997_4,368267534_1,316,264.80624999988373,-51.19375000011627,51.19375000011627,47
nextstrain_tree_graph_300day,592,368256317_1,368267534_1,249,164.72775000000797,-84.27224999999203,84.27224999999203,38
nextstrain_tree_graph_300day,601,367181633_3,367256711_2,69,33.237749999961466,-35.762250000038534,35.762250000038534,11
nextstrain_tree_graph_300day,601,366582933_3,367266081_3,296,232.66425000006245,-63.33574999993755,63.33574999993755,45
nextstrain_tree_graph_300day,601,367192815_2,367201359_2,148,48.57825000001395,-99.42174999998605,99.42174999998605,22
nextstrain_tree_graph_300day,601,364282136_1,366597060_3,299,48.943500000005315,-250.05649999999468,250.05649999999468,43
nextstrain_tree_graph_300day,601,367192815_2,367262510_2,107,43.09949999997741,-63.90050000002259,63.90050000002259,19
nextstrain_tree_graph_300day,601,366581876_3,368799062_1,173,59.90099999999535,-113.09900000000465,113.09900000000465,29
nextstrain_tree_graph_300day,601,364282136_1,367201359_2,247,113.22750000006312,-133.77249999993688,133.77249999993688,36
nextstrain_tree_graph_300day,601,366582933_3,366592032_2,289,237.77775000002458,-51.22224999997542,51.22224999997542,42
nextstrain_tree_graph_300day,601,366582933_3,367175180_1,180,116.51475000006843,-63.48524999993157,63.48524999993157,29
nextstrain_tree_graph_300day,601,367179399_2,367292193_1,151,31.046250000013288,-119.95374999998671,119.95374999998671,19
nextstrain_tree_graph_300day,601,366581876_3,367249584_2,160,96.42600000004518,-63.57399999995482,63.57399999995482,28
nextstrain_tree_graph_300day,601,367254506_2,367258028_3,87,23.37600000002857,-63.62399999997143,63.62399999997143,15
nextstrain_tree_graph_300day,601,367201359_2,367249584_2,122,58.4400000000299,-63.5599999999701,63.5599999999701,20
nextstrain_tree_graph_300day,601,367175180_1,367261907_1,136,72.31950000003388,-63.680499999966116,63.680499999966116,18
nextstrain_tree_graph_300day,601,367172315_3,367538971_2,210,77.06775000000465,-132.93224999999535,132.93224999999535,28
nextstrain_tree_graph_300day,601,366592032_2,367207992_2,251,187.73849999996213,-63.26150000003787,63.26150000003787,38
nextstrain_tree_graph_300day,601,367182346_3,368799062_1,212,98.98274999998472,-113.01725000001528,113.01725000001528,31
nextstrain_tree_graph_300day,601,367258028_3,367576377_2,180,116.51474999998538,-63.48525000001462,63.48525000001462,28
nextstrain_tree_graph_300day,601,367192815_2,367292193_1,144,44.56050000002591,-99.43949999997409,99.43949999997409,22
nextstrain_tree_graph_300day,601,367253315_2,367260687_4,228,164.3625000000166,-63.63749999998339,63.63749999998339,30
nextstrain_tree_graph_300day,601,367247724_2,367840398_2,109,45.29100000000864,-63.70899999999136,63.70899999999136,20
nextstrain_tree_graph_300day,601,367254506_2,368799062_1,99,33.237750000044514,-65.76224999995549,65.76224999995549,17
nextstrain_tree_graph_300day,601,366603466_1,367594279_2,160,96.42600000004518,-63.57399999995482,63.57399999995482,23
nextstrain_tree_graph_300day,601,366582933_3,367258028_3,189,125.6460000000186,-63.3539999999814,63.3539999999814,31
nextstrain_tree_graph_300day,601,367262510_2,367576377_2,160,98.252250000002,-61.74774999999801,61.74774999999801,24
nextstrain_tree_graph_300day,601,366597060_3,367247724_2,191,127.10699999998405,-63.893000000015945,63.893000000015945,31
nextstrain_tree_graph_300day,601,367175180_1,367182346_3,191,127.47225000005847,-63.527749999941534,63.527749999941534,27
nextstrain_tree_graph_300day,601,367192815_2,367840398_2,140,40.54275000003787,-99.45724999996213,99.45724999996213,24
nextstrain_tree_graph_300day,601,367182346_3,367253315_2,325,66.47550000000598,-258.524499999994,258.524499999994,45
nextstrain_tree_graph_300day,601,367172315_3,367260687_4,182,118.34100000002525,-63.65899999997475,63.65899999997475,23
nextstrain_tree_graph_300day,601,366581876_3,367178087_2,157,95.33025000007109,-61.66974999992891,61.66974999992891,25
nextstrain_tree_graph_300day,601,367201359_2,367292193_1,142,22.28025000005448,-119.71974999994552,119.71974999994552,20
nextstrain_tree_graph_300day,601,367172315_3,367538969_2,205,52.961249999993356,-152.03875000000664,152.03875000000664,27
nextstrain_tree_graph_300day,601,366581494_3,367576377_2,237,175.32000000000664,-61.679999999993356,61.679999999993356,36
nextstrain_tree_graph_300day,601,366581876_3,367247724_2,153,91.3125,-61.6875,61.6875,24
nextstrain_tree_graph_300day,601,367247724_2,367260870_2,112,48.21299999993954,-63.78700000006046,63.78700000006046,20
nextstrain_tree_graph_300day,601,366597060_3,367253315_2,322,50.039249999979404,-271.9607500000206,271.9607500000206,46
nextstrain_tree_graph_300day,601,366582933_3,367247724_2,181,99.71324999996745,-81.28675000003255,81.28675000003255,28
nextstrain_tree_graph_300day,601,367260870_2,367576377_2,198,134.4119999999774,-63.58800000002259,63.58800000002259,31
nextstrain_tree_graph_300day,601,366581494_3,367260870_2,177,113.22749999998007,-63.77250000001993,63.77250000001993,31
nextstrain_tree_graph_300day,601,367260870_2,367292193_1,137,73.41525000000797,-63.58474999999203,63.58474999999203,20
nextstrain_tree_graph_300day,601,366581876_3,367192815_2,186,86.56425000002923,-99.43574999997077,99.43574999997077,30
nextstrain_tree_graph_300day,601,367182346_3,367260870_2,218,154.50075000000066,-63.499249999999336,63.499249999999336,32
nextstrain_tree_graph_300day,601,367179399_2,367266081_3,239,75.24150000004784,-163.75849999995216,163.75849999995216,32
nextstrain_tree_graph_300day,601,366582933_3,368799062_1,201,135.50775000003455,-65.49224999996545,65.49224999996545,33
nextstrain_tree_graph_300day,601,366581876_3,367253315_2,286,166.18875000005647,-119.81124999994353,119.81124999994353,43
nextstrain_tree_graph_300day,601,367258028_3,368799062_1,112,46.386749999982726,-65.61325000001727,65.61325000001727,20
nextstrain_tree_graph_300day,601,366581494_3,367256711_2,160,96.06074999997077,-63.93925000002923,63.93925000002923,28
nextstrain_tree_graph_300day,601,367182346_3,367207992_2,239,175.685249999998,-63.31475000000199,63.31475000000199,34
nextstrain_tree_graph_300day,601,366603466_1,367260870_2,116,62.45775000001794,-53.54224999998206,53.54224999998206,18
nextstrain_tree_graph_300day,601,367249584_2,368799062_1,101,45.29100000000864,-55.70899999999136,55.70899999999136,17
nextstrain_tree_graph_300day,601,367266081_3,367538969_2,233,81.08549999999269,-151.9145000000073,151.9145000000073,32
nextstrain_tree_graph_300day,601,367207992_2,367840398_2,154,90.58200000001727,-63.417999999982726,63.417999999982726,24
nextstrain_tree_graph_300day,601,367178707_1,367260870_2,189,126.37650000000133,-62.62349999999867,62.62349999999867,31
nextstrain_tree_graph_300day,601,367201359_2,367538969_2,149,15.340500000052486,-133.6594999999475,133.6594999999475,21
nextstrain_tree_graph_300day,601,364282136_1,367175180_1,205,151.2135000000784,-53.7864999999216,53.7864999999216,29
nextstrain_tree_graph_300day,601,367201359_2,368799062_1,135,21.91499999998007,-113.08500000001993,113.08500000001993,21
nextstrain_tree_graph_300day,601,367249584_2,367256711_2,100,36.15974999997542,-63.84025000002458,63.84025000002458,17
nextstrain_tree_graph_300day,601,366581876_3,367261907_1,206,106.65300000005249,-99.34699999994751,99.34699999994751,31
nextstrain_tree_graph_300day,601,367247724_2,367260687_4,97,33.237749999961466,-63.762250000038534,63.762250000038534,15
nextstrain_tree_graph_300day,601,367207992_2,367247724_2,133,69.39749999993688,-63.60250000006312,63.60250000006312,22
nextstrain_tree_graph_300day,601,364282136_1,367172315_3,293,82.9117500001156,-210.0882499998844,210.0882499998844,40
nextstrain_tree_graph_300day,601,367253315_2,367254506_2,212,148.29150000006445,-63.708499999935555,63.708499999935555,31
nextstrain_tree_graph_300day,601,367179399_2,367207992_2,171,107.38349999995216,-63.616500000047836,63.616500000047836,23
nextstrain_tree_graph_300day,601,367292193_1,367538969_2,145,25.20225000006843,-119.79774999993157,119.79774999993157,19
nextstrain_tree_graph_300day,601,366581494_3,367292193_1,178,114.3232500000372,-63.676749999962794,63.676749999962794,29
nextstrain_tree_graph_300day,601,364282136_1,367538969_2,250,97.88700000001063,-152.11299999998937,152.11299999998937,35
nextstrain_tree_graph_300day,601,366581876_3,367258028_3,161,97.52175000001927,-63.47824999998073,63.47824999998073,27
nextstrain_tree_graph_300day,601,367182346_3,367538971_2,231,98.252250000002,-132.747749999998,132.747749999998,32
nextstrain_tree_graph_300day,601,366582933_3,367262510_2,139,107.38350000003521,-31.616499999964788,31.616499999964788,21
nextstrain_tree_graph_300day,601,366592032_2,367254506_2,197,135.50775000003455,-61.49224999996545,61.49224999996545,28
nextstrain_tree_graph_300day,601,367207992_2,367576377_2,219,155.59649999997475,-63.40350000002525,63.40350000002525,33
nextstrain_tree_graph_300day,601,367175180_1,367192815_2,116,52.23075000001063,-63.76924999998937,63.76924999998937,19
nextstrain_tree_graph_300day,601,367178087_2,367179399_2,130,66.11025000001462,-63.88974999998538,63.88974999998538,20
nextstrain_tree_graph_300day,601,366582933_3,367192815_2,214,150.48300000001262,-63.51699999998738,63.51699999998738,34
nextstrain_tree_graph_300day,601,366581876_3,367172315_3,240,120.16725000006511,-119.83274999993489,119.83274999993489,36
nextstrain_tree_graph_300day,601,367179399_2,367594279_2,184,120.16724999998206,-63.83275000001794,63.83275000001794,24
nextstrain_tree_graph_300day,601,367254506_2,367292193_1,106,42.36900000007773,-63.63099999992227,63.63099999992227,16
nextstrain_tree_graph_300day,601,366582933_3,367207992_2,228,164.72775000000797,-63.27224999999203,63.27224999999203,36
nextstrain_tree_graph_300day,601,366581494_3,367207992_2,198,134.4119999999774,-63.58800000002259,63.58800000002259,33
nextstrain_tree_graph_300day,601,366581876_3,367201359_2,182,64.2840000000578,-117.7159999999422,117.7159999999422,26
nextstrain_tree_graph_300day,601,366603466_1,367258028_3,108,44.56050000002591,-63.43949999997409,63.43949999997409,19
nextstrain_tree_graph_300day,601,366592032_2,367594279_2,264,200.52224999999203,-63.47775000000797,63.47775000000797,39
nextstrain_tree_graph_300day,601,367172315_3,367292193_1,198,78.16350000006179,-119.83649999993821,119.83649999993821,26
nextstrain_tree_graph_300day,601,367182346_3,367201359_2,223,89.48625000004319,-133.51374999995681,133.51374999995681,32
nextstrain_tree_graph_300day,601,367254506_2,367260687_4,90,26.29800000004252,-63.70199999995748,63.70199999995748,13
nextstrain_tree_graph_300day,601,366592032_2,367262510_2,182,130.39424999998937,-51.60575000001063,51.60575000001063,27
nextstrain_tree_graph_300day,601,367249584_2,367266081_3,206,142.44750000003654,-63.55249999996346,63.55249999996346,31
nextstrain_tree_graph_300day,601,366581494_3,367178087_2,155,93.13875000003986,-61.86124999996014,61.86124999996014,26
nextstrain_tree_graph_300day,601,367256711_2,367262510_2,83,18.992999999966116,-64.00700000003388,64.00700000003388,16
nextstrain_tree_graph_300day,601,367260687_4,367538971_2,134,71.22374999997675,-62.77625000002325,62.77625000002325,17
nextstrain_tree_graph_300day,601,366581494_3,367249584_2,158,92.04300000006577,-65.95699999993423,65.95699999993423,29
nextstrain_tree_graph_300day,601,367178707_1,367260687_4,174,111.40125000002325,-62.59874999997675,62.59874999997675,26
nextstrain_tree_graph_300day,601,366603466_1,367182346_3,208,137.3340000000744,-70.66599999992559,70.66599999992559,30
nextstrain_tree_graph_300day,601,367254506_2,367594279_2,139,75.24150000004784,-63.758499999952164,63.758499999952164,21
nextstrain_tree_graph_300day,601,367258028_3,367594279_2,152,74.51099999998206,-77.48900000001794,77.48900000001794,24
nextstrain_tree_graph_300day,601,366597060_3,367260870_2,205,151.21349999999535,-53.78650000000465,53.78650000000465,31
nextstrain_tree_graph_300day,601,366592032_2,367192815_2,237,137.69924999998273,-99.30075000001727,99.30075000001727,36
nextstrain_tree_graph_300day,601,367262510_2,367594279_2,134,70.12800000000266,-63.87199999999734,63.87199999999734,22
nextstrain_tree_graph_300day,601,367172315_3,368799062_1,181,77.79824999998738,-103.20175000001262,103.20175000001262,25
nextstrain_tree_graph_300day,601,366582933_3,367840398_2,204,140.62125000007973,-63.378749999920274,63.378749999920274,34
nextstrain_tree_graph_300day,601,367538971_2,367840398_2,146,41.63850000001196,-104.36149999998804,104.36149999998804,22
nextstrain_tree_graph_300day,601,367292193_1,367840398_2,134,28.85475000006511,-105.14524999993489,105.14524999993489,20
nextstrain_tree_graph_300day,601,367247724_2,367254506_2,67,17.1667500000093,-49.8332499999907,49.8332499999907,10
nextstrain_tree_graph_300day,601,367181633_3,367249584_2,95,29.220000000056473,-65.77999999994353,65.77999999994353,16
nextstrain_tree_graph_300day,601,367201359_2,367256711_2,124,32.50724999997874,-91.49275000002126,91.49275000002126,19
nextstrain_tree_graph_300day,601,367201359_2,367260687_4,126,62.45775000001794,-63.54224999998206,63.54224999998206,17
nextstrain_tree_graph_300day,601,367192815_2,367538969_2,151,51.500250000027904,-99.4997499999721,99.4997499999721,23
nextstrain_tree_graph_300day,601,367172315_3,367254506_2,166,102.27000000007308,-63.72999999992692,63.72999999992692,24
nextstrain_tree_graph_300day,601,367260687_4,367262510_2,85,21.184499999997342,-63.81550000000266,63.81550000000266,14
nextstrain_tree_graph_300day,601,366597060_3,367258028_3,197,133.31625000000332,-63.68374999999668,63.68374999999668,32
nextstrain_tree_graph_300day,601,367175180_1,368799062_1,93,37.255500000032555,-55.744499999967445,55.744499999967445,14
nextstrain_tree_graph_300day,601,367201359_2,367262510_2,103,41.273250000020596,-61.726749999979404,61.726749999979404,15
nextstrain_tree_graph_300day,601,367175180_1,367207992_2,120,66.47550000000598,-53.52449999999402,53.52449999999402,17
nextstrain_tree_graph_300day,601,366597060_3,367262510_2,179,115.05375000001993,-63.94624999998007,63.94624999998007,30
nextstrain_tree_graph_300day,601,367178087_2,367576377_2,164,114.3232500000372,-49.676749999962794,49.676749999962794,24
nextstrain_tree_graph_300day,601,367179399_2,367181633_3,128,64.28399999997475,-63.71600000002525,63.71600000002525,17
nextstrain_tree_graph_300day,601,367172315_3,367178707_1,250,31.046250000096336,-218.95374999990366,218.95374999990366,37
nextstrain_tree_graph_300day,601,367207992_2,367262510_2,121,57.34424999997276,-63.65575000002724,63.65575000002724,21
nextstrain_tree_graph_300day,601,366603466_1,367538971_2,139,69.03225000002857,-69.96774999997143,69.96774999997143,20
nextstrain_tree_graph_300day,601,366581876_3,367175180_1,152,88.3905000000691,-63.609499999930904,63.609499999930904,25
nextstrain_tree_graph_300day,601,366581494_3,367266081_3,266,202.3485000000319,-63.65149999996811,63.65149999996811,42
nextstrain_tree_graph_300day,601,366592032_2,367178707_1,281,41.63849999992891,-239.3615000000711,239.3615000000711,41
nextstrain_tree_graph_300day,601,367175180_1,367594279_2,143,79.25925000003588,-63.74074999996412,63.74074999996412,20
nextstrain_tree_graph_300day,601,367260870_2,367840398_2,133,69.39750000001993,-63.60249999998007,63.60249999998007,22
nextstrain_tree_graph_300day,601,367258028_3,367266081_3,207,143.54325000001063,-63.45674999998937,63.45674999998937,32
nextstrain_tree_graph_300day,601,367172315_3,367256711_2,180,88.39049999998605,-91.60950000001395,91.60950000001395,25
nextstrain_tree_graph_300day,601,366603466_1,367256711_2,109,37.98600000001528,-71.01399999998472,71.01399999998472,17
nextstrain_tree_graph_300day,601,366581876_3,366592032_2,109,153.40500000002658,44.405000000026575,44.405000000026575,14
nextstrain_tree_graph_300day,601,367258028_3,367292193_1,119,55.518000000015945,-63.481999999984055,63.481999999984055,19
nextstrain_tree_graph_300day,601,367262510_2,367292193_1,101,37.255500000032555,-63.744499999967445,63.744499999967445,17
nextstrain_tree_graph_300day,601,367175180_1,367538971_2,122,59.17050000001262,-62.82949999998738,62.82949999998738,17
nextstrain_tree_graph_300day,601,366597060_3,367178087_2,195,131.12475000005514,-63.875249999944856,63.875249999944856,32
nextstrain_tree_graph_300day,601,364282136_1,367260687_4,227,163.26675000004252,-63.73324999995748,63.73324999995748,31
nextstrain_tree_graph_300day,601,367260870_2,367538969_2,144,80.35500000000997,-63.644999999990034,63.644999999990034,21
nextstrain_tree_graph_300day,601,366603466_1,367247724_2,102,38.351250000006644,-63.648749999993356,63.648749999993356,18
nextstrain_tree_graph_300day,601,367192815_2,367253315_2,250,150.48300000001262,-99.51699999998738,99.51699999998738,37
nextstrain_tree_graph_300day,601,367256711_2,367576377_2,181,89.48624999996014,-91.51375000003986,91.51375000003986,28
nextstrain_tree_graph_300day,601,367594279_2,367840398_2,167,103.36575000004717,-63.63424999995283,63.63424999995283,25
nextstrain_tree_graph_300day,601,367254506_2,367260870_2,105,41.273250000020596,-63.726749999979404,63.726749999979404,18
nextstrain_tree_graph_300day,601,367179399_2,367254506_2,119,55.15275000002458,-63.84724999997542,63.84724999997542,17
nextstrain_tree_graph_300day,601,367182346_3,367266081_3,25,6.939750000001993,-18.060249999998007,18.060249999998007,3
nextstrain_tree_graph_300day,601,366603466_1,367254506_2,95,31.4115000000877,-63.5884999999123,63.5884999999123,16
nextstrain_tree_graph_300day,601,367249584_2,367258028_3,99,35.42924999999269,-63.57075000000731,63.57075000000731,19
nextstrain_tree_graph_300day,601,367247724_2,367249584_2,93,27.028500000025247,-65.97149999997475,65.97149999997475,18
nextstrain_tree_graph_300day,601,367292193_1,367576377_2,199,79.25925000003588,-119.74074999996412,119.74074999996412,29
nextstrain_tree_graph_300day,601,367178707_1,367192815_2,196,97.52175000001927,-98.47824999998073,98.47824999998073,31
nextstrain_tree_graph_300day,601,367207992_2,367249584_2,108,74.51099999998206,-33.48900000001794,33.48900000001794,16
nextstrain_tree_graph_300day,601,366603466_1,367192815_2,133,62.092500000026575,-70.90749999997342,70.90749999997342,22
nextstrain_tree_graph_300day,601,367178087_2,367247724_2,4,28.124249999999336,24.124249999999336,24.124249999999336,1
nextstrain_tree_graph_300day,601,367178707_1,367594279_2,223,160.34475000002857,-62.65524999997143,62.65524999997143,34
nextstrain_tree_graph_300day,601,366581494_3,366581876_3,208,156.32700000004053,-51.67299999995947,51.67299999995947,33
nextstrain_tree_graph_300day,601,367181633_3,368799062_1,108,42.368999999994685,-65.63100000000532,65.63100000000532,17
nextstrain_tree_graph_300day,601,364282136_1,367576377_2,304,56.24850000008172,-247.75149999991828,247.75149999991828,45
nextstrain_tree_graph_300day,601,366581494_3,367260687_4,162,98.252250000002,-63.74774999999801,63.74774999999801,26
nextstrain_tree_graph_300day,601,367182346_3,367249584_2,199,135.50775000003455,-63.49224999996545,63.49224999996545,30
nextstrain_tree_graph_300day,601,367266081_3,367292193_1,226,106.28775000006112,-119.71224999993888,119.71224999993888,31
nextstrain_tree_graph_300day,601,367175180_1,367840398_2,106,42.36900000007773,-63.63099999992227,63.63099999992227,17
nextstrain_tree_graph_300day,601,367249584_2,367538969_2,125,61.36200000004385,-63.63799999995615,63.63799999995615,19
nextstrain_tree_graph_300day,601,367266081_3,367576377_2,287,39.44700000006378,-247.55299999993622,247.55299999993622,42
nextstrain_tree_graph_300day,601,366597060_3,367207992_2,206,172.3979999999927,-33.60200000000731,33.60200000000731,29
nextstrain_tree_graph_300day,601,367175180_1,367247724_2,85,21.184499999997342,-63.81550000000266,63.81550000000266,15
nextstrain_tree_graph_300day,601,367172315_3,367258028_3,179,115.4190000000113,-63.580999999988705,63.580999999988705,27
nextstrain_tree_graph_300day,601,366597060_3,367192815_2,222,122.35875000001329,-99.64124999998671,99.64124999998671,35
nextstrain_tree_graph_300day,601,367247724_2,367256711_2,95,31.04624999993024,-63.95375000006976,63.95375000006976,17
nextstrain_tree_graph_300day,601,367538969_2,367594279_2,178,114.3232500000372,-63.676749999962794,63.676749999962794,24
nextstrain_tree_graph_300day,601,366581876_3,367266081_3,268,148.29150000006445,-119.70849999993555,119.70849999993555,41
nextstrain_tree_graph_300day,601,366603466_1,367840398_2,123,52.23075000009368,-70.76924999990632,70.76924999990632,20
nextstrain_tree_graph_300day,601,367181633_3,367254506_2,83,19.358250000040528,-63.64174999995947,63.64174999995947,14
nextstrain_tree_graph_300day,601,364282136_1,366581876_3,285,165.09300000008238,-119.90699999991762,119.90699999991762,44
nextstrain_tree_graph_300day,601,367175180_1,367201359_2,114,50.404500000053815,-63.595499999946185,63.595499999946185,17
nextstrain_tree_graph_300day,601,367192815_2,367260870_2,143,79.25924999995283,-63.74075000004717,63.74075000004717,24
nextstrain_tree_graph_300day,601,367181633_3,367207992_2,135,71.58899999996811,-63.41100000003189,63.41100000003189,20
nextstrain_tree_graph_300day,601,367178087_2,367538971_2,129,66.11025000001462,-62.88974999998538,62.88974999998538,21
nextstrain_tree_graph_300day,601,367179399_2,367576377_2,212,48.21300000002259,-163.7869999999774,163.7869999999774,30
nextstrain_tree_graph_300day,601,367249584_2,367576377_2,179,115.4190000000113,-63.580999999988705,63.580999999988705,29
nextstrain_tree_graph_300day,601,367175180_1,367181633_3,87,23.37600000002857,-63.62399999997143,63.62399999997143,13
nextstrain_tree_graph_300day,601,366597060_3,367840398_2,212,106.65300000005249,-105.34699999994751,105.34699999994751,33
nextstrain_tree_graph_300day,601,364282136_1,367182346_3,324,65.37975000003189,-258.6202499999681,258.6202499999681,46
nextstrain_tree_graph_300day,601,366592032_2,367266081_3,319,60.631499999978075,-258.3685000000219,258.3685000000219,47
nextstrain_tree_graph_300day,601,367182346_3,367576377_2,280,32.50725000006179,-247.4927499999382,247.4927499999382,41
nextstrain_tree_graph_300day,601,366581876_3,367179399_2,193,73.05000000001661,-119.94999999998339,119.94999999998339,29
nextstrain_tree_graph_300day,601,367201359_2,367260870_2,141,77.43299999999601,-63.567000000003986,63.567000000003986,22
nextstrain_tree_graph_300day,601,367258028_3,367538971_2,131,68.3017499999628,-62.698250000037206,62.698250000037206,21
nextstrain_tree_graph_300day,601,367179399_2,367840398_2,147,41.63850000001196,-105.36149999998804,105.36149999998804,21
nextstrain_tree_graph_300day,601,367261907_1,367576377_2,225,125.6460000000186,-99.3539999999814,99.3539999999814,32
nextstrain_tree_graph_300day,601,367249584_2,367538971_2,130,67.2059999999887,-62.794000000011295,62.794000000011295,20
nextstrain_tree_graph_300day,601,367172315_3,367249584_2,168,114.3232500000372,-53.676749999962794,53.676749999962794,24
nextstrain_tree_graph_300day,601,367201359_2,367254506_2,108,46.386750000065774,-61.613249999934226,61.613249999934226,14
nextstrain_tree_graph_300day,601,367172315_3,367266081_3,286,66.11025000009766,-219.88974999990234,219.88974999990234,39
nextstrain_tree_graph_300day,601,367179399_2,367538969_2,158,5.843999999944856,-152.15600000005514,152.15600000005514,20
nextstrain_tree_graph_300day,601,367258028_3,367261907_1,145,81.45074999998405,-63.549250000015945,63.549250000015945,22
nextstrain_tree_graph_300day,601,366581494_3,367201359_2,180,118.34100000002525,-61.65899999997475,61.65899999997475,27
nextstrain_tree_graph_300day,601,367182346_3,367594279_2,252,188.4690000000279,-63.530999999972096,63.530999999972096,35
nextstrain_tree_graph_300day,601,367207992_2,367254506_2,126,62.45775000001794,-63.54224999998206,63.54224999998206,20
nextstrain_tree_graph_300day,601,367254506_2,367262510_2,67,5.113500000045178,-61.88649999995482,61.88649999995482,11
nextstrain_tree_graph_300day,601,367261907_1,367292193_1,164,64.64925000004916,-99.35074999995084,99.35074999995084,21
nextstrain_tree_graph_300day,601,367261907_1,367266081_3,252,152.67450000004385,-99.32549999995615,99.32549999995615,34
nextstrain_tree_graph_300day,601,367247724_2,367576377_2,160,110.30549999996612,-49.694500000033884,49.694500000033884,23
nextstrain_tree_graph_300day,601,367192815_2,367256711_2,126,34.333499999935555,-91.66650000006445,91.66650000006445,21
nextstrain_tree_graph_300day,601,366597060_3,367256711_2,198,106.28774999997808,-91.71225000002192,91.71225000002192,30
nextstrain_tree_graph_300day,601,366592032_2,367258028_3,212,148.65674999997276,-63.34325000002724,63.34325000002724,33
nextstrain_tree_graph_300day,601,367182346_3,367260687_4,203,139.5255000000226,-63.47449999997741,63.47449999997741,27
nextstrain_tree_graph_300day,601,367178707_1,368799062_1,183,70.85849999998538,-112.14150000001462,112.14150000001462,30
nextstrain_tree_graph_300day,601,367192815_2,367261907_1,170,59.53574999992094,-110.46425000007906,110.46425000007906,25
nextstrain_tree_graph_300day,601,367178707_1,367249584_2,170,107.38350000003521,-62.61649999996479,62.61649999996479,29
nextstrain_tree_graph_300day,601,367256711_2,367260687_4,90,40.17749999996346,-49.82250000003654,49.82250000003654,12
nextstrain_tree_graph_300day,601,367182346_3,367262510_2,182,118.34100000002525,-63.65899999997475,63.65899999997475,29
nextstrain_tree_graph_300day,601,367261907_1,367594279_2,197,133.31625000000332,-63.68374999999668,63.68374999999668,26
nextstrain_tree_graph_300day,601,366581876_3,367576377_2,239,121.2630000000392,-117.7369999999608,117.7369999999608,35
nextstrain_tree_graph_300day,601,366581494_3,367253315_2,284,220.24575000002392,-63.75424999997608,63.75424999997608,44
nextstrain_tree_graph_300day,601,367172315_3,367260870_2,187,133.31625000000332,-53.68374999999668,53.68374999999668,26
nextstrain_tree_graph_300day,601,366581494_3,367262510_2,109,77.06775000000465,-31.93224999999535,31.93224999999535,18
nextstrain_tree_graph_300day,601,364282136_1,368799062_1,226,122.72400000000465,-103.27599999999535,103.27599999999535,33
nextstrain_tree_graph_300day,601,366603466_1,367178087_2,106,42.36900000007773,-63.63099999992227,63.63099999992227,19
nextstrain_tree_graph_300day,601,367181633_3,367261907_1,141,77.43299999999601,-63.567000000003986,63.567000000003986,19
nextstrain_tree_graph_300day,601,367266081_3,367594279_2,259,195.4087500000299,-63.5912499999701,63.5912499999701,36
nextstrain_tree_graph_300day,601,367247724_2,367538969_2,120,56.24849999999867,-63.75150000000133,63.75150000000133,19
nextstrain_tree_graph_300day,601,366603466_1,367181633_3,104,40.54275000003787,-63.45724999996213,63.45724999996213,16
nextstrain_tree_graph_300day,601,367207992_2,367538971_2,170,107.38349999995216,-62.616500000047836,62.616500000047836,24
nextstrain_tree_graph_300day,601,367249584_2,367260870_2,107,53.32649999998472,-53.67350000001528,53.67350000001528,18
nextstrain_tree_graph_300day,601,366597060_3,367266081_3,304,45.29100000000864,-258.70899999999136,258.70899999999136,44
nextstrain_tree_graph_300day,601,367247724_2,367538971_2,125,62.09249999994353,-62.90750000005647,62.90750000005647,20
nextstrain_tree_graph_300day,601,367201359_2,367594279_2,175,111.40125000002325,-63.59874999997675,63.59874999997675,25
nextstrain_tree_graph_300day,601,367260687_4,368799062_1,115,49.30874999999668,-65.69125000000332,65.69125000000332,16
nextstrain_tree_graph_300day,601,366603466_1,367292193_1,127,56.24850000008172,-70.75149999991828,70.75149999991828,18
nextstrain_tree_graph_300day,601,366581494_3,367192815_2,184,120.16724999998206,-63.83275000001794,63.83275000001794,31
nextstrain_tree_graph_300day,601,367260687_4,367292193_1,108,58.4400000000299,-49.5599999999701,49.5599999999701,13
nextstrain_tree_graph_300day,601,367253315_2,367256711_2,226,134.4119999999774,-91.58800000002259,91.58800000002259,32
nextstrain_tree_graph_300day,601,366603466_1,367178707_1,179,109.20975000007508,-69.79024999992492,69.79024999992492,29
nextstrain_tree_graph_300day,601,366597060_3,367201359_2,220,86.19900000003787,-133.80099999996213,133.80099999996213,33
nextstrain_tree_graph_300day,601,367178087_2,367261907_1,143,79.25925000003588,-63.74074999996412,63.74074999996412,22
nextstrain_tree_graph_300day,601,367253315_2,367262510_2,207,143.17800000001927,-63.82199999998073,63.82199999998073,32
nextstrain_tree_graph_300day,601,367178087_2,367256711_2,99,35.06400000000133,-63.93599999999867,63.93599999999867,18
nextstrain_tree_graph_300day,601,366581876_3,367254506_2,146,84.37275000008106,-61.627249999918945,61.627249999918945,22
nextstrain_tree_graph_300day,601,364282136_1,367262510_2,206,142.08225000004518,-63.91774999995482,63.91774999995482,33
nextstrain_tree_graph_300day,601,367182346_3,367247724_2,194,130.39424999998937,-63.60575000001063,63.60575000001063,30
nextstrain_tree_graph_300day,601,367576377_2,368799062_1,192,78.89399999996147,-113.10600000003853,113.10600000003853,30
nextstrain_tree_graph_300day,601,367254506_2,367576377_2,93,103.36575000004717,10.365750000047171,10.365750000047171,13
nextstrain_tree_graph_300day,601,367538969_2,367538971_2,5,24.106500000011295,19.106500000011295,19.106500000011295,1
nextstrain_tree_graph_300day,601,366597060_3,367594279_2,249,185.1817500000226,-63.81824999997741,63.81824999997741,36
nextstrain_tree_graph_300day,601,366603466_1,367266081_3,215,144.2737500000764,-70.7262499999236,70.7262499999236,31
nextstrain_tree_graph_300day,601,366592032_2,367260870_2,230,166.5539999999648,-63.44600000003521,63.44600000003521,36
nextstrain_tree_graph_300day,601,367178707_1,367840398_2,186,81.81600000005847,-104.18399999994153,104.18399999994153,31
nextstrain_tree_graph_300day,601,367181633_3,367292193_1,87,51.500250000027904,-35.499749999972096,35.499749999972096,12
nextstrain_tree_graph_300day,601,367175180_1,367576377_2,171,107.38350000003521,-63.61649999996479,63.61649999996479,26
nextstrain_tree_graph_300day,601,367261907_1,367262510_2,127,63.188250000000664,-63.811749999999336,63.811749999999336,20
nextstrain_tree_graph_300day,601,364282136_1,367249584_2,201,159.24900000005448,-41.75099999994552,41.75099999994552,30
nextstrain_tree_graph_300day,601,367254506_2,367840398_2,102,38.35125000008969,-63.64874999991031,63.64874999991031,18
nextstrain_tree_graph_300day,601,367178087_2,367249584_2,97,33.237750000044514,-63.762249999955486,63.762249999955486,19
nextstrain_tree_graph_300day,601,367182346_3,367840398_2,215,109.9402500000578,-105.0597499999422,105.0597499999422,32
nextstrain_tree_graph_300day,601,367260687_4,367840398_2,118,54.422250000041856,-63.577749999958144,63.577749999958144,17
nextstrain_tree_graph_300day,601,367182346_3,367538969_2,226,74.1457499999907,-151.8542500000093,151.8542500000093,31
nextstrain_tree_graph_300day,601,367175180_1,367256711_2,92,28.124249999999336,-63.875750000000664,63.875750000000664,14
nextstrain_tree_graph_300day,601,364282136_1,367538971_2,255,121.99350000002192,-133.00649999997808,133.00649999997808,36
nextstrain_tree_graph_300day,601,366592032_2,367538971_2,243,110.30549999996612,-132.69450000003388,132.69450000003388,36
nextstrain_tree_graph_300day,601,364282136_1,367253315_2,349,63.91874999998339,-285.0812500000166,285.0812500000166,49
nextstrain_tree_graph_300day,601,367538969_2,368799062_1,138,24.83699999999402,-113.16300000000598,113.16300000000598,20
nextstrain_tree_graph_300day,601,366582933_3,367538969_2,215,151.57875000006976,-63.42124999993024,63.42124999993024,33
nextstrain_tree_graph_300day,601,367192815_2,367258028_3,95,61.3619999999608,-33.6380000000392,33.6380000000392,15
nextstrain_tree_graph_300day,601,364282136_1,367258028_3,224,160.34475000002857,-63.65524999997143,63.65524999997143,35
nextstrain_tree_graph_300day,601,367181633_3,367247724_2,90,6.574499999927582,-83.42550000007242,83.42550000007242,16
nextstrain_tree_graph_300day,601,367207992_2,367261907_1,184,120.53249999997342,-63.467500000026575,63.467500000026575,25
nextstrain_tree_graph_300day,601,366592032_2,367178087_2,208,146.46525000002458,-61.53474999997542,61.53474999997542,31
nextstrain_tree_graph_300day,601,367179399_2,367247724_2,126,62.09249999994353,-63.90750000005647,63.90750000005647,19
nextstrain_tree_graph_300day,601,366603466_1,367207992_2,137,83.64225000001528,-53.35774999998472,53.35774999998472,20
nextstrain_tree_graph_300day,601,367256711_2,367260870_2,119,55.152749999941534,-63.847250000058466,63.847250000058466,19
nextstrain_tree_graph_300day,601,367178707_1,367182346_3,271,29.585249999964788,-241.4147500000352,241.4147500000352,41
nextstrain_tree_graph_300day,601,364282136_1,367192815_2,249,149.38725000003853,-99.61274999996147,99.61274999996147,38
nextstrain_tree_graph_300day,601,366597060_3,367182346_3,297,38.351250000006644,-258.64874999999336,258.64874999999336,43
nextstrain_tree_graph_300day,601,367178087_2,367178707_1,155,106.28775000006112,-48.71224999993888,48.71224999993888,24
nextstrain_tree_graph_300day,601,367292193_1,367594279_2,157,107.38350000003521,-49.61649999996479,49.61649999996479,21
nextstrain_tree_graph_300day,601,367266081_3,367538971_2,238,105.19200000000399,-132.807999999996,132.807999999996,33
nextstrain_tree_graph_300day,601,367172315_3,367594279_2,231,167.28450000003056,-63.71549999996944,63.71549999996944,31
nextstrain_tree_graph_300day,601,367201359_2,367261907_1,168,68.6670000000372,-99.3329999999628,99.3329999999628,23
nextstrain_tree_graph_300day,601,367260870_2,367538971_2,149,86.19899999995482,-62.80100000004518,62.80100000004518,22
nextstrain_tree_graph_300day,601,367253315_2,367258028_3,225,161.44050000000266,-63.55949999999734,63.55949999999734,34
nextstrain_tree_graph_300day,601,367179399_2,367258028_3,132,68.3017499999628,-63.698250000037206,63.698250000037206,20
nextstrain_tree_graph_300day,601,367258028_3,367538969_2,126,62.45775000001794,-63.54224999998206,63.54224999998206,20
nextstrain_tree_graph_300day,601,367181633_3,367260870_2,114,50.40449999997077,-63.59550000002923,63.59550000002923,18
nextstrain_tree_graph_300day,601,367179399_2,367260687_4,135,71.22374999997675,-63.77625000002325,63.77625000002325,16
nextstrain_tree_graph_300day,601,364282136_1,367181633_3,220,156.32700000004053,-63.67299999995947,63.67299999995947,32
nextstrain_tree_graph_300day,601,367181633_3,367840398_2,111,47.48250000003986,-63.51749999996014,63.51749999996014,18
nextstrain_tree_graph_300day,601,367207992_2,367260687_4,142,78.5287499999701,-63.4712500000299,63.4712500000299,19
nextstrain_tree_graph_300day,601,364282136_1,367594279_2,276,212.21025000004784,-63.789749999952164,63.789749999952164,39
nextstrain_tree_graph_300day,601,366581494_3,366582933_3,30,30.31575000003056,0.31575000003056175,0.31575000003056175,3
nextstrain_tree_graph_300day,601,367538971_2,368799062_1,143,30.680999999938876,-112.31900000006112,112.31900000006112,21
nextstrain_tree_graph_300day,601,366581876_3,366603466_1,169,98.25225000008504,-70.74774999991496,70.74774999991496,28
nextstrain_tree_graph_300day,601,366597060_3,367175180_1,178,124.18500000005315,-53.81499999994685,53.81499999994685,26
nextstrain_tree_graph_300day,601,367172315_3,367262510_2,161,97.1565000000279,-63.843499999972096,63.843499999972096,25
nextstrain_tree_graph_300day,601,366582933_3,367292193_1,208,144.63900000006777,-63.36099999993223,63.36099999993223,32
nextstrain_tree_graph_300day,601,366582933_3,367254506_2,174,112.49700000008039,-61.50299999991961,61.50299999991961,26
nextstrain_tree_graph_300day,601,366603466_1,368799062_1,110,47.1172500000485,-62.8827499999515,62.8827499999515,17
nextstrain_tree_graph_300day,601,367178707_1,367254506_2,144,95.33025000007109,-48.66974999992891,48.66974999992891,21
nextstrain_tree_graph_300day,601,364282136_1,367261907_1,269,169.4760000000618,-99.52399999993821,99.52399999993821,37
nextstrain_tree_graph_300day,601,366592032_2,367181633_3,208,144.63899999998472,-63.36100000001528,63.36100000001528,32
nextstrain_tree_graph_300day,601,367178087_2,367594279_2,150,86.19900000003787,-63.80099999996213,63.80099999996213,24
nextstrain_tree_graph_300day,601,367181633_3,367594279_2,134,84.372749999998,-49.62725000000199,49.62725000000199,19
nextstrain_tree_graph_300day,601,367179399_2,367262510_2,114,50.039249999979404,-63.960750000020596,63.960750000020596,18
nextstrain_tree_graph_300day,601,367247724_2,367258028_3,94,30.315749999947514,-63.68425000005249,63.68425000005249,17
nextstrain_tree_graph_300day,601,366597060_3,367538969_2,223,70.85849999998538,-152.14150000001462,152.14150000001462,32
nextstrain_tree_graph_300day,601,366597060_3,367172315_3,266,55.88325000009036,-210.11674999990964,210.11674999990964,37
nextstrain_tree_graph_300day,601,366597060_3,367179399_2,229,65.01450000004053,-163.98549999995947,163.98549999995947,32
nextstrain_tree_graph_300day,601,366581494_3,367178707_1,228,167.28450000003056,-60.71549999996944,60.71549999996944,36
nextstrain_tree_graph_300day,601,367260687_4,367538969_2,129,65.37975000003189,-63.62024999996811,63.62024999996811,16
nextstrain_tree_graph_300day,601,367181633_3,367253315_2,221,157.42275000001462,-63.57724999998538,63.57724999998538,31
nextstrain_tree_graph_300day,601,367175180_1,367253315_2,216,152.3092500000525,-63.69074999994751,63.69074999994751,30
nextstrain_tree_graph_300day,601,366582933_3,367260870_2,207,143.54325000001063,-63.45674999998937,63.45674999998937,34
nextstrain_tree_graph_300day,601,367179399_2,367249584_2,131,67.2059999999887,-63.794000000011295,63.794000000011295,19
nextstrain_tree_graph_300day,601,367181633_3,367192815_2,121,57.34424999997276,-63.65575000002724,63.65575000002724,20
nextstrain_tree_graph_300day,601,367207992_2,367292193_1,158,94.59975000000532,-63.400249999994685,63.400249999994685,22
nextstrain_tree_graph_300day,601,367258028_3,367260687_4,103,39.44699999998073,-63.55300000001927,63.55300000001927,16
nextstrain_tree_graph_300day,601,366581876_3,367178707_1,230,113.22750000006312,-116.77249999993688,116.77249999993688,35
nextstrain_tree_graph_300day,601,367178087_2,367260870_2,116,52.23075000001063,-63.76924999998937,63.76924999998937,21
nextstrain_tree_graph_300day,601,367256711_2,367594279_2,139,89.12099999996877,-49.879000000031226,49.879000000031226,20
nextstrain_tree_graph_300day,601,367207992_2,367538969_2,165,101.53950000000731,-63.46049999999269,63.46049999999269,23
nextstrain_tree_graph_300day,601,367254506_2,367538969_2,113,49.308750000079726,-63.691249999920274,63.691249999920274,17
nextstrain_tree_graph_300day,601,367260687_4,367260870_2,121,57.34424999997276,-63.65575000002724,63.65575000002724,17
nextstrain_tree_graph_300day,601,364282136_1,367178707_1,295,53.32649999998472,-241.67350000001528,241.67350000001528,45
nextstrain_tree_graph_300day,601,367262510_2,367538971_2,113,50.039249999979404,-62.960750000020596,62.960750000020596,19
nextstrain_tree_graph_300day,601,367178707_1,367253315_2,296,54.42224999995881,-241.5777500000412,241.5777500000412,44
nextstrain_tree_graph_300day,601,366581494_3,367179399_2,191,127.10699999998405,-63.893000000015945,63.893000000015945,30
nextstrain_tree_graph_300day,601,367201359_2,367538971_2,154,8.765999999958808,-145.2340000000412,145.2340000000412,22
nextstrain_tree_graph_300day,601,367256711_2,367538971_2,132,41.27324999993755,-90.72675000006245,90.72675000006245,19
nextstrain_tree_graph_300day,601,367253315_2,367261907_1,270,170.57175000003588,-99.42824999996412,99.42824999996412,36
nextstrain_tree_graph_300day,601,367262510_2,367266081_3,189,125.28075000002724,-63.71924999997276,63.71924999997276,30
nextstrain_tree_graph_300day,601,367247724_2,367261907_1,139,75.24149999996479,-63.75850000003521,63.75850000003521,21
nextstrain_tree_graph_300day,601,367253315_2,367840398_2,240,134.77725000005182,-105.22274999994818,105.22274999994818,35
nextstrain_tree_graph_300day,601,366582933_3,366597060_3,286,222.43725000005514,-63.562749999944856,63.562749999944856,45
nextstrain_tree_graph_300day,601,367178087_2,367253315_2,223,159.24900000005448,-63.75099999994552,63.75099999994552,34
nextstrain_tree_graph_300day,601,367178707_1,367261907_1,216,117.61050000004252,-98.38949999995748,98.38949999995748,32
nextstrain_tree_graph_300day,601,367178087_2,367181633_3,94,30.31575000003056,-63.68424999996944,63.68424999996944,17
nextstrain_tree_graph_300day,601,367179399_2,367253315_2,257,93.13875000003986,-163.86124999996014,163.86124999996014,34
nextstrain_tree_graph_300day,601,367179399_2,367201359_2,155,21.184499999997342,-133.81550000000266,133.81550000000266,21
nextstrain_tree_graph_300day,601,367178087_2,367260687_4,101,22.645500000045843,-78.35449999995416,78.35449999995416,16
nextstrain_tree_graph_300day,601,367178707_1,367258028_3,171,108.4792500000093,-62.5207499999907,62.5207499999907,28
nextstrain_tree_graph_300day,601,367182346_3,367261907_1,245,145.73475000004186,-99.26524999995814,99.26524999995814,33
nextstrain_tree_graph_300day,601,367175180_1,367254506_2,78,14.244750000078398,-63.7552499999216,63.7552499999216,13
nextstrain_tree_graph_300day,601,367249584_2,367254506_2,86,22.28025000005448,-63.71974999994552,63.71974999994552,16
nextstrain_tree_graph_300day,601,366592032_2,368799062_1,224,111.03599999994884,-112.96400000005116,112.96400000005116,35
nextstrain_tree_graph_300day,601,366592032_2,367261907_1,257,157.78800000000598,-99.21199999999402,99.21199999999402,37
nextstrain_tree_graph_300day,601,367181633_3,367576377_2,176,112.49699999999734,-63.50300000000266,63.50300000000266,27
nextstrain_tree_graph_300day,601,366581876_3,367182346_3,261,141.35175000006245,-119.64824999993755,119.64824999993755,40
nextstrain_tree_graph_300day,601,367253315_2,367266081_3,332,73.41525000000797,-258.584749999992,258.584749999992,46
nextstrain_tree_graph_300day,601,367179399_2,367260870_2,150,86.19899999995482,-63.80100000004518,63.80100000004518,21
nextstrain_tree_graph_300day,601,367178087_2,367266081_3,205,141.35175000006245,-63.64824999993755,63.64824999993755,32
nextstrain_tree_graph_300day,601,367249584_2,367253315_2,224,160.34475000002857,-63.65524999997143,63.65524999997143,33
nextstrain_tree_graph_300day,601,366581876_3,367207992_2,200,136.60350000000864,-63.39649999999136,63.39649999999136,32
nextstrain_tree_graph_300day,601,366582933_3,367253315_2,314,250.56150000005448,-63.43849999994552,63.43849999994552,47
nextstrain_tree_graph_300day,601,367207992_2,367266081_3,246,182.625,-63.375,63.375,35
nextstrain_tree_graph_300day,601,367260687_4,367594279_2,141,91.3125,-49.6875,49.6875,18
nextstrain_tree_graph_300day,601,367172315_3,367179399_2,211,47.1172500000485,-163.8827499999515,163.8827499999515,27
nextstrain_tree_graph_300day,601,367266081_3,368799062_1,219,105.92249999998671,-113.07750000001329,113.07750000001329,32
nextstrain_tree_graph_300day,601,364282136_1,367178087_2,222,158.1532500000804,-63.84674999991961,63.84674999991961,35
nextstrain_tree_graph_300day,601,367207992_2,367256711_2,140,76.33724999993888,-63.66275000006112,63.66275000006112,21
nextstrain_tree_graph_300day,601,367172315_3,367576377_2,259,39.08175000007242,-219.91824999992758,219.91824999992758,37
nextstrain_tree_graph_300day,601,366582933_3,367260687_4,192,128.56800000003255,-63.431999999967445,63.431999999967445,29
nextstrain_tree_graph_300day,601,366581494_3,368799062_1,171,105.19200000000399,-65.80799999999601,65.80799999999601,30
nextstrain_tree_graph_300day,601,367175180_1,367178087_2,89,25.20225000006843,-63.79774999993157,63.79774999993157,16
nextstrain_tree_graph_300day,601,367538969_2,367840398_2,141,35.7945000000671,-105.2054999999329,105.2054999999329,21
nextstrain_tree_graph_300day,601,367253315_2,367594279_2,277,213.30600000002192,-63.693999999978075,63.693999999978075,38
nextstrain_tree_graph_300day,601,367247724_2,367266081_3,201,137.33399999999136,-63.66600000000864,63.66600000000864,31
nextstrain_tree_graph_300day,601,366581876_3,367594279_2,213,149.38725000003853,-63.612749999961466,63.612749999961466,33
nextstrain_tree_graph_300day,601,367179399_2,367261907_1,177,77.43299999999601,-99.56700000000399,99.56700000000399,22
nextstrain_tree_graph_300day,601,366581494_3,367182346_3,259,195.4087500000299,-63.5912499999701,63.5912499999701,41
nextstrain_tree_graph_300day,601,367175180_1,367262510_2,73,9.13125000003322,-63.86874999996678,63.86874999996678,14
nextstrain_tree_graph_300day,601,367192815_2,367254506_2,112,48.21300000002259,-63.78699999997741,63.78699999997741,18
nextstrain_tree_graph_300day,601,366592032_2,367249584_2,211,147.56099999999867,-63.43900000000133,63.43900000000133,34
nextstrain_tree_graph_300day,601,367262510_2,367538969_2,108,44.19525000003455,-63.80474999996545,63.80474999996545,18
nextstrain_tree_graph_300day,601,367256711_2,368799062_1,113,19.35824999995748,-93.64175000004252,93.64175000004252,18
nextstrain_tree_graph_300day,601,364282136_1,367256711_2,225,133.31625000000332,-91.68374999999668,91.68374999999668,33
nextstrain_tree_graph_300day,601,367254506_2,367256711_2,88,24.106500000011295,-63.893499999988705,63.893499999988705,15
nextstrain_tree_graph_300day,601,367178087_2,367538969_2,124,60.26625000006976,-63.73374999993024,63.73374999993024,20
nextstrain_tree_graph_300day,601,367207992_2,367260870_2,147,21.184499999997342,-125.81550000000266,125.81550000000266,22
nextstrain_tree_graph_300day,601,366597060_3,367576377_2,277,29.220000000056473,-247.77999999994353,247.77999999994353,42
nextstrain_tree_graph_300day,601,367201359_2,367576377_2,201,69.39750000001993,-131.60249999998007,131.60249999998007,27
nextstrain_tree_graph_300day,601,367260870_2,368799062_1,120,64.28399999997475,-55.71600000002525,55.71600000002525,19
nextstrain_tree_graph_300day,601,367175180_1,367260870_2,99,45.29100000000864,-53.70899999999136,53.70899999999136,15
nextstrain_tree_graph_300day,601,366603466_1,367172315_3,167,116.14950000007707,-50.85049999992293,50.85049999992293,22
nextstrain_tree_graph_300day,601,367172315_3,367182346_3,279,59.17050000009567,-219.82949999990433,219.82949999990433,38
nextstrain_tree_graph_300day,601,367258028_3,367262510_2,82,18.26249999998339,-63.73750000001661,63.73750000001661,16
nextstrain_tree_graph_300day,601,366603466_1,367260687_4,111,47.48250000003986,-63.51749999996014,63.51749999996014,15
nextstrain_tree_graph_300day,601,367261907_1,368799062_1,157,55.518000000015945,-101.48199999998405,101.48199999998405,22
nextstrain_tree_graph_300day,601,367538969_2,367576377_2,206,54.056999999967445,-151.94300000003255,151.94300000003255,30
nextstrain_tree_graph_300day,601,367249584_2,367292193_1,118,54.422250000041856,-63.577749999958144,63.577749999958144,18
nextstrain_tree_graph_300day,601,367178707_1,367179399_2,203,40.17750000004651,-162.8224999999535,162.8224999999535,30
nextstrain_tree_graph_300day,601,367249584_2,367261907_1,144,80.35500000000997,-63.644999999990034,63.644999999990034,21
nextstrain_tree_graph_300day,601,367256711_2,367538969_2,127,35.42924999999269,-91.57075000000731,91.57075000000731,18
nextstrain_tree_graph_300day,601,366603466_1,367179399_2,140,69.03225000002857,-70.96774999997143,70.96774999997143,19
nextstrain_tree_graph_300day,601,367260870_2,367262510_2,100,36.15974999997542,-63.84025000002458,63.84025000002458,19
nextstrain_tree_graph_300day,601,367181633_3,367262510_2,78,14.24474999999535,-63.75525000000465,63.75525000000465,15
nextstrain_tree_graph_300day,601,366581494_3,367254506_2,144,82.18125000004983,-61.81874999995017,61.81874999995017,23
nextstrain_tree_graph_300day,601,367178707_1,367201359_2,192,61.36200000004385,-130.63799999995615,130.63799999995615,27
nextstrain_tree_graph_300day,601,366597060_3,367538971_2,228,94.96499999999668,-133.03500000000332,133.03500000000332,33
nextstrain_tree_graph_300day,601,367260870_2,367594279_2,170,33.96825000002724,-136.03174999997276,136.03174999997276,25
nextstrain_tree_graph_300day,601,367178707_1,367181633_3,167,104.46150000002126,-62.53849999997874,62.53849999997874,27
nextstrain_tree_graph_300day,601,367181633_3,367538971_2,127,64.28399999997475,-62.71600000002525,62.71600000002525,18
nextstrain_tree_graph_300day,601,367178707_1,367256711_2,172,81.45074999998405,-90.54925000001595,90.54925000001595,28
nextstrain_tree_graph_300day,601,364282136_1,366592032_2,336,51.13499999995349,-284.8650000000465,284.8650000000465,50
nextstrain_tree_graph_300day,601,366581876_3,367262510_2,131,79.25925000003588,-51.74074999996412,51.74074999996412,21
nextstrain_tree_graph_300day,601,367292193_1,367538971_2,150,31.046250000013288,-118.95374999998671,118.95374999998671,20
nextstrain_tree_graph_300day,601,366582933_3,367249584_2,188,122.35875000009634,-65.64124999990366,65.64124999990366,32
nextstrain_tree_graph_300day,601,367260687_4,367261907_1,148,84.372749999998,-63.62725000000199,63.62725000000199,18
nextstrain_tree_graph_300day,601,367172315_3,367207992_2,208,154.50075000000066,-53.499249999999336,53.499249999999336,28
nextstrain_tree_graph_300day,601,367178087_2,367201359_2,119,57.34425000005581,-61.65574999994419,61.65574999994419,17
nextstrain_tree_graph_300day,601,366592032_2,367256711_2,213,121.62824999994751,-91.37175000005249,91.37175000005249,33
nextstrain_tree_graph_300day,601,367201359_2,367207992_2,162,98.61749999999336,-63.382500000006644,63.382500000006644,24
nextstrain_tree_graph_300day,601,367256711_2,367292193_1,74,28.4894999999907,-45.5105000000093,45.5105000000093,11
nextstrain_tree_graph_300day,601,367249584_2,367840398_2,114,50.404500000053815,-63.595499999946185,63.595499999946185,20
nextstrain_tree_graph_300day,601,367249584_2,367260687_4,102,38.351250000006644,-63.648749999993356,63.648749999993356,15
nextstrain_tree_graph_300day,601,367253315_2,367538971_2,256,123.08924999999601,-132.910750000004,132.910750000004,35
nextstrain_tree_graph_300day,601,367261907_1,367538971_2,146,77.43299999999601,-68.56700000000399,68.56700000000399,21
nextstrain_tree_graph_300day,601,367178707_1,367576377_2,237,9.496499999941534,-227.50350000005847,227.50350000005847,34
nextstrain_tree_graph_300day,601,367179399_2,367538971_2,163,29.95049999995615,-133.04950000004385,133.04950000004385,21
nextstrain_tree_graph_300day,601,364282136_1,367260870_2,232,178.2420000000206,-53.757999999979404,53.757999999979404,34
nextstrain_tree_graph_300day,601,367182346_3,367192815_2,225,125.6460000000186,-99.3539999999814,99.3539999999814,34
nextstrain_tree_graph_300day,601,367172315_3,367181633_3,175,111.40125000002325,-63.59874999997675,63.59874999997675,24
nextstrain_tree_graph_300day,601,367181633_3,367260687_4,85,35.42924999999269,-49.57075000000731,49.57075000000731,11
nextstrain_tree_graph_300day,601,367247724_2,368799062_1,106,40.17749999996346,-65.82250000003654,65.82250000003654,19
nextstrain_tree_graph_300day,601,366597060_3,368799062_1,199,95.6954999999794,-103.3045000000206,103.3045000000206,30
nextstrain_tree_graph_300day,601,367201359_2,367840398_2,138,32.87250000005315,-105.12749999994685,105.12749999994685,22
nextstrain_tree_graph_300day,601,366603466_1,367538969_2,134,63.18825000008371,-70.81174999991629,70.81174999991629,19
nextstrain_tree_graph_300day,601,367253315_2,367576377_2,305,57.34425000005581,-247.6557499999442,247.6557499999442,44
nextstrain_tree_graph_300day,601,364282136_1,367266081_3,331,72.31950000003388,-258.6804999999661,258.6804999999661,47
nextstrain_tree_graph_300day,601,367181633_3,367538969_2,122,58.4400000000299,-63.5599999999701,63.5599999999701,17
nextstrain_tree_graph_300day,601,364282136_1,367207992_2,241,199.42650000001794,-41.57349999998206,41.57349999998206,34
nextstrain_tree_graph_300day,601,367247724_2,367262510_2,74,12.053249999964123,-61.94675000003588,61.94675000003588,13
nextstrain_tree_graph_300day,601,367538971_2,367594279_2,183,120.16724999998206,-62.83275000001794,62.83275000001794,25
nextstrain_tree_graph_300day,601,367207992_2,368799062_1,141,85.4684999999721,-55.531500000027904,55.531500000027904,21
nextstrain_tree_graph_300day,601,367247724_2,367594279_2,146,82.18124999996678,-63.81875000003322,63.81875000003322,23
nextstrain_tree_graph_300day,601,367253315_2,367292193_1,244,124.18500000005315,-119.81499999994685,119.81499999994685,33
nextstrain_tree_graph_300day,601,367538971_2,367576377_2,211,78.16349999997874,-132.83650000002126,132.83650000002126,31
nextstrain_tree_graph_300day,601,366603466_1,367253315_2,233,162.17100000006843,-70.82899999993157,70.82899999993157,33
nextstrain_tree_graph_300day,601,367179399_2,368799062_1,144,30.680999999938876,-113.31900000006112,113.31900000006112,20
nextstrain_tree_graph_300day,601,367178087_2,367182346_3,198,134.41200000006046,-63.58799999993954,63.58799999993954,31
nextstrain_tree_graph_300day,601,367192815_2,367207992_2,164,100.44374999995017,-63.55625000004983,63.55625000004983,26
nextstrain_tree_graph_300day,601,366582933_3,367261907_1,234,170.57175000003588,-63.42824999996412,63.42824999996412,35
nextstrain_tree_graph_300day,601,367175180_1,367538969_2,117,53.32650000006777,-63.67349999993223,63.67349999993223,16
nextstrain_tree_graph_300day,601,366581494_3,367247724_2,151,69.39749999993688,-81.60250000006312,81.60250000006312,25
nextstrain_tree_graph_300day,601,367181633_3,367182346_3,196,132.5857500000206,-63.414249999979404,63.414249999979404,28
nextstrain_tree_graph_300day,601,367254506_2,367266081_3,194,130.39425000007242,-63.60574999992758,63.60574999992758,29
nextstrain_tree_graph_300day,601,366592032_2,367201359_2,233,101.53950000000731,-131.4604999999927,131.4604999999927,32
nextstrain_tree_graph_300day,601,366581876_3,367538971_2,192,73.05000000001661,-118.94999999998339,118.94999999998339,30
nextstrain_tree_graph_300day,601,367201359_2,367247724_2,115,53.32649999998472,-61.67350000001528,61.67350000001528,16
nextstrain_tree_graph_300day,601,366582933_3,366603466_1,197,133.68150000007773,-63.31849999992227,63.31849999992227,32
nextstrain_tree_graph_300day,601,366592032_2,367175180_1,203,139.5255000000226,-63.47449999997741,63.47449999997741,31
nextstrain_tree_graph_300day,601,366597060_3,367181633_3,193,129.29850000001528,-63.70149999998472,63.70149999998472,29
nextstrain_tree_graph_300day,601,367182346_3,367292193_1,219,99.34800000005913,-119.65199999994087,119.65199999994087,30
nextstrain_tree_graph_300day,601,367172315_3,367175180_1,160,106.28775000006112,-53.71224999993888,53.71224999993888,21
nextstrain_tree_graph_300day,601,366582933_3,367594279_2,241,177.51150000003787,-63.48849999996213,63.48849999996213,37
nextstrain_tree_graph_300day,601,366592032_2,366597060_3,309,37.25549999994951,-271.7445000000505,271.7445000000505,47
nextstrain_tree_graph_300day,601,366592032_2,367179399_2,244,80.35500000000997,-163.64499999999003,163.64499999999003,35
nextstrain_tree_graph_300day,601,367266081_3,367840398_2,222,116.8800000000598,-105.1199999999402,105.1199999999402,33
nextstrain_tree_graph_300day,601,366581494_3,367261907_1,204,140.25600000000532,-63.743999999994685,63.743999999994685,32
nextstrain_tree_graph_300day,601,367178087_2,367207992_2,137,73.41525000000797,-63.58474999999203,63.58474999999203,23
nextstrain_tree_graph_300day,601,367181633_3,367258028_3,96,32.50724999997874,-63.49275000002126,63.49275000002126,17
nextstrain_tree_graph_300day,601,366581494_3,366603466_1,167,103.36575000004717,-63.63424999995283,63.63424999995283,29
nextstrain_tree_graph_300day,601,366581494_3,367258028_3,159,95.33024999998804,-63.66975000001196,63.66975000001196,28
nextstrain_tree_graph_300day,601,367175180_1,367292193_1,110,46.386750000065774,-63.613249999934226,63.613249999934226,15
nextstrain_tree_graph_300day,601,367207992_2,367594279_2,191,12.783750000029897,-178.2162499999701,178.2162499999701,27
nextstrain_tree_graph_300day,601,364282136_1,366581494_3,283,219.15000000004983,-63.84999999995017,63.84999999995017,45
nextstrain_tree_graph_300day,601,366603466_1,367261907_1,153,82.18125000004983,-70.81874999995017,70.81874999995017,21
nextstrain_tree_graph_300day,601,366592032_2,367253315_2,337,39.812250000055144,-297.18774999994486,297.18774999994486,49
nextstrain_tree_graph_300day,601,364282136_1,367179399_2,256,92.04300000006577,-163.95699999993423,163.95699999993423,35
nextstrain_tree_graph_300day,601,366582933_3,367182346_3,289,225.72450000006046,-63.27549999993954,63.27549999993954,44
nextstrain_tree_graph_300day,601,367178707_1,367262510_2,151,90.21675000002591,-60.78324999997409,60.78324999997409,24
nextstrain_tree_graph_300day,601,366581494_3,367538971_2,190,127.10699999998405,-62.893000000015945,62.893000000015945,31
nextstrain_tree_graph_300day,601,367292193_1,368799062_1,131,17.897249999992027,-113.10275000000797,113.10275000000797,19
nextstrain_tree_graph_300day,601,367178087_2,367192815_2,123,59.17050000001262,-63.82949999998738,63.82949999998738,21
nextstrain_tree_graph_300day,601,366597060_3,366603466_1,195,134.0467500000691,-60.953249999930904,60.953249999930904,29
nextstrain_tree_graph_300day,601,366603466_1,367201359_2,131,60.26625000006976,-70.73374999993024,70.73374999993024,20
nextstrain_tree_graph_300day,601,367260687_4,367266081_3,210,146.46525000002458,-63.53474999997542,63.53474999997542,28
nextstrain_tree_graph_300day,601,364282136_1,367254506_2,211,147.19575000009036,-63.80424999990964,63.80424999990964,32
nextstrain_tree_graph_300day,601,367172315_3,367247724_2,173,109.20974999999203,-63.79025000000797,63.79025000000797,26
nextstrain_tree_graph_300day,601,367179399_2,367256711_2,133,41.27324999993755,-91.72675000006245,91.72675000006245,18
nextstrain_tree_graph_300day,601,366592032_2,367260687_4,215,151.5787499999867,-63.42125000001329,63.42125000001329,31
nextstrain_tree_graph_300day,601,367175180_1,367258028_3,91,27.39375000001661,-63.60624999998339,63.60624999998339,16
nextstrain_tree_graph_300day,601,367178087_2,367840398_2,113,49.308750000079726,-63.691249999920274,63.691249999920274,21
nextstrain_tree_graph_300day,601,367192815_2,368799062_1,137,35.42924999999269,-101.57075000000731,101.57075000000731,23
nextstrain_tree_graph_300day,601,367262510_2,367840398_2,97,33.237750000044514,-63.762249999955486,63.762249999955486,19
nextstrain_tree_graph_300day,601,367181633_3,367201359_2,119,55.518000000015945,-63.481999999984055,63.481999999984055,18
nextstrain_tree_graph_300day,601,367192815_2,367247724_2,119,55.152749999941534,-63.847250000058466,63.847250000058466,20
nextstrain_tree_graph_300day,601,367172315_3,367178087_2,177,113.22750000006312,-63.77249999993688,63.77249999993688,27
nextstrain_tree_graph_300day,601,367172315_3,367840398_2,194,88.75575000006046,-105.24424999993954,105.24424999993954,28
nextstrain_tree_graph_300day,601,367172315_3,367253315_2,304,84.00750000008969,-219.9924999999103,219.9924999999103,41
nextstrain_tree_graph_300day,601,366581876_3,367260870_2,179,115.4190000000113,-63.580999999988705,63.580999999988705,30
nextstrain_tree_graph_300day,601,367192815_2,367249584_2,124,60.26624999998671,-63.73375000001329,63.73375000001329,22
nextstrain_tree_graph_300day,601,366597060_3,367260687_4,200,136.23825000001727,-63.761749999982726,63.761749999982726,28
nextstrain_tree_graph_300day,601,364282136_1,366603466_1,222,161.07525000009434,-60.92474999990566,60.92474999990566,32
nextstrain_tree_graph_300day,601,367192815_2,367576377_2,205,105.55724999999535,-99.44275000000465,99.44275000000465,31
nextstrain_tree_graph_300day,601,366603466_1,367576377_2,188,117.24525000005116,-70.75474999994884,70.75474999994884,29
nextstrain_tree_graph_300day,601,366581876_3,367840398_2,176,70.85850000006843,-105.14149999993157,105.14149999993157,30
nextstrain_tree_graph_300day,601,367249584_2,367262510_2,81,17.1667500000093,-63.8332499999907,63.8332499999907,17
nextstrain_tree_graph_300day,601,366581494_3,367538969_2,185,121.2630000000392,-63.7369999999608,63.7369999999608,30
nextstrain_tree_graph_300day,601,367207992_2,367258028_3,139,61.727249999952164,-77.27275000004784,77.27275000004784,23
nextstrain_tree_graph_300day,601,367201359_2,367258028_3,123,59.535750000003986,-63.464249999996014,63.464249999996014,19
nextstrain_tree_graph_300day,601,367247724_2,367292193_1,113,49.30874999999668,-63.69125000000332,63.69125000000332,18
nextstrain_tree_graph_300day,601,367254506_2,367261907_1,132,68.30175000004584,-63.69824999995416,63.69824999995416,19
nextstrain_tree_graph_300day,601,367256711_2,367258028_3,101,37.25549999994951,-63.74450000005049,63.74450000005049,18
nextstrain_tree_graph_300day,601,366581494_3,367172315_3,238,174.22425000003255,-63.775749999967445,63.775749999967445,37
nextstrain_tree_graph_300day,628,368396323_4,368416251_3,88,58.074749999955486,-29.925250000044514,29.925250000044514,11
nextstrain_tree_graph_300day,628,368396323_4,368437355_2,117,80.72025000000133,-36.27974999999867,36.27974999999867,19
nextstrain_tree_graph_300day,628,368416251_3,368437355_2,159,122.72400000000465,-36.27599999999535,36.27599999999535,22
nextstrain_tree_graph_300day,629,361748233_2,361915301_1,84,36.890249999958144,-47.109750000041856,47.109750000041856,13
nextstrain_tree_graph_300day,634,363970835_2,364939620_1,160,101.53950000009036,-58.46049999990964,58.46049999990964,23
nextstrain_tree_graph_300day,634,363970835_2,365728441_3,253,65.37974999994884,-187.62025000005116,187.62025000005116,34
nextstrain_tree_graph_300day,634,364939620_1,365728441_3,159,100.44375000011627,-58.55624999988373,58.55624999988373,23
nextstrain_tree_graph_300day,638,366816822_2,366819951_3,54,6.209250000019267,-47.79074999998073,47.79074999998073,9
nextstrain_tree_graph_300day,638,366816822_2,366830738_2,51,2.191500000031226,-48.808499999968774,48.808499999968774,10
nextstrain_tree_graph_300day,638,366816822_2,366832054_1,62,13.514250000012623,-48.48574999998738,48.48574999998738,10
nextstrain_tree_graph_300day,638,366816822_2,366864798_4,167,118.34100000002525,-48.65899999997475,48.65899999997475,26
nextstrain_tree_graph_300day,638,366816822_2,366942639_2,60,11.322750000064445,-48.677249999935555,48.677249999935555,10
nextstrain_tree_graph_300day,638,366816822_2,366950724_2,80,31.41150000000465,-48.58849999999535,48.58849999999535,14
nextstrain_tree_graph_300day,638,366816822_2,367669925_1,94,45.29100000000864,-48.70899999999136,48.70899999999136,15
nextstrain_tree_graph_300day,638,366816822_2,368383035_2,128,79.25925000003588,-48.74074999996412,48.74074999996412,20
nextstrain_tree_graph_300day,638,366816822_2,368637905_1,75,27.39375000001661,-47.60624999998339,47.60624999998339,15
nextstrain_tree_graph_300day,638,366819951_3,366830738_2,53,4.017749999988041,-48.98225000001196,48.98225000001196,11
nextstrain_tree_graph_300day,638,366819951_3,366832054_1,64,15.340499999969438,-48.65950000003056,48.65950000003056,11
nextstrain_tree_graph_300day,638,366819951_3,366864798_4,113,112.13175000000598,-0.8682499999940205,0.8682499999940205,17
nextstrain_tree_graph_300day,638,366819951_3,366942639_2,62,13.14900000002126,-48.85099999997874,48.85099999997874,11
nextstrain_tree_graph_300day,638,366819951_3,366950724_2,82,33.237749999961466,-48.762250000038534,48.762250000038534,15
nextstrain_tree_graph_300day,638,366819951_3,367669925_1,96,47.11724999996545,-48.88275000003455,48.88275000003455,16
nextstrain_tree_graph_300day,638,366819951_3,368383035_2,130,81.08549999999269,-48.91450000000731,48.91450000000731,21
nextstrain_tree_graph_300day,638,366819951_3,368637905_1,77,29.219999999973425,-47.780000000026575,47.780000000026575,16
nextstrain_tree_graph_300day,638,366830738_2,366832054_1,61,11.322749999981397,-49.6772500000186,49.6772500000186,12
nextstrain_tree_graph_300day,638,366830738_2,366864798_4,166,116.14949999999402,-49.85050000000598,49.85050000000598,28
nextstrain_tree_graph_300day,638,366830738_2,366942639_2,59,9.13125000003322,-49.86874999996678,49.86874999996678,12
nextstrain_tree_graph_300day,638,366830738_2,366950724_2,79,29.219999999973425,-49.780000000026575,49.780000000026575,14
nextstrain_tree_graph_300day,638,366830738_2,367669925_1,93,43.09949999997741,-49.90050000002259,49.90050000002259,17
nextstrain_tree_graph_300day,638,366830738_2,368383035_2,127,77.06775000000465,-49.93224999999535,49.93224999999535,22
nextstrain_tree_graph_300day,638,366830738_2,368637905_1,54,25.202249999985384,-28.797750000014616,28.797750000014616,9
nextstrain_tree_graph_300day,638,366832054_1,366864798_4,177,127.47224999997542,-49.52775000002458,49.52775000002458,28
nextstrain_tree_graph_300day,638,366832054_1,366942639_2,70,20.454000000014616,-49.54599999998538,49.54599999998538,12
nextstrain_tree_graph_300day,638,366832054_1,366950724_2,90,40.54274999995482,-49.45725000004518,49.45725000004518,16
nextstrain_tree_graph_300day,638,366832054_1,367669925_1,104,54.42224999995881,-49.57775000004119,49.57775000004119,17
nextstrain_tree_graph_300day,638,366832054_1,368383035_2,130,88.39049999998605,-41.60950000001395,41.60950000001395,20
nextstrain_tree_graph_300day,638,366832054_1,368637905_1,85,36.52499999996678,-48.47500000003322,48.47500000003322,17
nextstrain_tree_graph_300day,638,366864798_4,366942639_2,175,125.28075000002724,-49.71924999997276,49.71924999997276,28
nextstrain_tree_graph_300day,638,366864798_4,366950724_2,195,145.36949999996745,-49.630500000032555,49.630500000032555,32
nextstrain_tree_graph_300day,638,366864798_4,367669925_1,209,159.24899999997143,-49.75100000002857,49.75100000002857,33
nextstrain_tree_graph_300day,638,366864798_4,368383035_2,243,193.21724999999867,-49.78275000000133,49.78275000000133,38
nextstrain_tree_graph_300day,638,366864798_4,368637905_1,190,141.3517499999794,-48.648250000020596,48.648250000020596,33
nextstrain_tree_graph_300day,638,366942639_2,366950724_2,88,38.351250000006644,-49.648749999993356,49.648749999993356,16
nextstrain_tree_graph_300day,638,366942639_2,367669925_1,94,52.23075000001063,-41.76924999998937,41.76924999998937,15
nextstrain_tree_graph_300day,638,366942639_2,368383035_2,136,86.19900000003787,-49.80099999996213,49.80099999996213,22
nextstrain_tree_graph_300day,638,366942639_2,368637905_1,83,34.3335000000186,-48.6664999999814,48.6664999999814,17
nextstrain_tree_graph_300day,638,366950724_2,367669925_1,122,29.95049999995615,-92.04950000004385,92.04950000004385,21
nextstrain_tree_graph_300day,638,366950724_2,368383035_2,156,84.372749999998,-71.627250000002,71.627250000002,26
nextstrain_tree_graph_300day,638,366950724_2,368637905_1,103,12.053249999964123,-90.94675000003588,90.94675000003588,19
nextstrain_tree_graph_300day,638,367669925_1,368383035_2,170,98.252250000002,-71.747749999998,71.747749999998,27
nextstrain_tree_graph_300day,638,367669925_1,368637905_1,117,18.627749999974753,-98.37225000002525,98.37225000002525,22
nextstrain_tree_graph_300day,638,368383035_2,368637905_1,151,80.35500000000997,-70.64499999999003,70.64499999999003,27
nextstrain_tree_graph_300day,665,364934266_2,364961314_2,106,66.11025000001462,-39.88974999998538,39.88974999998538,16
nextstrain_tree_graph_300day,665,364934266_2,364961770_1,157,53.32649999998472,-103.67350000001528,103.67350000001528,23
nextstrain_tree_graph_300day,665,364934266_2,364989731_3,175,33.237749999961466,-141.76225000003853,141.76225000003853,26
nextstrain_tree_graph_300day,665,364934266_2,364992166_3,63,31.41150000000465,-31.58849999999535,31.58849999999535,10
nextstrain_tree_graph_300day,665,364961314_2,364961770_1,91,12.783750000029897,-78.2162499999701,78.2162499999701,13
nextstrain_tree_graph_300day,665,364961314_2,364989731_3,109,48.943500000005315,-60.056499999994685,60.056499999994685,16
nextstrain_tree_graph_300day,665,364961314_2,364992166_3,87,47.1172500000485,-39.8827499999515,39.8827499999515,12
nextstrain_tree_graph_300day,665,364961770_1,364989731_3,140,36.15974999997542,-103.84025000002458,103.84025000002458,19
nextstrain_tree_graph_300day,665,364961770_1,364992166_3,138,34.3335000000186,-103.6664999999814,103.6664999999814,19
nextstrain_tree_graph_300day,665,364989731_3,364992166_3,156,1.826249999956815,-154.17375000004319,154.17375000004319,22
nextstrain_tree_graph_300day,673,367841268_2,367939793_2,159,117.61049999995947,-41.38950000004053,41.38950000004053,20
nextstrain_tree_graph_300day,673,367841268_2,367940509_1,178,103.36574999996412,-74.63425000003588,74.63425000003588,23
nextstrain_tree_graph_300day,673,367841268_2,368444870_1,108,33.96825000002724,-74.03174999997276,74.03174999997276,16
nextstrain_tree_graph_300day,673,367841268_2,368681315_3,67,8.035499999976082,-58.96450000002392,58.96450000002392,9
nextstrain_tree_graph_300day,673,367939793_2,367940509_1,77,34.698750000009966,-42.301249999990034,42.301249999990034,11
nextstrain_tree_graph_300day,673,367939793_2,368444870_1,193,151.5787499999867,-41.42125000001329,41.42125000001329,26
nextstrain_tree_graph_300day,673,367939793_2,368681315_3,152,109.57499999998339,-42.42500000001661,42.42500000001661,19
nextstrain_tree_graph_300day,673,367940509_1,368444870_1,212,137.33399999999136,-74.66600000000864,74.66600000000864,29
nextstrain_tree_graph_300day,673,367940509_1,368681315_3,171,95.33024999998804,-75.66975000001196,75.66975000001196,22
nextstrain_tree_graph_300day,673,368444870_1,368681315_3,75,42.00375000000332,-32.99624999999668,32.99624999999668,11
nextstrain_tree_graph_300day,674,366965023_2,367554198_1,269,104.46149999993821,-164.5385000000618,164.5385000000618,42
nextstrain_tree_graph_300day,674,366965023_2,367576981_1,141,52.23075000001063,-88.76924999998937,88.76924999998937,22
nextstrain_tree_graph_300day,674,366965023_2,367758358_1,20,20.81924999992293,0.8192499999229312,0.8192499999229312,2
nextstrain_tree_graph_300day,674,366965023_2,367922259_1,217,53.32649999998472,-163.67350000001528,163.67350000001528,33
nextstrain_tree_graph_300day,674,366965023_2,368309256_3,191,26.297999999959472,-164.70200000004053,164.70200000004053,30
nextstrain_tree_graph_300day,674,366965023_2,368310592_5,239,74.51099999998206,-164.48900000001794,164.48900000001794,37
nextstrain_tree_graph_300day,674,366965023_2,368311141_4,234,184.81650000003123,-49.183499999968774,49.183499999968774,35
nextstrain_tree_graph_300day,674,366965023_2,368317488_3,263,214.03650000000465,-48.96349999999535,48.96349999999535,39
nextstrain_tree_graph_300day,674,366965023_2,368321486_2,133,83.64225000001528,-49.35774999998472,49.35774999998472,22
nextstrain_tree_graph_300day,674,366965023_2,368329274_1,149,81.45074999998405,-67.54925000001595,67.54925000001595,25
nextstrain_tree_graph_300day,674,366965023_2,368348327_4,252,87.65999999992027,-164.34000000007973,164.34000000007973,35
nextstrain_tree_graph_300day,674,366965023_2,368354305_2,121,92.40824999989104,-28.59175000010896,28.59175000010896,19
nextstrain_tree_graph_300day,674,366965023_2,368359560_3,148,59.535750000003986,-88.46424999999601,88.46424999999601,23
nextstrain_tree_graph_300day,674,366965023_2,368370868_2,189,160.34474999986247,-28.655250000137528,28.655250000137528,27
nextstrain_tree_graph_300day,674,366965023_2,368388261_2,226,176.78100000005514,-49.218999999944856,49.218999999944856,36
nextstrain_tree_graph_300day,674,366965023_2,368452621_1,173,14.975249999978075,-158.02475000002192,158.02475000002192,25
nextstrain_tree_graph_300day,674,366965023_2,368472598_2,208,43.464749999968774,-164.53525000003123,164.53525000003123,29
nextstrain_tree_graph_300day,674,366965023_2,368490823_1,270,105.5572499999123,-164.4427500000877,164.4427500000877,42
nextstrain_tree_graph_300day,674,367554198_1,367576981_1,228,139.16025000003123,-88.83974999996877,88.83974999996877,36
nextstrain_tree_graph_300day,674,367554198_1,367758358_1,249,107.74874999994353,-141.25125000005647,141.25125000005647,40
nextstrain_tree_graph_300day,674,367554198_1,367922259_1,114,51.13499999995349,-62.86500000004651,62.86500000004651,17
nextstrain_tree_graph_300day,674,367554198_1,368309256_3,102,78.16349999997874,-23.83650000002126,23.83650000002126,16
nextstrain_tree_graph_300day,674,367554198_1,368310592_5,150,29.95049999995615,-120.04950000004385,120.04950000004385,23
nextstrain_tree_graph_300day,674,367554198_1,368311141_4,311,271.7460000000518,-39.25399999994818,39.25399999994818,45
nextstrain_tree_graph_300day,674,367554198_1,368317488_3,340,300.96600000002525,-39.03399999997475,39.03399999997475,49
nextstrain_tree_graph_300day,674,367554198_1,368321486_2,210,170.57175000003588,-39.42824999996412,39.42824999996412,32
nextstrain_tree_graph_300day,674,367554198_1,368329274_1,236,168.38025000000465,-67.61974999999535,67.61974999999535,37
nextstrain_tree_graph_300day,674,367554198_1,368348327_4,339,163.63200000003388,-175.36799999996612,175.36799999996612,47
nextstrain_tree_graph_300day,674,367554198_1,368354305_2,198,179.33774999991164,-18.662250000088363,18.662250000088363,29
nextstrain_tree_graph_300day,674,367554198_1,368359560_3,235,146.46525000002458,-88.53474999997542,88.53474999997542,35
nextstrain_tree_graph_300day,674,367554198_1,368370868_2,266,247.27424999988307,-18.725750000116932,18.725750000116932,37
nextstrain_tree_graph_300day,674,367554198_1,368388261_2,303,263.71050000007574,-39.28949999992426,39.28949999992426,46
nextstrain_tree_graph_300day,674,367554198_1,368452621_1,260,101.90474999999867,-158.09525000000133,158.09525000000133,39
nextstrain_tree_graph_300day,674,367554198_1,368472598_2,295,119.43675000008238,-175.56324999991762,175.56324999991762,41
nextstrain_tree_graph_300day,674,367554198_1,368490823_1,357,181.5292500000259,-175.4707499999741,175.4707499999741,54
nextstrain_tree_graph_300day,674,367576981_1,367758358_1,121,32.142000000070425,-88.85799999992958,88.85799999992958,20
nextstrain_tree_graph_300day,674,367576981_1,367922259_1,176,88.02525000007773,-87.97474999992227,87.97474999992227,27
nextstrain_tree_graph_300day,674,367576981_1,368309256_3,150,60.99675000005249,-89.00324999994751,89.00324999994751,24
nextstrain_tree_graph_300day,674,367576981_1,368310592_5,198,109.20975000007508,-88.79024999992492,88.79024999992492,31
nextstrain_tree_graph_300day,674,367576981_1,368311141_4,193,143.54325000009368,-49.45674999990632,49.45674999990632,29
nextstrain_tree_graph_300day,674,367576981_1,368317488_3,222,172.7632500000671,-49.2367499999329,49.2367499999329,33
nextstrain_tree_graph_300day,674,367576981_1,368321486_2,92,42.36900000007773,-49.63099999992227,49.63099999992227,16
nextstrain_tree_graph_300day,674,367576981_1,368329274_1,108,40.17750000004651,-67.8224999999535,67.8224999999535,19
nextstrain_tree_graph_300day,674,367576981_1,368348327_4,211,122.35875000001329,-88.64124999998671,88.64124999998671,29
nextstrain_tree_graph_300day,674,367576981_1,368354305_2,80,51.13499999995349,-28.865000000046507,28.865000000046507,13
nextstrain_tree_graph_300day,674,367576981_1,368359560_3,107,7.304999999993356,-99.69500000000664,99.69500000000664,17
nextstrain_tree_graph_300day,674,367576981_1,368370868_2,148,119.07149999992492,-28.928500000075076,28.928500000075076,21
nextstrain_tree_graph_300day,674,367576981_1,368388261_2,185,135.5077500001176,-49.492249999882404,49.492249999882404,30
nextstrain_tree_graph_300day,674,367576981_1,368452621_1,128,43.09950000006046,-84.90049999993954,84.90049999993954,17
nextstrain_tree_graph_300day,674,367576981_1,368472598_2,167,78.16350000006179,-88.83649999993821,88.83649999993821,23
nextstrain_tree_graph_300day,674,367576981_1,368490823_1,229,140.25600000000532,-88.74399999999468,88.74399999999468,36
nextstrain_tree_graph_300day,674,367758358_1,367922259_1,197,56.613749999990034,-140.38625000000997,140.38625000000997,31
nextstrain_tree_graph_300day,674,367758358_1,368309256_3,171,29.585249999964788,-141.4147500000352,141.4147500000352,28
nextstrain_tree_graph_300day,674,367758358_1,368310592_5,219,77.79824999998738,-141.20175000001262,141.20175000001262,35
nextstrain_tree_graph_300day,674,367758358_1,368311141_4,214,164.72775000009102,-49.27224999990898,49.27224999990898,33
nextstrain_tree_graph_300day,674,367758358_1,368317488_3,243,193.94775000006445,-49.052249999935555,49.052249999935555,37
nextstrain_tree_graph_300day,674,367758358_1,368321486_2,113,63.553500000075076,-49.446499999924924,49.446499999924924,20
nextstrain_tree_graph_300day,674,367758358_1,368329274_1,129,61.36200000004385,-67.63799999995615,67.63799999995615,23
nextstrain_tree_graph_300day,674,367758358_1,368348327_4,232,90.94724999992559,-141.0527500000744,141.0527500000744,33
nextstrain_tree_graph_300day,674,367758358_1,368354305_2,101,72.31949999995084,-28.680500000049165,28.680500000049165,17
nextstrain_tree_graph_300day,674,367758358_1,368359560_3,128,39.44700000006378,-88.55299999993622,88.55299999993622,21
nextstrain_tree_graph_300day,674,367758358_1,368370868_2,169,140.25599999992227,-28.744000000077733,28.744000000077733,25
nextstrain_tree_graph_300day,674,367758358_1,368388261_2,206,156.69225000011494,-49.30774999988506,49.30774999988506,34
nextstrain_tree_graph_300day,674,367758358_1,368452621_1,153,11.68799999997276,-141.31200000002724,141.31200000002724,23
nextstrain_tree_graph_300day,674,367758358_1,368472598_2,188,46.75199999997409,-141.2480000000259,141.2480000000259,27
nextstrain_tree_graph_300day,674,367758358_1,368490823_1,250,108.84449999991762,-141.15550000008238,141.15550000008238,40
nextstrain_tree_graph_300day,674,367922259_1,368309256_3,50,27.028500000025247,-22.971499999974753,22.971499999974753,7
nextstrain_tree_graph_300day,674,367922259_1,368310592_5,98,21.184499999997342,-76.81550000000266,76.81550000000266,14
nextstrain_tree_graph_300day,674,367922259_1,368311141_4,259,220.61100000009833,-38.38899999990167,38.38899999990167,36
nextstrain_tree_graph_300day,674,367922259_1,368317488_3,288,249.83100000007175,-38.168999999928246,38.168999999928246,40
nextstrain_tree_graph_300day,674,367922259_1,368321486_2,158,119.43675000008238,-38.563249999917616,38.563249999917616,23
nextstrain_tree_graph_300day,674,367922259_1,368329274_1,184,117.24525000005116,-66.75474999994884,66.75474999994884,28
nextstrain_tree_graph_300day,674,367922259_1,368348327_4,287,112.49700000008039,-174.5029999999196,174.5029999999196,38
nextstrain_tree_graph_300day,674,367922259_1,368354305_2,146,128.20274999995814,-17.797250000041856,17.797250000041856,20
nextstrain_tree_graph_300day,674,367922259_1,368359560_3,183,95.33025000007109,-87.66974999992891,87.66974999992891,26
nextstrain_tree_graph_300day,674,367922259_1,368370868_2,214,196.13924999992958,-17.860750000070425,17.860750000070425,28
nextstrain_tree_graph_300day,674,367922259_1,368388261_2,251,212.57550000012225,-38.42449999987775,38.42449999987775,37
nextstrain_tree_graph_300day,674,367922259_1,368452621_1,208,50.76975000004518,-157.23024999995482,157.23024999995482,30
nextstrain_tree_graph_300day,674,367922259_1,368472598_2,243,68.30175000012889,-174.6982499998711,174.6982499998711,32
nextstrain_tree_graph_300day,674,367922259_1,368490823_1,305,130.39425000007242,-174.60574999992758,174.60574999992758,45
nextstrain_tree_graph_300day,674,368309256_3,368310592_5,48,48.21300000002259,0.21300000002258912,0.21300000002258912,7
nextstrain_tree_graph_300day,674,368309256_3,368311141_4,233,193.58250000007308,-39.41749999992692,39.41749999992692,33
nextstrain_tree_graph_300day,674,368309256_3,368317488_3,262,222.8025000000465,-39.19749999995349,39.19749999995349,37
nextstrain_tree_graph_300day,674,368309256_3,368321486_2,132,92.40825000005714,-39.59174999994286,39.59174999994286,20
nextstrain_tree_graph_300day,674,368309256_3,368329274_1,158,90.21675000002591,-67.78324999997409,67.78324999997409,25
nextstrain_tree_graph_300day,674,368309256_3,368348327_4,261,85.46850000005514,-175.53149999994486,175.53149999994486,35
nextstrain_tree_graph_300day,674,368309256_3,368354305_2,120,101.1742499999329,-18.825750000067103,18.825750000067103,17
nextstrain_tree_graph_300day,674,368309256_3,368359560_3,157,68.30175000004584,-88.69824999995416,88.69824999995416,23
nextstrain_tree_graph_300day,674,368309256_3,368370868_2,188,169.11074999990433,-18.88925000009567,18.88925000009567,25
nextstrain_tree_graph_300day,674,368309256_3,368388261_2,225,185.547000000097,-39.452999999903,39.452999999903,34
nextstrain_tree_graph_300day,674,368309256_3,368452621_1,182,23.74125000001993,-158.25874999998007,158.25874999998007,27
nextstrain_tree_graph_300day,674,368309256_3,368472598_2,217,41.273250000103644,-175.72674999989636,175.72674999989636,29
nextstrain_tree_graph_300day,674,368309256_3,368490823_1,279,103.36575000004717,-175.63424999995283,175.63424999995283,42
nextstrain_tree_graph_300day,674,368310592_5,368311141_4,281,241.79550000009567,-39.20449999990433,39.20449999990433,40
nextstrain_tree_graph_300day,674,368310592_5,368317488_3,310,271.0155000000691,-38.984499999930904,38.984499999930904,44
nextstrain_tree_graph_300day,674,368310592_5,368321486_2,180,140.62125000007973,-39.378749999920274,39.378749999920274,27
nextstrain_tree_graph_300day,674,368310592_5,368329274_1,206,138.4297500000485,-67.5702499999515,67.5702499999515,32
nextstrain_tree_graph_300day,674,368310592_5,368348327_4,309,133.68150000007773,-175.31849999992227,175.31849999992227,42
nextstrain_tree_graph_300day,674,368310592_5,368354305_2,168,149.3872499999555,-18.612750000044514,18.612750000044514,24
nextstrain_tree_graph_300day,674,368310592_5,368359560_3,205,116.51475000006843,-88.48524999993157,88.48524999993157,30
nextstrain_tree_graph_300day,674,368310592_5,368370868_2,236,217.32374999992692,-18.676250000073082,18.676250000073082,32
nextstrain_tree_graph_300day,674,368310592_5,368388261_2,273,233.7600000001196,-39.23999999988041,39.23999999988041,41
nextstrain_tree_graph_300day,674,368310592_5,368452621_1,230,71.95425000004252,-158.04574999995748,158.04574999995748,34
nextstrain_tree_graph_300day,674,368310592_5,368472598_2,265,89.48625000012623,-175.51374999987377,175.51374999987377,36
nextstrain_tree_graph_300day,674,368310592_5,368490823_1,327,151.57875000006976,-175.42124999993024,175.42124999993024,49
nextstrain_tree_graph_300day,674,368311141_4,368317488_3,67,29.219999999973425,-37.780000000026575,37.780000000026575,8
nextstrain_tree_graph_300day,674,368311141_4,368321486_2,115,101.17425000001595,-13.825749999984055,13.825749999984055,15
nextstrain_tree_graph_300day,674,368311141_4,368329274_1,201,151.57875000006976,-49.42124999993024,49.42124999993024,30
nextstrain_tree_graph_300day,674,368311141_4,368348327_4,304,254.94450000003388,-49.055499999966116,49.055499999966116,40
nextstrain_tree_graph_300day,674,368311141_4,368354305_2,163,144.2737499999103,-18.726250000089692,18.726250000089692,22
nextstrain_tree_graph_300day,674,368311141_4,368359560_3,200,150.84825000008703,-49.151749999912965,49.151749999912965,28
nextstrain_tree_graph_300day,674,368311141_4,368370868_2,231,212.21024999988174,-18.78975000011826,18.78975000011826,30
nextstrain_tree_graph_300day,674,368311141_4,368388261_2,164,26.29800000004252,-137.70199999995748,137.70199999995748,23
nextstrain_tree_graph_300day,674,368311141_4,368452621_1,225,175.68525000008106,-49.314749999918945,49.314749999918945,32
nextstrain_tree_graph_300day,674,368311141_4,368472598_2,260,210.74925000008238,-49.250749999917616,49.250749999917616,34
nextstrain_tree_graph_300day,674,368311141_4,368490823_1,322,272.8417500000259,-49.15824999997409,49.15824999997409,47
nextstrain_tree_graph_300day,674,368317488_3,368321486_2,144,130.39424999998937,-13.60575000001063,13.60575000001063,19
nextstrain_tree_graph_300day,674,368317488_3,368329274_1,230,180.79875000004319,-49.201249999956815,49.201249999956815,34
nextstrain_tree_graph_300day,674,368317488_3,368348327_4,333,284.1645000000073,-48.83549999999269,48.83549999999269,44
nextstrain_tree_graph_300day,674,368317488_3,368354305_2,192,173.49374999988373,-18.506250000116268,18.506250000116268,26
nextstrain_tree_graph_300day,674,368317488_3,368359560_3,229,180.06825000006046,-48.93174999993954,48.93174999993954,32
nextstrain_tree_graph_300day,674,368317488_3,368370868_2,260,241.43024999985516,-18.569750000144836,18.569750000144836,34
nextstrain_tree_graph_300day,674,368317488_3,368388261_2,193,55.518000000015945,-137.48199999998405,137.48199999998405,27
nextstrain_tree_graph_300day,674,368317488_3,368452621_1,254,204.90525000005448,-49.09474999994552,49.09474999994552,36
nextstrain_tree_graph_300day,674,368317488_3,368472598_2,289,239.9692500000558,-49.03074999994419,49.03074999994419,38
nextstrain_tree_graph_300day,674,368317488_3,368490823_1,351,302.06174999999934,-48.938250000000664,48.938250000000664,51
nextstrain_tree_graph_300day,674,368321486_2,368329274_1,100,50.404500000053815,-49.595499999946185,49.595499999946185,17
nextstrain_tree_graph_300day,674,368321486_2,368348327_4,203,153.77025000001794,-49.22974999998206,49.22974999998206,27
nextstrain_tree_graph_300day,674,368321486_2,368354305_2,62,43.09949999989436,-18.900500000105637,18.900500000105637,9
nextstrain_tree_graph_300day,674,368321486_2,368359560_3,99,49.67400000007109,-49.32599999992891,49.32599999992891,15
nextstrain_tree_graph_300day,674,368321486_2,368370868_2,130,111.0359999998658,-18.964000000134206,18.964000000134206,17
nextstrain_tree_graph_300day,674,368321486_2,368388261_2,107,93.13875000003986,-13.861249999960137,13.861249999960137,16
nextstrain_tree_graph_300day,674,368321486_2,368452621_1,124,74.51100000006511,-49.48899999993489,49.48899999993489,19
nextstrain_tree_graph_300day,674,368321486_2,368472598_2,159,109.57500000006644,-49.42499999993356,49.42499999993356,21
nextstrain_tree_graph_300day,674,368321486_2,368490823_1,221,171.66750000000997,-49.332499999990034,49.332499999990034,34
nextstrain_tree_graph_300day,674,368329274_1,368348327_4,201,151.5787499999867,-49.42125000001329,49.42125000001329,28
nextstrain_tree_graph_300day,674,368329274_1,368354305_2,88,59.170499999929575,-28.829500000070425,28.829500000070425,14
nextstrain_tree_graph_300day,674,368329274_1,368359560_3,97,47.48250000003986,-49.51749999996014,49.51749999996014,16
nextstrain_tree_graph_300day,674,368329274_1,368370868_2,156,127.106999999901,-28.893000000098993,28.893000000098993,22
nextstrain_tree_graph_300day,674,368329274_1,368388261_2,193,143.54325000009368,-49.45674999990632,49.45674999990632,31
nextstrain_tree_graph_300day,674,368329274_1,368452621_1,140,72.31950000003388,-67.68049999996612,67.68049999996612,22
nextstrain_tree_graph_300day,674,368329274_1,368472598_2,157,107.38350000003521,-49.61649999996479,49.61649999996479,22
nextstrain_tree_graph_300day,674,368329274_1,368490823_1,237,169.47599999997874,-67.52400000002126,67.52400000002126,37
nextstrain_tree_graph_300day,674,368348327_4,368354305_2,191,162.5362499998937,-28.4637500001063,28.4637500001063,24
nextstrain_tree_graph_300day,674,368348327_4,368359560_3,200,129.66375000000664,-70.33624999999336,70.33624999999336,26
nextstrain_tree_graph_300day,674,368348327_4,368370868_2,259,230.47274999986513,-28.52725000013487,28.52725000013487,32
nextstrain_tree_graph_300day,674,368348327_4,368388261_2,296,246.9090000000578,-49.0909999999422,49.0909999999422,41
nextstrain_tree_graph_300day,674,368348327_4,368452621_1,243,85.10324999998073,-157.89675000001927,157.89675000001927,32
nextstrain_tree_graph_300day,674,368348327_4,368472598_2,94,44.1952499999515,-49.8047500000485,49.8047500000485,12
nextstrain_tree_graph_300day,674,368348327_4,368490823_1,340,146.46524999994153,-193.53475000005847,193.53475000005847,47
nextstrain_tree_graph_300day,674,368354305_2,368359560_3,87,58.43999999994685,-28.56000000005315,28.56000000005315,12
nextstrain_tree_graph_300day,674,368354305_2,368370868_2,100,67.93649999997143,-32.06350000002857,32.06350000002857,12
nextstrain_tree_graph_300day,674,368354305_2,368388261_2,155,136.23824999993423,-18.761750000065774,18.761750000065774,23
nextstrain_tree_graph_300day,674,368354305_2,368452621_1,112,83.27699999994087,-28.72300000005913,28.72300000005913,16
nextstrain_tree_graph_300day,674,368354305_2,368472598_2,147,118.3409999999422,-28.6590000000578,28.6590000000578,18
nextstrain_tree_graph_300day,674,368354305_2,368490823_1,209,180.43349999988573,-28.566500000114274,28.566500000114274,31
nextstrain_tree_graph_300day,674,368359560_3,368370868_2,155,126.37649999991828,-28.62350000008172,28.62350000008172,20
nextstrain_tree_graph_300day,674,368359560_3,368388261_2,192,142.81275000011095,-49.18724999988905,49.18724999988905,29
nextstrain_tree_graph_300day,674,368359560_3,368452621_1,139,50.404500000053815,-88.59549999994618,88.59549999994618,20
nextstrain_tree_graph_300day,674,368359560_3,368472598_2,156,85.46850000005514,-70.53149999994486,70.53149999994486,20
nextstrain_tree_graph_300day,674,368359560_3,368490823_1,236,147.56099999999867,-88.43900000000133,88.43900000000133,35
nextstrain_tree_graph_300day,674,368370868_2,368388261_2,223,204.17474999990566,-18.825250000094343,18.825250000094343,31
nextstrain_tree_graph_300day,674,368370868_2,368452621_1,180,151.2134999999123,-28.7865000000877,28.7865000000877,24
nextstrain_tree_graph_300day,674,368370868_2,368472598_2,215,186.27749999991363,-28.72250000008637,28.72250000008637,26
nextstrain_tree_graph_300day,674,368370868_2,368490823_1,277,248.36999999985716,-28.630000000142843,28.630000000142843,39
nextstrain_tree_graph_300day,674,368388261_2,368452621_1,217,167.64975000010497,-49.35024999989503,49.35024999989503,33
nextstrain_tree_graph_300day,674,368388261_2,368472598_2,252,202.7137500001063,-49.2862499998937,49.2862499998937,35
nextstrain_tree_graph_300day,674,368388261_2,368490823_1,314,264.80625000004983,-49.19374999995017,49.19374999995017,48
nextstrain_tree_graph_300day,674,368452621_1,368472598_2,199,40.90800000002923,-158.09199999997077,158.09199999997077,26
nextstrain_tree_graph_300day,674,368452621_1,368490823_1,261,103.00049999997276,-157.99950000002724,157.99950000002724,39
nextstrain_tree_graph_300day,674,368472598_2,368490823_1,296,102.26999999999003,-193.73000000000997,193.73000000000997,41
nextstrain_tree_graph_300day,676,361190797_4,361190990_1,184,159.9795000000372,-24.020499999962794,24.020499999962794,29
nextstrain_tree_graph_300day,676,361190797_4,361191917_1,140,89.12099999996877,-50.879000000031226,50.879000000031226,21
nextstrain_tree_graph_300day,676,361190797_4,361194728_2,193,128.20274999995814,-64.79725000004186,64.79725000004186,30
nextstrain_tree_graph_300day,676,361190797_4,361197840_2,205,159.24900000005448,-45.75099999994552,45.75099999994552,30
nextstrain_tree_graph_300day,676,361190797_4,361199051_1,227,150.1177499999382,-76.88225000006179,76.88225000006179,36
nextstrain_tree_graph_300day,676,361190797_4,361206326_3,213,166.9192500000392,-46.0807499999608,46.0807499999608,32
nextstrain_tree_graph_300day,676,361190797_4,361206780_2,166,123.81974999997874,-42.18025000002126,42.18025000002126,24
nextstrain_tree_graph_300day,676,361190797_4,361207397_3,324,278.32050000006245,-45.67949999993755,45.67949999993755,49
nextstrain_tree_graph_300day,676,361190797_4,361209265_1,317,238.87349999999867,-78.12650000000133,78.12650000000133,52
nextstrain_tree_graph_300day,676,361190797_4,361213187_2,208,130.028999999998,-77.971000000002,77.971000000002,33
nextstrain_tree_graph_300day,676,361190797_4,361213708_2,216,138.0644999999741,-77.93550000002591,77.93550000002591,33
nextstrain_tree_graph_300day,676,361190797_4,361215451_1,180,155.96175000004916,-24.038249999950835,24.038249999950835,29
nextstrain_tree_graph_300day,676,361190797_4,361216040_3,204,126.01125000000997,-77.98874999999003,77.98874999999003,31
nextstrain_tree_graph_300day,676,361190797_4,361216827_3,312,266.2672500000153,-45.73274999998472,45.73274999998472,48
nextstrain_tree_graph_300day,676,361190797_4,361217692_2,184,108.11400000010099,-75.88599999989901,75.88599999989901,30
nextstrain_tree_graph_300day,676,361190797_4,361220323_3,230,151.94399999997808,-78.05600000002192,78.05600000002192,32
nextstrain_tree_graph_300day,676,361190797_4,365032174_1,215,170.2065000000445,-44.793499999955486,44.793499999955486,32
nextstrain_tree_graph_300day,676,361190797_4,367635107_1,277,231.20325000001395,-45.79674999998605,45.79674999998605,43
nextstrain_tree_graph_300day,676,361190797_4,368415469_1,245,165.82349999998206,-79.17650000001794,79.17650000001794,39
nextstrain_tree_graph_300day,676,361190990_1,361191917_1,104,81.08549999999269,-22.91450000000731,22.91450000000731,18
nextstrain_tree_graph_300day,676,361190990_1,361194728_2,109,63.188250000000664,-45.811749999999336,45.811749999999336,19
nextstrain_tree_graph_300day,676,361190990_1,361197840_2,121,35.06400000000133,-85.93599999999867,85.93599999999867,19
nextstrain_tree_graph_300day,676,361190990_1,361199051_1,143,98.252250000002,-44.74774999999801,44.74774999999801,25
nextstrain_tree_graph_300day,676,361190990_1,361206326_3,129,31.04624999993024,-97.95375000006976,97.95375000006976,21
nextstrain_tree_graph_300day,676,361190990_1,361206780_2,82,39.812249999972096,-42.187750000027904,42.187750000027904,13
nextstrain_tree_graph_300day,676,361190990_1,361207397_3,240,118.34100000002525,-121.65899999997475,121.65899999997475,38
nextstrain_tree_graph_300day,676,361190990_1,361209265_1,233,187.00800000006245,-45.99199999993755,45.99199999993755,41
nextstrain_tree_graph_300day,676,361190990_1,361213187_2,124,78.16350000006179,-45.83649999993821,45.83649999993821,22
nextstrain_tree_graph_300day,676,361190990_1,361213708_2,132,86.19900000003787,-45.80099999996213,45.80099999996213,22
nextstrain_tree_graph_300day,676,361190990_1,361215451_1,96,20.088749999940205,-75.9112500000598,75.9112500000598,18
nextstrain_tree_graph_300day,676,361190990_1,361216040_3,120,74.14575000007375,-45.85424999992625,45.85424999992625,20
nextstrain_tree_graph_300day,676,361190990_1,361216827_3,228,106.28774999997808,-121.71225000002192,121.71225000002192,37
nextstrain_tree_graph_300day,676,361190990_1,361217692_2,100,54.05700000005049,-45.94299999994951,45.94299999994951,19
nextstrain_tree_graph_300day,676,361190990_1,361220323_3,146,100.07850000004186,-45.921499999958144,45.921499999958144,21
nextstrain_tree_graph_300day,676,361190990_1,365032174_1,131,34.333499999935555,-96.66650000006445,96.66650000006445,21
nextstrain_tree_graph_300day,676,361190990_1,367635107_1,193,71.22374999997675,-121.77625000002325,121.77625000002325,32
nextstrain_tree_graph_300day,676,361190990_1,368415469_1,161,113.95800000004584,-47.04199999995416,47.04199999995416,28
nextstrain_tree_graph_300day,676,361191917_1,361194728_2,113,49.30874999991363,-63.69125000008637,63.69125000008637,19
nextstrain_tree_graph_300day,676,361191917_1,361197840_2,125,80.35500000000997,-44.644999999990034,44.644999999990034,19
nextstrain_tree_graph_300day,676,361191917_1,361199051_1,147,71.2237499998937,-75.7762500001063,75.7762500001063,25
nextstrain_tree_graph_300day,676,361191917_1,361206326_3,133,88.02524999999468,-44.974750000005315,44.974750000005315,21
nextstrain_tree_graph_300day,676,361191917_1,361206780_2,86,44.925749999934226,-41.074250000065774,41.074250000065774,13
nextstrain_tree_graph_300day,676,361191917_1,361207397_3,244,199.42650000001794,-44.57349999998206,44.57349999998206,38
nextstrain_tree_graph_300day,676,361191917_1,361209265_1,237,159.97949999995416,-77.02050000004584,77.02050000004584,41
nextstrain_tree_graph_300day,676,361191917_1,361213187_2,128,51.13499999995349,-76.8650000000465,76.8650000000465,22
nextstrain_tree_graph_300day,676,361191917_1,361213708_2,136,59.170499999929575,-76.82950000007042,76.82950000007042,22
nextstrain_tree_graph_300day,676,361191917_1,361215451_1,100,77.06775000000465,-22.93224999999535,22.93224999999535,18
nextstrain_tree_graph_300day,676,361191917_1,361216040_3,124,47.11724999996545,-76.88275000003455,76.88275000003455,20
nextstrain_tree_graph_300day,676,361191917_1,361216827_3,232,187.37324999997077,-44.62675000002923,44.62675000002923,37
nextstrain_tree_graph_300day,676,361191917_1,361217692_2,104,29.220000000056473,-74.77999999994353,74.77999999994353,19
nextstrain_tree_graph_300day,676,361191917_1,361220323_3,150,73.04999999993356,-76.95000000006644,76.95000000006644,21
nextstrain_tree_graph_300day,676,361191917_1,365032174_1,135,91.3125,-43.6875,43.6875,21
nextstrain_tree_graph_300day,676,361191917_1,367635107_1,197,152.30924999996944,-44.69075000003056,44.69075000003056,32
nextstrain_tree_graph_300day,676,361191917_1,368415469_1,165,86.92949999993755,-78.07050000006245,78.07050000006245,28
nextstrain_tree_graph_300day,676,361194728_2,361197840_2,100,62.45775000001794,-37.54224999998206,37.54224999998206,16
nextstrain_tree_graph_300day,676,361194728_2,361199051_1,130,66.47549999992293,-63.52450000007707,63.52450000007707,24
nextstrain_tree_graph_300day,676,361194728_2,361206326_3,116,70.12800000000266,-45.87199999999734,45.87199999999734,20
nextstrain_tree_graph_300day,676,361194728_2,361206780_2,49,27.0284999999422,-21.9715000000578,21.9715000000578,8
nextstrain_tree_graph_300day,676,361194728_2,361207397_3,227,181.5292500000259,-45.47074999997409,45.47074999997409,37
nextstrain_tree_graph_300day,676,361194728_2,361209265_1,220,155.2312499999834,-64.76875000001661,64.76875000001661,40
nextstrain_tree_graph_300day,676,361194728_2,361213187_2,111,46.386749999982726,-64.61325000001727,64.61325000001727,21
nextstrain_tree_graph_300day,676,361194728_2,361213708_2,119,54.42224999995881,-64.57775000004119,64.57775000004119,21
nextstrain_tree_graph_300day,676,361194728_2,361215451_1,105,59.17050000001262,-45.82949999998738,45.82949999998738,19
nextstrain_tree_graph_300day,676,361194728_2,361216040_3,107,42.368999999994685,-64.63100000000532,64.63100000000532,19
nextstrain_tree_graph_300day,676,361194728_2,361216827_3,215,169.47599999997874,-45.52400000002126,45.52400000002126,36
nextstrain_tree_graph_300day,676,361194728_2,361217692_2,87,22.28024999997143,-64.71975000002857,64.71975000002857,18
nextstrain_tree_graph_300day,676,361194728_2,361220323_3,133,68.3017499999628,-64.6982500000372,64.6982500000372,20
nextstrain_tree_graph_300day,676,361194728_2,365032174_1,118,73.41525000000797,-44.58474999999203,44.58474999999203,20
nextstrain_tree_graph_300day,676,361194728_2,367635107_1,114,134.4119999999774,20.41199999997741,20.41199999997741,17
nextstrain_tree_graph_300day,676,361194728_2,368415469_1,148,82.18124999996678,-65.81875000003322,65.81875000003322,27
nextstrain_tree_graph_300day,676,361197840_2,361199051_1,142,97.52175000001927,-44.47824999998073,44.47824999998073,24
nextstrain_tree_graph_300day,676,361197840_2,361206326_3,128,42.00375000000332,-85.99624999999668,85.99624999999668,20
nextstrain_tree_graph_300day,676,361197840_2,361206780_2,73,39.08174999998937,-33.91825000001063,33.91825000001063,10
nextstrain_tree_graph_300day,676,361197840_2,361207397_3,239,153.40500000002658,-85.59499999997342,85.59499999997342,37
nextstrain_tree_graph_300day,676,361197840_2,361209265_1,232,186.27750000007973,-45.722499999920274,45.722499999920274,40
nextstrain_tree_graph_300day,676,361197840_2,361213187_2,123,77.43300000007906,-45.56699999992094,45.56699999992094,21
nextstrain_tree_graph_300day,676,361197840_2,361213708_2,131,85.46850000005514,-45.531499999944856,45.531499999944856,21
nextstrain_tree_graph_300day,676,361197840_2,361215451_1,117,31.046250000013288,-85.95374999998671,85.95374999998671,19
nextstrain_tree_graph_300day,676,361197840_2,361216040_3,119,73.41525000009102,-45.58474999990898,45.58474999990898,19
nextstrain_tree_graph_300day,676,361197840_2,361216827_3,227,141.3517499999794,-85.6482500000206,85.6482500000206,36
nextstrain_tree_graph_300day,676,361197840_2,361217692_2,99,53.32650000006777,-45.67349999993223,45.67349999993223,18
nextstrain_tree_graph_300day,676,361197840_2,361220323_3,145,99.34800000005913,-45.65199999994087,45.65199999994087,20
nextstrain_tree_graph_300day,676,361197840_2,365032174_1,130,45.29100000000864,-84.70899999999136,84.70899999999136,20
nextstrain_tree_graph_300day,676,361197840_2,367635107_1,184,106.28774999997808,-77.71225000002192,77.71225000002192,29
nextstrain_tree_graph_300day,676,361197840_2,368415469_1,160,113.22750000006312,-46.77249999993688,46.77249999993688,27
nextstrain_tree_graph_300day,676,361199051_1,361206326_3,144,105.19200000000399,-38.807999999996014,38.807999999996014,22
nextstrain_tree_graph_300day,676,361199051_1,361206780_2,103,62.09249999994353,-40.90750000005647,40.90750000005647,18
nextstrain_tree_graph_300day,676,361199051_1,361207397_3,255,216.59325000002724,-38.40674999997276,38.40674999997276,39
nextstrain_tree_graph_300day,676,361199051_1,361209265_1,238,88.75575000006046,-149.24424999993954,149.24424999993954,40
nextstrain_tree_graph_300day,676,361199051_1,361213187_2,113,36.89025000004119,-76.10974999995881,76.10974999995881,19
nextstrain_tree_graph_300day,676,361199051_1,361213708_2,147,62.45774999993489,-84.54225000006511,84.54225000006511,23
nextstrain_tree_graph_300day,676,361199051_1,361215451_1,139,94.23450000001395,-44.76549999998605,44.76549999998605,25
nextstrain_tree_graph_300day,676,361199051_1,361216040_3,77,24.106499999928246,-52.893500000071754,52.893500000071754,11
nextstrain_tree_graph_300day,676,361199051_1,361216827_3,243,204.53999999998007,-38.46000000001993,38.46000000001993,38
nextstrain_tree_graph_300day,676,361199051_1,361217692_2,115,46.386750000065774,-68.61324999993423,68.61324999993423,20
nextstrain_tree_graph_300day,676,361199051_1,361220323_3,161,71.95425000004252,-89.04574999995748,89.04574999995748,22
nextstrain_tree_graph_300day,676,361199051_1,365032174_1,152,108.4792500000093,-43.5207499999907,43.5207499999907,26
nextstrain_tree_graph_300day,676,361199051_1,367635107_1,214,169.47599999997874,-44.52400000002126,44.52400000002126,37
nextstrain_tree_graph_300day,676,361199051_1,368415469_1,166,15.70575000004385,-150.29424999995615,150.29424999995615,27
nextstrain_tree_graph_300day,676,361206326_3,361206780_2,89,46.75199999997409,-42.24800000002591,42.24800000002591,14
nextstrain_tree_graph_300day,676,361206326_3,361207397_3,227,149.3872499999555,-77.61275000004451,77.61275000004451,33
nextstrain_tree_graph_300day,676,361206326_3,361209265_1,234,193.94775000006445,-40.052249999935555,40.052249999935555,38
nextstrain_tree_graph_300day,676,361206326_3,361213187_2,125,85.10325000006378,-39.89674999993622,39.89674999993622,19
nextstrain_tree_graph_300day,676,361206326_3,361213708_2,133,93.13875000003986,-39.86124999996014,39.86124999996014,19
nextstrain_tree_graph_300day,676,361206326_3,361215451_1,125,10.957499999990034,-114.04250000000997,114.04250000000997,21
nextstrain_tree_graph_300day,676,361206326_3,361216040_3,121,81.08550000007574,-39.91449999992426,39.91449999992426,17
nextstrain_tree_graph_300day,676,361206326_3,361216827_3,215,137.33399999990831,-77.66600000009169,77.66600000009169,32
nextstrain_tree_graph_300day,676,361206326_3,361217692_2,87,60.99675000005249,-26.003249999947514,26.003249999947514,14
nextstrain_tree_graph_300day,676,361206326_3,361220323_3,85,107.01825000004385,22.01825000004385,22.01825000004385,10
nextstrain_tree_graph_300day,676,361206326_3,365032174_1,138,31.046250000013288,-106.95374999998671,106.95374999998671,22
nextstrain_tree_graph_300day,676,361206326_3,367635107_1,200,102.26999999990699,-97.73000000009301,97.73000000009301,33
nextstrain_tree_graph_300day,676,361206326_3,368415469_1,162,120.89775000004784,-41.102249999952164,41.102249999952164,25
nextstrain_tree_graph_300day,676,361206780_2,361207397_3,200,158.15324999999734,-41.84675000000266,41.84675000000266,31
nextstrain_tree_graph_300day,676,361206780_2,361209265_1,193,150.848250000004,-42.151749999996014,42.151749999996014,34
nextstrain_tree_graph_300day,676,361206780_2,361213187_2,84,42.00375000000332,-41.99624999999668,41.99624999999668,15
nextstrain_tree_graph_300day,676,361206780_2,361213708_2,92,50.039249999979404,-41.960750000020596,41.960750000020596,15
nextstrain_tree_graph_300day,676,361206780_2,361215451_1,78,35.794499999984055,-42.205500000015945,42.205500000015945,13
nextstrain_tree_graph_300day,676,361206780_2,361216040_3,80,37.98600000001528,-42.01399999998472,42.01399999998472,13
nextstrain_tree_graph_300day,676,361206780_2,361216827_3,188,146.09999999995017,-41.90000000004983,41.90000000004983,30
nextstrain_tree_graph_300day,676,361206780_2,361217692_2,60,17.897249999992027,-42.10275000000797,42.10275000000797,12
nextstrain_tree_graph_300day,676,361206780_2,361220323_3,106,63.91874999998339,-42.08125000001661,42.08125000001661,14
nextstrain_tree_graph_300day,676,361206780_2,365032174_1,91,50.039249999979404,-40.960750000020596,40.960750000020596,14
nextstrain_tree_graph_300day,676,361206780_2,367635107_1,133,111.03599999994884,-21.964000000051158,21.964000000051158,21
nextstrain_tree_graph_300day,676,361206780_2,368415469_1,121,77.79824999998738,-43.20175000001262,43.20175000001262,21
nextstrain_tree_graph_300day,676,361207397_3,361209265_1,345,305.3490000000877,-39.6509999999123,39.6509999999123,55
nextstrain_tree_graph_300day,676,361207397_3,361213187_2,236,196.50450000008703,-39.495499999912965,39.495499999912965,36
nextstrain_tree_graph_300day,676,361207397_3,361213708_2,244,204.54000000006312,-39.45999999993688,39.45999999993688,36
nextstrain_tree_graph_300day,676,361207397_3,361215451_1,236,138.42974999996545,-97.57025000003455,97.57025000003455,38
nextstrain_tree_graph_300day,676,361207397_3,361216040_3,232,192.486750000099,-39.51324999990101,39.51324999990101,34
nextstrain_tree_graph_300day,676,361207397_3,361216827_3,316,86.56424999994618,-229.43575000005382,229.43575000005382,47
nextstrain_tree_graph_300day,676,361207397_3,361217692_2,176,172.39800000007574,-3.60199999992426,3.60199999992426,27
nextstrain_tree_graph_300day,676,361207397_3,361220323_3,244,218.4195000000671,-25.580499999932897,25.580499999932897,33
nextstrain_tree_graph_300day,676,361207397_3,365032174_1,249,152.6744999999608,-96.3255000000392,96.3255000000392,39
nextstrain_tree_graph_300day,676,361207397_3,367635107_1,311,75.6067500000392,-235.3932499999608,235.3932499999608,50
nextstrain_tree_graph_300day,676,361207397_3,368415469_1,273,232.2990000000711,-40.70099999992891,40.70099999992891,42
nextstrain_tree_graph_300day,676,361209265_1,361213187_2,219,125.64600000010165,-93.35399999989835,93.35399999989835,37
nextstrain_tree_graph_300day,676,361209265_1,361213708_2,237,151.21349999999535,-85.78650000000465,85.78650000000465,39
nextstrain_tree_graph_300day,676,361209265_1,361215451_1,229,182.9902500000744,-46.00974999992559,46.00974999992559,41
nextstrain_tree_graph_300day,676,361209265_1,361216040_3,215,112.8622499999887,-102.1377500000113,102.1377500000113,35
nextstrain_tree_graph_300day,676,361209265_1,361216827_3,333,293.2957500000405,-39.70424999995947,39.70424999995947,54
nextstrain_tree_graph_300day,676,361209265_1,361217692_2,205,135.14250000012623,-69.85749999987377,69.85749999987377,36
nextstrain_tree_graph_300day,676,361209265_1,361220323_3,251,160.71000000010298,-90.28999999989702,90.28999999989702,38
nextstrain_tree_graph_300day,676,361209265_1,365032174_1,242,197.23500000006976,-44.76499999993024,44.76499999993024,42
nextstrain_tree_graph_300day,676,361209265_1,367635107_1,304,258.2317500000392,-45.7682499999608,45.7682499999608,53
nextstrain_tree_graph_300day,676,361209265_1,368415469_1,256,73.05000000001661,-182.9499999999834,182.9499999999834,43
nextstrain_tree_graph_300day,676,361213187_2,361213708_2,128,42.368999999994685,-85.63100000000532,85.63100000000532,20
nextstrain_tree_graph_300day,676,361213187_2,361215451_1,120,74.14575000007375,-45.85424999992625,45.85424999992625,22
nextstrain_tree_graph_300day,676,361213187_2,361216040_3,90,12.783750000112946,-77.21624999988705,77.21624999988705,14
nextstrain_tree_graph_300day,676,361213187_2,361216827_3,224,184.45125000003986,-39.54874999996014,39.54874999996014,35
nextstrain_tree_graph_300day,676,361213187_2,361217692_2,96,26.29800000012557,-69.70199999987443,69.70199999987443,17
nextstrain_tree_graph_300day,676,361213187_2,361220323_3,142,51.865500000102315,-90.13449999989768,90.13449999989768,19
nextstrain_tree_graph_300day,676,361213187_2,365032174_1,133,88.3905000000691,-44.609499999930904,44.609499999930904,23
nextstrain_tree_graph_300day,676,361213187_2,367635107_1,195,149.38725000003853,-45.612749999961466,45.612749999961466,34
nextstrain_tree_graph_300day,676,361213187_2,368415469_1,147,52.59600000008504,-94.40399999991496,94.40399999991496,24
nextstrain_tree_graph_300day,676,361213708_2,361215451_1,128,82.18125000004983,-45.81874999995017,45.81874999995017,22
nextstrain_tree_graph_300day,676,361213708_2,361216040_3,124,38.351250000006644,-85.64874999999336,85.64874999999336,18
nextstrain_tree_graph_300day,676,361213708_2,361216827_3,232,192.48675000001595,-39.513249999984055,39.513249999984055,35
nextstrain_tree_graph_300day,676,361213708_2,361217692_2,104,34.33350000010165,-69.66649999989835,69.66649999989835,17
nextstrain_tree_graph_300day,676,361213708_2,361220323_3,150,64.28399999997475,-85.71600000002525,85.71600000002525,19
nextstrain_tree_graph_300day,676,361213708_2,365032174_1,141,96.42600000004518,-44.57399999995482,44.57399999995482,23
nextstrain_tree_graph_300day,676,361213708_2,367635107_1,203,157.42275000001462,-45.57724999998538,45.57724999998538,34
nextstrain_tree_graph_300day,676,361213708_2,368415469_1,165,78.16349999997874,-86.83650000002126,86.83650000002126,26
nextstrain_tree_graph_300day,676,361215451_1,361216040_3,116,70.1280000000857,-45.871999999914294,45.871999999914294,20
nextstrain_tree_graph_300day,676,361215451_1,361216827_3,224,126.37649999991828,-97.62350000008172,97.62350000008172,37
nextstrain_tree_graph_300day,676,361215451_1,361217692_2,96,50.03925000006245,-45.96074999993755,45.96074999993755,19
nextstrain_tree_graph_300day,676,361215451_1,361220323_3,142,96.06075000005382,-45.939249999946185,45.939249999946185,21
nextstrain_tree_graph_300day,676,361215451_1,365032174_1,127,20.088750000023254,-106.91124999997675,106.91124999997675,21
nextstrain_tree_graph_300day,676,361215451_1,367635107_1,189,91.31249999991695,-97.68750000008305,97.68750000008305,32
nextstrain_tree_graph_300day,676,361215451_1,368415469_1,157,109.9402500000578,-47.0597499999422,47.0597499999422,28
nextstrain_tree_graph_300day,676,361216040_3,361216827_3,220,180.43350000005182,-39.56649999994818,39.56649999994818,33
nextstrain_tree_graph_300day,676,361216040_3,361217692_2,92,22.280250000137528,-69.71974999986247,69.71974999986247,15
nextstrain_tree_graph_300day,676,361216040_3,361220323_3,138,47.847750000114274,-90.15224999988573,90.15224999988573,17
nextstrain_tree_graph_300day,676,361216040_3,365032174_1,129,84.37275000008106,-44.627249999918945,44.627249999918945,21
nextstrain_tree_graph_300day,676,361216040_3,367635107_1,191,145.3695000000505,-45.63049999994951,45.63049999994951,32
nextstrain_tree_graph_300day,676,361216040_3,368415469_1,143,39.812249999972096,-103.1877500000279,103.1877500000279,22
nextstrain_tree_graph_300day,676,361216827_3,361217692_2,176,160.34475000002857,-15.655249999971431,15.655249999971431,28
nextstrain_tree_graph_300day,676,361216827_3,361220323_3,232,206.36625000001993,-25.63374999998007,25.63374999998007,32
nextstrain_tree_graph_300day,676,361216827_3,365032174_1,237,140.62124999991363,-96.37875000008637,96.37875000008637,38
nextstrain_tree_graph_300day,676,361216827_3,367635107_1,299,63.55349999999203,-235.44650000000797,235.44650000000797,49
nextstrain_tree_graph_300day,676,361216827_3,368415469_1,261,220.24575000002392,-40.75424999997608,40.75424999997608,41
nextstrain_tree_graph_300day,676,361217692_2,361220323_3,104,48.21300000010564,-55.78699999989436,55.78699999989436,14
nextstrain_tree_graph_300day,676,361217692_2,365032174_1,109,64.2840000000578,-44.7159999999422,44.7159999999422,20
nextstrain_tree_graph_300day,676,361217692_2,367635107_1,171,125.28075000002724,-45.71924999997276,45.71924999997276,31
nextstrain_tree_graph_300day,676,361217692_2,368415469_1,133,62.092500000109624,-70.90749999989038,70.90749999989038,23
nextstrain_tree_graph_300day,676,361220323_3,365032174_1,155,110.30550000004916,-44.694499999950835,44.694499999950835,22
nextstrain_tree_graph_300day,676,361220323_3,367635107_1,217,171.3022500000186,-45.6977499999814,45.6977499999814,33
nextstrain_tree_graph_300day,676,361220323_3,368415469_1,179,87.66000000008637,-91.33999999991363,91.33999999991363,25
nextstrain_tree_graph_300day,676,365032174_1,367635107_1,202,105.5572499999123,-96.4427500000877,96.4427500000877,33
nextstrain_tree_graph_300day,676,365032174_1,368415469_1,170,124.18500000005315,-45.81499999994685,45.81499999994685,29
nextstrain_tree_graph_300day,676,367635107_1,368415469_1,232,185.1817500000226,-46.81824999997741,46.81824999997741,40
nextstrain_tree_graph_300day,687,364978669_1,367990261_2,147,51.13500000003654,-95.86499999996346,95.86499999996346,22
nextstrain_tree_graph_300day,696,368567357_3,368694758_2,69,33.237749999961466,-35.762250000038534,35.762250000038534,11
nextstrain_tree_graph_300day,709,368274488_2,368275834_1,93,10.957499999990034,-82.04250000000997,82.04250000000997,18
nextstrain_tree_graph_300day,712,366821964_4,366830869_3,36,18.6277500000578,-17.3722499999422,17.3722499999422,5
nextstrain_tree_graph_300day,712,366821964_4,366830928_3,207,156.69225000011494,-50.30774999988506,50.30774999988506,29
nextstrain_tree_graph_300day,712,366821964_4,366886690_2,198,154.1355000000093,-43.8644999999907,43.8644999999907,26
nextstrain_tree_graph_300day,712,366821964_4,366956507_1,219,132.22050000002923,-86.77949999997077,86.77949999997077,30
nextstrain_tree_graph_300day,712,366821964_4,367013097_2,244,187.0079999999794,-56.992000000020596,56.992000000020596,33
nextstrain_tree_graph_300day,712,366821964_4,367737921_3,305,69.03225000002857,-235.96774999997143,235.96774999997143,41
nextstrain_tree_graph_300day,712,366821964_4,367814629_3,331,49.308750000079726,-281.6912499999203,281.6912499999203,46
nextstrain_tree_graph_300day,712,366821964_4,367838478_1,230,112.13175000000598,-117.86824999999402,117.86824999999402,33
nextstrain_tree_graph_300day,712,366821964_4,368613741_1,217,140.9865000000711,-76.01349999992891,76.01349999992891,32
nextstrain_tree_graph_300day,712,366821964_4,368634808_1,301,65.01450000004053,-235.98549999995947,235.98549999995947,42
nextstrain_tree_graph_300day,712,366821964_4,368774528_2,215,157.78800000000598,-57.21199999999402,57.21199999999402,30
nextstrain_tree_graph_300day,712,366830869_3,366830928_3,201,150.48300000009567,-50.51699999990433,50.51699999990433,28
nextstrain_tree_graph_300day,712,366830869_3,366886690_2,192,147.92624999999003,-44.073750000009966,44.073750000009966,25
nextstrain_tree_graph_300day,712,366830869_3,366956507_1,213,126.01125000000997,-86.98874999999003,86.98874999999003,29
nextstrain_tree_graph_300day,712,366830869_3,367013097_2,238,180.79874999996014,-57.20125000003986,57.20125000003986,32
nextstrain_tree_graph_300day,712,366830869_3,367737921_3,299,62.8230000000093,-236.1769999999907,236.1769999999907,40
nextstrain_tree_graph_300day,712,366830869_3,367814629_3,325,43.09950000006046,-281.90049999993954,281.90049999993954,45
nextstrain_tree_graph_300day,712,366830869_3,367838478_1,224,105.92249999998671,-118.07750000001329,118.07750000001329,32
nextstrain_tree_graph_300day,712,366830869_3,368613741_1,211,134.77725000005182,-76.22274999994818,76.22274999994818,31
nextstrain_tree_graph_300day,712,366830869_3,368634808_1,295,58.80525000002126,-236.19474999997874,236.19474999997874,41
nextstrain_tree_graph_300day,712,366830869_3,368774528_2,209,151.5787499999867,-57.42125000001329,57.42125000001329,29
nextstrain_tree_graph_300day,712,366830928_3,366886690_2,53,6.939750000001993,-46.06024999999801,46.06024999999801,9
nextstrain_tree_graph_300day,712,366830928_3,366956507_1,74,24.471750000085706,-49.528249999914294,49.528249999914294,13
nextstrain_tree_graph_300day,712,366830928_3,367013097_2,99,48.578250000097,-50.421749999903,50.421749999903,16
nextstrain_tree_graph_300day,712,366830928_3,367737921_3,160,109.57500000006644,-50.42499999993356,50.42499999993356,24
nextstrain_tree_graph_300day,712,366830928_3,367814629_3,196,145.36950000013354,-50.63049999986646,50.63049999986646,31
nextstrain_tree_graph_300day,712,366830928_3,367838478_1,95,44.56050000010896,-50.43949999989104,50.43949999989104,18
nextstrain_tree_graph_300day,712,366830928_3,368613741_1,70,19.358250000123576,-50.641749999876424,50.641749999876424,13
nextstrain_tree_graph_300day,712,366830928_3,368634808_1,156,105.5572500000784,-50.4427499999216,50.4427499999216,25
nextstrain_tree_graph_300day,712,366830928_3,368774528_2,70,19.358250000123576,-50.641749999876424,50.641749999876424,13
nextstrain_tree_graph_300day,712,366886690_2,366956507_1,65,21.91499999998007,-43.08500000001993,43.08500000001993,10
nextstrain_tree_graph_300day,712,366886690_2,367013097_2,90,46.02149999999136,-43.97850000000864,43.97850000000864,13
nextstrain_tree_graph_300day,712,366886690_2,367737921_3,137,107.0182499999608,-29.9817500000392,29.9817500000392,19
nextstrain_tree_graph_300day,712,366886690_2,367814629_3,187,142.8127500000279,-44.187249999972096,44.187249999972096,28
nextstrain_tree_graph_300day,712,366886690_2,367838478_1,86,42.00375000000332,-43.99624999999668,43.99624999999668,15
nextstrain_tree_graph_300day,712,366886690_2,368613741_1,63,16.80150000001794,-46.19849999998206,46.19849999998206,12
nextstrain_tree_graph_300day,712,366886690_2,368634808_1,147,103.00049999997276,-43.99950000002724,43.99950000002724,22
nextstrain_tree_graph_300day,712,366886690_2,368774528_2,61,16.80150000001794,-44.19849999998206,44.19849999998206,10
nextstrain_tree_graph_300day,712,366956507_1,367013097_2,111,54.78749999995017,-56.21250000004983,56.21250000004983,17
nextstrain_tree_graph_300day,712,366956507_1,367737921_3,172,85.10324999998073,-86.89675000001927,86.89675000001927,25
nextstrain_tree_graph_300day,712,366956507_1,367814629_3,208,120.89775000004784,-87.10224999995216,87.10224999995216,32
nextstrain_tree_graph_300day,712,366956507_1,367838478_1,107,20.088750000023254,-86.91124999997675,86.91124999997675,19
nextstrain_tree_graph_300day,712,366956507_1,368613741_1,84,8.766000000041856,-75.23399999995814,75.23399999995814,16
nextstrain_tree_graph_300day,712,366956507_1,368634808_1,168,81.08549999999269,-86.91450000000731,86.91450000000731,26
nextstrain_tree_graph_300day,712,366956507_1,368774528_2,82,25.567499999976746,-56.43250000002325,56.43250000002325,14
nextstrain_tree_graph_300day,712,367013097_2,367737921_3,197,139.8907499999309,-57.109250000069096,57.109250000069096,28
nextstrain_tree_graph_300day,712,367013097_2,367814629_3,233,175.685249999998,-57.31475000000199,57.31475000000199,35
nextstrain_tree_graph_300day,712,367013097_2,367838478_1,132,74.87624999997342,-57.123750000026575,57.123750000026575,22
nextstrain_tree_graph_300day,712,367013097_2,368613741_1,109,49.67399999998804,-59.32600000001196,59.32600000001196,19
nextstrain_tree_graph_300day,712,367013097_2,368634808_1,181,135.87299999994286,-45.12700000005714,45.12700000005714,27
nextstrain_tree_graph_300day,712,367013097_2,368774528_2,61,29.219999999973425,-31.780000000026575,31.780000000026575,9
nextstrain_tree_graph_300day,712,367737921_3,367814629_3,294,57.70950000004717,-236.29049999995283,236.29049999995283,43
nextstrain_tree_graph_300day,712,367737921_3,367838478_1,193,65.01449999995748,-127.98550000004252,127.98550000004252,30
nextstrain_tree_graph_300day,712,367737921_3,368613741_1,170,93.86925000002259,-76.13074999997741,76.13074999997741,27
nextstrain_tree_graph_300day,712,367737921_3,368634808_1,254,4.017749999988041,-249.98225000001196,249.98225000001196,37
nextstrain_tree_graph_300day,712,367737921_3,368774528_2,168,110.67074999995748,-57.32925000004252,57.32925000004252,25
nextstrain_tree_graph_300day,712,367814629_3,367838478_1,211,100.80900000002458,-110.19099999997542,110.19099999997542,33
nextstrain_tree_graph_300day,712,367814629_3,368613741_1,206,129.6637500000897,-76.33624999991031,76.33624999991031,34
nextstrain_tree_graph_300day,712,367814629_3,368634808_1,290,53.69175000005913,-236.30824999994087,236.30824999994087,44
nextstrain_tree_graph_300day,712,367814629_3,368774528_2,204,146.46525000002458,-57.53474999997542,57.53474999997542,32
nextstrain_tree_graph_300day,712,367838478_1,368613741_1,105,28.85475000006511,-76.14524999993489,76.14524999993489,21
nextstrain_tree_graph_300day,712,367838478_1,368634808_1,189,60.99674999996944,-128.00325000003056,128.00325000003056,31
nextstrain_tree_graph_300day,712,367838478_1,368774528_2,103,45.65625,-57.34375,57.34375,19
nextstrain_tree_graph_300day,712,368613741_1,368634808_1,166,89.85150000003455,-76.14849999996545,76.14849999996545,28
nextstrain_tree_graph_300day,712,368613741_1,368774528_2,80,20.454000000014616,-59.54599999998538,59.54599999998538,16
nextstrain_tree_graph_300day,712,368634808_1,368774528_2,152,106.65299999996944,-45.34700000003056,45.34700000003056,24
nextstrain_tree_graph_300day,767,367670104_2,367777033_1,85,77.06775000000465,-7.932249999995349,7.932249999995349,13
nextstrain_tree_graph_300day,767,367670104_2,367779691_2,105,40.90800000002923,-64.09199999997077,64.09199999997077,13
nextstrain_tree_graph_300day,767,367777033_1,367779691_2,44,36.15974999997542,-7.840250000024582,7.840250000024582,8
nextstrain_tree_graph_300day,769,367508406_1,368356273_2,162,81.08549999999269,-80.91450000000731,80.91450000000731,25
nextstrain_tree_graph_300day,810,367091344_2,367407892_2,114,50.039249999979404,-63.960750000020596,63.960750000020596,18
nextstrain_tree_graph_300day,837,366934090_2,366966179_2,95,28.854749999899013,-66.14525000010099,66.14525000010099,17
nextstrain_tree_graph_300day,847,361683212_1,361751558_1,124,0.0,-124.0,124.0,17
nextstrain_tree_graph_300day,847,361683212_1,361754185_2,97,51.500250000027904,-45.499749999972096,45.499749999972096,15
nextstrain_tree_graph_300day,847,361683212_1,361755609_1,31,39.08174999998937,8.08174999998937,8.08174999998937,4
nextstrain_tree_graph_300day,847,361683212_1,361756371_1,121,47.48250000003986,-73.51749999996014,73.51749999996014,18
nextstrain_tree_graph_300day,847,361683212_1,361757649_1,97,43.09949999997741,-53.90050000002259,53.90050000002259,16
nextstrain_tree_graph_300day,847,361683212_1,361760325_1,145,52.961249999993356,-92.03875000000664,92.03875000000664,22
nextstrain_tree_graph_300day,847,361683212_1,368251700_1,167,16.07100000011826,-150.92899999988174,150.92899999988174,25
nextstrain_tree_graph_300day,847,361751558_1,361754185_2,97,51.500250000027904,-45.499749999972096,45.499749999972096,14
nextstrain_tree_graph_300day,847,361751558_1,361755609_1,93,39.08174999998937,-53.91825000001063,53.91825000001063,13
nextstrain_tree_graph_300day,847,361751558_1,361756371_1,121,47.48250000003986,-73.51749999996014,73.51749999996014,17
nextstrain_tree_graph_300day,847,361751558_1,361757649_1,97,43.09949999997741,-53.90050000002259,53.90050000002259,15
nextstrain_tree_graph_300day,847,361751558_1,361760325_1,145,52.961249999993356,-92.03875000000664,92.03875000000664,21
nextstrain_tree_graph_300day,847,361751558_1,368251700_1,167,16.07100000011826,-150.92899999988174,150.92899999988174,24
nextstrain_tree_graph_300day,847,361754185_2,361755609_1,66,20.454000000014616,-45.54599999998538,45.54599999998538,11
nextstrain_tree_graph_300day,847,361754185_2,361756371_1,76,16.436250000026575,-59.563749999973425,59.563749999973425,11
nextstrain_tree_graph_300day,847,361754185_2,361757649_1,52,8.400750000050493,-43.59924999994951,43.59924999994951,9
nextstrain_tree_graph_300day,847,361754185_2,361760325_1,100,34.3335000000186,-65.6664999999814,65.6664999999814,15
nextstrain_tree_graph_300day,847,361754185_2,368251700_1,122,56.61375000007308,-65.38624999992692,65.38624999992692,18
nextstrain_tree_graph_300day,847,361755609_1,361756371_1,90,16.436250000026575,-73.56374999997342,73.56374999997342,14
nextstrain_tree_graph_300day,847,361755609_1,361757649_1,66,12.053249999964123,-53.94675000003588,53.94675000003588,12
nextstrain_tree_graph_300day,847,361755609_1,361760325_1,114,13.879500000003986,-100.12049999999601,100.12049999999601,18
nextstrain_tree_graph_300day,847,361755609_1,368251700_1,136,44.19525000003455,-91.80474999996545,91.80474999996545,21
nextstrain_tree_graph_300day,847,361756371_1,361757649_1,76,8.035499999976082,-67.96450000002392,67.96450000002392,12
nextstrain_tree_graph_300day,847,361756371_1,361760325_1,112,30.31575000003056,-81.68424999996944,81.68424999996944,16
nextstrain_tree_graph_300day,847,361756371_1,368251700_1,134,52.59600000008504,-81.40399999991496,81.40399999991496,19
nextstrain_tree_graph_300day,847,361757649_1,361760325_1,100,25.93274999996811,-74.06725000003189,74.06725000003189,16
nextstrain_tree_graph_300day,847,361757649_1,368251700_1,122,48.21300000002259,-73.78699999997741,73.78699999997741,19
nextstrain_tree_graph_300day,847,361760325_1,368251700_1,138,58.074750000038534,-79.92524999996147,79.92524999996147,19
nextstrain_tree_graph_300day,919,366891359_1,367717699_1,88,10.227000000007308,-77.77299999999269,77.77299999999269,16
nextstrain_tree_graph_300day,919,366891359_1,367751141_1,115,39.08174999998937,-75.91825000001063,75.91825000001063,15
nextstrain_tree_graph_300day,919,366891359_1,367800835_1,124,58.074749999955486,-65.92525000004451,65.92525000004451,18
nextstrain_tree_graph_300day,919,366891359_1,368554601_3,194,118.3409999999422,-75.6590000000578,75.6590000000578,26
nextstrain_tree_graph_300day,919,367717699_1,367751141_1,127,28.85474999998206,-98.14525000001794,98.14525000001794,19
nextstrain_tree_graph_300day,919,367717699_1,367800835_1,146,66.11025000001462,-79.88974999998538,79.88974999998538,24
nextstrain_tree_graph_300day,919,367717699_1,368554601_3,206,108.11399999993489,-97.88600000006511,97.88600000006511,30
nextstrain_tree_graph_300day,919,367751141_1,367800835_1,173,94.96499999999668,-78.03500000000332,78.03500000000332,23
nextstrain_tree_graph_300day,919,367751141_1,368554601_3,103,79.25924999995283,-23.74075000004717,23.74075000004717,15
nextstrain_tree_graph_300day,919,367800835_1,368554601_3,252,174.2242499999495,-77.7757500000505,77.7757500000505,34
nextstrain_tree_graph_300day,1013,366926581_3,366962926_2,23,21.184499999997342,-1.8155000000026575,1.8155000000026575,5
nextstrain_tree_graph_300day,1013,366926581_3,367785843_2,23,21.184499999997342,-1.8155000000026575,1.8155000000026575,5
nextstrain_tree_graph_300day,1013,366962926_2,367785843_2,40,0.0,-40.0,40.0,6
nextstrain_tree_graph_300day,1014,367002026_3,368552621_2,162,121.99350000002192,-40.006499999978075,40.006499999978075,29
nextstrain_tree_graph_300day,1014,367002026_3,368730824_4,168,130.028999999998,-37.97100000000199,37.97100000000199,30
nextstrain_tree_graph_300day,1014,368552621_2,368730824_4,14,30.681000000104973,16.681000000104973,16.681000000104973,3
nextstrain_tree_graph_300day,1056,367024648_2,367029688_3,57,43.46475000005182,-13.535249999948178,13.535249999948178,10
nextstrain_tree_graph_300day,1056,367024648_2,367823807_2,51,20.81925000000598,-30.18074999999402,30.18074999999402,8
nextstrain_tree_graph_300day,1056,367024648_2,368811009_2,97,83.64225000009833,-13.357749999901671,13.357749999901671,15
nextstrain_tree_graph_300day,1056,367029688_3,367823807_2,36,22.645500000045843,-13.354499999954157,13.354499999954157,8
nextstrain_tree_graph_300day,1056,367029688_3,368811009_2,80,40.17750000004651,-39.82249999995349,39.82249999995349,11
nextstrain_tree_graph_300day,1056,367823807_2,368811009_2,76,62.82300000009235,-13.17699999990765,13.17699999990765,13
nextstrain_tree_graph_300day,1199,363707154_3,367502975_3,69,31.046250000013288,-37.95374999998671,37.95374999998671,10
nextstrain_tree_graph_300day,1794,365534382_2,365665362_3,102,78.52875000005315,-23.47124999994685,23.47124999994685,14
nextstrain_tree_graph_300day,1859,366497191_3,366500979_3,135,81.08549999999269,-53.91450000000731,53.91450000000731,18
nextstrain_tree_graph_300day,2041,366353820_2,366461348_3,105,55.15275000002458,-49.84724999997542,49.84724999997542,18
nextstrain_tree_graph_300day,2193,363155467_1,366741225_2,62,72.31950000003388,10.319500000033884,10.319500000033884,8
nextstrain_tree_graph_300day,2569,362289659_1,366308777_2,37,35.42924999990964,-1.5707500000903565,1.5707500000903565,7
nextstrain_tree_graph_300day,2882,361561181_3,362400923_2,29,35.06400000008438,6.064000000084377,6.064000000084377,5
nextstrain_tree_graph_300day,2882,361561181_3,367121921_2,18,24.106500000094343,6.106500000094343,6.106500000094343,3
nextstrain_tree_graph_300day,2882,362400923_2,367121921_2,11,10.957499999990034,-0.04250000000996579,0.04250000000996579,2
nextstrain_tree_graph_300day,3571,362090052_1,363859044_3,16,16.070999999952164,0.07099999995216422,0.07099999995216422,3
