run_label,node,tip_a,tip_b,chain_a,chain_b,genomic_duration_days,min_true_duration_days,min_error_days,calendar_gap_days,age_band_gap,same_county
nextstrain_tree_graph_300day,NODE_0000007,USA/VA-EHip-367166909.294/2021,USA/VA-EHip-365203582.368/2021,230,3049,288.912749999895,146.0,142.91274999989503,74,1,0.0
nextstrain_tree_graph_300day,NODE_0000007,USA/VA-EHip-367167510.390/2021,USA/VA-EHip-365203582.368/2021,230,3049,384.97349999994884,242.0,142.97349999994884,22,1,0.0
nextstrain_tree_graph_300day,NODE_0000078,USA/VA-EHip-365373528.239/2021,USA/VA-EHip-364755820.244/2021,460,551,107.0182499999608,48.0,59.0182499999608,5,0,0.0
nextstrain_tree_graph_300day,NODE_0000078,USA/VA-EHip-365373528.239/2021,USA/VA-EHip-363221312.252/2021,460,551,115.05374999993688,56.0,59.05374999993688,13,1,0.0
nextstrain_tree_graph_300day,NODE_0000078,USA/VA-EHip-365358995.329/2021,USA/VA-EHip-364755820.244/2021,460,551,199.06124999994353,138.0,61.06124999994353,85,0,0.0
nextstrain_tree_graph_300day,NODE_0000078,USA/VA-EHip-365358995.329/2021,USA/VA-EHip-363221312.252/2021,460,551,207.0967499999196,146.0,61.09674999991961,77,1,0.0
nextstrain_tree_graph_300day,NODE_0000078,USA/VA-EHip-362288420.331/2021,USA/VA-EHip-364755820.244/2021,460,551,200.8874999999834,140.0,60.88749999998339,87,1,0.0
nextstrain_tree_graph_300day,NODE_0000078,USA/VA-EHip-362288420.331/2021,USA/VA-EHip-363221312.252/2021,460,551,208.92299999995947,148.0,60.92299999995947,79,0,0.0
nextstrain_tree_graph_300day,NODE_0000078,USA/VA-EHip-362321316.366/2021,USA/VA-EHip-364755820.244/2021,460,551,235.95149999998472,175.0,60.95149999998472,122,1,0.0
nextstrain_tree_graph_300day,NODE_0000078,USA/VA-EHip-362321316.366/2021,USA/VA-EHip-363221312.252/2021,460,551,243.9869999999608,183.0,60.9869999999608,114,0,0.0
nextstrain_tree_graph_300day,NODE_0000075,USA/VA-EHip-364755820.244/2021,USA/VA-EHip-365203582.368/2021,551,3049,250.56149999997143,13.0,237.56149999997143,124,1,0.0
nextstrain_tree_graph_300day,NODE_0000075,USA/VA-EHip-364755820.244/2021,USA/VA-EHip-367166909.294/2021,551,230,176.41574999998073,159.0,17.415749999980733,50,0,0.0
nextstrain_tree_graph_300day,NODE_0000075,USA/VA-EHip-364755820.244/2021,USA/VA-EHip-367167510.390/2021,551,230,272.47650000003455,255.0,17.476500000034548,146,2,0.0
nextstrain_tree_graph_300day,NODE_0000075,USA/VA-EHip-363221312.252/2021,USA/VA-EHip-365203582.368/2021,551,3049,258.5969999999475,21.0,237.5969999999475,116,0,0.0
nextstrain_tree_graph_300day,NODE_0000075,USA/VA-EHip-363221312.252/2021,USA/VA-EHip-367166909.294/2021,551,230,184.45124999995681,167.0,17.451249999956815,42,1,0.0
nextstrain_tree_graph_300day,NODE_0000075,USA/VA-EHip-363221312.252/2021,USA/VA-EHip-367167510.390/2021,551,230,280.51200000001063,263.0,17.51200000001063,138,1,0.0
nextstrain_tree_graph_300day,NODE_0000075,USA/VA-EHip-365373528.239/2021,USA/VA-EHip-365203582.368/2021,460,3049,243.62174999996944,35.0,208.62174999996944,129,1,0.0
nextstrain_tree_graph_300day,NODE_0000075,USA/VA-EHip-365373528.239/2021,USA/VA-EHip-367166909.294/2021,460,230,169.47599999997874,181.0,-11.52400000002126,55,0,0.0
nextstrain_tree_graph_300day,NODE_0000075,USA/VA-EHip-365373528.239/2021,USA/VA-EHip-367167510.390/2021,460,230,265.53675000003255,277.0,-11.463249999967445,151,2,0.0
nextstrain_tree_graph_300day,NODE_0000075,USA/VA-EHip-365358995.329/2021,USA/VA-EHip-365203582.368/2021,460,3049,335.66474999995216,125.0,210.66474999995216,39,1,0.0
nextstrain_tree_graph_300day,NODE_0000075,USA/VA-EHip-365358995.329/2021,USA/VA-EHip-367166909.294/2021,460,230,261.51899999996147,271.0,-9.481000000038534,35,0,0.0
nextstrain_tree_graph_300day,NODE_0000075,USA/VA-EHip-365358995.329/2021,USA/VA-EHip-367167510.390/2021,460,230,357.5797500000153,367.0,-9.42024999998472,61,2,0.0
nextstrain_tree_graph_300day,NODE_0000075,USA/VA-EHip-362288420.331/2021,USA/VA-EHip-365203582.368/2021,460,3049,337.490999999992,127.0,210.49099999999203,37,0,0.0
nextstrain_tree_graph_300day,NODE_0000075,USA/VA-EHip-362288420.331/2021,USA/VA-EHip-367166909.294/2021,460,230,263.34525000000133,273.0,-9.654749999998671,37,1,0.0
nextstrain_tree_graph_300day,NODE_0000075,USA/VA-EHip-362288420.331/2021,USA/VA-EHip-367167510.390/2021,460,230,359.40600000005514,369.0,-9.593999999944856,59,1,0.0
nextstrain_tree_graph_300day,NODE_0000075,USA/VA-EHip-362321316.366/2021,USA/VA-EHip-365203582.368/2021,460,3049,372.55499999999336,162.0,210.55499999999336,2,0,0.0
nextstrain_tree_graph_300day,NODE_0000075,USA/VA-EHip-362321316.366/2021,USA/VA-EHip-367166909.294/2021,460,230,298.40925000000266,308.0,-9.590749999997342,72,1,0.0
nextstrain_tree_graph_300day,NODE_0000075,USA/VA-EHip-362321316.366/2021,USA/VA-EHip-367167510.390/2021,460,230,394.4700000000565,404.0,-9.529999999943527,24,1,0.0
nextstrain_tree_graph_300day,NODE_0000075,USA/VA-EHip-365203582.368/2021,USA/VA-EHip-364755820.244/2021,3049,551,250.56149999997143,13.0,237.56149999997143,124,1,0.0
nextstrain_tree_graph_300day,NODE_0000075,USA/VA-EHip-365203582.368/2021,USA/VA-EHip-363221312.252/2021,3049,551,258.5969999999475,21.0,237.5969999999475,116,0,0.0
nextstrain_tree_graph_300day,NODE_0000075,USA/VA-EHip-365203582.368/2021,USA/VA-EHip-365373528.239/2021,3049,460,243.62174999996944,35.0,208.62174999996944,129,1,0.0
nextstrain_tree_graph_300day,NODE_0000075,USA/VA-EHip-365203582.368/2021,USA/VA-EHip-365358995.329/2021,3049,460,335.66474999995216,125.0,210.66474999995216,39,1,0.0
nextstrain_tree_graph_300day,NODE_0000075,USA/VA-EHip-365203582.368/2021,USA/VA-EHip-362288420.331/2021,3049,460,337.490999999992,127.0,210.49099999999203,37,0,0.0
nextstrain_tree_graph_300day,NODE_0000075,USA/VA-EHip-365203582.368/2021,USA/VA-EHip-362321316.366/2021,3049,460,372.55499999999336,162.0,210.55499999999336,2,0,0.0
nextstrain_tree_graph_300day,NODE_0000075,USA/VA-EHip-367166909.294/2021,USA/VA-EHip-364755820.244/2021,230,551,176.41574999998073,159.0,17.415749999980733,50,0,0.0
nextstrain_tree_graph_300day,NODE_0000075,USA/VA-EHip-367166909.294/2021,USA/VA-EHip-363221312.252/2021,230,551,184.45124999995681,167.0,17.451249999956815,42,1,0.0
nextstrain_tree_graph_300day,NODE_0000075,USA/VA-EHip-367166909.294/2021,USA/VA-EHip-365373528.239/2021,230,460,169.47599999997874,181.0,-11.52400000002126,55,0,0.0
nextstrain_tree_graph_300day,NODE_0000075,USA/VA-EHip-367166909.294/2021,USA/VA-EHip-365358995.329/2021,230,460,261.51899999996147,271.0,-9.481000000038534,35,0,0.0
nextstrain_tree_graph_300day,NODE_0000075,USA/VA-EHip-367166909.294/2021,USA/VA-EHip-362288420.331/2021,230,460,263.34525000000133,273.0,-9.654749999998671,37,1,0.0
nextstrain_tree_graph_300day,NODE_0000075,USA/VA-EHip-367166909.294/2021,USA/VA-EHip-362321316.366/2021,230,460,298.40925000000266,308.0,-9.590749999997342,72,1,0.0
nextstrain_tree_graph_300day,NODE_0000075,USA/VA-EHip-367167510.390/2021,USA/VA-EHip-364755820.244/2021,230,551,272.47650000003455,255.0,17.476500000034548,146,2,0.0
nextstrain_tree_graph_300day,NODE_0000075,USA/VA-EHip-367167510.390/2021,USA/VA-EHip-363221312.252/2021,230,551,280.51200000001063,263.0,17.51200000001063,138,1,0.0
nextstrain_tree_graph_300day,NODE_0000075,USA/VA-EHip-367167510.390/2021,USA/VA-EHip-365373528.239/2021,230,460,265.53675000003255,277.0,-11.463249999967445,151,2,0.0
nextstrain_tree_graph_300day,NODE_0000075,USA/VA-EHip-367167510.390/2021,USA/VA-EHip-365358995.329/2021,230,460,357.5797500000153,367.0,-9.42024999998472,61,2,0.0
nextstrain_tree_graph_300day,NODE_0000075,USA/VA-EHip-367167510.390/2021,USA/VA-EHip-362288420.331/2021,230,460,359.40600000005514,369.0,-9.593999999944856,59,1,0.0
nextstrain_tree_graph_300day,NODE_0000075,USA/VA-EHip-367167510.390/2021,USA/VA-EHip-362321316.366/2021,230,460,394.4700000000565,404.0,-9.529999999943527,24,1,0.0
nextstrain_tree_graph_300day,NODE_0000077,USA/VA-EHip-368568530.391/2021,USA/VA-EHip-367659539.423/2022,562,3690,31.776749999996014,188.0,-156.223250000004,32,2,0.0
nextstrain_tree_graph_300day,NODE_0000073,USA/VA-EHip-368337489.396/2021,USA/VA-EHip-367659539.423/2022,562,3690,51.13499999995349,193.0,-141.8650000000465,27,1,0.0
nextstrain_tree_graph_300day,NODE_0000072,USA/VA-EHip-368744638.388/2021,USA/VA-EHip-367659539.423/2022,562,3690,84.00750000000664,185.0,-100.99249999999336,35,3,0.0
nextstrain_tree_graph_300day,NODE_0000071,USA/VA-EHip-367012497.391/2021,USA/VA-EHip-367659539.423/2022,562,3690,98.98275000006777,188.0,-89.01724999993223,32,1,0.0
nextstrain_tree_graph_300day,NODE_0000070,USA/VA-EHip-367775037.370/2021,USA/VA-EHip-367659539.423/2022,562,3690,85.8337500000465,167.0,-81.1662499999535,53,0,1.0
nextstrain_tree_graph_300day,NODE_0000070,USA/VA-EHip-366119389.415/2022,USA/VA-EHip-367659539.423/2022,562,3690,130.75950000006378,212.0,-81.24049999993622,8,1,0.0
nextstrain_tree_graph_300day,NODE_0000070,USA/VA-EHip-367750172.372/2021,USA/VA-EHip-367659539.423/2022,562,3690,88.02524999999468,169.0,-80.97475000000532,51,1,1.0
nextstrain_tree_graph_300day,NODE_0000070,USA/VA-EHip-368749000.395/2021,USA/VA-EHip-367659539.423/2022,562,3690,111.03600000003189,192.0,-80.96399999996811,28,0,0.0
nextstrain_tree_graph_300day,NODE_0000070,USA/VA-EHip-367782132.422/2022,USA/VA-EHip-367659539.423/2022,562,3690,138.06450000005714,219.0,-80.93549999994286,1,0,1.0
nextstrain_tree_graph_300day,NODE_0000070,USA/VA-EHip-363705249.418/2022,USA/VA-EHip-367659539.423/2022,562,3690,131.85525000003787,215.0,-83.14474999996213,5,1,0.0
nextstrain_tree_graph_300day,NODE_0000070,USA/VA-EHip-367710676.403/2022,USA/VA-EHip-367659539.423/2022,562,3690,119.07150000000797,200.0,-80.92849999999203,20,1,1.0
nextstrain_tree_graph_300day,NODE_0000092,USA/VA-EHip-368279388.302/2021,USA/VA-EHip-362090052.383/2021,1561,3571,134.41200000006046,16.0,118.41200000006046,81,0,0.0
nextstrain_tree_graph_300day,NODE_0000092,USA/VA-EHip-368279388.302/2021,USA/VA-EHip-363859044.399/2022,1561,3571,150.48300000001262,32.0,118.48300000001262,97,0,0.0
nextstrain_tree_graph_300day,NODE_0000616,USA/VA-EHip-368375009.281/2021,USA/VA-EHip-362068433.339/2021,675,1604,126.01124999992692,88.0,38.01124999992692,58,3,0.0
nextstrain_tree_graph_300day,NODE_0000907,USA/VA-EHip-367939793.284/2021,USA/VA-EHip-366949651.293/2021,673,691,143.54325000001063,89.0,54.54325000001063,9,3,0.0
nextstrain_tree_graph_300day,NODE_0000907,USA/VA-EHip-367940509.303/2021,USA/VA-EHip-366949651.293/2021,673,691,162.90150000005116,108.0,54.90150000005116,10,0,0.0
nextstrain_tree_graph_300day,NODE_0000907,USA/VA-EHip-368681315.378/2021,USA/VA-EHip-366949651.293/2021,673,691,237.77775000002458,183.0,54.77775000002458,85,2,0.0
nextstrain_tree_graph_300day,NODE_0000907,USA/VA-EHip-367841268.385/2021,USA/VA-EHip-366949651.293/2021,673,691,245.81325000000066,190.0,55.813250000000664,92,1,0.0
nextstrain_tree_graph_300day,NODE_0000907,USA/VA-EHip-368444870.419/2022,USA/VA-EHip-366949651.293/2021,673,691,279.7815000000279,224.0,55.781500000027904,126,1,0.0
nextstrain_tree_graph_300day,NODE_0000933,USA/VA-EHip-363707154.391/2021,USA/VA-EHip-362998610.417/2022,1199,2914,201.98324999995748,174.0,27.98324999995748,26,0,0.0
nextstrain_tree_graph_300day,NODE_0000933,USA/VA-EHip-367502975.422/2022,USA/VA-EHip-362998610.417/2022,1199,2914,233.02949999997077,205.0,28.029499999970767,5,0,0.0
nextstrain_tree_graph_300day,NODE_0000932,USA/VA-EHip-367153781.286/2021,USA/VA-EHip-362998610.417/2022,866,2914,201.25274999997475,89.0,112.25274999997475,131,1,0.0
nextstrain_tree_graph_300day,NODE_0000932,USA/VA-EHip-367153781.286/2021,USA/VA-EHip-363707154.391/2021,866,1199,175.32000000000664,155.0,20.320000000006644,105,1,0.0
nextstrain_tree_graph_300day,NODE_0000932,USA/VA-EHip-367153781.286/2021,USA/VA-EHip-367502975.422/2022,866,1199,206.36625000001993,186.0,20.36625000001993,136,1,0.0
nextstrain_tree_graph_300day,NODE_0001284,USA/VA-EHip-367153781.286/2021,USA/VA-EHip-364870854.330/2021,866,1074,140.62125000007973,101.0,39.621250000079726,44,2,0.0
nextstrain_tree_graph_300day,NODE_0001284,USA/VA-EHip-362998610.417/2022,USA/VA-EHip-364870854.330/2021,2914,1074,271.7460000000518,120.0,151.74600000005182,87,3,0.0
nextstrain_tree_graph_300day,NODE_0001284,USA/VA-EHip-363707154.391/2021,USA/VA-EHip-364870854.330/2021,1199,1074,245.8132500000837,186.0,59.81325000008371,61,3,0.0
nextstrain_tree_graph_300day,NODE_0001284,USA/VA-EHip-367502975.422/2022,USA/VA-EHip-364870854.330/2021,1199,1074,276.859500000097,217.0,59.859500000097,92,3,0.0
nextstrain_tree_graph_300day,NODE_0001284,USA/VA-EHip-364870854.330/2021,USA/VA-EHip-367153781.286/2021,1074,866,140.62125000007973,101.0,39.621250000079726,44,2,0.0
nextstrain_tree_graph_300day,NODE_0001284,USA/VA-EHip-364870854.330/2021,USA/VA-EHip-362998610.417/2022,1074,2914,271.7460000000518,120.0,151.74600000005182,87,3,0.0
nextstrain_tree_graph_300day,NODE_0001284,USA/VA-EHip-364870854.330/2021,USA/VA-EHip-363707154.391/2021,1074,1199,245.8132500000837,186.0,59.81325000008371,61,3,0.0
nextstrain_tree_graph_300day,NODE_0001284,USA/VA-EHip-364870854.330/2021,USA/VA-EHip-367502975.422/2022,1074,1199,276.859500000097,217.0,59.859500000097,92,3,0.0
nextstrain_tree_graph_300day,NODE_0001283,USA/VA-EHip-368598491.248/2021,USA/VA-EHip-364870854.330/2021,616,1074,226.8202499999515,75.0,151.8202499999515,82,2,0.0
nextstrain_tree_graph_300day,NODE_0001283,USA/VA-EHip-368598491.248/2021,USA/VA-EHip-367153781.286/2021,616,866,182.62499999991695,44.0,138.62499999991695,38,0,0.0
nextstrain_tree_graph_300day,NODE_0001283,USA/VA-EHip-368598491.248/2021,USA/VA-EHip-362998610.417/2022,616,2914,313.74974999988905,63.0,250.74974999988905,169,1,0.0
nextstrain_tree_graph_300day,NODE_0001283,USA/VA-EHip-368598491.248/2021,USA/VA-EHip-363707154.391/2021,616,1199,287.81699999992094,129.0,158.81699999992094,143,1,0.0
nextstrain_tree_graph_300day,NODE_0001283,USA/VA-EHip-368598491.248/2021,USA/VA-EHip-367502975.422/2022,616,1199,318.8632499999342,160.0,158.86324999993423,174,1,0.0
nextstrain_tree_graph_300day,NODE_0000993,USA/VA-EHip-365936048.362/2021,USA/VA-EHip-366497191.422/2022,136,1859,95.33024999998804,349.0,-253.66975000001196,60,4,0.0
nextstrain_tree_graph_300day,NODE_0000993,USA/VA-EHip-362347424.423/2022,USA/VA-EHip-366497191.422/2022,136,1859,156.32699999995748,410.0,-253.67300000004252,1,2,0.0
nextstrain_tree_graph_300day,NODE_0000992,USA/VA-EHip-365936048.362/2021,USA/VA-EHip-366500979.343/2021,136,1859,20.81925000000598,270.0,-249.18074999999402,19,3,0.0
nextstrain_tree_graph_300day,NODE_0000992,USA/VA-EHip-362347424.423/2022,USA/VA-EHip-366500979.343/2021,136,1859,81.81599999997542,331.0,-249.18400000002458,80,1,0.0
nextstrain_tree_graph_300day,NODE_0000991,USA/VA-EHip-362339754.284/2021,USA/VA-EHip-366500979.343/2021,136,1859,57.34425000005581,192.0,-134.6557499999442,59,0,0.0
nextstrain_tree_graph_300day,NODE_0000991,USA/VA-EHip-362339754.284/2021,USA/VA-EHip-366497191.422/2022,136,1859,138.4297500000485,271.0,-132.5702499999515,138,1,0.0
nextstrain_tree_graph_300day,NODE_0000987,USA/VA-EHip-366495602.243/2021,USA/VA-EHip-366500979.343/2021,136,1859,110.67075000004053,151.0,-40.32924999995947,100,0,1.0
nextstrain_tree_graph_300day,NODE_0000987,USA/VA-EHip-366495602.243/2021,USA/VA-EHip-366497191.422/2022,136,1859,191.75625000003322,230.0,-38.24374999996678,179,1,1.0
nextstrain_tree_graph_300day,NODE_0000987,USA/VA-EHip-366496406.251/2021,USA/VA-EHip-366500979.343/2021,136,1859,119.8019999999907,159.0,-39.1980000000093,92,3,1.0
nextstrain_tree_graph_300day,NODE_0000987,USA/VA-EHip-366496406.251/2021,USA/VA-EHip-366497191.422/2022,136,1859,200.8874999999834,238.0,-37.11250000001661,171,4,1.0
nextstrain_tree_graph_300day,NODE_0000987,USA/VA-EHip-366497912.252/2021,USA/VA-EHip-366500979.343/2021,136,1859,119.8019999999907,160.0,-40.1980000000093,91,0,1.0
nextstrain_tree_graph_300day,NODE_0000987,USA/VA-EHip-366497912.252/2021,USA/VA-EHip-366497191.422/2022,136,1859,200.8874999999834,239.0,-38.11250000001661,170,1,1.0
nextstrain_tree_graph_300day,NODE_0001592,USA/VA-EHip-366493564.236/2021,USA/VA-EHip-366500979.343/2021,136,1859,105.19200000000399,144.0,-38.807999999996014,107,0,1.0
nextstrain_tree_graph_300day,NODE_0001592,USA/VA-EHip-366493564.236/2021,USA/VA-EHip-366497191.422/2022,136,1859,186.27749999999668,223.0,-36.72250000000332,186,1,1.0
nextstrain_tree_graph_300day,NODE_0001220,USA/VA-EHip-368788358.333/2021,USA/VA-EHip-366926581.258/2021,787,1013,202.34849999994884,86.0,116.34849999994884,75,2,0.0
nextstrain_tree_graph_300day,NODE_0001220,USA/VA-EHip-368788358.333/2021,USA/VA-EHip-367785843.279/2021,787,1013,223.53299999994618,107.0,116.53299999994618,54,1,0.0
nextstrain_tree_graph_300day,NODE_0001220,USA/VA-EHip-368788358.333/2021,USA/VA-EHip-366962926.279/2021,787,1013,223.53299999994618,107.0,116.53299999994618,54,2,0.0
nextstrain_tree_graph_300day,NODE_0000713,USA/VA-EHip-366767521.291/2021,USA/VA-EHip-368437355.268/2021,599,628,86.9295000000206,79.0,7.929500000020596,23,2,0.0
nextstrain_tree_graph_300day,NODE_0000713,USA/VA-EHip-366767521.291/2021,USA/VA-EHip-368416251.371/2021,599,628,189.92999999999336,182.0,7.929999999993356,80,2,0.0
nextstrain_tree_graph_300day,NODE_0000713,USA/VA-EHip-366767521.291/2021,USA/VA-EHip-368396323.329/2021,599,628,147.92624999999003,140.0,7.926249999990034,38,2,0.0
nextstrain_tree_graph_300day,NODE_0000712,USA/VA-EHip-366767521.291/2021,USA/VA-EHip-361312795.404/2022,599,3418,262.980000000093,78.0,184.980000000093,113,1,0.0
nextstrain_tree_graph_300day,NODE_0000712,USA/VA-EHip-368437355.268/2021,USA/VA-EHip-361312795.404/2022,628,3418,238.143000000099,55.0,183.143000000099,136,1,0.0
nextstrain_tree_graph_300day,NODE_0000712,USA/VA-EHip-368416251.371/2021,USA/VA-EHip-361312795.404/2022,628,3418,341.14350000007175,158.0,183.14350000007175,33,1,0.0
nextstrain_tree_graph_300day,NODE_0000712,USA/VA-EHip-368396323.329/2021,USA/VA-EHip-361312795.404/2022,628,3418,299.13975000006843,116.0,183.13975000006843,75,1,0.0
nextstrain_tree_graph_300day,NODE_0001219,USA/VA-EHip-368788358.333/2021,USA/VA-EHip-361312795.404/2022,787,3418,387.89550000004584,112.0,275.89550000004584,71,1,0.0
nextstrain_tree_graph_300day,NODE_0001219,USA/VA-EHip-368788358.333/2021,USA/VA-EHip-366767521.291/2021,787,599,276.85950000001395,136.0,140.85950000001395,42,0,0.0
nextstrain_tree_graph_300day,NODE_0001219,USA/VA-EHip-368788358.333/2021,USA/VA-EHip-368437355.268/2021,787,628,252.02250000001993,113.0,139.02250000001993,65,2,1.0
nextstrain_tree_graph_300day,NODE_0001219,USA/VA-EHip-368788358.333/2021,USA/VA-EHip-368416251.371/2021,787,628,355.0229999999927,216.0,139.0229999999927,38,2,1.0
nextstrain_tree_graph_300day,NODE_0001219,USA/VA-EHip-368788358.333/2021,USA/VA-EHip-368396323.329/2021,787,628,313.01924999998937,174.0,139.01924999998937,4,2,1.0
nextstrain_tree_graph_300day,NODE_0001219,USA/VA-EHip-366926581.258/2021,USA/VA-EHip-361312795.404/2022,1013,3418,312.65400000008106,28.0,284.65400000008106,146,1,0.0
nextstrain_tree_graph_300day,NODE_0001219,USA/VA-EHip-366926581.258/2021,USA/VA-EHip-366767521.291/2021,1013,599,201.61800000004916,52.0,149.61800000004916,33,2,0.0
nextstrain_tree_graph_300day,NODE_0001219,USA/VA-EHip-366926581.258/2021,USA/VA-EHip-368437355.268/2021,1013,628,176.78100000005514,29.0,147.78100000005514,10,0,0.0
nextstrain_tree_graph_300day,NODE_0001219,USA/VA-EHip-366926581.258/2021,USA/VA-EHip-368416251.371/2021,1013,628,279.7815000000279,132.0,147.7815000000279,113,0,0.0
nextstrain_tree_graph_300day,NODE_0001219,USA/VA-EHip-366926581.258/2021,USA/VA-EHip-368396323.329/2021,1013,628,237.77775000002458,90.0,147.77775000002458,71,0,0.0
nextstrain_tree_graph_300day,NODE_0001219,USA/VA-EHip-367785843.279/2021,USA/VA-EHip-361312795.404/2022,1013,3418,333.8385000000784,49.0,284.8385000000784,125,0,0.0
nextstrain_tree_graph_300day,NODE_0001219,USA/VA-EHip-367785843.279/2021,USA/VA-EHip-366767521.291/2021,1013,599,222.8025000000465,73.0,149.8025000000465,12,1,0.0
nextstrain_tree_graph_300day,NODE_0001219,USA/VA-EHip-367785843.279/2021,USA/VA-EHip-368437355.268/2021,1013,628,197.9655000000525,50.0,147.9655000000525,11,1,0.0
nextstrain_tree_graph_300day,NODE_0001219,USA/VA-EHip-367785843.279/2021,USA/VA-EHip-368416251.371/2021,1013,628,300.96600000002525,153.0,147.96600000002525,92,1,0.0
nextstrain_tree_graph_300day,NODE_0001219,USA/VA-EHip-367785843.279/2021,USA/VA-EHip-368396323.329/2021,1013,628,258.9622500000219,111.0,147.96225000002192,50,1,0.0
nextstrain_tree_graph_300day,NODE_0001219,USA/VA-EHip-366962926.279/2021,USA/VA-EHip-361312795.404/2022,1013,3418,333.8385000000784,49.0,284.8385000000784,125,1,0.0
nextstrain_tree_graph_300day,NODE_0001219,USA/VA-EHip-366962926.279/2021,USA/VA-EHip-366767521.291/2021,1013,599,222.8025000000465,73.0,149.8025000000465,12,2,0.0
nextstrain_tree_graph_300day,NODE_0001219,USA/VA-EHip-366962926.279/2021,USA/VA-EHip-368437355.268/2021,1013,628,197.9655000000525,50.0,147.9655000000525,11,0,0.0
nextstrain_tree_graph_300day,NODE_0001219,USA/VA-EHip-366962926.279/2021,USA/VA-EHip-368416251.371/2021,1013,628,300.96600000002525,153.0,147.96600000002525,92,0,0.0
nextstrain_tree_graph_300day,NODE_0001219,USA/VA-EHip-366962926.279/2021,USA/VA-EHip-368396323.329/2021,1013,628,258.9622500000219,111.0,147.96225000002192,50,0,0.0
nextstrain_tree_graph_300day,NODE_0001219,USA/VA-EHip-361312795.404/2022,USA/VA-EHip-368788358.333/2021,3418,787,387.89550000004584,112.0,275.89550000004584,71,1,0.0
nextstrain_tree_graph_300day,NODE_0001219,USA/VA-EHip-361312795.404/2022,USA/VA-EHip-366926581.258/2021,3418,1013,312.65400000008106,28.0,284.65400000008106,146,1,0.0
nextstrain_tree_graph_300day,NODE_0001219,USA/VA-EHip-361312795.404/2022,USA/VA-EHip-367785843.279/2021,3418,1013,333.8385000000784,49.0,284.8385000000784,125,0,0.0
nextstrain_tree_graph_300day,NODE_0001219,USA/VA-EHip-361312795.404/2022,USA/VA-EHip-366962926.279/2021,3418,1013,333.8385000000784,49.0,284.8385000000784,125,1,0.0
nextstrain_tree_graph_300day,NODE_0001219,USA/VA-EHip-366767521.291/2021,USA/VA-EHip-368788358.333/2021,599,787,276.85950000001395,136.0,140.85950000001395,42,0,0.0
nextstrain_tree_graph_300day,NODE_0001219,USA/VA-EHip-366767521.291/2021,USA/VA-EHip-366926581.258/2021,599,1013,201.61800000004916,52.0,149.61800000004916,33,2,0.0
nextstrain_tree_graph_300day,NODE_0001219,USA/VA-EHip-366767521.291/2021,USA/VA-EHip-367785843.279/2021,599,1013,222.8025000000465,73.0,149.8025000000465,12,1,0.0
nextstrain_tree_graph_300day,NODE_0001219,USA/VA-EHip-366767521.291/2021,USA/VA-EHip-366962926.279/2021,599,1013,222.8025000000465,73.0,149.8025000000465,12,2,0.0
nextstrain_tree_graph_300day,NODE_0001219,USA/VA-EHip-368437355.268/2021,USA/VA-EHip-368788358.333/2021,628,787,252.02250000001993,113.0,139.02250000001993,65,2,1.0
nextstrain_tree_graph_300day,NODE_0001219,USA/VA-EHip-368437355.268/2021,USA/VA-EHip-366926581.258/2021,628,1013,176.78100000005514,29.0,147.78100000005514,10,0,0.0
nextstrain_tree_graph_300day,NODE_0001219,USA/VA-EHip-368437355.268/2021,USA/VA-EHip-367785843.279/2021,628,1013,197.9655000000525,50.0,147.9655000000525,11,1,0.0
nextstrain_tree_graph_300day,NODE_0001219,USA/VA-EHip-368437355.268/2021,USA/VA-EHip-366962926.279/2021,628,1013,197.9655000000525,50.0,147.9655000000525,11,0,0.0
nextstrain_tree_graph_300day,NODE_0001219,USA/VA-EHip-368416251.371/2021,USA/VA-EHip-368788358.333/2021,628,787,355.0229999999927,216.0,139.0229999999927,38,2,1.0
nextstrain_tree_graph_300day,NODE_0001219,USA/VA-EHip-368416251.371/2021,USA/VA-EHip-366926581.258/2021,628,1013,279.7815000000279,132.0,147.7815000000279,113,0,0.0
nextstrain_tree_graph_300day,NODE_0001219,USA/VA-EHip-368416251.371/2021,USA/VA-EHip-367785843.279/2021,628,1013,300.96600000002525,153.0,147.96600000002525,92,1,0.0
nextstrain_tree_graph_300day,NODE_0001219,USA/VA-EHip-368416251.371/2021,USA/VA-EHip-366962926.279/2021,628,1013,300.96600000002525,153.0,147.96600000002525,92,0,0.0
nextstrain_tree_graph_300day,NODE_0001219,USA/VA-EHip-368396323.329/2021,USA/VA-EHip-368788358.333/2021,628,787,313.01924999998937,174.0,139.01924999998937,4,2,1.0
nextstrain_tree_graph_300day,NODE_0001219,USA/VA-EHip-368396323.329/2021,USA/VA-EHip-366926581.258/2021,628,1013,237.77775000002458,90.0,147.77775000002458,71,0,0.0
nextstrain_tree_graph_300day,NODE_0001219,USA/VA-EHip-368396323.329/2021,USA/VA-EHip-367785843.279/2021,628,1013,258.9622500000219,111.0,147.96225000002192,50,1,0.0
nextstrain_tree_graph_300day,NODE_0001219,USA/VA-EHip-368396323.329/2021,USA/VA-EHip-366962926.279/2021,628,1013,258.9622500000219,111.0,147.96225000002192,50,0,0.0
nextstrain_tree_graph_300day,NODE_0000805,USA/VA-EHip-364432437.268/2021,USA/VA-EHip-363719054.396/2021,746,917,222.07200000006378,161.0,61.07200000006378,128,2,0.0
nextstrain_tree_graph_300day,NODE_0000804,USA/VA-EHip-363609746.259/2021,USA/VA-EHip-364432437.268/2021,620,746,131.1247499999721,38.0,93.1247499999721,9,0,0.0
nextstrain_tree_graph_300day,NODE_0000804,USA/VA-EHip-363609746.259/2021,USA/VA-EHip-363719054.396/2021,620,917,258.9622499999389,163.0,95.96224999993888,137,2,0.0
nextstrain_tree_graph_300day,NODE_0001236,USA/VA-EHip-364961314.283/2021,USA/VA-EHip-366461348.363/2021,665,2041,171.3022500000186,91.0,80.3022500000186,80,1,0.0
nextstrain_tree_graph_300day,NODE_0001236,USA/VA-EHip-364961314.283/2021,USA/VA-EHip-366353820.418/2022,665,2041,226.45500000004319,146.0,80.45500000004319,135,1,0.0
nextstrain_tree_graph_300day,NODE_0001236,USA/VA-EHip-364961770.296/2021,USA/VA-EHip-366461348.363/2021,665,2041,184.0860000000485,104.0,80.0860000000485,67,0,0.0
nextstrain_tree_graph_300day,NODE_0001236,USA/VA-EHip-364961770.296/2021,USA/VA-EHip-366353820.418/2022,665,2041,239.23875000007308,159.0,80.23875000007308,122,0,0.0
nextstrain_tree_graph_300day,NODE_0001236,USA/VA-EHip-364934266.349/2021,USA/VA-EHip-366461348.363/2021,665,2041,237.41250000003322,157.0,80.41250000003322,14,1,0.0
nextstrain_tree_graph_300day,NODE_0001236,USA/VA-EHip-364934266.349/2021,USA/VA-EHip-366353820.418/2022,665,2041,292.5652500000578,212.0,80.5652500000578,69,1,0.0
nextstrain_tree_graph_300day,NODE_0001236,USA/VA-EHip-364989731.332/2021,USA/VA-EHip-366461348.363/2021,665,2041,220.24575000002392,140.0,80.24575000002392,31,1,0.0
nextstrain_tree_graph_300day,NODE_0001236,USA/VA-EHip-364989731.332/2021,USA/VA-EHip-366353820.418/2022,665,2041,275.3985000000485,195.0,80.3985000000485,86,1,0.0
nextstrain_tree_graph_300day,NODE_0001236,USA/VA-EHip-364992166.330/2021,USA/VA-EHip-366461348.363/2021,665,2041,218.4195000000671,138.0,80.4195000000671,33,1,0.0
nextstrain_tree_graph_300day,NODE_0001236,USA/VA-EHip-364992166.330/2021,USA/VA-EHip-366353820.418/2022,665,2041,273.5722500000917,193.0,80.57225000009169,88,1,0.0
nextstrain_tree_graph_300day,NODE_0000818,USA/VA-EHip-367029688.281/2021,USA/VA-EHip-366461348.363/2021,1056,2041,194.67825000004717,73.0,121.67825000004717,82,1,0.0
nextstrain_tree_graph_300day,NODE_0000818,USA/VA-EHip-367029688.281/2021,USA/VA-EHip-366353820.418/2022,1056,2041,249.83100000007175,128.0,121.83100000007175,137,1,0.0
nextstrain_tree_graph_300day,NODE_0000818,USA/VA-EHip-367029688.281/2021,USA/VA-EHip-364961314.283/2021,1056,665,114.68850000002857,60.0,54.68850000002857,2,2,0.0
nextstrain_tree_graph_300day,NODE_0000818,USA/VA-EHip-367029688.281/2021,USA/VA-EHip-364961770.296/2021,1056,665,127.47225000005847,73.0,54.472250000058466,15,1,0.0
nextstrain_tree_graph_300day,NODE_0000818,USA/VA-EHip-367029688.281/2021,USA/VA-EHip-364934266.349/2021,1056,665,180.79875000004319,126.0,54.798750000043185,68,2,0.0
nextstrain_tree_graph_300day,NODE_0000818,USA/VA-EHip-367029688.281/2021,USA/VA-EHip-364989731.332/2021,1056,665,163.63200000003388,109.0,54.632000000033884,51,0,0.0
nextstrain_tree_graph_300day,NODE_0000818,USA/VA-EHip-367029688.281/2021,USA/VA-EHip-364992166.330/2021,1056,665,161.80575000007707,107.0,54.80575000007707,49,0,0.0
nextstrain_tree_graph_300day,NODE_0000818,USA/VA-EHip-368811009.321/2021,USA/VA-EHip-366461348.363/2021,1056,2041,234.85575000009368,113.0,121.85575000009368,42,1,0.0
nextstrain_tree_graph_300day,NODE_0000818,USA/VA-EHip-368811009.321/2021,USA/VA-EHip-366353820.418/2022,1056,2041,290.00850000011826,168.0,122.00850000011826,97,1,0.0
nextstrain_tree_graph_300day,NODE_0000818,USA/VA-EHip-368811009.321/2021,USA/VA-EHip-364961314.283/2021,1056,665,154.86600000007508,100.0,54.866000000075076,38,0,0.0
nextstrain_tree_graph_300day,NODE_0000818,USA/VA-EHip-368811009.321/2021,USA/VA-EHip-364961770.296/2021,1056,665,167.64975000010497,113.0,54.64975000010497,25,1,0.0
nextstrain_tree_graph_300day,NODE_0000818,USA/VA-EHip-368811009.321/2021,USA/VA-EHip-364934266.349/2021,1056,665,220.9762500000897,166.0,54.97625000008969,28,0,0.0
nextstrain_tree_graph_300day,NODE_0000818,USA/VA-EHip-368811009.321/2021,USA/VA-EHip-364989731.332/2021,1056,665,203.8095000000804,149.0,54.80950000008039,11,2,0.0
nextstrain_tree_graph_300day,NODE_0000818,USA/VA-EHip-368811009.321/2021,USA/VA-EHip-364992166.330/2021,1056,665,201.98325000012358,147.0,54.983250000123576,9,2,0.0
nextstrain_tree_graph_300day,NODE_0000818,USA/VA-EHip-367823807.275/2021,USA/VA-EHip-366461348.363/2021,1056,2041,188.83425000010232,67.0,121.83425000010232,88,1,0.0
nextstrain_tree_graph_300day,NODE_0000818,USA/VA-EHip-367823807.275/2021,USA/VA-EHip-366353820.418/2022,1056,2041,243.9870000001269,122.0,121.9870000001269,143,1,0.0
nextstrain_tree_graph_300day,NODE_0000818,USA/VA-EHip-367823807.275/2021,USA/VA-EHip-364961314.283/2021,1056,665,108.84450000008371,54.0,54.84450000008371,8,0,0.0
nextstrain_tree_graph_300day,NODE_0000818,USA/VA-EHip-367823807.275/2021,USA/VA-EHip-364961770.296/2021,1056,665,121.62825000011361,67.0,54.62825000011361,21,1,0.0
nextstrain_tree_graph_300day,NODE_0000818,USA/VA-EHip-367823807.275/2021,USA/VA-EHip-364934266.349/2021,1056,665,174.95475000009833,120.0,54.95475000009833,74,0,0.0
nextstrain_tree_graph_300day,NODE_0000818,USA/VA-EHip-367823807.275/2021,USA/VA-EHip-364989731.332/2021,1056,665,157.78800000008903,103.0,54.78800000008903,57,2,0.0
nextstrain_tree_graph_300day,NODE_0000818,USA/VA-EHip-367823807.275/2021,USA/VA-EHip-364992166.330/2021,1056,665,155.9617500001322,101.0,54.96175000013221,55,2,0.0
nextstrain_tree_graph_300day,NODE_0000818,USA/VA-EHip-367024648.296/2021,USA/VA-EHip-366461348.363/2021,1056,2041,209.6535000001083,88.0,121.6535000001083,67,1,0.0
nextstrain_tree_graph_300day,NODE_0000818,USA/VA-EHip-367024648.296/2021,USA/VA-EHip-366353820.418/2022,1056,2041,264.8062500001329,143.0,121.80625000013288,122,1,0.0
nextstrain_tree_graph_300day,NODE_0000818,USA/VA-EHip-367024648.296/2021,USA/VA-EHip-364961314.283/2021,1056,665,129.6637500000897,75.0,54.66375000008969,13,2,0.0
nextstrain_tree_graph_300day,NODE_0000818,USA/VA-EHip-367024648.296/2021,USA/VA-EHip-364961770.296/2021,1056,665,142.4475000001196,88.0,54.44750000011959,0,1,0.0
nextstrain_tree_graph_300day,NODE_0000818,USA/VA-EHip-367024648.296/2021,USA/VA-EHip-364934266.349/2021,1056,665,195.7740000001043,141.0,54.77400000010431,53,2,0.0
nextstrain_tree_graph_300day,NODE_0000818,USA/VA-EHip-367024648.296/2021,USA/VA-EHip-364989731.332/2021,1056,665,178.607250000095,124.0,54.60725000009501,36,0,0.0
nextstrain_tree_graph_300day,NODE_0000818,USA/VA-EHip-367024648.296/2021,USA/VA-EHip-364992166.330/2021,1056,665,176.7810000001382,122.0,54.78100000013819,34,0,0.0
nextstrain_tree_graph_300day,NODE_0000818,USA/VA-EHip-366461348.363/2021,USA/VA-EHip-367029688.281/2021,2041,1056,194.67825000004717,73.0,121.67825000004717,82,1,0.0
nextstrain_tree_graph_300day,NODE_0000818,USA/VA-EHip-366461348.363/2021,USA/VA-EHip-368811009.321/2021,2041,1056,234.85575000009368,113.0,121.85575000009368,42,1,0.0
nextstrain_tree_graph_300day,NODE_0000818,USA/VA-EHip-366461348.363/2021,USA/VA-EHip-367823807.275/2021,2041,1056,188.83425000010232,67.0,121.83425000010232,88,1,0.0
nextstrain_tree_graph_300day,NODE_0000818,USA/VA-EHip-366461348.363/2021,USA/VA-EHip-367024648.296/2021,2041,1056,209.6535000001083,88.0,121.6535000001083,67,1,0.0
nextstrain_tree_graph_300day,NODE_0000818,USA/VA-EHip-366353820.418/2022,USA/VA-EHip-367029688.281/2021,2041,1056,249.83100000007175,128.0,121.83100000007175,137,1,0.0
nextstrain_tree_graph_300day,NODE_0000818,USA/VA-EHip-366353820.418/2022,USA/VA-EHip-368811009.321/2021,2041,1056,290.00850000011826,168.0,122.00850000011826,97,1,0.0
nextstrain_tree_graph_300day,NODE_0000818,USA/VA-EHip-366353820.418/2022,USA/VA-EHip-367823807.275/2021,2041,1056,243.9870000001269,122.0,121.9870000001269,143,1,0.0
nextstrain_tree_graph_300day,NODE_0000818,USA/VA-EHip-366353820.418/2022,USA/VA-EHip-367024648.296/2021,2041,1056,264.8062500001329,143.0,121.80625000013288,122,1,0.0
nextstrain_tree_graph_300day,NODE_0000818,USA/VA-EHip-364961314.283/2021,USA/VA-EHip-367029688.281/2021,665,1056,114.68850000002857,60.0,54.68850000002857,2,2,0.0
nextstrain_tree_graph_300day,NODE_0000818,USA/VA-EHip-364961314.283/2021,USA/VA-EHip-368811009.321/2021,665,1056,154.86600000007508,100.0,54.866000000075076,38,0,0.0
nextstrain_tree_graph_300day,NODE_0000818,USA/VA-EHip-364961314.283/2021,USA/VA-EHip-367823807.275/2021,665,1056,108.84450000008371,54.0,54.84450000008371,8,0,0.0
nextstrain_tree_graph_300day,NODE_0000818,USA/VA-EHip-364961314.283/2021,USA/VA-EHip-367024648.296/2021,665,1056,129.6637500000897,75.0,54.66375000008969,13,2,0.0
nextstrain_tree_graph_300day,NODE_0000818,USA/VA-EHip-364961770.296/2021,USA/VA-EHip-367029688.281/2021,665,1056,127.47225000005847,73.0,54.472250000058466,15,1,0.0
nextstrain_tree_graph_300day,NODE_0000818,USA/VA-EHip-364961770.296/2021,USA/VA-EHip-368811009.321/2021,665,1056,167.64975000010497,113.0,54.64975000010497,25,1,0.0
nextstrain_tree_graph_300day,NODE_0000818,USA/VA-EHip-364961770.296/2021,USA/VA-EHip-367823807.275/2021,665,1056,121.62825000011361,67.0,54.62825000011361,21,1,0.0
nextstrain_tree_graph_300day,NODE_0000818,USA/VA-EHip-364961770.296/2021,USA/VA-EHip-367024648.296/2021,665,1056,142.4475000001196,88.0,54.44750000011959,0,1,0.0
nextstrain_tree_graph_300day,NODE_0000818,USA/VA-EHip-364934266.349/2021,USA/VA-EHip-367029688.281/2021,665,1056,180.79875000004319,126.0,54.798750000043185,68,2,0.0
nextstrain_tree_graph_300day,NODE_0000818,USA/VA-EHip-364934266.349/2021,USA/VA-EHip-368811009.321/2021,665,1056,220.9762500000897,166.0,54.97625000008969,28,0,0.0
nextstrain_tree_graph_300day,NODE_0000818,USA/VA-EHip-364934266.349/2021,USA/VA-EHip-367823807.275/2021,665,1056,174.95475000009833,120.0,54.95475000009833,74,0,0.0
nextstrain_tree_graph_300day,NODE_0000818,USA/VA-EHip-364934266.349/2021,USA/VA-EHip-367024648.296/2021,665,1056,195.7740000001043,141.0,54.77400000010431,53,2,0.0
nextstrain_tree_graph_300day,NODE_0000818,USA/VA-EHip-364989731.332/2021,USA/VA-EHip-367029688.281/2021,665,1056,163.63200000003388,109.0,54.632000000033884,51,0,0.0
nextstrain_tree_graph_300day,NODE_0000818,USA/VA-EHip-364989731.332/2021,USA/VA-EHip-368811009.321/2021,665,1056,203.8095000000804,149.0,54.80950000008039,11,2,0.0
nextstrain_tree_graph_300day,NODE_0000818,USA/VA-EHip-364989731.332/2021,USA/VA-EHip-367823807.275/2021,665,1056,157.78800000008903,103.0,54.78800000008903,57,2,0.0
nextstrain_tree_graph_300day,NODE_0000818,USA/VA-EHip-364989731.332/2021,USA/VA-EHip-367024648.296/2021,665,1056,178.607250000095,124.0,54.60725000009501,36,0,0.0
nextstrain_tree_graph_300day,NODE_0000818,USA/VA-EHip-364992166.330/2021,USA/VA-EHip-367029688.281/2021,665,1056,161.80575000007707,107.0,54.80575000007707,49,0,0.0
nextstrain_tree_graph_300day,NODE_0000818,USA/VA-EHip-364992166.330/2021,USA/VA-EHip-368811009.321/2021,665,1056,201.98325000012358,147.0,54.983250000123576,9,2,0.0
nextstrain_tree_graph_300day,NODE_0000818,USA/VA-EHip-364992166.330/2021,USA/VA-EHip-367823807.275/2021,665,1056,155.9617500001322,101.0,54.96175000013221,55,2,0.0
nextstrain_tree_graph_300day,NODE_0000818,USA/VA-EHip-364992166.330/2021,USA/VA-EHip-367024648.296/2021,665,1056,176.7810000001382,122.0,54.78100000013819,34,0,0.0
nextstrain_tree_graph_300day,NODE_0001245,USA/VA-EHip-366536095.413/2022,USA/VA-EHip-363351714.367/2021,931,3099,174.2242499999495,158.0,16.224249999949507,46,1,0.0
nextstrain_tree_graph_300day,NODE_0001244,USA/VA-EHip-361562944.339/2021,USA/VA-EHip-363351714.367/2021,1708,3099,189.564750000002,42.0,147.564750000002,28,2,0.0
nextstrain_tree_graph_300day,NODE_0001244,USA/VA-EHip-361562944.339/2021,USA/VA-EHip-366536095.413/2022,1708,931,236.68199999996745,200.0,36.681999999967445,74,1,0.0
nextstrain_tree_graph_300day,NODE_0001244,USA/VA-EHip-363351714.367/2021,USA/VA-EHip-361562944.339/2021,3099,1708,189.564750000002,42.0,147.564750000002,28,2,0.0
nextstrain_tree_graph_300day,NODE_0001244,USA/VA-EHip-366536095.413/2022,USA/VA-EHip-361562944.339/2021,931,1708,236.68199999996745,200.0,36.681999999967445,74,1,0.0
nextstrain_tree_graph_300day,NODE_0000813,USA/VA-EHip-364285757.325/2021,USA/VA-EHip-367990261.297/2021,590,687,77.06775000000465,143.0,-65.93224999999535,28,1,0.0
nextstrain_tree_graph_300day,NODE_0000813,USA/VA-EHip-364285757.325/2021,USA/VA-EHip-364978669.348/2021,590,687,128.2027500000412,194.0,-65.79724999995881,23,0,0.0
nextstrain_tree_graph_300day,NODE_0000813,USA/VA-EHip-368763487.403/2022,USA/VA-EHip-367990261.297/2021,590,687,155.2312499999834,221.0,-65.76875000001661,106,1,0.0
nextstrain_tree_graph_300day,NODE_0000813,USA/VA-EHip-368763487.403/2022,USA/VA-EHip-364978669.348/2021,590,687,206.36625000001993,272.0,-65.63374999998007,55,0,0.0
nextstrain_tree_graph_300day,NODE_0000813,USA/VA-EHip-368557802.408/2022,USA/VA-EHip-367990261.297/2021,590,687,159.9795000000372,226.0,-66.0204999999628,111,1,0.0
nextstrain_tree_graph_300day,NODE_0000813,USA/VA-EHip-368557802.408/2022,USA/VA-EHip-364978669.348/2021,590,687,211.11450000007375,277.0,-65.88549999992625,60,0,0.0
nextstrain_tree_graph_300day,NODE_0000810,USA/VA-EHip-367990261.297/2021,USA/VA-EHip-361562944.339/2021,687,1708,147.92624999999003,96.0,51.926249999990034,42,1,0.0
nextstrain_tree_graph_300day,NODE_0000810,USA/VA-EHip-367990261.297/2021,USA/VA-EHip-363351714.367/2021,687,3099,176.05049999998937,54.0,122.05049999998937,70,1,0.0
nextstrain_tree_graph_300day,NODE_0000810,USA/VA-EHip-367990261.297/2021,USA/VA-EHip-366536095.413/2022,687,931,223.16774999995482,212.0,11.167749999954822,116,0,0.0
nextstrain_tree_graph_300day,NODE_0000810,USA/VA-EHip-364978669.348/2021,USA/VA-EHip-361562944.339/2021,687,1708,199.06125000002658,147.0,52.061250000026575,9,0,0.0
nextstrain_tree_graph_300day,NODE_0000810,USA/VA-EHip-364978669.348/2021,USA/VA-EHip-363351714.367/2021,687,3099,227.1855000000259,105.0,122.18550000002591,19,2,0.0
nextstrain_tree_graph_300day,NODE_0000810,USA/VA-EHip-364978669.348/2021,USA/VA-EHip-366536095.413/2022,687,931,274.30274999999136,263.0,11.302749999991363,65,1,0.0
nextstrain_tree_graph_300day,NODE_0000810,USA/VA-EHip-364285757.325/2021,USA/VA-EHip-361562944.339/2021,590,1708,176.05049999998937,131.0,45.05049999998937,14,0,0.0
nextstrain_tree_graph_300day,NODE_0000810,USA/VA-EHip-364285757.325/2021,USA/VA-EHip-363351714.367/2021,590,3099,204.1747499999887,89.0,115.1747499999887,42,2,0.0
nextstrain_tree_graph_300day,NODE_0000810,USA/VA-EHip-364285757.325/2021,USA/VA-EHip-366536095.413/2022,590,931,251.29199999995416,247.0,4.291999999954157,88,1,0.0
nextstrain_tree_graph_300day,NODE_0000810,USA/VA-EHip-368763487.403/2022,USA/VA-EHip-361562944.339/2021,590,1708,254.2139999999681,209.0,45.21399999996811,64,0,0.0
nextstrain_tree_graph_300day,NODE_0000810,USA/VA-EHip-368763487.403/2022,USA/VA-EHip-363351714.367/2021,590,3099,282.33824999996745,167.0,115.33824999996745,36,2,0.0
nextstrain_tree_graph_300day,NODE_0000810,USA/VA-EHip-368763487.403/2022,USA/VA-EHip-366536095.413/2022,590,931,329.4554999999329,325.0,4.455499999932897,10,1,0.0
nextstrain_tree_graph_300day,NODE_0000810,USA/VA-EHip-368557802.408/2022,USA/VA-EHip-361562944.339/2021,590,1708,258.9622500000219,214.0,44.962250000021925,69,0,0.0
nextstrain_tree_graph_300day,NODE_0000810,USA/VA-EHip-368557802.408/2022,USA/VA-EHip-363351714.367/2021,590,3099,287.08650000002126,172.0,115.08650000002126,41,2,0.0
nextstrain_tree_graph_300day,NODE_0000810,USA/VA-EHip-368557802.408/2022,USA/VA-EHip-366536095.413/2022,590,931,334.2037499999867,330.0,4.203749999986712,5,1,0.0
nextstrain_tree_graph_300day,NODE_0001256,USA/VA-EHip-366371378.332/2021,USA/VA-EHip-365757033.328/2021,508,1190,166.18874999997342,172.0,-5.811250000026575,4,2,0.0
nextstrain_tree_graph_300day,NODE_0001255,USA/VA-EHip-365757033.328/2021,USA/VA-EHip-362745732.348/2021,1190,2246,189.564750000002,81.0,108.564750000002,20,1,0.0
nextstrain_tree_graph_300day,NODE_0001255,USA/VA-EHip-366371378.332/2021,USA/VA-EHip-362745732.348/2021,508,2246,193.58249999999003,135.0,58.582499999990034,16,1,0.0
nextstrain_tree_graph_300day,NODE_0001254,USA/VA-EHip-362745732.348/2021,USA/VA-EHip-365841180.344/2021,2246,1244,221.70675000007242,93.0,128.70675000007242,4,1,0.0
nextstrain_tree_graph_300day,NODE_0001254,USA/VA-EHip-365757033.328/2021,USA/VA-EHip-365841180.344/2021,1190,1244,201.61800000004916,130.0,71.61800000004916,16,0,0.0
nextstrain_tree_graph_300day,NODE_0001254,USA/VA-EHip-366371378.332/2021,USA/VA-EHip-365841180.344/2021,508,1244,205.6357500000372,184.0,21.635750000037206,12,2,0.0
nextstrain_tree_graph_300day,NODE_0001254,USA/VA-EHip-365841180.344/2021,USA/VA-EHip-362745732.348/2021,1244,2246,221.70675000007242,93.0,128.70675000007242,4,1,0.0
nextstrain_tree_graph_300day,NODE_0001254,USA/VA-EHip-365841180.344/2021,USA/VA-EHip-365757033.328/2021,1244,1190,201.61800000004916,130.0,71.61800000004916,16,0,0.0
nextstrain_tree_graph_300day,NODE_0001254,USA/VA-EHip-365841180.344/2021,USA/VA-EHip-366371378.332/2021,1244,508,205.6357500000372,184.0,21.635750000037206,12,2,0.0
nextstrain_tree_graph_300day,NODE_0001253,USA/VA-EHip-365841180.344/2021,USA/VA-EHip-366828440.279/2021,1244,1288,170.9369999999442,76.0,94.93699999994419,65,2,0.0
nextstrain_tree_graph_300day,NODE_0001253,USA/VA-EHip-362745732.348/2021,USA/VA-EHip-366828440.279/2021,2246,1288,174.95475000001528,27.0,147.95475000001528,69,1,0.0
nextstrain_tree_graph_300day,NODE_0001253,USA/VA-EHip-365757033.328/2021,USA/VA-EHip-366828440.279/2021,1190,1288,154.86599999999203,64.0,90.86599999999203,49,2,0.0
nextstrain_tree_graph_300day,NODE_0001253,USA/VA-EHip-366371378.332/2021,USA/VA-EHip-366828440.279/2021,508,1288,158.88374999998007,118.0,40.88374999998007,53,0,0.0
nextstrain_tree_graph_300day,NODE_0001253,USA/VA-EHip-366828440.279/2021,USA/VA-EHip-365841180.344/2021,1288,1244,170.9369999999442,76.0,94.93699999994419,65,2,0.0
nextstrain_tree_graph_300day,NODE_0001253,USA/VA-EHip-366828440.279/2021,USA/VA-EHip-362745732.348/2021,1288,2246,174.95475000001528,27.0,147.95475000001528,69,1,0.0
nextstrain_tree_graph_300day,NODE_0001253,USA/VA-EHip-366828440.279/2021,USA/VA-EHip-365757033.328/2021,1288,1190,154.86599999999203,64.0,90.86599999999203,49,2,0.0
nextstrain_tree_graph_300day,NODE_0001253,USA/VA-EHip-366828440.279/2021,USA/VA-EHip-366371378.332/2021,1288,508,158.88374999998007,118.0,40.88374999998007,53,0,0.0
nextstrain_tree_graph_300day,NODE_0001250,USA/VA-EHip-364939620.274/2021,USA/VA-EHip-366828440.279/2021,634,1288,119.07150000009102,38.0,81.07150000009102,5,2,0.0
nextstrain_tree_graph_300day,NODE_0001250,USA/VA-EHip-364939620.274/2021,USA/VA-EHip-365841180.344/2021,634,1244,184.0860000000485,104.0,80.0860000000485,70,0,0.0
nextstrain_tree_graph_300day,NODE_0001250,USA/VA-EHip-364939620.274/2021,USA/VA-EHip-362745732.348/2021,634,2246,188.1037500001196,55.0,133.1037500001196,74,1,0.0
nextstrain_tree_graph_300day,NODE_0001250,USA/VA-EHip-364939620.274/2021,USA/VA-EHip-365757033.328/2021,634,1190,168.01500000009634,92.0,76.01500000009634,54,0,0.0
nextstrain_tree_graph_300day,NODE_0001250,USA/VA-EHip-364939620.274/2021,USA/VA-EHip-366371378.332/2021,634,508,172.03275000008438,146.0,26.032750000084377,58,2,0.0
nextstrain_tree_graph_300day,NODE_0001250,USA/VA-EHip-365728441.367/2021,USA/VA-EHip-366828440.279/2021,634,1288,212.21025000004784,131.0,81.21025000004784,88,0,0.0
nextstrain_tree_graph_300day,NODE_0001250,USA/VA-EHip-365728441.367/2021,USA/VA-EHip-365841180.344/2021,634,1244,277.2247500000053,197.0,80.22475000000532,23,2,0.0
nextstrain_tree_graph_300day,NODE_0001250,USA/VA-EHip-365728441.367/2021,USA/VA-EHip-362745732.348/2021,634,2246,281.2425000000764,148.0,133.2425000000764,19,1,0.0
nextstrain_tree_graph_300day,NODE_0001250,USA/VA-EHip-365728441.367/2021,USA/VA-EHip-365757033.328/2021,634,1190,261.15375000005315,185.0,76.15375000005315,39,2,0.0
nextstrain_tree_graph_300day,NODE_0001250,USA/VA-EHip-365728441.367/2021,USA/VA-EHip-366371378.332/2021,634,508,265.1715000000412,239.0,26.171500000041192,35,0,0.0
nextstrain_tree_graph_300day,NODE_0001250,USA/VA-EHip-363970835.368/2021,USA/VA-EHip-366828440.279/2021,634,1288,213.30600000002192,132.0,81.30600000002192,89,1,0.0
nextstrain_tree_graph_300day,NODE_0001250,USA/VA-EHip-363970835.368/2021,USA/VA-EHip-365841180.344/2021,634,1244,278.3204999999794,198.0,80.3204999999794,24,1,0.0
nextstrain_tree_graph_300day,NODE_0001250,USA/VA-EHip-363970835.368/2021,USA/VA-EHip-362745732.348/2021,634,2246,282.3382500000505,149.0,133.3382500000505,20,0,0.0
nextstrain_tree_graph_300day,NODE_0001250,USA/VA-EHip-363970835.368/2021,USA/VA-EHip-365757033.328/2021,634,1190,262.24950000002724,186.0,76.24950000002724,40,1,0.0
nextstrain_tree_graph_300day,NODE_0001250,USA/VA-EHip-363970835.368/2021,USA/VA-EHip-366371378.332/2021,634,508,266.2672500000153,240.0,26.26725000001528,36,1,0.0
nextstrain_tree_graph_300day,NODE_0001250,USA/VA-EHip-366828440.279/2021,USA/VA-EHip-364939620.274/2021,1288,634,119.07150000009102,38.0,81.07150000009102,5,2,0.0
nextstrain_tree_graph_300day,NODE_0001250,USA/VA-EHip-366828440.279/2021,USA/VA-EHip-365728441.367/2021,1288,634,212.21025000004784,131.0,81.21025000004784,88,0,0.0
nextstrain_tree_graph_300day,NODE_0001250,USA/VA-EHip-366828440.279/2021,USA/VA-EHip-363970835.368/2021,1288,634,213.30600000002192,132.0,81.30600000002192,89,1,0.0
nextstrain_tree_graph_300day,NODE_0001250,USA/VA-EHip-365841180.344/2021,USA/VA-EHip-364939620.274/2021,1244,634,184.0860000000485,104.0,80.0860000000485,70,0,0.0
nextstrain_tree_graph_300day,NODE_0001250,USA/VA-EHip-365841180.344/2021,USA/VA-EHip-365728441.367/2021,1244,634,277.2247500000053,197.0,80.22475000000532,23,2,0.0
nextstrain_tree_graph_300day,NODE_0001250,USA/VA-EHip-365841180.344/2021,USA/VA-EHip-363970835.368/2021,1244,634,278.3204999999794,198.0,80.3204999999794,24,1,0.0
nextstrain_tree_graph_300day,NODE_0001250,USA/VA-EHip-362745732.348/2021,USA/VA-EHip-364939620.274/2021,2246,634,188.1037500001196,55.0,133.1037500001196,74,1,0.0
nextstrain_tree_graph_300day,NODE_0001250,USA/VA-EHip-362745732.348/2021,USA/VA-EHip-365728441.367/2021,2246,634,281.2425000000764,148.0,133.2425000000764,19,1,0.0
nextstrain_tree_graph_300day,NODE_0001250,USA/VA-EHip-362745732.348/2021,USA/VA-EHip-363970835.368/2021,2246,634,282.3382500000505,149.0,133.3382500000505,20,0,0.0
nextstrain_tree_graph_300day,NODE_0001250,USA/VA-EHip-365757033.328/2021,USA/VA-EHip-364939620.274/2021,1190,634,168.01500000009634,92.0,76.01500000009634,54,0,0.0
nextstrain_tree_graph_300day,NODE_0001250,USA/VA-EHip-365757033.328/2021,USA/VA-EHip-365728441.367/2021,1190,634,261.15375000005315,185.0,76.15375000005315,39,2,0.0
nextstrain_tree_graph_300day,NODE_0001250,USA/VA-EHip-365757033.328/2021,USA/VA-EHip-363970835.368/2021,1190,634,262.24950000002724,186.0,76.24950000002724,40,1,0.0
nextstrain_tree_graph_300day,NODE_0001250,USA/VA-EHip-366371378.332/2021,USA/VA-EHip-364939620.274/2021,508,634,172.03275000008438,146.0,26.032750000084377,58,2,0.0
nextstrain_tree_graph_300day,NODE_0001250,USA/VA-EHip-366371378.332/2021,USA/VA-EHip-365728441.367/2021,508,634,265.1715000000412,239.0,26.171500000041192,35,0,0.0
nextstrain_tree_graph_300day,NODE_0001250,USA/VA-EHip-366371378.332/2021,USA/VA-EHip-363970835.368/2021,508,634,266.2672500000153,240.0,26.26725000001528,36,1,0.0
nextstrain_tree_graph_300day,NODE_0001242,USA/VA-EHip-361562944.339/2021,USA/VA-EHip-364939620.274/2021,1708,634,195.77400000002126,75.0,120.77400000002126,65,1,0.0
nextstrain_tree_graph_300day,NODE_0001242,USA/VA-EHip-361562944.339/2021,USA/VA-EHip-365728441.367/2021,1708,634,288.9127499999781,168.0,120.91274999997808,28,1,0.0
nextstrain_tree_graph_300day,NODE_0001242,USA/VA-EHip-361562944.339/2021,USA/VA-EHip-363970835.368/2021,1708,634,290.00849999995216,169.0,121.00849999995216,29,0,0.0
nextstrain_tree_graph_300day,NODE_0001242,USA/VA-EHip-361562944.339/2021,USA/VA-EHip-366828440.279/2021,1708,1288,200.8874999999834,47.0,153.8874999999834,60,1,0.0
nextstrain_tree_graph_300day,NODE_0001242,USA/VA-EHip-361562944.339/2021,USA/VA-EHip-365841180.344/2021,1708,1244,265.90199999994087,113.0,152.90199999994087,5,1,0.0
nextstrain_tree_graph_300day,NODE_0001242,USA/VA-EHip-361562944.339/2021,USA/VA-EHip-362745732.348/2021,1708,2246,269.91975000001196,64.0,205.91975000001196,9,0,0.0
nextstrain_tree_graph_300day,NODE_0001242,USA/VA-EHip-361562944.339/2021,USA/VA-EHip-365757033.328/2021,1708,1190,249.8309999999887,101.0,148.8309999999887,11,1,0.0
nextstrain_tree_graph_300day,NODE_0001242,USA/VA-EHip-361562944.339/2021,USA/VA-EHip-366371378.332/2021,1708,508,253.84874999997675,155.0,98.84874999997675,7,1,0.0
nextstrain_tree_graph_300day,NODE_0001242,USA/VA-EHip-363351714.367/2021,USA/VA-EHip-364939620.274/2021,3099,634,223.8982500000206,33.0,190.8982500000206,93,1,0.0
nextstrain_tree_graph_300day,NODE_0001242,USA/VA-EHip-363351714.367/2021,USA/VA-EHip-365728441.367/2021,3099,634,317.0369999999774,126.0,191.0369999999774,0,3,0.0
nextstrain_tree_graph_300day,NODE_0001242,USA/VA-EHip-363351714.367/2021,USA/VA-EHip-363970835.368/2021,3099,634,318.1327499999515,127.0,191.1327499999515,1,2,0.0
nextstrain_tree_graph_300day,NODE_0001242,USA/VA-EHip-363351714.367/2021,USA/VA-EHip-366828440.279/2021,3099,1288,229.01174999998273,5.0,224.01174999998273,88,3,0.0
nextstrain_tree_graph_300day,NODE_0001242,USA/VA-EHip-363351714.367/2021,USA/VA-EHip-365841180.344/2021,3099,1244,294.0262499999402,71.0,223.0262499999402,23,1,0.0
nextstrain_tree_graph_300day,NODE_0001242,USA/VA-EHip-363351714.367/2021,USA/VA-EHip-362745732.348/2021,3099,2246,298.0440000000113,22.0,276.0440000000113,19,2,1.0
nextstrain_tree_graph_300day,NODE_0001242,USA/VA-EHip-363351714.367/2021,USA/VA-EHip-365757033.328/2021,3099,1190,277.95524999998804,59.0,218.95524999998804,39,1,0.0
nextstrain_tree_graph_300day,NODE_0001242,USA/VA-EHip-363351714.367/2021,USA/VA-EHip-366371378.332/2021,3099,508,281.9729999999761,113.0,168.97299999997608,35,3,0.0
nextstrain_tree_graph_300day,NODE_0001242,USA/VA-EHip-366536095.413/2022,USA/VA-EHip-364939620.274/2021,931,634,271.01549999998605,191.0,80.01549999998605,139,0,0.0
nextstrain_tree_graph_300day,NODE_0001242,USA/VA-EHip-366536095.413/2022,USA/VA-EHip-365728441.367/2021,931,634,364.15424999994286,284.0,80.15424999994286,46,2,0.0
nextstrain_tree_graph_300day,NODE_0001242,USA/VA-EHip-366536095.413/2022,USA/VA-EHip-363970835.368/2021,931,634,365.24999999991695,285.0,80.24999999991695,45,1,0.0
nextstrain_tree_graph_300day,NODE_0001242,USA/VA-EHip-366536095.413/2022,USA/VA-EHip-366828440.279/2021,931,1288,276.1289999999482,163.0,113.12899999994818,134,2,0.0
nextstrain_tree_graph_300day,NODE_0001242,USA/VA-EHip-366536095.413/2022,USA/VA-EHip-365841180.344/2021,931,1244,341.14349999990566,229.0,112.14349999990566,69,0,0.0
nextstrain_tree_graph_300day,NODE_0001242,USA/VA-EHip-366536095.413/2022,USA/VA-EHip-362745732.348/2021,931,2246,345.16124999997675,180.0,165.16124999997675,65,1,0.0
nextstrain_tree_graph_300day,NODE_0001242,USA/VA-EHip-366536095.413/2022,USA/VA-EHip-365757033.328/2021,931,1190,325.0724999999535,217.0,108.0724999999535,85,0,0.0
nextstrain_tree_graph_300day,NODE_0001242,USA/VA-EHip-366536095.413/2022,USA/VA-EHip-366371378.332/2021,931,508,329.09024999994153,271.0,58.090249999941534,81,2,0.0
nextstrain_tree_graph_300day,NODE_0001242,USA/VA-EHip-367990261.297/2021,USA/VA-EHip-364939620.274/2021,687,634,153.77025000001794,87.0,66.77025000001794,23,0,0.0
nextstrain_tree_graph_300day,NODE_0001242,USA/VA-EHip-367990261.297/2021,USA/VA-EHip-365728441.367/2021,687,634,246.90899999997475,180.0,66.90899999997475,70,2,0.0
nextstrain_tree_graph_300day,NODE_0001242,USA/VA-EHip-367990261.297/2021,USA/VA-EHip-363970835.368/2021,687,634,248.00474999994884,181.0,67.00474999994884,71,1,0.0
nextstrain_tree_graph_300day,NODE_0001242,USA/VA-EHip-367990261.297/2021,USA/VA-EHip-366828440.279/2021,687,1288,158.88374999998007,59.0,99.88374999998007,18,2,0.0
nextstrain_tree_graph_300day,NODE_0001242,USA/VA-EHip-367990261.297/2021,USA/VA-EHip-365841180.344/2021,687,1244,223.89824999993755,125.0,98.89824999993755,47,0,0.0
nextstrain_tree_graph_300day,NODE_0001242,USA/VA-EHip-367990261.297/2021,USA/VA-EHip-362745732.348/2021,687,2246,227.91600000000864,76.0,151.91600000000864,51,1,0.0
nextstrain_tree_graph_300day,NODE_0001242,USA/VA-EHip-367990261.297/2021,USA/VA-EHip-365757033.328/2021,687,1190,207.82724999998538,113.0,94.82724999998538,31,0,0.0
nextstrain_tree_graph_300day,NODE_0001242,USA/VA-EHip-367990261.297/2021,USA/VA-EHip-366371378.332/2021,687,508,211.84499999997342,167.0,44.844999999973425,35,2,0.0
nextstrain_tree_graph_300day,NODE_0001242,USA/VA-EHip-364978669.348/2021,USA/VA-EHip-364939620.274/2021,687,634,204.90525000005448,138.0,66.90525000005448,74,1,1.0
nextstrain_tree_graph_300day,NODE_0001242,USA/VA-EHip-364978669.348/2021,USA/VA-EHip-365728441.367/2021,687,634,298.0440000000113,231.0,67.0440000000113,19,1,0.0
nextstrain_tree_graph_300day,NODE_0001242,USA/VA-EHip-364978669.348/2021,USA/VA-EHip-363970835.368/2021,687,634,299.1397499999854,232.0,67.13974999998538,20,0,0.0
nextstrain_tree_graph_300day,NODE_0001242,USA/VA-EHip-364978669.348/2021,USA/VA-EHip-366828440.279/2021,687,1288,210.0187500000166,110.0,100.01875000001661,69,1,0.0
nextstrain_tree_graph_300day,NODE_0001242,USA/VA-EHip-364978669.348/2021,USA/VA-EHip-365841180.344/2021,687,1244,275.0332499999741,176.0,99.03324999997409,4,1,0.0
nextstrain_tree_graph_300day,NODE_0001242,USA/VA-EHip-364978669.348/2021,USA/VA-EHip-362745732.348/2021,687,2246,279.0510000000452,127.0,152.05100000004518,0,0,0.0
nextstrain_tree_graph_300day,NODE_0001242,USA/VA-EHip-364978669.348/2021,USA/VA-EHip-365757033.328/2021,687,1190,258.9622500000219,164.0,94.96225000002192,20,1,0.0
nextstrain_tree_graph_300day,NODE_0001242,USA/VA-EHip-364978669.348/2021,USA/VA-EHip-366371378.332/2021,687,508,262.98000000000997,218.0,44.980000000009966,16,1,0.0
nextstrain_tree_graph_300day,NODE_0001242,USA/VA-EHip-364285757.325/2021,USA/VA-EHip-364939620.274/2021,590,634,181.89450000001727,122.0,59.894500000017274,51,1,0.0
nextstrain_tree_graph_300day,NODE_0001242,USA/VA-EHip-364285757.325/2021,USA/VA-EHip-365728441.367/2021,590,634,275.0332499999741,215.0,60.03324999997409,42,1,0.0
nextstrain_tree_graph_300day,NODE_0001242,USA/VA-EHip-364285757.325/2021,USA/VA-EHip-363970835.368/2021,590,634,276.1289999999482,216.0,60.12899999994818,43,0,0.0
nextstrain_tree_graph_300day,NODE_0001242,USA/VA-EHip-364285757.325/2021,USA/VA-EHip-366828440.279/2021,590,1288,187.0079999999794,94.0,93.0079999999794,46,1,0.0
nextstrain_tree_graph_300day,NODE_0001242,USA/VA-EHip-364285757.325/2021,USA/VA-EHip-365841180.344/2021,590,1244,252.02249999993688,160.0,92.02249999993688,19,1,0.0
nextstrain_tree_graph_300day,NODE_0001242,USA/VA-EHip-364285757.325/2021,USA/VA-EHip-362745732.348/2021,590,2246,256.040250000008,111.0,145.04025000000797,23,0,0.0
nextstrain_tree_graph_300day,NODE_0001242,USA/VA-EHip-364285757.325/2021,USA/VA-EHip-365757033.328/2021,590,1190,235.95149999998472,148.0,87.95149999998472,3,1,0.0
nextstrain_tree_graph_300day,NODE_0001242,USA/VA-EHip-364285757.325/2021,USA/VA-EHip-366371378.332/2021,590,508,239.96924999997276,202.0,37.96924999997276,7,1,0.0
nextstrain_tree_graph_300day,NODE_0001242,USA/VA-EHip-368763487.403/2022,USA/VA-EHip-364939620.274/2021,590,634,260.057999999996,200.0,60.057999999996014,129,1,0.0
nextstrain_tree_graph_300day,NODE_0001242,USA/VA-EHip-368763487.403/2022,USA/VA-EHip-365728441.367/2021,590,634,353.19674999995283,293.0,60.19674999995283,36,1,0.0
nextstrain_tree_graph_300day,NODE_0001242,USA/VA-EHip-368763487.403/2022,USA/VA-EHip-363970835.368/2021,590,634,354.2924999999269,294.0,60.29249999992692,35,0,0.0
nextstrain_tree_graph_300day,NODE_0001242,USA/VA-EHip-368763487.403/2022,USA/VA-EHip-366828440.279/2021,590,1288,265.17149999995814,172.0,93.17149999995814,124,1,0.0
nextstrain_tree_graph_300day,NODE_0001242,USA/VA-EHip-368763487.403/2022,USA/VA-EHip-365841180.344/2021,590,1244,330.1859999999156,238.0,92.18599999991562,59,1,0.0
nextstrain_tree_graph_300day,NODE_0001242,USA/VA-EHip-368763487.403/2022,USA/VA-EHip-362745732.348/2021,590,2246,334.2037499999867,189.0,145.2037499999867,55,0,0.0
nextstrain_tree_graph_300day,NODE_0001242,USA/VA-EHip-368763487.403/2022,USA/VA-EHip-365757033.328/2021,590,1190,314.11499999996346,226.0,88.11499999996346,75,1,0.0
nextstrain_tree_graph_300day,NODE_0001242,USA/VA-EHip-368763487.403/2022,USA/VA-EHip-366371378.332/2021,590,508,318.1327499999515,280.0,38.1327499999515,71,1,0.0
nextstrain_tree_graph_300day,NODE_0001242,USA/VA-EHip-368557802.408/2022,USA/VA-EHip-364939620.274/2021,590,634,264.80625000004983,205.0,59.80625000004983,134,1,0.0
nextstrain_tree_graph_300day,NODE_0001242,USA/VA-EHip-368557802.408/2022,USA/VA-EHip-365728441.367/2021,590,634,357.94500000000664,298.0,59.945000000006644,41,1,0.0
nextstrain_tree_graph_300day,NODE_0001242,USA/VA-EHip-368557802.408/2022,USA/VA-EHip-363970835.368/2021,590,634,359.04074999998073,299.0,60.04074999998073,40,0,0.0
nextstrain_tree_graph_300day,NODE_0001242,USA/VA-EHip-368557802.408/2022,USA/VA-EHip-366828440.279/2021,590,1288,269.91975000001196,177.0,92.91975000001196,129,1,0.0
nextstrain_tree_graph_300day,NODE_0001242,USA/VA-EHip-368557802.408/2022,USA/VA-EHip-365841180.344/2021,590,1244,334.93424999996944,243.0,91.93424999996944,64,1,0.0
nextstrain_tree_graph_300day,NODE_0001242,USA/VA-EHip-368557802.408/2022,USA/VA-EHip-362745732.348/2021,590,2246,338.9520000000405,194.0,144.95200000004053,60,0,0.0
nextstrain_tree_graph_300day,NODE_0001242,USA/VA-EHip-368557802.408/2022,USA/VA-EHip-365757033.328/2021,590,1190,318.8632500000173,231.0,87.86325000001727,80,1,0.0
nextstrain_tree_graph_300day,NODE_0001242,USA/VA-EHip-368557802.408/2022,USA/VA-EHip-366371378.332/2021,590,508,322.8810000000053,285.0,37.881000000005315,76,1,0.0
nextstrain_tree_graph_300day,NODE_0001242,USA/VA-EHip-364939620.274/2021,USA/VA-EHip-361562944.339/2021,634,1708,195.77400000002126,75.0,120.77400000002126,65,1,0.0
nextstrain_tree_graph_300day,NODE_0001242,USA/VA-EHip-364939620.274/2021,USA/VA-EHip-363351714.367/2021,634,3099,223.8982500000206,33.0,190.8982500000206,93,1,0.0
nextstrain_tree_graph_300day,NODE_0001242,USA/VA-EHip-364939620.274/2021,USA/VA-EHip-366536095.413/2022,634,931,271.01549999998605,191.0,80.01549999998605,139,0,0.0
nextstrain_tree_graph_300day,NODE_0001242,USA/VA-EHip-364939620.274/2021,USA/VA-EHip-367990261.297/2021,634,687,153.77025000001794,87.0,66.77025000001794,23,0,0.0
nextstrain_tree_graph_300day,NODE_0001242,USA/VA-EHip-364939620.274/2021,USA/VA-EHip-364978669.348/2021,634,687,204.90525000005448,138.0,66.90525000005448,74,1,1.0
nextstrain_tree_graph_300day,NODE_0001242,USA/VA-EHip-364939620.274/2021,USA/VA-EHip-364285757.325/2021,634,590,181.89450000001727,122.0,59.894500000017274,51,1,0.0
nextstrain_tree_graph_300day,NODE_0001242,USA/VA-EHip-364939620.274/2021,USA/VA-EHip-368763487.403/2022,634,590,260.057999999996,200.0,60.057999999996014,129,1,0.0
nextstrain_tree_graph_300day,NODE_0001242,USA/VA-EHip-364939620.274/2021,USA/VA-EHip-368557802.408/2022,634,590,264.80625000004983,205.0,59.80625000004983,134,1,0.0
nextstrain_tree_graph_300day,NODE_0001242,USA/VA-EHip-365728441.367/2021,USA/VA-EHip-361562944.339/2021,634,1708,288.9127499999781,168.0,120.91274999997808,28,1,0.0
nextstrain_tree_graph_300day,NODE_0001242,USA/VA-EHip-365728441.367/2021,USA/VA-EHip-363351714.367/2021,634,3099,317.0369999999774,126.0,191.0369999999774,0,3,0.0
nextstrain_tree_graph_300day,NODE_0001242,USA/VA-EHip-365728441.367/2021,USA/VA-EHip-366536095.413/2022,634,931,364.15424999994286,284.0,80.15424999994286,46,2,0.0
nextstrain_tree_graph_300day,NODE_0001242,USA/VA-EHip-365728441.367/2021,USA/VA-EHip-367990261.297/2021,634,687,246.90899999997475,180.0,66.90899999997475,70,2,0.0
nextstrain_tree_graph_300day,NODE_0001242,USA/VA-EHip-365728441.367/2021,USA/VA-EHip-364978669.348/2021,634,687,298.0440000000113,231.0,67.0440000000113,19,1,0.0
nextstrain_tree_graph_300day,NODE_0001242,USA/VA-EHip-365728441.367/2021,USA/VA-EHip-364285757.325/2021,634,590,275.0332499999741,215.0,60.03324999997409,42,1,0.0
nextstrain_tree_graph_300day,NODE_0001242,USA/VA-EHip-365728441.367/2021,USA/VA-EHip-368763487.403/2022,634,590,353.19674999995283,293.0,60.19674999995283,36,1,0.0
nextstrain_tree_graph_300day,NODE_0001242,USA/VA-EHip-365728441.367/2021,USA/VA-EHip-368557802.408/2022,634,590,357.94500000000664,298.0,59.945000000006644,41,1,0.0
nextstrain_tree_graph_300day,NODE_0001242,USA/VA-EHip-363970835.368/2021,USA/VA-EHip-361562944.339/2021,634,1708,290.00849999995216,169.0,121.00849999995216,29,0,0.0
nextstrain_tree_graph_300day,NODE_0001242,USA/VA-EHip-363970835.368/2021,USA/VA-EHip-363351714.367/2021,634,3099,318.1327499999515,127.0,191.1327499999515,1,2,0.0
nextstrain_tree_graph_300day,NODE_0001242,USA/VA-EHip-363970835.368/2021,USA/VA-EHip-366536095.413/2022,634,931,365.24999999991695,285.0,80.24999999991695,45,1,0.0
nextstrain_tree_graph_300day,NODE_0001242,USA/VA-EHip-363970835.368/2021,USA/VA-EHip-367990261.297/2021,634,687,248.00474999994884,181.0,67.00474999994884,71,1,0.0
nextstrain_tree_graph_300day,NODE_0001242,USA/VA-EHip-363970835.368/2021,USA/VA-EHip-364978669.348/2021,634,687,299.1397499999854,232.0,67.13974999998538,20,0,0.0
nextstrain_tree_graph_300day,NODE_0001242,USA/VA-EHip-363970835.368/2021,USA/VA-EHip-364285757.325/2021,634,590,276.1289999999482,216.0,60.12899999994818,43,0,0.0
nextstrain_tree_graph_300day,NODE_0001242,USA/VA-EHip-363970835.368/2021,USA/VA-EHip-368763487.403/2022,634,590,354.2924999999269,294.0,60.29249999992692,35,0,0.0
nextstrain_tree_graph_300day,NODE_0001242,USA/VA-EHip-363970835.368/2021,USA/VA-EHip-368557802.408/2022,634,590,359.04074999998073,299.0,60.04074999998073,40,0,0.0
nextstrain_tree_graph_300day,NODE_0001242,USA/VA-EHip-366828440.279/2021,USA/VA-EHip-361562944.339/2021,1288,1708,200.8874999999834,47.0,153.8874999999834,60,1,0.0
nextstrain_tree_graph_300day,NODE_0001242,USA/VA-EHip-366828440.279/2021,USA/VA-EHip-363351714.367/2021,1288,3099,229.01174999998273,5.0,224.01174999998273,88,3,0.0
nextstrain_tree_graph_300day,NODE_0001242,USA/VA-EHip-366828440.279/2021,USA/VA-EHip-366536095.413/2022,1288,931,276.1289999999482,163.0,113.12899999994818,134,2,0.0
nextstrain_tree_graph_300day,NODE_0001242,USA/VA-EHip-366828440.279/2021,USA/VA-EHip-367990261.297/2021,1288,687,158.88374999998007,59.0,99.88374999998007,18,2,0.0
nextstrain_tree_graph_300day,NODE_0001242,USA/VA-EHip-366828440.279/2021,USA/VA-EHip-364978669.348/2021,1288,687,210.0187500000166,110.0,100.01875000001661,69,1,0.0
nextstrain_tree_graph_300day,NODE_0001242,USA/VA-EHip-366828440.279/2021,USA/VA-EHip-364285757.325/2021,1288,590,187.0079999999794,94.0,93.0079999999794,46,1,0.0
nextstrain_tree_graph_300day,NODE_0001242,USA/VA-EHip-366828440.279/2021,USA/VA-EHip-368763487.403/2022,1288,590,265.17149999995814,172.0,93.17149999995814,124,1,0.0
nextstrain_tree_graph_300day,NODE_0001242,USA/VA-EHip-366828440.279/2021,USA/VA-EHip-368557802.408/2022,1288,590,269.91975000001196,177.0,92.91975000001196,129,1,0.0
nextstrain_tree_graph_300day,NODE_0001242,USA/VA-EHip-365841180.344/2021,USA/VA-EHip-361562944.339/2021,1244,1708,265.90199999994087,113.0,152.90199999994087,5,1,0.0
nextstrain_tree_graph_300day,NODE_0001242,USA/VA-EHip-365841180.344/2021,USA/VA-EHip-363351714.367/2021,1244,3099,294.0262499999402,71.0,223.0262499999402,23,1,0.0
nextstrain_tree_graph_300day,NODE_0001242,USA/VA-EHip-365841180.344/2021,USA/VA-EHip-366536095.413/2022,1244,931,341.14349999990566,229.0,112.14349999990566,69,0,0.0
nextstrain_tree_graph_300day,NODE_0001242,USA/VA-EHip-365841180.344/2021,USA/VA-EHip-367990261.297/2021,1244,687,223.89824999993755,125.0,98.89824999993755,47,0,0.0
nextstrain_tree_graph_300day,NODE_0001242,USA/VA-EHip-365841180.344/2021,USA/VA-EHip-364978669.348/2021,1244,687,275.0332499999741,176.0,99.03324999997409,4,1,0.0
nextstrain_tree_graph_300day,NODE_0001242,USA/VA-EHip-365841180.344/2021,USA/VA-EHip-364285757.325/2021,1244,590,252.02249999993688,160.0,92.02249999993688,19,1,0.0
nextstrain_tree_graph_300day,NODE_0001242,USA/VA-EHip-365841180.344/2021,USA/VA-EHip-368763487.403/2022,1244,590,330.1859999999156,238.0,92.18599999991562,59,1,0.0
nextstrain_tree_graph_300day,NODE_0001242,USA/VA-EHip-365841180.344/2021,USA/VA-EHip-368557802.408/2022,1244,590,334.93424999996944,243.0,91.93424999996944,64,1,0.0
nextstrain_tree_graph_300day,NODE_0001242,USA/VA-EHip-362745732.348/2021,USA/VA-EHip-361562944.339/2021,2246,1708,269.91975000001196,64.0,205.91975000001196,9,0,0.0
nextstrain_tree_graph_300day,NODE_0001242,USA/VA-EHip-362745732.348/2021,USA/VA-EHip-363351714.367/2021,2246,3099,298.0440000000113,22.0,276.0440000000113,19,2,1.0
nextstrain_tree_graph_300day,NODE_0001242,USA/VA-EHip-362745732.348/2021,USA/VA-EHip-366536095.413/2022,2246,931,345.16124999997675,180.0,165.16124999997675,65,1,0.0
nextstrain_tree_graph_300day,NODE_0001242,USA/VA-EHip-362745732.348/2021,USA/VA-EHip-367990261.297/2021,2246,687,227.91600000000864,76.0,151.91600000000864,51,1,0.0
nextstrain_tree_graph_300day,NODE_0001242,USA/VA-EHip-362745732.348/2021,USA/VA-EHip-364978669.348/2021,2246,687,279.0510000000452,127.0,152.05100000004518,0,0,0.0
nextstrain_tree_graph_300day,NODE_0001242,USA/VA-EHip-362745732.348/2021,USA/VA-EHip-364285757.325/2021,2246,590,256.040250000008,111.0,145.04025000000797,23,0,0.0
nextstrain_tree_graph_300day,NODE_0001242,USA/VA-EHip-362745732.348/2021,USA/VA-EHip-368763487.403/2022,2246,590,334.2037499999867,189.0,145.2037499999867,55,0,0.0
nextstrain_tree_graph_300day,NODE_0001242,USA/VA-EHip-362745732.348/2021,USA/VA-EHip-368557802.408/2022,2246,590,338.9520000000405,194.0,144.95200000004053,60,0,0.0
nextstrain_tree_graph_300day,NODE_0001242,USA/VA-EHip-365757033.328/2021,USA/VA-EHip-361562944.339/2021,1190,1708,249.8309999999887,101.0,148.8309999999887,11,1,0.0
nextstrain_tree_graph_300day,NODE_0001242,USA/VA-EHip-365757033.328/2021,USA/VA-EHip-363351714.367/2021,1190,3099,277.95524999998804,59.0,218.95524999998804,39,1,0.0
nextstrain_tree_graph_300day,NODE_0001242,USA/VA-EHip-365757033.328/2021,USA/VA-EHip-366536095.413/2022,1190,931,325.0724999999535,217.0,108.0724999999535,85,0,0.0
nextstrain_tree_graph_300day,NODE_0001242,USA/VA-EHip-365757033.328/2021,USA/VA-EHip-367990261.297/2021,1190,687,207.82724999998538,113.0,94.82724999998538,31,0,0.0
nextstrain_tree_graph_300day,NODE_0001242,USA/VA-EHip-365757033.328/2021,USA/VA-EHip-364978669.348/2021,1190,687,258.9622500000219,164.0,94.96225000002192,20,1,0.0
nextstrain_tree_graph_300day,NODE_0001242,USA/VA-EHip-365757033.328/2021,USA/VA-EHip-364285757.325/2021,1190,590,235.95149999998472,148.0,87.95149999998472,3,1,0.0
nextstrain_tree_graph_300day,NODE_0001242,USA/VA-EHip-365757033.328/2021,USA/VA-EHip-368763487.403/2022,1190,590,314.11499999996346,226.0,88.11499999996346,75,1,0.0
nextstrain_tree_graph_300day,NODE_0001242,USA/VA-EHip-365757033.328/2021,USA/VA-EHip-368557802.408/2022,1190,590,318.8632500000173,231.0,87.86325000001727,80,1,0.0
nextstrain_tree_graph_300day,NODE_0001242,USA/VA-EHip-366371378.332/2021,USA/VA-EHip-361562944.339/2021,508,1708,253.84874999997675,155.0,98.84874999997675,7,1,0.0
nextstrain_tree_graph_300day,NODE_0001242,USA/VA-EHip-366371378.332/2021,USA/VA-EHip-363351714.367/2021,508,3099,281.9729999999761,113.0,168.97299999997608,35,3,0.0
nextstrain_tree_graph_300day,NODE_0001242,USA/VA-EHip-366371378.332/2021,USA/VA-EHip-366536095.413/2022,508,931,329.09024999994153,271.0,58.090249999941534,81,2,0.0
nextstrain_tree_graph_300day,NODE_0001242,USA/VA-EHip-366371378.332/2021,USA/VA-EHip-367990261.297/2021,508,687,211.84499999997342,167.0,44.844999999973425,35,2,0.0
nextstrain_tree_graph_300day,NODE_0001242,USA/VA-EHip-366371378.332/2021,USA/VA-EHip-364978669.348/2021,508,687,262.98000000000997,218.0,44.980000000009966,16,1,0.0
nextstrain_tree_graph_300day,NODE_0001242,USA/VA-EHip-366371378.332/2021,USA/VA-EHip-364285757.325/2021,508,590,239.96924999997276,202.0,37.96924999997276,7,1,0.0
nextstrain_tree_graph_300day,NODE_0001242,USA/VA-EHip-366371378.332/2021,USA/VA-EHip-368763487.403/2022,508,590,318.1327499999515,280.0,38.1327499999515,71,1,0.0
nextstrain_tree_graph_300day,NODE_0001242,USA/VA-EHip-366371378.332/2021,USA/VA-EHip-368557802.408/2022,508,590,322.8810000000053,285.0,37.881000000005315,76,1,0.0
nextstrain_tree_graph_300day,NODE_0002410,USA/VA-EHip-367040663.382/2021,USA/VA-EHip-363747888.357/2021,187,1903,44.925750000017274,292.0,-247.07424999998273,25,1,0.0
nextstrain_tree_graph_300day,NODE_0002410,USA/VA-EHip-364886739.421/2022,USA/VA-EHip-363747888.357/2021,187,1903,85.10325000006378,331.0,-245.89674999993622,64,3,0.0
nextstrain_tree_graph_300day,NODE_0002410,USA/VA-EHip-361794214.388/2021,USA/VA-EHip-363747888.357/2021,187,1903,50.76975000004518,298.0,-247.23024999995482,31,3,0.0
nextstrain_tree_graph_300day,NODE_0002410,USA/VA-EHip-362353868.403/2022,USA/VA-EHip-363747888.357/2021,187,1903,66.11025000001462,313.0,-246.88974999998538,46,2,0.0
nextstrain_tree_graph_300day,NODE_0002404,USA/VA-EHip-366929545.308/2021,USA/VA-EHip-363747888.357/2021,187,1903,76.70250000001329,218.0,-141.2974999999867,49,1,0.0
nextstrain_tree_graph_300day,NODE_0002404,USA/VA-EHip-365059177.374/2021,USA/VA-EHip-363747888.357/2021,187,1903,142.8127500000279,284.0,-141.1872499999721,17,2,0.0
nextstrain_tree_graph_300day,NODE_0002404,USA/VA-EHip-362361579.420/2022,USA/VA-EHip-363747888.357/2021,187,1903,188.83425000001927,330.0,-141.16574999998073,63,1,0.0
nextstrain_tree_graph_300day,NODE_0002404,USA/VA-EHip-367654470.414/2022,USA/VA-EHip-363747888.357/2021,187,1903,182.99024999999136,324.0,-141.00975000000864,57,0,0.0
nextstrain_tree_graph_300day,NODE_0002820,USA/VA-EHip-366891359.292/2021,USA/VA-EHip-361279761.422/2022,919,3011,180.79875000012623,96.0,84.79875000012623,130,1,0.0
nextstrain_tree_graph_300day,NODE_0002820,USA/VA-EHip-367800835.350/2021,USA/VA-EHip-361279761.422/2022,919,3011,238.87350000008172,154.0,84.87350000008172,72,3,0.0
nextstrain_tree_graph_300day,NODE_0002820,USA/VA-EHip-367717699.302/2021,USA/VA-EHip-361279761.422/2022,919,3011,191.02575000013354,106.0,85.02575000013354,120,1,0.0
nextstrain_tree_graph_300day,NODE_0002820,USA/VA-EHip-367751141.331/2021,USA/VA-EHip-361279761.422/2022,919,3011,219.8805000001156,135.0,84.8805000001156,91,1,0.0
nextstrain_tree_graph_300day,NODE_0002820,USA/VA-EHip-368554601.410/2022,USA/VA-EHip-361279761.422/2022,919,3011,299.13975000006843,214.0,85.13975000006843,12,2,0.0
nextstrain_tree_graph_300day,NODE_0002819,USA/VA-EHip-364529809.379/2021,USA/VA-EHip-361279761.422/2022,2228,3011,319.22850000000864,114.0,205.22850000000864,43,2,0.0
nextstrain_tree_graph_300day,NODE_0002819,USA/VA-EHip-364529809.379/2021,USA/VA-EHip-366891359.292/2021,2228,919,188.83425000001927,96.0,92.83425000001927,87,1,0.0
nextstrain_tree_graph_300day,NODE_0002819,USA/VA-EHip-364529809.379/2021,USA/VA-EHip-367800835.350/2021,2228,919,246.90899999997475,154.0,92.90899999997475,29,1,0.0
nextstrain_tree_graph_300day,NODE_0002819,USA/VA-EHip-364529809.379/2021,USA/VA-EHip-367717699.302/2021,2228,919,199.06125000002658,106.0,93.06125000002658,77,1,0.0
nextstrain_tree_graph_300day,NODE_0002819,USA/VA-EHip-364529809.379/2021,USA/VA-EHip-367751141.331/2021,2228,919,227.91600000000864,135.0,92.91600000000864,48,1,0.0
nextstrain_tree_graph_300day,NODE_0002819,USA/VA-EHip-364529809.379/2021,USA/VA-EHip-368554601.410/2022,2228,919,307.17524999996147,214.0,93.17524999996147,31,0,0.0
nextstrain_tree_graph_300day,NODE_0002819,USA/VA-EHip-361279761.422/2022,USA/VA-EHip-364529809.379/2021,3011,2228,319.22850000000864,114.0,205.22850000000864,43,2,0.0
nextstrain_tree_graph_300day,NODE_0002819,USA/VA-EHip-366891359.292/2021,USA/VA-EHip-364529809.379/2021,919,2228,188.83425000001927,96.0,92.83425000001927,87,1,0.0
nextstrain_tree_graph_300day,NODE_0002819,USA/VA-EHip-367800835.350/2021,USA/VA-EHip-364529809.379/2021,919,2228,246.90899999997475,154.0,92.90899999997475,29,1,0.0
nextstrain_tree_graph_300day,NODE_0002819,USA/VA-EHip-367717699.302/2021,USA/VA-EHip-364529809.379/2021,919,2228,199.06125000002658,106.0,93.06125000002658,77,1,0.0
nextstrain_tree_graph_300day,NODE_0002819,USA/VA-EHip-367751141.331/2021,USA/VA-EHip-364529809.379/2021,919,2228,227.91600000000864,135.0,92.91600000000864,48,1,0.0
nextstrain_tree_graph_300day,NODE_0002819,USA/VA-EHip-368554601.410/2022,USA/VA-EHip-364529809.379/2021,919,2228,307.17524999996147,214.0,93.17524999996147,31,0,0.0
nextstrain_tree_graph_300day,NODE_0003701,USA/VA-EHip-363790374.397/2022,USA/VA-EHip-368017555.382/2021,240,2268,14.975250000061124,306.0,-291.0247499999389,15,1,0.0
nextstrain_tree_graph_300day,NODE_0003700,USA/VA-EHip-362059809.406/2022,USA/VA-EHip-368017555.382/2021,240,2268,54.056999999967445,315.0,-260.94300000003255,24,1,0.0
nextstrain_tree_graph_300day,NODE_0003700,USA/VA-EHip-363891831.388/2021,USA/VA-EHip-368017555.382/2021,240,2268,35.794499999984055,297.0,-261.20550000001595,6,1,0.0
nextstrain_tree_graph_300day,NODE_0003700,USA/VA-EHip-363971113.400/2022,USA/VA-EHip-368017555.382/2021,240,2268,47.84774999994818,309.0,-261.1522500000518,18,1,0.0
nextstrain_tree_graph_300day,NODE_0003700,USA/VA-EHip-368126159.381/2021,USA/VA-EHip-368017555.382/2021,240,2268,28.85474999998206,290.0,-261.14525000001794,1,0,1.0
nextstrain_tree_graph_300day,NODE_0003699,USA/VA-EHip-364212508.369/2021,USA/VA-EHip-368017555.382/2021,240,2268,30.681000000021925,278.0,-247.31899999997808,13,1,0.0
nextstrain_tree_graph_300day,NODE_0003698,USA/VA-EHip-364187639.360/2021,USA/VA-EHip-368017555.382/2021,240,2268,28.4894999999907,269.0,-240.5105000000093,22,0,0.0
nextstrain_tree_graph_300day,NODE_0003695,USA/VA-EHip-363987740.359/2021,USA/VA-EHip-368017555.382/2021,240,2268,47.847750000031226,268.0,-220.15224999996877,23,1,0.0
nextstrain_tree_graph_300day,NODE_0003695,USA/VA-EHip-362435282.381/2021,USA/VA-EHip-368017555.382/2021,240,2268,69.7627500000113,290.0,-220.2372499999887,1,1,0.0
nextstrain_tree_graph_300day,NODE_0003509,USA/VA-EHip-368157724.275/2021,USA/VA-EHip-364150466.407/2022,240,2182,131.85524999995482,213.0,-81.14475000004518,132,1,0.0
nextstrain_tree_graph_300day,NODE_0004474,USA/VA-EHip-368090781.269/2021,USA/VA-EHip-364150466.407/2022,240,2182,154.13549999992625,207.0,-52.86450000007375,138,1,0.0
nextstrain_tree_graph_300day,NODE_0004473,USA/VA-EHip-368086691.237/2021,USA/VA-EHip-364150466.407/2022,240,2182,169.8412499999701,175.0,-5.158750000029897,170,0,0.0
nextstrain_tree_graph_300day,NODE_0005016,USA/VA-EHip-368080623.254/2021,USA/VA-EHip-364150466.407/2022,240,2182,199.7917500000093,192.0,7.791750000009301,153,0,0.0
nextstrain_tree_graph_300day,NODE_0003508,USA/VA-EHip-368085628.236/2021,USA/VA-EHip-364150466.407/2022,240,2182,197.2349999999867,174.0,23.234999999986712,171,1,0.0
nextstrain_tree_graph_300day,NODE_0003508,USA/VA-EHip-361978823.273/2021,USA/VA-EHip-364150466.407/2022,240,2182,235.221000000002,211.0,24.221000000001993,134,1,0.0
nextstrain_tree_graph_300day,NODE_0003508,USA/VA-EHip-368087512.247/2021,USA/VA-EHip-364150466.407/2022,240,2182,208.19249999997675,185.0,23.192499999976746,160,0,0.0
nextstrain_tree_graph_300day,NODE_0001270,USA/VA-EHip-366966179.288/2021,USA/VA-EHip-364783859.363/2021,837,2699,215.49750000005315,55.0,160.49750000005315,75,0,0.0
nextstrain_tree_graph_300day,NODE_0001270,USA/VA-EHip-366934090.311/2021,USA/VA-EHip-364783859.363/2021,837,2699,238.50825000009036,78.0,160.50825000009036,52,1,0.0
nextstrain_tree_graph_300day,NODE_0001268,USA/VA-EHip-367508406.310/2021,USA/VA-EHip-364783859.363/2021,769,2699,280.87725000008504,81.0,199.87725000008504,53,3,0.0
nextstrain_tree_graph_300day,NODE_0001268,USA/VA-EHip-367508406.310/2021,USA/VA-EHip-366966179.288/2021,769,837,205.6357500000372,98.0,107.6357500000372,22,3,0.0
nextstrain_tree_graph_300day,NODE_0001268,USA/VA-EHip-367508406.310/2021,USA/VA-EHip-366934090.311/2021,769,837,228.6465000000744,121.0,107.64650000007441,1,2,0.0
nextstrain_tree_graph_300day,NODE_0001268,USA/VA-EHip-368356273.348/2021,USA/VA-EHip-364783859.363/2021,769,2699,318.1327500001176,119.0,199.1327500001176,15,2,0.0
nextstrain_tree_graph_300day,NODE_0001268,USA/VA-EHip-368356273.348/2021,USA/VA-EHip-366966179.288/2021,769,837,242.89125000006976,136.0,106.89125000006976,60,2,0.0
nextstrain_tree_graph_300day,NODE_0001268,USA/VA-EHip-368356273.348/2021,USA/VA-EHip-366934090.311/2021,769,837,265.90200000010697,159.0,106.90200000010697,37,1,0.0
nextstrain_tree_graph_300day,NODE_0001278,USA/VA-EHip-365541248.229/2021,USA/VA-EHip-361240167.267/2021,482,670,122.72400000000465,42.0,80.72400000000465,38,0,0.0
nextstrain_tree_graph_300day,NODE_0001278,USA/VA-EHip-365527307.234/2021,USA/VA-EHip-361240167.267/2021,482,670,127.47224999997542,47.0,80.47224999997542,33,0,0.0
nextstrain_tree_graph_300day,NODE_0001276,USA/VA-EHip-361240167.267/2021,USA/VA-EHip-368275834.286/2021,670,709,190.66050000005913,66.0,124.66050000005913,19,2,0.0
nextstrain_tree_graph_300day,NODE_0001276,USA/VA-EHip-361240167.267/2021,USA/VA-EHip-368274488.297/2021,670,709,201.61800000004916,77.0,124.61800000004916,30,0,0.0
nextstrain_tree_graph_300day,NODE_0001276,USA/VA-EHip-365541248.229/2021,USA/VA-EHip-368275834.286/2021,482,709,152.67450000004385,58.0,94.67450000004385,57,2,0.0
nextstrain_tree_graph_300day,NODE_0001276,USA/VA-EHip-365541248.229/2021,USA/VA-EHip-368274488.297/2021,482,709,163.63200000003388,69.0,94.63200000003388,68,0,0.0
nextstrain_tree_graph_300day,NODE_0001276,USA/VA-EHip-365527307.234/2021,USA/VA-EHip-368275834.286/2021,482,709,157.42275000001462,63.0,94.42275000001462,52,2,0.0
nextstrain_tree_graph_300day,NODE_0001276,USA/VA-EHip-365527307.234/2021,USA/VA-EHip-368274488.297/2021,482,709,168.38025000000465,74.0,94.38025000000465,63,0,0.0
nextstrain_tree_graph_300day,NODE_0000652,USA/VA-EHip-368275834.286/2021,USA/VA-EHip-367508406.310/2021,709,769,247.63950000004053,103.0,144.63950000004053,24,1,0.0
nextstrain_tree_graph_300day,NODE_0000652,USA/VA-EHip-368275834.286/2021,USA/VA-EHip-368356273.348/2021,709,769,284.8950000000731,141.0,143.89500000007308,62,0,0.0
nextstrain_tree_graph_300day,NODE_0000652,USA/VA-EHip-368275834.286/2021,USA/VA-EHip-364783859.363/2021,709,2699,299.87025000005116,60.0,239.87025000005116,77,2,0.0
nextstrain_tree_graph_300day,NODE_0000652,USA/VA-EHip-368275834.286/2021,USA/VA-EHip-366966179.288/2021,709,837,224.62875000000332,77.0,147.62875000000332,2,2,0.0
nextstrain_tree_graph_300day,NODE_0000652,USA/VA-EHip-368275834.286/2021,USA/VA-EHip-366934090.311/2021,709,837,247.63950000004053,100.0,147.63950000004053,25,1,0.0
nextstrain_tree_graph_300day,NODE_0000652,USA/VA-EHip-368274488.297/2021,USA/VA-EHip-367508406.310/2021,709,769,258.59700000003056,114.0,144.59700000003056,13,3,0.0
nextstrain_tree_graph_300day,NODE_0000652,USA/VA-EHip-368274488.297/2021,USA/VA-EHip-368356273.348/2021,709,769,295.8525000000631,152.0,143.85250000006312,51,2,0.0
nextstrain_tree_graph_300day,NODE_0000652,USA/VA-EHip-368274488.297/2021,USA/VA-EHip-364783859.363/2021,709,2699,310.8277500000412,71.0,239.8277500000412,66,0,0.0
nextstrain_tree_graph_300day,NODE_0000652,USA/VA-EHip-368274488.297/2021,USA/VA-EHip-366966179.288/2021,709,837,235.58624999999336,88.0,147.58624999999336,9,0,0.0
nextstrain_tree_graph_300day,NODE_0000652,USA/VA-EHip-368274488.297/2021,USA/VA-EHip-366934090.311/2021,709,837,258.59700000003056,111.0,147.59700000003056,14,1,0.0
nextstrain_tree_graph_300day,NODE_0000652,USA/VA-EHip-361240167.267/2021,USA/VA-EHip-367508406.310/2021,670,769,228.6465000000744,87.0,141.6465000000744,43,3,0.0
nextstrain_tree_graph_300day,NODE_0000652,USA/VA-EHip-361240167.267/2021,USA/VA-EHip-368356273.348/2021,670,769,265.90200000010697,125.0,140.90200000010697,81,2,0.0
nextstrain_tree_graph_300day,NODE_0000652,USA/VA-EHip-361240167.267/2021,USA/VA-EHip-364783859.363/2021,670,2699,280.87725000008504,44.0,236.87725000008504,96,0,0.0
nextstrain_tree_graph_300day,NODE_0000652,USA/VA-EHip-361240167.267/2021,USA/VA-EHip-366966179.288/2021,670,837,205.6357500000372,61.0,144.6357500000372,21,0,0.0
nextstrain_tree_graph_300day,NODE_0000652,USA/VA-EHip-361240167.267/2021,USA/VA-EHip-366934090.311/2021,670,837,228.6465000000744,84.0,144.6465000000744,44,1,0.0
nextstrain_tree_graph_300day,NODE_0000652,USA/VA-EHip-365541248.229/2021,USA/VA-EHip-367508406.310/2021,482,769,190.66050000005913,79.0,111.66050000005913,81,3,0.0
nextstrain_tree_graph_300day,NODE_0000652,USA/VA-EHip-365541248.229/2021,USA/VA-EHip-368356273.348/2021,482,769,227.91600000009169,117.0,110.91600000009169,119,2,0.0
nextstrain_tree_graph_300day,NODE_0000652,USA/VA-EHip-365541248.229/2021,USA/VA-EHip-364783859.363/2021,482,2699,242.89125000006976,36.0,206.89125000006976,134,0,0.0
nextstrain_tree_graph_300day,NODE_0000652,USA/VA-EHip-365541248.229/2021,USA/VA-EHip-366966179.288/2021,482,837,167.64975000002192,53.0,114.64975000002192,59,0,0.0
nextstrain_tree_graph_300day,NODE_0000652,USA/VA-EHip-365541248.229/2021,USA/VA-EHip-366934090.311/2021,482,837,190.66050000005913,76.0,114.66050000005913,82,1,0.0
nextstrain_tree_graph_300day,NODE_0000652,USA/VA-EHip-365527307.234/2021,USA/VA-EHip-367508406.310/2021,482,769,195.4087500000299,84.0,111.4087500000299,76,3,0.0
nextstrain_tree_graph_300day,NODE_0000652,USA/VA-EHip-365527307.234/2021,USA/VA-EHip-368356273.348/2021,482,769,232.66425000006245,122.0,110.66425000006245,114,2,0.0
nextstrain_tree_graph_300day,NODE_0000652,USA/VA-EHip-365527307.234/2021,USA/VA-EHip-364783859.363/2021,482,2699,247.63950000004053,41.0,206.63950000004053,129,0,0.0
nextstrain_tree_graph_300day,NODE_0000652,USA/VA-EHip-365527307.234/2021,USA/VA-EHip-366966179.288/2021,482,837,172.3979999999927,58.0,114.39799999999269,54,0,0.0
nextstrain_tree_graph_300day,NODE_0000652,USA/VA-EHip-365527307.234/2021,USA/VA-EHip-366934090.311/2021,482,837,195.4087500000299,81.0,114.4087500000299,77,1,0.0
nextstrain_tree_graph_300day,NODE_0000724,USA/VA-EHip-366692422.370/2021,USA/VA-EHip-363625228.359/2021,536,2015,48.94350000008836,190.0,-141.05649999991164,11,0,0.0
nextstrain_tree_graph_300day,NODE_0000724,USA/VA-EHip-367115221.348/2021,USA/VA-EHip-363625228.359/2021,536,2015,27.028500000108295,168.0,-140.9714999998917,11,1,0.0
nextstrain_tree_graph_300day,NODE_0000667,USA/VA-EHip-363625228.359/2021,USA/VA-EHip-362086094.347/2021,2015,2040,237.04725000004186,80.0,157.04725000004186,12,1,0.0
nextstrain_tree_graph_300day,NODE_0000667,USA/VA-EHip-366692422.370/2021,USA/VA-EHip-362086094.347/2021,536,2040,248.0047500000319,174.0,74.00475000003189,23,1,0.0
nextstrain_tree_graph_300day,NODE_0000667,USA/VA-EHip-367115221.348/2021,USA/VA-EHip-362086094.347/2021,536,2040,226.08975000005182,152.0,74.08975000005182,1,0,0.0
nextstrain_tree_graph_300day,NODE_0000665,USA/VA-EHip-367091344.294/2021,USA/VA-EHip-362086094.347/2021,810,2040,219.5152499998751,71.0,148.5152499998751,53,0,0.0
nextstrain_tree_graph_300day,NODE_0000665,USA/VA-EHip-367091344.294/2021,USA/VA-EHip-363625228.359/2021,810,2015,231.56849999992227,87.0,144.56849999992227,65,1,0.0
nextstrain_tree_graph_300day,NODE_0000665,USA/VA-EHip-367091344.294/2021,USA/VA-EHip-366692422.370/2021,810,536,242.5259999999123,181.0,61.5259999999123,76,1,0.0
nextstrain_tree_graph_300day,NODE_0000665,USA/VA-EHip-367091344.294/2021,USA/VA-EHip-367115221.348/2021,810,536,220.61099999993223,159.0,61.61099999993223,54,0,0.0
nextstrain_tree_graph_300day,NODE_0000665,USA/VA-EHip-367407892.344/2021,USA/VA-EHip-362086094.347/2021,810,2040,269.5544999998545,121.0,148.5544999998545,3,1,0.0
nextstrain_tree_graph_300day,NODE_0000665,USA/VA-EHip-367407892.344/2021,USA/VA-EHip-363625228.359/2021,810,2015,281.60774999990167,137.0,144.60774999990167,15,2,0.0
nextstrain_tree_graph_300day,NODE_0000665,USA/VA-EHip-367407892.344/2021,USA/VA-EHip-366692422.370/2021,810,536,292.5652499998917,231.0,61.565249999891705,26,2,0.0
nextstrain_tree_graph_300day,NODE_0000665,USA/VA-EHip-367407892.344/2021,USA/VA-EHip-367115221.348/2021,810,536,270.65024999991164,209.0,61.65024999991164,4,1,0.0
nextstrain_tree_graph_300day,NODE_0000665,USA/VA-EHip-362086094.347/2021,USA/VA-EHip-367091344.294/2021,2040,810,219.5152499998751,71.0,148.5152499998751,53,0,0.0
nextstrain_tree_graph_300day,NODE_0000665,USA/VA-EHip-362086094.347/2021,USA/VA-EHip-367407892.344/2021,2040,810,269.5544999998545,121.0,148.5544999998545,3,1,0.0
nextstrain_tree_graph_300day,NODE_0000665,USA/VA-EHip-363625228.359/2021,USA/VA-EHip-367091344.294/2021,2015,810,231.56849999992227,87.0,144.56849999992227,65,1,0.0
nextstrain_tree_graph_300day,NODE_0000665,USA/VA-EHip-363625228.359/2021,USA/VA-EHip-367407892.344/2021,2015,810,281.60774999990167,137.0,144.60774999990167,15,2,0.0
nextstrain_tree_graph_300day,NODE_0000665,USA/VA-EHip-366692422.370/2021,USA/VA-EHip-367091344.294/2021,536,810,242.5259999999123,181.0,61.5259999999123,76,1,0.0
nextstrain_tree_graph_300day,NODE_0000665,USA/VA-EHip-366692422.370/2021,USA/VA-EHip-367407892.344/2021,536,810,292.5652499998917,231.0,61.565249999891705,26,2,0.0
nextstrain_tree_graph_300day,NODE_0000665,USA/VA-EHip-367115221.348/2021,USA/VA-EHip-367091344.294/2021,536,810,220.61099999993223,159.0,61.61099999993223,54,0,0.0
nextstrain_tree_graph_300day,NODE_0000665,USA/VA-EHip-367115221.348/2021,USA/VA-EHip-367407892.344/2021,536,810,270.65024999991164,209.0,61.65024999991164,4,1,0.0
nextstrain_tree_graph_300day,NODE_0000663,USA/VA-EHip-368567357.261/2021,USA/VA-EHip-367091344.294/2021,696,810,165.4582499999907,57.0,108.4582499999907,33,1,0.0
nextstrain_tree_graph_300day,NODE_0000663,USA/VA-EHip-368567357.261/2021,USA/VA-EHip-367407892.344/2021,696,810,215.4974999999701,107.0,108.4974999999701,83,0,0.0
nextstrain_tree_graph_300day,NODE_0000663,USA/VA-EHip-368567357.261/2021,USA/VA-EHip-362086094.347/2021,696,2040,218.41949999998405,50.0,168.41949999998405,86,1,0.0
nextstrain_tree_graph_300day,NODE_0000663,USA/VA-EHip-368567357.261/2021,USA/VA-EHip-363625228.359/2021,696,2015,230.47275000003123,66.0,164.47275000003123,98,2,0.0
nextstrain_tree_graph_300day,NODE_0000663,USA/VA-EHip-368567357.261/2021,USA/VA-EHip-366692422.370/2021,696,536,241.43025000002126,160.0,81.43025000002126,109,2,0.0
nextstrain_tree_graph_300day,NODE_0000663,USA/VA-EHip-368567357.261/2021,USA/VA-EHip-367115221.348/2021,696,536,219.5152500000412,138.0,81.51525000004119,87,1,0.0
nextstrain_tree_graph_300day,NODE_0000663,USA/VA-EHip-368694758.294/2021,USA/VA-EHip-367091344.294/2021,696,810,198.69599999995216,90.0,108.69599999995216,0,0,0.0
nextstrain_tree_graph_300day,NODE_0000663,USA/VA-EHip-368694758.294/2021,USA/VA-EHip-367407892.344/2021,696,810,248.73524999993157,140.0,108.73524999993157,50,1,0.0
nextstrain_tree_graph_300day,NODE_0000663,USA/VA-EHip-368694758.294/2021,USA/VA-EHip-362086094.347/2021,696,2040,251.65724999994552,83.0,168.65724999994552,53,0,0.0
nextstrain_tree_graph_300day,NODE_0000663,USA/VA-EHip-368694758.294/2021,USA/VA-EHip-363625228.359/2021,696,2015,263.7104999999927,99.0,164.7104999999927,65,1,0.0
nextstrain_tree_graph_300day,NODE_0000663,USA/VA-EHip-368694758.294/2021,USA/VA-EHip-366692422.370/2021,696,536,274.6679999999827,193.0,81.66799999998273,76,1,0.0
nextstrain_tree_graph_300day,NODE_0000663,USA/VA-EHip-368694758.294/2021,USA/VA-EHip-367115221.348/2021,696,536,252.75300000000266,171.0,81.75300000000266,54,0,0.0
nextstrain_tree_graph_300day,NODE_0000663,USA/VA-EHip-367091344.294/2021,USA/VA-EHip-368567357.261/2021,810,696,165.4582499999907,57.0,108.4582499999907,33,1,0.0
nextstrain_tree_graph_300day,NODE_0000663,USA/VA-EHip-367091344.294/2021,USA/VA-EHip-368694758.294/2021,810,696,198.69599999995216,90.0,108.69599999995216,0,0,0.0
nextstrain_tree_graph_300day,NODE_0000663,USA/VA-EHip-367407892.344/2021,USA/VA-EHip-368567357.261/2021,810,696,215.4974999999701,107.0,108.4974999999701,83,0,0.0
nextstrain_tree_graph_300day,NODE_0000663,USA/VA-EHip-367407892.344/2021,USA/VA-EHip-368694758.294/2021,810,696,248.73524999993157,140.0,108.73524999993157,50,1,0.0
nextstrain_tree_graph_300day,NODE_0000663,USA/VA-EHip-362086094.347/2021,USA/VA-EHip-368567357.261/2021,2040,696,218.41949999998405,50.0,168.41949999998405,86,1,0.0
nextstrain_tree_graph_300day,NODE_0000663,USA/VA-EHip-362086094.347/2021,USA/VA-EHip-368694758.294/2021,2040,696,251.65724999994552,83.0,168.65724999994552,53,0,0.0
nextstrain_tree_graph_300day,NODE_0000663,USA/VA-EHip-363625228.359/2021,USA/VA-EHip-368567357.261/2021,2015,696,230.47275000003123,66.0,164.47275000003123,98,2,0.0
nextstrain_tree_graph_300day,NODE_0000663,USA/VA-EHip-363625228.359/2021,USA/VA-EHip-368694758.294/2021,2015,696,263.7104999999927,99.0,164.7104999999927,65,1,0.0
nextstrain_tree_graph_300day,NODE_0000663,USA/VA-EHip-366692422.370/2021,USA/VA-EHip-368567357.261/2021,536,696,241.43025000002126,160.0,81.43025000002126,109,2,0.0
nextstrain_tree_graph_300day,NODE_0000663,USA/VA-EHip-366692422.370/2021,USA/VA-EHip-368694758.294/2021,536,696,274.6679999999827,193.0,81.66799999998273,76,1,0.0
nextstrain_tree_graph_300day,NODE_0000663,USA/VA-EHip-367115221.348/2021,USA/VA-EHip-368567357.261/2021,536,696,219.5152500000412,138.0,81.51525000004119,87,1,0.0
nextstrain_tree_graph_300day,NODE_0000663,USA/VA-EHip-367115221.348/2021,USA/VA-EHip-368694758.294/2021,536,696,252.75300000000266,171.0,81.75300000000266,54,0,0.0
nextstrain_tree_graph_300day,NODE_0000677,USA/VA-EHip-362616630.319/2021,USA/VA-EHip-368669973.307/2021,539,717,172.76324999998405,153.0,19.763249999984055,12,0,0.0
nextstrain_tree_graph_300day,NODE_0000677,USA/VA-EHip-363084403.380/2021,USA/VA-EHip-368669973.307/2021,539,717,233.76000000003654,214.0,19.76000000003654,73,1,0.0
nextstrain_tree_graph_300day,NODE_0000676,USA/VA-EHip-368669973.307/2021,USA/VA-EHip-363025926.304/2021,717,1882,184.0860000000485,63.0,121.0860000000485,3,1,0.0
nextstrain_tree_graph_300day,NODE_0000676,USA/VA-EHip-362616630.319/2021,USA/VA-EHip-363025926.304/2021,539,1882,196.13925000001262,90.0,106.13925000001262,15,1,1.0
nextstrain_tree_graph_300day,NODE_0000676,USA/VA-EHip-363084403.380/2021,USA/VA-EHip-363025926.304/2021,539,1882,257.1360000000651,151.0,106.13600000006511,76,0,1.0
nextstrain_tree_graph_300day,NODE_0000673,USA/VA-EHip-363025926.304/2021,USA/VA-EHip-366308777.343/2021,1882,2569,243.62174999996944,6.0,237.62174999996944,39,1,0.0
nextstrain_tree_graph_300day,NODE_0000673,USA/VA-EHip-363025926.304/2021,USA/VA-EHip-362289659.368/2021,1882,2569,268.8239999999548,31.0,237.82399999995482,64,0,0.0
nextstrain_tree_graph_300day,NODE_0000673,USA/VA-EHip-368669973.307/2021,USA/VA-EHip-366308777.343/2021,717,2569,246.5437499999834,69.0,177.5437499999834,36,0,0.0
nextstrain_tree_graph_300day,NODE_0000673,USA/VA-EHip-368669973.307/2021,USA/VA-EHip-362289659.368/2021,717,2569,271.7459999999688,94.0,177.74599999996877,61,1,0.0
nextstrain_tree_graph_300day,NODE_0000673,USA/VA-EHip-362616630.319/2021,USA/VA-EHip-366308777.343/2021,539,2569,258.5969999999475,96.0,162.5969999999475,24,0,0.0
nextstrain_tree_graph_300day,NODE_0000673,USA/VA-EHip-362616630.319/2021,USA/VA-EHip-362289659.368/2021,539,2569,283.7992499999329,121.0,162.7992499999329,49,1,0.0
nextstrain_tree_graph_300day,NODE_0000673,USA/VA-EHip-363084403.380/2021,USA/VA-EHip-366308777.343/2021,539,2569,319.59375,157.0,162.59375,37,1,0.0
nextstrain_tree_graph_300day,NODE_0000673,USA/VA-EHip-363084403.380/2021,USA/VA-EHip-362289659.368/2021,539,2569,344.7959999999854,182.0,162.79599999998538,12,0,0.0
nextstrain_tree_graph_300day,NODE_0004467,USA/VA-EHip-362854545.268/2021,USA/VA-EHip-363578456.360/2021,503,1192,235.95150000006777,133.0,102.95150000006777,92,0,0.0
nextstrain_tree_graph_300day,NODE_0004458,USA/VA-EHip-367917357.385/2021,USA/VA-EHip-361754185.287/2021,694,847,238.14300000001595,174.0,64.14300000001595,98,0,0.0
nextstrain_tree_graph_300day,NODE_0004458,USA/VA-EHip-367917357.385/2021,USA/VA-EHip-361757649.287/2021,694,847,239.9692500000558,174.0,65.96925000005581,98,3,0.0
nextstrain_tree_graph_300day,NODE_0004458,USA/VA-EHip-367917357.385/2021,USA/VA-EHip-361756371.299/2021,694,847,248.0047500000319,186.0,62.00475000003189,86,1,0.0
nextstrain_tree_graph_300day,NODE_0004458,USA/VA-EHip-367917357.385/2021,USA/VA-EHip-361755609.301/2021,694,847,252.02250000001993,188.0,64.02250000001993,84,1,0.0
nextstrain_tree_graph_300day,NODE_0004458,USA/VA-EHip-367917357.385/2021,USA/VA-EHip-361760325.315/2021,694,847,265.9020000000239,202.0,63.90200000002392,70,1,0.0
nextstrain_tree_graph_300day,NODE_0004458,USA/VA-EHip-367917357.385/2021,USA/VA-EHip-368251700.337/2021,694,847,288.1822500000784,224.0,64.1822500000784,48,3,0.0
nextstrain_tree_graph_300day,NODE_0004458,USA/VA-EHip-367917357.385/2021,USA/VA-EHip-361751558.332/2021,694,847,283.0687500000332,219.0,64.06875000003322,53,1,0.0
nextstrain_tree_graph_300day,NODE_0004458,USA/VA-EHip-367917357.385/2021,USA/VA-EHip-361683212.332/2021,694,847,283.0687500000332,219.0,64.06875000003322,53,3,0.0
nextstrain_tree_graph_300day,NODE_0004928,USA/VA-EHip-368348930.289/2021,USA/VA-EHip-367002026.277/2021,512,1014,192.12150000010763,87.0,105.12150000010763,12,0,0.0
nextstrain_tree_graph_300day,NODE_0004928,USA/VA-EHip-368348930.289/2021,USA/VA-EHip-368552621.399/2022,512,1014,314.11500000012956,209.0,105.11500000012956,110,2,0.0
nextstrain_tree_graph_300day,NODE_0004928,USA/VA-EHip-368348930.289/2021,USA/VA-EHip-368730824.405/2022,512,1014,322.15050000010564,215.0,107.15050000010564,116,0,0.0
nextstrain_tree_graph_300day,NODE_0004928,USA/VA-EHip-368347536.313/2021,USA/VA-EHip-367002026.277/2021,512,1014,217.323750000093,111.0,106.32375000009301,36,3,0.0
nextstrain_tree_graph_300day,NODE_0004928,USA/VA-EHip-368347536.313/2021,USA/VA-EHip-368552621.399/2022,512,1014,339.31725000011494,233.0,106.31725000011494,86,1,0.0
nextstrain_tree_graph_300day,NODE_0004928,USA/VA-EHip-368347536.313/2021,USA/VA-EHip-368730824.405/2022,512,1014,347.352750000091,239.0,108.35275000009102,92,3,0.0
nextstrain_tree_graph_300day,NODE_0009345,USA/VA-EHip-368221760.424/2022,USA/VA-EHip-366975851.422/2022,164,2248,31.4115000000877,386.0,-354.5884999999123,2,2,0.0
nextstrain_tree_graph_300day,NODE_0009344,USA/VA-EHip-368586502.403/2022,USA/VA-EHip-366975851.422/2022,164,2248,21.91499999998007,365.0,-343.08500000001993,19,1,0.0
nextstrain_tree_graph_300day,NODE_0009343,USA/VA-EHip-366925116.418/2022,USA/VA-EHip-366975851.422/2022,164,2248,56.61375000007308,380.0,-323.3862499999269,4,1,1.0
nextstrain_tree_graph_300day,NODE_0009342,USA/VA-EHip-366733350.390/2021,USA/VA-EHip-366975851.422/2022,164,2248,52.59600000000199,352.0,-299.403999999998,32,1,0.0
nextstrain_tree_graph_300day,NODE_0009341,USA/VA-EHip-366999477.403/2022,USA/VA-EHip-366975851.422/2022,164,2248,75.97200000003056,365.0,-289.02799999996944,19,0,1.0
nextstrain_tree_graph_300day,NODE_0009341,USA/VA-EHip-364486937.418/2022,USA/VA-EHip-366975851.422/2022,164,2248,90.94725000009169,380.0,-289.0527499999083,4,3,0.0
nextstrain_tree_graph_300day,NODE_0009341,USA/VA-EHip-368547959.394/2021,USA/VA-EHip-366975851.422/2022,164,2248,64.64925000004916,356.0,-291.35074999995084,28,1,0.0
nextstrain_tree_graph_300day,NODE_0009341,USA/VA-EHip-361427732.392/2021,USA/VA-EHip-366975851.422/2022,164,2248,64.64925000004916,354.0,-289.35074999995084,30,1,0.0
nextstrain_tree_graph_300day,NODE_0009341,USA/VA-EHip-368721072.412/2022,USA/VA-EHip-366975851.422/2022,164,2248,82.91175000003255,374.0,-291.08824999996745,10,1,0.0
nextstrain_tree_graph_300day,NODE_0009341,USA/VA-EHip-364864442.405/2022,USA/VA-EHip-366975851.422/2022,164,2248,77.79825000007042,367.0,-289.2017499999296,17,1,0.0
nextstrain_tree_graph_300day,NODE_0009341,USA/VA-EHip-362325620.400/2022,USA/VA-EHip-366975851.422/2022,164,2248,72.68475000002525,362.0,-289.31524999997475,22,1,0.0
nextstrain_tree_graph_300day,NODE_0008802,USA/VA-EHip-363301507.347/2021,USA/VA-EHip-363459149.361/2021,164,2266,46.75199999989104,245.0,-198.24800000010896,14,1,0.0
nextstrain_tree_graph_300day,NODE_0008802,USA/VA-EHip-365868891.373/2021,USA/VA-EHip-363459149.361/2021,164,2266,73.78049999991629,271.0,-197.2195000000837,12,2,0.0
nextstrain_tree_graph_300day,NODE_0008802,USA/VA-EHip-368287976.349/2021,USA/VA-EHip-363459149.361/2021,164,2266,48.94349999992227,247.0,-198.05650000007773,12,1,0.0
nextstrain_tree_graph_300day,NODE_0008802,USA/VA-EHip-363048711.341/2021,USA/VA-EHip-363459149.361/2021,164,2266,40.907999999946185,239.0,-198.09200000005382,20,2,0.0
nextstrain_tree_graph_300day,NODE_0008802,USA/VA-EHip-361432996.344/2021,USA/VA-EHip-363459149.361/2021,164,2266,43.82999999987709,242.0,-198.1700000001229,17,1,0.0
nextstrain_tree_graph_300day,NODE_0008802,USA/VA-EHip-362669000.379/2021,USA/VA-EHip-363459149.361/2021,164,2266,79.62449999994419,277.0,-197.3755000000558,18,2,0.0
nextstrain_tree_graph_300day,NODE_0008802,USA/VA-EHip-363030114.390/2021,USA/VA-EHip-363459149.361/2021,164,2266,90.94724999992559,288.0,-197.0527500000744,29,1,0.0
nextstrain_tree_graph_300day,NODE_0008802,USA/VA-EHip-363073103.422/2022,USA/VA-EHip-363459149.361/2021,164,2266,121.99349999993888,320.0,-198.00650000006112,61,2,0.0
nextstrain_tree_graph_300day,NODE_0008833,USA/VA-EHip-366144808.357/2021,USA/VA-EHip-365534382.394/2021,164,1794,76.70249999993024,315.0,-238.29750000006976,37,2,0.0
nextstrain_tree_graph_300day,NODE_0008833,USA/VA-EHip-366144808.357/2021,USA/VA-EHip-365665362.422/2022,164,1794,102.63524999989835,343.0,-240.36475000010165,65,3,0.0
nextstrain_tree_graph_300day,NODE_0012766,USA/VA-EHip-367268447.422/2022,USA/VA-EHip-365534382.394/2021,164,1794,161.0752500000113,380.0,-218.9247499999887,28,1,0.0
nextstrain_tree_graph_300day,NODE_0012766,USA/VA-EHip-367268447.422/2022,USA/VA-EHip-365665362.422/2022,164,1794,187.0079999999794,408.0,-220.9920000000206,0,2,0.0
nextstrain_tree_graph_300day,NODE_0012766,USA/VA-EHip-364028924.376/2021,USA/VA-EHip-365534382.394/2021,164,1794,115.05375000001993,334.0,-218.94624999998007,18,1,0.0
nextstrain_tree_graph_300day,NODE_0012766,USA/VA-EHip-364028924.376/2021,USA/VA-EHip-365665362.422/2022,164,1794,140.98649999998804,362.0,-221.01350000001196,46,2,0.0
nextstrain_tree_graph_300day,NODE_0012766,USA/VA-EHip-363750276.408/2022,USA/VA-EHip-365534382.394/2021,164,1794,146.83050000001595,366.0,-219.16949999998405,14,0,0.0
nextstrain_tree_graph_300day,NODE_0012766,USA/VA-EHip-363750276.408/2022,USA/VA-EHip-365665362.422/2022,164,1794,172.76324999998405,394.0,-221.23675000001595,14,1,0.0
nextstrain_tree_graph_300day,NODE_0008829,USA/VA-EHip-366983295.287/2021,USA/VA-EHip-365534382.394/2021,164,1794,107.01825000004385,245.0,-137.98174999995615,107,1,0.0
nextstrain_tree_graph_300day,NODE_0008829,USA/VA-EHip-366983295.287/2021,USA/VA-EHip-365665362.422/2022,164,1794,132.95100000001196,273.0,-140.04899999998804,135,2,0.0
nextstrain_tree_graph_300day,NODE_0008828,USA/VA-EHip-364359123.284/2021,USA/VA-EHip-365534382.394/2021,164,1794,116.14950000007707,242.0,-125.85049999992293,110,0,0.0
nextstrain_tree_graph_300day,NODE_0008828,USA/VA-EHip-364359123.284/2021,USA/VA-EHip-365665362.422/2022,164,1794,142.08225000004518,270.0,-127.91774999995482,138,1,0.0
nextstrain_tree_graph_300day,NODE_0012204,USA/VA-EHip-363301414.354/2021,USA/VA-EHip-366696889.354/2021,164,1487,19.72350000003189,284.0,-264.2764999999681,0,1,0.0
nextstrain_tree_graph_300day,NODE_0012204,USA/VA-EHip-365310210.353/2021,USA/VA-EHip-366696889.354/2021,164,1487,18.993000000049165,283.0,-264.00699999995084,1,0,0.0
nextstrain_tree_graph_300day,NODE_0012203,USA/VA-EHip-362911981.351/2021,USA/VA-EHip-366696889.354/2021,164,1487,30.68099999985583,281.0,-250.31900000014417,3,1,0.0
nextstrain_tree_graph_300day,NODE_0012203,USA/VA-EHip-364770022.413/2022,USA/VA-EHip-366696889.354/2021,164,1487,92.7734999998824,343.0,-250.2265000001176,59,1,0.0
nextstrain_tree_graph_300day,NODE_0012203,USA/VA-EHip-366707479.423/2022,USA/VA-EHip-366696889.354/2021,164,1487,102.63524999989835,353.0,-250.36475000010165,69,0,1.0
nextstrain_tree_graph_300day,NODE_0012203,USA/VA-EHip-362850309.422/2022,USA/VA-EHip-366696889.354/2021,164,1487,101.90474999991562,352.0,-250.09525000008438,68,1,0.0
nextstrain_tree_graph_300day,NODE_0012203,USA/VA-EHip-362913468.419/2022,USA/VA-EHip-366696889.354/2021,164,1487,98.61749999991031,349.0,-250.3825000000897,65,0,0.0
nextstrain_tree_graph_300day,NODE_0012203,USA/VA-EHip-366305901.401/2022,USA/VA-EHip-366696889.354/2021,164,1487,80.72024999991828,331.0,-250.27975000008172,47,0,0.0
nextstrain_tree_graph_300day,NODE_0012203,USA/VA-EHip-364723161.419/2022,USA/VA-EHip-366696889.354/2021,164,1487,98.61749999991031,349.0,-250.3825000000897,65,1,0.0
nextstrain_tree_graph_300day,NODE_0012203,USA/VA-EHip-362430835.417/2022,USA/VA-EHip-366696889.354/2021,164,1487,94.59974999992227,347.0,-252.40025000007773,63,1,0.0
nextstrain_tree_graph_300day,NODE_0009960,USA/VA-EHip-364424098.422/2022,USA/VA-EHip-363001028.421/2022,164,2192,46.75200000005714,385.0,-338.24799999994286,1,1,0.0
nextstrain_tree_graph_300day,NODE_0009960,USA/VA-EHip-362692614.419/2022,USA/VA-EHip-363001028.421/2022,164,2192,43.46475000005182,382.0,-338.5352499999482,2,3,1.0
nextstrain_tree_graph_300day,NODE_0009960,USA/VA-EHip-362438307.423/2022,USA/VA-EHip-363001028.421/2022,164,2192,47.48250000003986,386.0,-338.51749999996014,2,2,1.0
nextstrain_tree_graph_300day,NODE_0009960,USA/VA-EHip-364211742.423/2022,USA/VA-EHip-363001028.421/2022,164,2192,47.48250000003986,386.0,-338.51749999996014,2,2,0.0
nextstrain_tree_graph_300day,NODE_0009960,USA/VA-EHip-361911668.421/2022,USA/VA-EHip-363001028.421/2022,164,2192,45.65625,384.0,-338.34375,0,2,0.0
nextstrain_tree_graph_300day,NODE_0009960,USA/VA-EHip-366054536.421/2022,USA/VA-EHip-363001028.421/2022,164,2192,45.65625,384.0,-338.34375,0,2,0.0
nextstrain_tree_graph_300day,NODE_0009958,USA/VA-EHip-368816880.409/2022,USA/VA-EHip-363001028.421/2022,164,2192,39.44700000006378,372.0,-332.5529999999362,12,0,0.0
nextstrain_tree_graph_300day,NODE_0009958,USA/VA-EHip-363401077.419/2022,USA/VA-EHip-363001028.421/2022,164,2192,49.308750000079726,382.0,-332.6912499999203,2,2,1.0
nextstrain_tree_graph_300day,NODE_0006151,USA/VA-EHip-367164437.335/2021,USA/VA-EHip-363676836.315/2021,164,2038,68.30175000004584,198.0,-129.69824999995416,20,2,0.0
nextstrain_tree_graph_300day,NODE_0006151,USA/VA-EHip-366108587.315/2021,USA/VA-EHip-363676836.315/2021,164,2038,48.21300000002259,178.0,-129.7869999999774,0,1,0.0
nextstrain_tree_graph_300day,NODE_0006151,USA/VA-EHip-366277109.321/2021,USA/VA-EHip-363676836.315/2021,164,2038,54.422250000041856,184.0,-129.57774999995814,6,2,0.0
nextstrain_tree_graph_300day,NODE_0006151,USA/VA-EHip-366285152.332/2021,USA/VA-EHip-363676836.315/2021,164,2038,65.37975000003189,195.0,-129.6202499999681,17,2,0.0
nextstrain_tree_graph_300day,NODE_0006151,USA/VA-EHip-367121154.366/2021,USA/VA-EHip-363676836.315/2021,164,2038,99.34800000005913,229.0,-129.65199999994087,51,0,0.0
nextstrain_tree_graph_300day,NODE_0006151,USA/VA-EHip-362858652.408/2022,USA/VA-EHip-363676836.315/2021,164,2038,141.35175000006245,271.0,-129.64824999993755,93,0,0.0
nextstrain_tree_graph_300day,NODE_0006151,USA/VA-EHip-365665852.386/2021,USA/VA-EHip-363676836.315/2021,164,2038,117.24525000005116,249.0,-131.75474999994884,71,2,0.0
nextstrain_tree_graph_300day,NODE_0015423,USA/VA-EHip-363846619.283/2021,USA/VA-EHip-363676836.315/2021,164,2038,56.613749999906986,146.0,-89.38625000009301,32,0,0.0
nextstrain_tree_graph_300day,NODE_0015423,USA/VA-EHip-365364979.289/2021,USA/VA-EHip-363676836.315/2021,164,2038,62.45774999993489,152.0,-89.54225000006511,26,1,0.0
nextstrain_tree_graph_300day,NODE_0015423,USA/VA-EHip-362667965.293/2021,USA/VA-EHip-363676836.315/2021,164,2038,66.47549999992293,156.0,-89.52450000007707,22,1,0.0
nextstrain_tree_graph_300day,NODE_0015423,USA/VA-EHip-366255658.292/2021,USA/VA-EHip-363676836.315/2021,164,2038,65.37974999994884,155.0,-89.62025000005116,23,1,0.0
nextstrain_tree_graph_300day,NODE_0015532,USA/VA-EHip-366255757.394/2021,USA/VA-EHip-364336624.392/2021,164,3596,34.333499999935555,265.0,-230.66650000006445,2,2,0.0
nextstrain_tree_graph_300day,NODE_0015532,USA/VA-EHip-367336798.413/2022,USA/VA-EHip-364336624.392/2021,164,3596,53.32649999990167,284.0,-230.67350000009833,21,3,0.0
nextstrain_tree_graph_300day,NODE_0015529,USA/VA-EHip-364790021.388/2021,USA/VA-EHip-364336624.392/2021,164,3596,55.88324999992426,259.0,-203.11675000007574,4,4,0.0
nextstrain_tree_graph_300day,NODE_0015529,USA/VA-EHip-368349210.383/2021,USA/VA-EHip-364336624.392/2021,164,3596,51.13499999995349,254.0,-202.8650000000465,9,3,0.0
nextstrain_tree_graph_300day,NODE_0015529,USA/VA-EHip-361725436.389/2021,USA/VA-EHip-364336624.392/2021,164,3596,56.97899999989835,260.0,-203.02100000010165,3,3,0.0
nextstrain_tree_graph_300day,NODE_0015528,USA/VA-EHip-362799422.361/2021,USA/VA-EHip-364336624.392/2021,164,3596,31.046250000013288,232.0,-200.9537499999867,31,1,0.0
nextstrain_tree_graph_300day,NODE_0006233,USA/VA-EHip-362114874.365/2021,USA/VA-EHip-361561181.373/2021,164,2882,33.96825000002724,246.0,-212.03174999997276,8,0,0.0
nextstrain_tree_graph_300day,NODE_0006233,USA/VA-EHip-362114874.365/2021,USA/VA-EHip-362400923.366/2021,164,2882,28.85475000006511,239.0,-210.1452499999349,1,1,0.0
nextstrain_tree_graph_300day,NODE_0006233,USA/VA-EHip-362114874.365/2021,USA/VA-EHip-367121921.355/2021,164,2882,17.897250000075076,228.0,-210.10274999992492,10,0,0.0
nextstrain_tree_graph_300day,NODE_0015636,USA/VA-EHip-365904397.356/2021,USA/VA-EHip-361561181.373/2021,164,2882,43.464749999968774,237.0,-193.53525000003123,17,0,0.0
nextstrain_tree_graph_300day,NODE_0015636,USA/VA-EHip-365904397.356/2021,USA/VA-EHip-362400923.366/2021,164,2882,38.351250000006644,230.0,-191.64874999999336,10,1,0.0
nextstrain_tree_graph_300day,NODE_0015636,USA/VA-EHip-365904397.356/2021,USA/VA-EHip-367121921.355/2021,164,2882,27.39375000001661,219.0,-191.6062499999834,1,0,0.0
nextstrain_tree_graph_300day,NODE_0015636,USA/VA-EHip-366412862.381/2021,USA/VA-EHip-361561181.373/2021,164,2882,68.3017499999628,262.0,-193.6982500000372,8,0,0.0
nextstrain_tree_graph_300day,NODE_0015636,USA/VA-EHip-366412862.381/2021,USA/VA-EHip-362400923.366/2021,164,2882,63.188250000000664,255.0,-191.81174999999934,15,1,0.0
nextstrain_tree_graph_300day,NODE_0015636,USA/VA-EHip-366412862.381/2021,USA/VA-EHip-367121921.355/2021,164,2882,52.23075000001063,244.0,-191.76924999998937,26,0,0.0
nextstrain_tree_graph_300day,NODE_0015633,USA/VA-EHip-364564492.354/2021,USA/VA-EHip-361561181.373/2021,164,2882,47.11724999996545,235.0,-187.88275000003455,19,1,0.0
nextstrain_tree_graph_300day,NODE_0015633,USA/VA-EHip-364564492.354/2021,USA/VA-EHip-362400923.366/2021,164,2882,42.00375000000332,228.0,-185.99624999999668,12,0,0.0
nextstrain_tree_graph_300day,NODE_0015633,USA/VA-EHip-364564492.354/2021,USA/VA-EHip-367121921.355/2021,164,2882,31.046250000013288,217.0,-185.9537499999867,1,1,0.0
nextstrain_tree_graph_300day,NODE_0015633,USA/VA-EHip-367160389.352/2021,USA/VA-EHip-361561181.373/2021,164,2882,45.29100000000864,233.0,-187.70899999999136,21,0,0.0
nextstrain_tree_graph_300day,NODE_0015633,USA/VA-EHip-367160389.352/2021,USA/VA-EHip-362400923.366/2021,164,2882,40.17750000004651,226.0,-185.8224999999535,14,1,0.0
nextstrain_tree_graph_300day,NODE_0015633,USA/VA-EHip-367160389.352/2021,USA/VA-EHip-367121921.355/2021,164,2882,29.220000000056473,215.0,-185.77999999994353,3,0,0.0
nextstrain_tree_graph_300day,NODE_0015633,USA/VA-EHip-366696898.350/2021,USA/VA-EHip-361561181.373/2021,164,2882,43.09949999997741,231.0,-187.9005000000226,23,1,0.0
nextstrain_tree_graph_300day,NODE_0015633,USA/VA-EHip-366696898.350/2021,USA/VA-EHip-362400923.366/2021,164,2882,37.98600000001528,224.0,-186.01399999998472,16,2,0.0
nextstrain_tree_graph_300day,NODE_0015633,USA/VA-EHip-366696898.350/2021,USA/VA-EHip-367121921.355/2021,164,2882,27.028500000025247,213.0,-185.97149999997475,5,1,0.0
nextstrain_tree_graph_300day,NODE_0015742,USA/VA-EHip-362600205.348/2021,USA/VA-EHip-362298378.324/2021,164,1691,58.4400000000299,241.0,-182.5599999999701,24,0,0.0
nextstrain_tree_graph_300day,NODE_0015742,USA/VA-EHip-364858474.362/2021,USA/VA-EHip-362298378.324/2021,164,1691,72.31950000003388,255.0,-182.68049999996612,38,2,0.0
nextstrain_tree_graph_300day,NODE_0005889,USA/VA-EHip-362296547.241/2021,USA/VA-EHip-362298378.324/2021,164,1691,82.91175000003255,134.0,-51.088249999967445,83,0,1.0
nextstrain_tree_graph_300day,NODE_0015740,USA/VA-EHip-363895452.244/2021,USA/VA-EHip-362298378.324/2021,164,1691,114.3232500000372,137.0,-22.676749999962794,80,0,0.0
nextstrain_tree_graph_300day,NODE_0015737,USA/VA-EHip-362086472.230/2021,USA/VA-EHip-362298378.324/2021,164,1691,104.0962500000299,123.0,-18.903749999970103,94,0,0.0
nextstrain_tree_graph_300day,NODE_0015737,USA/VA-EHip-366470900.230/2021,USA/VA-EHip-362298378.324/2021,164,1691,106.28775000006112,123.0,-16.712249999938876,94,1,0.0
nextstrain_tree_graph_300day,NODE_0015737,USA/VA-EHip-363422195.229/2021,USA/VA-EHip-362298378.324/2021,164,1691,105.19200000008703,122.0,-16.807999999912965,95,2,0.0
nextstrain_tree_graph_300day,NODE_0015736,USA/VA-EHip-366277898.227/2021,USA/VA-EHip-362298378.324/2021,164,1691,108.84450000008371,120.0,-11.155499999916287,97,1,0.0
